year,sex,value,ageg,lid,aapc,projected2050,pct_decrease2050,pop,tercile
2019,1,13.427872306003138,hgap,1,-0.006924172085282931,10.833933887461075,19.317568408677843,,3
2023,1,27.283604089507552,nnm,1,-0.021585929010738615,15.233026330604368,44.1678369154223,,3
2023,1,41.995412685155166,pnm,1,-0.03236855229583861,17.524667827777346,58.27004258974198,,3
2023,1,32.9549167193115,q5_19,1,-0.0185800818241769,19.954970459532632,39.44766837223088,,3
2023,1,98.8428223417288,u20m,1,-0.024317096245905036,51.26300473338591,48.13684644075158,,3
2019,2,11.786009533055164,hgap,1,-0.0017607467430114099,11.159934036498974,5.312022655338028,,3
2023,2,20.833243271281788,nnm,1,-0.02202617877880564,11.494206410796458,44.82757071895285,,3
2023,2,38.51750144419863,pnm,1,-0.033735726594779435,15.490827939090023,59.78236552666321,,3
2023,2,30.100846624213972,q5_19,1,-0.02423466904215066,15.646030369050232,48.02129466862197,,3
2023,2,86.8867934563422,u20m,1,-0.027054465681148176,41.85182789560245,51.83177301089879,,3
2019,3,12.685737197190576,hgap,1,-0.00462369417241173,10.991736768948225,13.353582861684297,,3
2023,3,24.13193144883441,nnm,1,-0.021742225372443125,13.416641438623639,44.40295229965245,,3
2023,3,40.24339557539669,pnm,1,-0.03301385208946783,16.503490416058344,58.990810342684,,3
2023,3,31.54335042058143,q5_19,1,-0.021286636104153222,17.754227005883713,43.714834444791826,,3
2023,3,92.94754643474602,u20m,1,-0.025574727798964504,46.596138208398855,49.868350488292066,,3
2019,1,14.185351107164706,hgap,2,-0.008277879386881227,10.974732213300896,22.633341040407505,,3
2023,1,15.16368180386537,nnm,2,-0.0290771642028425,6.915876982618098,54.39183522793802,,3
2023,1,12.274861358079093,pnm,2,-0.03351474159028731,4.966201966040832,59.54168588004322,,3
2023,1,8.698016086725158,q5_19,2,-0.036273791065405,3.2664461998264764,62.44607773476414,,3
2023,1,35.71338524695922,u20m,2,-0.03189924926547101,15.093222850679593,57.7379104604353,,3
2019,2,12.853315360272347,hgap,2,-0.009521644811003992,9.568063114609268,25.55957084673497,,3
2023,2,12.674304899516343,nnm,2,-0.029281445041451182,5.748722703317957,54.64269836575156,,3
2023,2,12.331654116850554,pnm,2,-0.0434885560819227,3.8113309079278053,69.09310890645382,,3
2023,2,6.381475080083798,q5_19,2,-0.04656224659267394,1.8152416809601188,71.55451273914116,,3
2023,2,31.072561441509716,u20m,2,-0.03817146429291749,11.08613939722598,64.32177174033664,,3
2019,3,13.394884425552277,hgap,2,-0.009134704319212528,10.091535880669241,24.661269481217175,,3
2023,3,13.963268840705574,nnm,2,-0.02935980420653701,6.319976652901394,54.73855925141637,,3
2023,3,12.29676262236068,pnm,2,-0.038282650519914176,4.374116087537416,64.42871817673836,,3
2023,3,7.5896454535321345,q5_19,2,-0.04056213219688898,2.53858619186595,66.5519791746725,,3
2023,3,33.47997275074,u20m,2,-0.03475532786103956,13.099231697956359,60.87442544986291,,3
2019,1,5.4308586291368215,hgap,3,-0.011717604200963416,3.7767034204450898,30.458447211590233,,3
2023,1,2.303915534585033,nnm,3,-0.041004032928343224,0.761474337430805,66.94868687675405,,3
2023,1,2.1572409079494426,pnm,3,-0.04619155174990144,0.6198102789290142,71.26837912979443,,3
2023,1,3.737667365088404,q5_19,3,-0.0152022342842981,2.479362304909689,33.66551748108685,,3
2023,1,8.17719796452121,u20m,3,-0.03150108945404693,3.4932066649995885,57.28112881508155,,3
2019,2,5.512186295379365,hgap,3,-0.003611046105547522,4.928422228344603,10.590427023921654,,3
2023,2,1.8840506683002136,nnm,3,-0.03804611448206478,0.6744747621076305,64.2008161746446,,3
2023,2,1.8085520669662847,pnm,3,-0.04392744036986855,0.5523826160218657,69.45719030647275,,3
2023,2,1.7375208100843809,q5_19,3,-0.02896911908251676,0.7947664827894726,54.258592002079354,,3
2023,2,5.420306087959514,u20m,3,-0.03720323065948041,1.9850916013381388,63.3767619554225,,3
2019,3,5.395961870374975,hgap,3,-0.009308881854849705,4.043357998778625,25.066964965457696,,3
2023,3,2.099694654113369,nnm,3,-0.039728410276868645,0.7182948453397665,65.7905093994213,,3
2023,3,1.9877013404765442,pnm,3,-0.04519442366721087,0.5866830386517036,70.48434658141105,,3
2023,3,2.763503512731802,q5_19,3,-0.01958752336154872,1.628462197923962,41.07254829163649,,3
2023,3,6.835441941918208,u20m,3,-0.033734937478987634,2.7491116271336007,59.78150863553197,,3
2019,1,11.382950255291803,hgap,4,-0.013260012014184275,7.546291660528543,33.70530933296173,,3
2023,1,9.22066985471405,nnm,4,-0.020871266006917688,5.248401243075026,43.08004379538878,,3
2023,1,8.144479546811079,pnm,4,-0.026252676654909334,4.00890473999933,50.77764371611699,,3
2023,1,10.029233959207184,q5_19,4,-0.02093955518827397,5.698119647538786,43.184896566225625,,3
2023,1,27.145879828577524,u20m,4,-0.022293804280342888,14.869208981189733,45.22480363470725,,3
2019,2,11.094297999331303,hgap,4,-0.009991756587557844,8.139158761039607,26.636559054658658,,3
2023,2,7.159340401370805,nnm,4,-0.021319963675945953,4.026022173446415,43.76545955720238,,3
2023,2,7.10119334787962,pnm,4,-0.0263386322034874,3.4872720311399354,50.89174649523918,,3
2023,2,4.939246702908906,q5_19,4,-0.015514392724076486,3.248925176539208,34.22225347387902,,3
2023,2,19.078755408036272,u20m,4,-0.02162233015973456,10.64161778047824,44.22268354047968,,3
2019,3,11.276204209988549,hgap,4,-0.011897295749990988,7.798087528535383,30.844747192253077,,3
2023,3,8.209012110807901,nnm,4,-0.021083836738262994,4.645825138965202,43.40579504263909,,3
2023,3,7.636283031087654,pnm,4,-0.02627608185254804,3.7563838797043383,50.80873948212855,,3
2023,3,7.533593293474472,q5_19,4,-0.01909937891466331,4.498252078424452,40.29074967026962,,3
2023,3,23.197302339661885,u20m,4,-0.02199162396648404,12.810461558313396,44.776071929663374,,3
2019,1,6.671418411488332,hgap,5,-0.006832718067002808,5.397944498277296,19.088503143770534,,3
2023,1,3.707308944400138,nnm,5,-0.014158183006931857,2.529534567304715,31.76898377661355,,3
2023,1,2.897496109281472,pnm,5,-0.010360851515209667,2.190443341837477,24.402199028986153,,3
2023,1,4.408502309296902,q5_19,5,3.918370305293628e-4,4.455390089190826,-1.0635761672403783,,3
2023,1,10.973495507153984,u20m,5,-0.007513069846386511,8.958743475840805,18.360166366311407,,3
2019,2,6.913395403257169,hgap,5,-0.00866726855203892,5.284487104801425,23.561624982252606,,3
2023,2,3.055608195709498,nnm,5,-0.01612531318877284,1.9770289723353534,35.29834829244865,,3
2023,2,2.4246788825362797,pnm,5,-0.0060453522075632595,2.0595233786505887,15.05995315568256,,3
2023,2,2.3020705964112986,q5_19,5,-0.00408783175793479,2.0615075175310236,10.449856718351262,,3
2023,2,7.762349853987605,u20m,5,-0.009549685601693624,5.998105044004873,22.728231053337787,,3
2019,3,6.692198746454039,hgap,5,-0.007905480342378767,5.23764825442259,21.7350163547095,,3
2023,3,3.3891320291395757,nnm,5,-0.015035288535087621,2.2583197415091707,33.36583756276656,,3
2023,3,2.6667702718541353,pnm,5,-0.008461397496705958,2.122108928449761,20.424006865266488,,3
2023,3,3.3868070149413176,q5_19,5,-0.0011998195033642745,3.27884906975896,3.187602503068163,,3
2023,3,9.413191717083102,u20m,5,-0.008361145893001343,7.5109438765878735,20.208319321097225,,3
2019,1,10.57333235170006,hgap,6,0.0021193901501638025,11.291340561057194,-6.790746620592957,,3
2023,1,10.759989391646602,nnm,6,-0.019933205940626218,6.281683441118596,41.61998481155278,,3
2023,1,9.788514993817277,pnm,6,-0.02624895212498064,4.818622272571508,50.772693553464485,,3
2023,1,7.757451778147351,q5_19,6,-0.02635306652177687,3.8080646914059786,50.91088155864209,,3
2023,1,28.042044862548465,u20m,6,-0.023667444013593865,14.800840915410163,47.21910977620103,,3
2019,2,8.260836944044598,hgap,6,-0.0015970976501862744,7.861802298259948,4.830438471156631,,3
2023,2,7.95430857217813,nnm,6,-0.01967989273461037,4.6755959791644095,41.21932866021452,,3
2023,2,9.585805985796615,pnm,6,-0.027213059754780167,4.597583538845058,52.03759031157794,,3
2023,2,5.722559408796846,q5_19,6,-0.02642276243491226,2.803872699864204,51.00317009284292,,3
2023,2,23.086487496787434,u20m,6,-0.02429195106633166,11.981512187627207,48.101623560992216,,3
2019,3,9.350507340739739,hgap,6,1.361364966871559e-4,9.3900520305786,-0.4229149114355166,,3
2023,3,9.407536773581707,nnm,6,-0.019748846797299803,5.519527666225057,41.32866233672322,,3
2023,3,9.680707327683557,pnm,6,-0.026785902538899276,4.696960517491496,51.4812259217901,,3
2023,3,6.774900897194125,q5_19,6,-0.02638858127623096,3.322551608377518,50.95793047314424,,3
2023,3,25.643369427326036,u20m,6,-0.02394176629147533,13.434920792894395,47.60859788348289,,3
2019,1,5.186047353920372,hgap,7,-0.007069712273887707,4.165393453114274,19.680767088147373,,3
2023,1,2.3657448088824,nnm,7,-0.01291599543863282,1.669227634745439,29.44177121394604,,3
2023,1,1.8177427276026004,pnm,7,-0.010530198680260162,1.3679046375869035,24.747071364107892,,3
2023,1,1.3130846673191643,q5_19,7,-0.08759555846775047,0.12335350744390385,90.60582226614935,,3
2023,1,5.4867842617205564,u20m,7,-0.035742878645559514,2.0902519643141457,61.90387912830601,,3
2019,2,5.696461319387538,hgap,7,-0.0026796178568689877,5.242387410837553,7.9711575852288075,,3
2023,2,2.3092316943883535,nnm,7,-0.008062282222041495,1.8575032539218135,19.56185001116527,,3
2023,2,1.6545976975228527,pnm,7,-0.003316742062657185,1.5128659930398871,8.565931446366468,,3
2023,2,0.7031296834743017,q5_19,7,-0.10019400079567417,0.047007319556470015,93.31455908329775,,3
2023,2,4.660353826387964,u20m,7,-0.027184800046296954,2.2369241444071233,52.00098044613782,,3
2019,3,5.346377995998637,hgap,7,-0.005987474183793662,4.440680461703025,16.9403946928829,,3
2023,3,2.3373892507145273,nnm,7,-0.0106214895811797,1.7546236386231322,24.93233045857667,,3
2023,3,1.7392265811779772,pnm,7,-0.007256844085589187,1.4297587596901895,17.793416041179945,,3
2023,3,1.0168933888988763,q5_19,7,-0.09194558338702266,0.08494269138445133,91.6468439748212,,3
2023,3,5.085302621512744,u20m,7,-0.03200549826887937,2.142998651125677,57.85897495932718,,3
2019,1,9.576600533695284,hgap,8,-0.016391307900708262,5.761467022821905,39.83807716997097,,3
2023,1,19.006274159927017,nnm,8,-0.004096831496780995,17.016010469755216,10.471614128181363,,3
2023,1,19.093533710126675,pnm,8,-0.024667751045540955,9.809197346431684,48.62555305187347,,3
2023,1,13.38078665660447,q5_19,8,-0.006355499879189264,11.270868067427497,15.768270157237454,,3
2023,1,50.61274803599891,u20m,8,-0.012562242746768603,36.05418435503766,28.764618097018364,,3
2019,2,9.078497059882807,hgap,8,-0.008039515602238945,7.0758223727408405,22.05953996495339,,3
2023,2,15.089707601828309,nnm,8,-0.007110976022502724,12.453684750712661,17.46901212848061,,3
2023,2,16.584686833061024,pnm,8,-0.024328511738328906,8.598690917219924,48.152829150329694,,3
2023,2,6.843913734606688,q5_19,8,-0.026052254588737056,3.3870145766308744,50.51056006880656,,3
2023,2,38.052986016085534,u20m,8,-0.01801331978807421,23.39728343406882,38.51393574165649,,3
2019,3,9.373978387053398,hgap,8,-0.012466628386004874,6.369188795979859,32.05458202489051,,3
2023,3,17.077868685694696,nnm,8,-0.005449524373480142,14.74119917016891,13.68244222116019,,3
2023,3,17.866594750849508,pnm,8,-0.024484837204888477,9.224307780154659,48.37120386515697,,3
2023,3,10.170425658027282,q5_19,8,-0.01325845221909967,7.110025665253148,30.0911691966268,,3
2023,3,44.45746890245428,u20m,8,-0.014876976745890013,29.750757831862067,33.0804056858494,,3
2019,1,14.126804508065078,hgap,9,-0.01196632910188904,9.748542820158463,30.992583534422376,,3
2023,1,7.371227549170599,nnm,9,-0.0362690796759169,2.76853722015346,62.441300289732986,,3
2023,1,7.837124542168117,pnm,9,-0.03057696491358546,3.432517465219686,56.20182572382483,,3
2023,1,9.073843925254344,q5_19,9,-0.013145263235416805,6.362833986866737,29.877193841105402,,3
2023,1,24.08695276398598,u20m,9,-0.026039276336434013,11.924675846560698,50.49321529624918,,3
2019,2,13.522252030604193,hgap,9,-0.009290684584539433,10.138351438681246,25.024682162884886,,3
2023,2,5.773109960948513,nnm,9,-0.033346230762633565,2.346354137898217,59.35718956039571,,3
2023,2,6.761199951494601,pnm,9,-0.03227703586970496,2.8284261138604414,58.16680272508134,,3
2023,2,4.994818132939005,q5_19,9,-0.01169538522566962,3.6423373348104486,27.077678548683057,,3
2023,2,17.42768325964894,u20m,9,-0.02703205331133902,8.399687430156792,51.80261595868598,,3
2019,3,13.881923476643209,hgap,9,-0.01108953671557562,9.843505388584408,29.09119975235112,,3
2023,3,6.58722987543113,nnm,9,-0.03502796306557108,2.558389360996572,61.16137724996083,,3
2023,3,7.3101496384322395,pnm,9,-0.031342145807910525,3.136243691169314,57.097407764666166,,3
2023,3,7.068037452566012,q5_19,9,-0.012520991858628627,5.040554385474851,28.685233782329405,,3
2023,3,20.819376483144136,u20m,9,-0.02641798430502109,10.20215057269729,50.996848628213264,,3
2019,1,11.9005015826109,hgap,10,-0.006649007167236353,9.68386721165865,18.626394489045836,,3
2023,1,10.050675455915822,nnm,10,-0.041223733536446,3.3022334293002538,67.14416415310117,,3
2023,1,9.234978005683292,pnm,10,-0.04325617145313996,2.872209524642125,68.89857752910142,,3
2023,1,7.3247385776712415,q5_19,10,-0.018228672007586755,4.477582682518262,38.87040970762095,,3
2023,1,26.376991768463974,u20m,10,-0.035791433917449565,10.035445646314944,61.953790127374546,,3
2019,2,9.903119774840377,hgap,10,-0.00689400287884343,7.997554016768757,19.24207523888435,,3
2023,2,7.196915715198431,nnm,10,-0.040981220612157435,2.38014070296021,66.92832322693687,,3
2023,2,8.433307506689802,pnm,10,-0.03289387737159895,3.469652190256711,58.85775317093115,,3
2023,2,4.827742452227168,q5_19,10,-0.02334963868075255,2.5700843331473604,46.76426179359028,,3
2023,2,20.322106192654175,u20m,10,-0.0334470849622726,8.237014617489454,59.46771196153436,,3
2019,3,10.956635108398672,hgap,10,-0.007025713529405397,8.81229670831489,19.571140034042628,,3
2023,3,8.679500916363224,nnm,10,-0.04099252900224006,2.869580195833641,66.93841934593613,,3
2023,3,8.83876732043909,pnm,10,-0.038709648548452644,3.1080232486217554,64.8364626429904,,3
2023,3,6.103268069429069,q5_19,10,-0.0201423402378919,3.5430260925099333,41.94870596858174,,3
2023,3,23.43836974886959,u20m,10,-0.03480459876685926,9.158205428947046,60.92644016169795,,3
2019,1,15.701515262002602,hgap,11,-0.002653604127639131,14.461580224717894,7.896913237955635,,3
2023,1,23.138620251716226,nnm,11,-0.02875267458697577,10.64596428565394,53.99049653851199,,3
2023,1,31.627660226082767,pnm,11,-0.0391242079094428,10.997615183305273,65.22785718358092,,3
2023,1,26.023683367926154,q5_19,11,-0.02659626221144782,12.69118861040162,51.232158680337534,,3
2023,1,78.65196774678739,u20m,11,-0.031284730511050095,33.79608354832216,57.030848030241955,,3
2019,2,13.107345387020445,hgap,11,-0.0022081770928581435,12.24012267807079,6.616310803928477,,3
2023,2,17.131315873364198,nnm,11,-0.02991937070197448,7.63761298105175,55.417242682876896,,3
2023,2,28.45752650898603,pnm,11,-0.04023768167142552,9.602229130540863,66.25768185612067,,3
2023,2,17.591366399976827,q5_19,11,-0.046075066664985266,5.070205940858487,71.17787313630643,,3
2023,2,61.89929992943044,u20m,11,-0.038271968615656335,22.02472569089146,64.41845753344353,,3
2019,3,14.538109188797392,hgap,11,-0.0024828433135657413,13.461116616254097,7.4080649591845935,,3
2023,3,20.207095244887366,nnm,11,-0.029183167183071346,9.189745828055269,54.52218284376927,,3
2023,3,30.026426758577585,pnm,11,-0.039644553174893946,10.295170997820742,65.71296651247474,,3
2023,3,21.843823839270414,q5_19,11,-0.034802831245747345,8.535566912548369,60.92457540697024,,3
2023,3,70.38656044353375,u20m,11,-0.03435263142466001,27.840207637535197,60.44669967945163,,3
2019,1,8.406975274282985,hgap,12,-0.030767299247194214,3.239035092195601,61.472051641404974,,3
2023,1,2.7032055312443952,nnm,12,-0.06365797130578676,0.48465066658179484,82.07126091671282,,3
2023,1,4.932351858637163,pnm,12,-0.04417898674553451,1.4962818775212443,69.66392665395377,,3
2023,1,4.8580200047889655,q5_19,12,-0.052661517989816,1.1720682963026834,75.87353911372792,,3
2023,1,12.44321531605841,u20m,12,-0.051679409863124096,3.082778971089133,75.2252219961934,,3
2019,2,7.342553252376405,hgap,12,-0.03392078051340177,2.565471906314904,65.06022063258997,,3
2023,2,2.4172136720195354,nnm,12,-0.061720143263173155,0.4566544201044178,81.10823112617545,,3
2023,2,4.06166491444937,pnm,12,-0.04994931823924276,1.0543889180820438,74.04047501971283,,3
2023,2,3.255102288452827,q5_19,12,-0.05744999986999855,0.690094802225232,78.79959703038276,,3
2023,2,9.703105508753529,u20m,12,-0.055258423613778127,2.1824946387137967,77.50725644748593,,3
2019,3,7.579869473941443,hgap,12,-0.03449155595251896,2.60194110463326,65.67300909892474,,3
2023,3,2.5649010155774423,nnm,12,-0.06295194315006322,0.4687045916240999,81.72621131273641,,3
2023,3,4.520740161140235,pnm,12,-0.046815659539629365,1.2771779601555924,71.74847669560688,,3
2023,3,4.11410389028144,q5_19,12,-0.05439246400528501,0.9472658615654007,76.97515943136284,,3
2023,3,11.15904645610577,u20m,12,-0.05322519193008657,2.651618817952238,76.23794444818911,,3
2019,1,5.655958894226956,hgap,13,-0.014564953726147144,3.600944223643977,36.33362103604634,,3
2023,1,2.3800163915496757,nnm,13,-0.06743618465131909,0.38532443520226145,83.81000918437502,,3
2023,1,2.7461617118914594,pnm,13,-0.0640300068549583,0.48743126688490784,82.2504528857777,,3
2023,1,6.313110868801153,q5_19,13,-0.013338239542263786,4.4039245808823475,30.241608734512152,,3
2023,1,11.40043219357767,u20m,13,-0.03995339506502034,3.8764105119014594,65.99768810444571,,3
2019,2,5.204277571260462,hgap,13,-0.0071799586344412965,4.165774362138874,19.95480054439266,,3
2023,2,1.9159074451369313,nnm,13,-0.06276501079502148,0.35188040509082325,81.63374718418748,,3
2023,2,2.380775620044906,pnm,13,-0.0587171405718153,0.48775772085466157,79.51265475217436,,3
2023,2,2.4170281557724937,q5_19,13,-0.03710120057178873,0.8876358803545076,63.27573271190071,,3
2023,2,6.698775696174719,u20m,13,-0.05256629473769623,1.6203380816820496,75.81142950334446,,3
2019,3,5.413418720816082,hgap,13,-0.011920961541141306,3.740917909703791,30.895463613059643,,3
2023,3,2.1547983823327437,nnm,13,-0.0654365503718437,0.3682144746830775,82.91188272173959,,3
2023,3,2.568220593425985,pnm,13,-0.0616839334822898,0.4856568759383107,81.0897522906921,,3
2023,3,4.412250073233537,q5_19,13,-0.020228926634298205,2.5553872070024495,42.08426166720594,,3
2023,3,9.108920327971614,u20m,13,-0.04466952591856051,2.72693151373381,70.06306548362306,,3
2019,1,19.879074444917592,hgap,14,3.142499157722245e-4,20.073677715425333,-0.9789352670666963,,3
2023,1,20.709217861085328,nnm,14,-0.023449491419207956,10.99502216731586,46.907593318738535,,3
2023,1,19.13698958524579,pnm,14,-0.03211864769467541,8.039923771190397,57.98752078859359,,3
2023,1,16.81680859151802,q5_19,14,-0.020183123329407415,9.751631143019404,42.01259359080839,,3
2023,1,55.60328261210179,u20m,14,-0.024987114616077388,28.320619530569452,49.06664103243861,,3
2019,2,12.869958750256274,hgap,14,-0.005642173196176303,10.804778040073439,16.046521595430228,,3
2023,2,14.829324722509293,nnm,14,-0.023401588602143607,7.8834350449745125,46.8388804447156,,3
2023,2,19.054375904662855,pnm,14,-0.03413930352635179,7.580169692403191,60.21822110401303,,3
2023,2,12.866214321428536,q5_19,14,-0.022003696865195987,7.102913240531876,44.794070244096176,,3
2023,2,46.035031989559826,u20m,14,-0.027084674759694803,22.15617975132554,51.871045171967545,,3
2019,3,16.370968078008588,hgap,14,-0.0020089455038584613,15.382526407272382,6.0377716578899046,,3
2023,3,17.88404629604556,nnm,14,-0.023310479230252888,9.530775679891882,46.707945606250846,,3
2023,3,19.074899340760897,pnm,14,-0.033182022258167576,7.78702353676397,59.17659434184283,,3
2023,3,14.928281755184681,q5_19,14,-0.021011647689977007,8.465025521911002,43.29537946340644,,3
2023,3,50.999450035288604,u20m,14,-0.02591122913181194,25.335628912637553,50.32176053838464,,3
2019,1,14.610471008482278,hgap,15,-0.0035482601735663975,13.088610160757405,10.416233993013227,,3
2023,1,12.789467353692256,nnm,15,-0.011818100862388459,9.295526341834998,27.31889386189781,,3
2023,1,20.33181216489499,pnm,15,-0.00507750458482592,17.727092824526466,12.811053531499011,,3
2023,1,13.216593615064664,q5_19,15,-0.01065856186145413,9.911462958381646,25.007431967309124,,3
2023,1,45.643526345440335,u20m,15,-0.00843034932878326,36.351750313306646,20.3572702989937,,3
2019,2,10.924020978963284,hgap,15,-0.012985992475683883,7.3038262692519815,33.139763432190584,,3
2023,2,10.785448166261467,nnm,15,-0.0052323210222725795,9.364492712355947,13.174746491763658,,3
2023,2,16.071584538861373,pnm,15,-0.010425188420658094,12.128677500215668,24.53340570814089,,3
2023,2,10.646629214938862,q5_19,15,-0.01994774104344299,6.213064970692751,41.64289142356096,,3
2023,2,37.04623128768103,u20m,15,-0.01164077466662694,27.054834419684386,26.970076363257714,,3
2019,3,12.816331328454595,hgap,15,-0.0074683733326252446,10.167543828128284,20.66728326885182,,3
2023,3,11.809554333253935,nnm,15,-0.009092982099937964,9.238674069738556,21.769494351502882,,3
2023,3,18.286707962005266,pnm,15,-0.007320587497875941,15.007027518413784,17.934777820074306,,3
2023,3,11.954133419290747,q5_19,15,-0.01484915716122166,8.005668618300838,33.03012156965014,,3
2023,3,41.477244697602615,u20m,15,-0.009857061348642393,31.785312114739074,23.36686694963548,,3
2019,1,14.291745682476801,hgap,16,-0.0041753896362890066,12.556582962258783,12.141013132814917,,3
2023,1,27.037683240496527,nnm,16,-0.027146917163077378,12.99110386491137,51.951860115538516,,3
2023,1,53.71206111601767,pnm,16,-0.03777164445051904,19.371505117172624,63.93453404193462,,3
2023,1,39.02379316823146,q5_19,16,-0.02295870417731778,20.99504649177234,46.199370211750676,,3
2023,1,115.22679879965303,u20m,16,-0.029456555010981857,52.01724844158984,54.85664013626448,,3
2019,2,12.394802174734991,hgap,16,1.099576486348841e-4,12.437124267517406,-0.3414503288215645,,3
2023,2,20.3249006224368,nnm,16,-0.02886267907761848,9.323652311983876,54.12694760390892,,3
2023,2,47.61227383993716,pnm,16,-0.03984789450930189,16.23545498369502,65.90069392973052,,3
2023,2,31.981566402871863,q5_19,16,-0.03506052579284642,12.410284084105912,61.19550891356122,,3
2023,2,96.80923790777985,u20m,16,-0.03484736135037343,37.783166252598654,60.97152805955278,,3
2019,3,13.473705239550043,hgap,16,-0.002188819670040498,12.589795643702532,6.5602562927748105,,3
2023,3,23.71847654954515,nnm,16,-0.02782637019812375,11.189125289322954,52.82527836073212,,3
2023,3,50.66581173111362,pnm,16,-0.038715148503418596,17.813246193484442,64.84168399783987,,3
2023,3,35.51589030617686,q5_19,16,-0.02856525703815609,16.42358268531791,53.75708578967665,,3
2023,3,106.09931850527477,u20m,16,-0.03190399746175121,44.834040836814765,57.74332816795065,,3
2019,1,9.318759637319005,hgap,17,-0.02545950853107697,4.232465861756188,54.581231553539,,3
2023,1,14.669720640897745,nnm,17,-0.020752623526643133,8.376789393968535,42.89741707408616,,3
2023,1,15.092898556686052,pnm,17,-0.02694845181484089,7.290820855868493,51.69369999748187,,3
2023,1,14.094526865710332,q5_19,17,-0.016048646368124198,9.138288412583242,35.164276888107565,,3
2023,1,43.21936807147031,u20m,17,-0.021125056936878515,24.432450627809885,43.46874626346498,,3
2019,2,9.285553061792257,hgap,17,-0.013053561308949791,6.195352149016051,33.279664573687214,,3
2023,2,10.606424911334495,nnm,17,-0.020534812755997712,6.0922653840537695,42.560613637651784,,3
2023,2,14.690004209110041,pnm,17,-0.028099875305291587,6.878981777057359,53.17236347154113,,3
2023,2,8.77350371330532,q5_19,17,-0.017251662276953315,5.506566869741882,37.23639893841973,,3
2023,2,33.693553078146365,u20m,17,-0.022787027993125885,18.21156369035262,45.94941160371526,,3
2019,3,9.29922413202678,hgap,17,-0.019637692621535453,5.058967943433532,45.59795665091768,,3
2023,3,12.691976957685574,nnm,17,-0.020668859759689618,7.263856198990732,42.7681264848804,,3
2023,3,14.88857296316648,pnm,17,-0.027492237556627153,7.087293901437681,52.39776223704407,,3
2023,3,11.490578674556495,q5_19,17,-0.016584157117348574,7.343056785661079,36.094978385024625,,3
2023,3,38.56741801375663,u20m,17,-0.021858227268018338,21.375292327708582,44.57681268659411,,3
2019,1,6.671418411488332,hgap,18,-0.006832718067002808,5.397944498277296,19.088503143770534,,3
2023,1,3.707308944400138,nnm,18,-0.014158183006931857,2.529534567304715,31.76898377661355,,3
2023,1,2.897496109281472,pnm,18,-0.010360851515209667,2.190443341837477,24.402199028986153,,3
2023,1,4.408502309296902,q5_19,18,3.918370305293628e-4,4.455390089190826,-1.0635761672403783,,3
2023,1,10.973495507153984,u20m,18,-0.007513069846386511,8.958743475840805,18.360166366311407,,3
2019,2,6.913395403257169,hgap,18,-0.00866726855203892,5.284487104801425,23.561624982252606,,3
2023,2,3.055608195709498,nnm,18,-0.01612531318877284,1.9770289723353534,35.29834829244865,,3
2023,2,2.4246788825362797,pnm,18,-0.0060453522075632595,2.0595233786505887,15.05995315568256,,3
2023,2,2.3020705964112986,q5_19,18,-0.00408783175793479,2.0615075175310236,10.449856718351262,,3
2023,2,7.762349853987605,u20m,18,-0.009549685601693624,5.998105044004873,22.728231053337787,,3
2019,3,6.692198746454039,hgap,18,-0.007905480342378767,5.23764825442259,21.7350163547095,,3
2023,3,3.3891320291395757,nnm,18,-0.015035288535087621,2.2583197415091707,33.36583756276656,,3
2023,3,2.6667702718541353,pnm,18,-0.008461397496705958,2.122108928449761,20.424006865266488,,3
2023,3,3.3868070149413176,q5_19,18,-0.0011998195033642745,3.27884906975896,3.187602503068163,,3
2023,3,9.413191717083102,u20m,18,-0.008361145893001343,7.5109438765878735,20.208319321097225,,3
2019,1,4.692068588259133,hgap,19,-0.013189419277344938,3.1174069522537438,33.56007284176606,,3
2023,1,2.4692823344587502,nnm,19,1.130184236518561e-4,2.4768288514102377,-0.305615799626315,,3
2023,1,1.6508852998244894,pnm,19,-0.02305047537375845,0.8859886439071043,46.33251359126546,,3
2023,1,2.3416782218833587,q5_19,19,-0.013071823327579658,1.645309695611207,29.738010960023292,,3
2023,1,6.448130793295648,u20m,19,-0.010984456015636579,4.793256224902414,25.664407584813038,,3
2019,2,5.328679949510445,hgap,19,-0.005623263054528671,4.476235435318052,15.997292430195746,,3
2023,2,1.975680854356329,nnm,19,-0.005488753553341696,1.7035541232165061,13.77382032830808,,3
2023,2,1.3939411745133024,pnm,19,-0.02197544063277359,0.7701255043955,44.751936561139964,,3
2023,2,1.4429646054847645,q5_19,19,-0.011589330796074581,1.0552606727393863,26.868568450792242,,3
2023,2,4.804974380042015,u20m,19,-0.012304955127182705,3.4467023109844157,28.26803977767979,,3
2019,3,4.913203920715688,hgap,19,-0.011499021390514463,3.4399488275859014,29.98562886669648,,3
2023,3,2.2292370019720105,nnm,19,-0.0023232747633435526,2.0936960659904034,6.080149210770587,,3
2023,3,1.5257728733130138,pnm,19,-0.02257709841971664,0.8293769079083144,45.64217765207529,,3
2023,3,1.9038179641803765,q5_19,19,-0.012538372561372534,1.3570663382144663,28.71869245131823,,3
2023,3,5.648284150337135,u20m,19,-0.011530614513424808,4.137224767195805,26.75253834478454,,3
2019,1,7.495774331578048,hgap,20,0.0011371038571924342,7.764714270932154,-3.5878873543607273,,3
2023,1,5.3417787106236565,nnm,20,-0.01489160722959273,3.5732848335697565,33.10683524828057,,3
2023,1,7.659666898548578,pnm,20,-0.014713088323433699,5.148549951660778,32.783631196333474,,3
2023,1,6.658420388491848,q5_19,20,-0.010134857512981599,5.064427621319714,23.939503278091728,,3
2023,1,19.532653099134766,u20m,20,-0.01314335244488798,13.697551127242722,29.873576017947713,,3
2019,2,4.738316016801406,hgap,20,-0.01922496735002528,2.6109334837909595,44.89743878346327,,3
2023,2,4.521165756082808,nnm,20,-0.01338691146904849,3.1497505573665388,30.33322095902274,,3
2023,2,6.282185472574198,pnm,20,-0.01685242163842062,3.985658490560683,36.55617924748226,,3
2023,2,5.57401952550185,q5_19,20,0.0018975080114704834,5.867033549832003,-5.256781448101802,,3
2023,2,16.288908179409532,u20m,20,-0.009800829164739256,12.501667169095924,23.250428872212442,,3
2019,3,6.126526283056563,hgap,20,-0.0074829799044368265,4.858139459836694,20.703197286979783,,3
2023,3,4.94349201898856,nnm,20,-0.014260605802642434,3.363679994961882,31.957410226585296,,3
2023,3,6.996417577017966,pnm,20,-0.0156243082412453,4.588448368431306,34.417173961949125,,3
2023,3,6.1268066324007275,q5_19,20,-0.004979095866135874,5.356110640655446,12.57908137119209,,3
2023,3,17.959187882884752,u20m,20,-0.011682109554103226,13.100951822696237,27.05153535822437,,3
2019,1,10.293857019993283,hgap,21,-0.014689670094002016,6.528436874338743,36.579293245876045,,3
2023,1,9.077483450545559,nnm,21,-0.017319141258174086,5.686984752492282,37.35064587586229,,3
2023,1,7.066338329208333,pnm,21,-0.02462191930434856,3.634787347378025,48.56194003117817,,3
2023,1,10.135777857120164,q5_19,21,-0.02556693203825904,5.082302269173835,49.857797390423,,3
2023,1,26.052475031414723,u20m,21,-0.022315013029817442,14.262125008087734,45.256160917954595,,3
2019,2,10.164002663796396,hgap,21,-0.01131047464344057,7.157978534971773,29.57520012791724,,3
2023,2,6.974168527585215,nnm,21,-0.018981518465955728,4.177496378187473,40.10043832947182,,3
2023,2,6.212499094066737,pnm,21,-0.023756440034263047,3.271142671430463,47.34578433090516,,3
2023,2,4.710344772683395,q5_19,21,-0.015818454176378994,3.073026303713716,34.7600557493147,,3
2023,2,17.79177571295687,u20m,21,-0.019728158657954697,10.444505265011495,41.29588056011026,,3
2019,3,10.256163825450017,hgap,21,-0.01317261128783458,6.817739216708926,33.52544545172786,,3
2023,3,8.045473383524694,nnm,21,-0.018059336231677436,4.940702573346443,38.59028129452417,,3
2023,3,6.65233083940453,pnm,21,-0.024201043534262133,3.4609361636344365,47.974082360217736,,3
2023,3,7.479822029414329,q5_19,21,-0.02252044969803224,4.072091937632579,45.558972905784174,,3
2023,3,22.014568470508088,u20m,21,-0.021262071455487374,12.399157268767343,43.67749117872591,,3
2019,1,16.763881530877086,hgap,22,-0.011192871011450079,11.849049599679939,29.317982963221308,,3
2023,1,11.794092100065578,nnm,22,-0.026779468413188255,5.723343081388654,51.47279644054306,,3
2023,1,13.26847329944869,pnm,22,-0.024136348076981885,6.9151136109674365,47.88312524806632,,3
2023,1,12.923522857944626,q5_19,22,-0.015847965243068883,8.424583734486836,34.812018154106525,,3
2023,1,37.50772442139105,u20m,22,-0.02192735490712776,20.74921290861725,44.68016061037349,,3
2019,2,14.90798222842443,hgap,22,-0.01064854666143127,10.716577515229654,28.115171114191423,,3
2023,2,8.999413996413995,nnm,22,-0.026301730640738975,4.423860523153253,50.84279348726448,,3
2023,2,11.10756144402625,pnm,22,-0.02608275924324186,5.492544284715651,50.551304060806316,,3
2023,2,7.808080433070463,q5_19,22,-0.02211057462608612,4.298102453935196,44.95314833424426,,3
2023,2,27.658877955855754,u20m,22,-0.024798378594085513,14.159567411820195,48.806428682974015,,3
2019,3,15.837470202335567,hgap,22,-0.011074536600796225,11.235383388792416,29.05821924049762,,3
2023,3,10.445876827590588,nnm,22,-0.026559200632228296,5.099328791338703,51.18333409915482,,3
2023,3,12.220924011003609,pnm,22,-0.025017056701498275,6.219496995515036,49.10780076927851,,3
2023,3,10.425908649454252,q5_19,22,-0.018293781768155614,6.362121028267288,38.97777889507678,,3
2023,3,32.7300601796211,u20m,22,-0.02315712270645922,17.51489416516305,46.48682566105257,,3
2019,1,14.074522847434594,hgap,23,0.003006449736255945,15.449338927433093,-9.768118570705871,,3
2023,1,15.253367446341654,nnm,23,0.0038209368362058793,16.911021842949726,-10.867465183929868,,3
2023,1,27.13467529523861,pnm,23,-0.02479287111126447,13.893275153617308,48.798815528648696,,3
2023,1,15.444521967443503,q5_19,23,-0.02009229425376784,8.977867934996802,41.87021162634995,,3
2023,1,56.77039889201785,u20m,23,-0.016415288593223477,36.44492626326372,35.80294136635347,,3
2019,2,11.62595718364463,hgap,23,0.005383556978020065,13.737516939044665,-18.162459417712057,,3
2023,2,12.316342874084574,nnm,23,0.003111322844266784,13.395686956090861,-8.763511157824196,,3
2023,2,23.854596118890736,pnm,23,-0.025990099357367447,11.825334547330584,50.42743759570106,,3
2023,2,11.583481737332257,q5_19,23,-0.028448592910297645,5.373438856578512,53.611194126024095,,3
2023,2,47.04503717711395,u20m,23,-0.01962415466277272,27.69503637254015,41.13080138873185,,3
2019,3,12.930711010430258,hgap,23,0.004040885584941423,14.656334536970421,-13.345155770229718,,3
2023,3,13.80160740985664,nnm,23,0.0035163324670776765,15.176164028155826,-9.959395144927283,,3
2023,3,25.50850106826308,pnm,23,-0.025380482493013324,12.85507589362442,49.60473820385187,,3
2023,3,13.527119616316696,q5_19,23,-0.02378243227011443,7.117601918967771,47.38272358897182,,3
2023,3,51.958179572535236,u20m,23,-0.017893050665483523,32.050948844145175,38.31394958824327,,3
2019,1,16.995604267017683,hgap,24,-0.006524491347651829,13.883422553060402,18.311686157560747,,3
2023,1,20.395586666316888,nnm,24,-0.04058070755764196,6.8184995035232845,66.56875031310587,,3
2023,1,14.705812895791315,pnm,24,-0.04571791108669374,4.279598733605094,70.89859116302316,,3
2023,1,9.353957824875913,q5_19,24,-0.04211675701920092,3.0001044688011924,67.92689763019119,,3
2023,1,43.82989226147749,u20m,24,-0.04186625114893792,14.153009334680492,67.70923083669155,,3
2019,2,15.340744002977459,hgap,24,-0.009576343910802709,11.400367986238535,25.685690446135748,,3
2023,2,17.43714744716559,nnm,24,-0.03958144484637956,5.988876491078382,65.6544941813182,,3
2023,2,15.642901899609708,pnm,24,-0.05783835189189288,3.2817662236236775,79.0207325681333,,3
2023,2,7.4376301890586305,q5_19,24,-0.05691979552629043,1.5995427320330688,78.49391954999149,,3
2023,2,40.00090351967089,u20m,24,-0.04934432736692207,10.555058281107241,73.61295032769279,,3
2019,3,16.08188270137734,hgap,24,-0.008100170522627348,12.510747240059985,22.20595391490763,,3
2023,3,18.96341295978776,nnm,24,-0.04036786617292831,6.37624331852792,66.3760772807677,,3
2023,3,15.150683267150079,pnm,24,-0.051655548823797526,3.755967140746813,75.20925575092345,,3
2023,3,8.432358894883919,q5_19,24,-0.048675857933103875,2.2655745475251665,73.13237522539825,,3
2023,3,41.97390684540725,u20m,24,-0.045353210350282905,12.335872487791294,70.61061641646762,,3
2019,1,7.718878350138283,hgap,25,-0.0047671120136802084,6.658462417293799,13.737953686308414,,3
2023,1,1.97734751964492,nnm,25,-0.023536996301091295,1.0473439729885077,47.03288306263011,,3
2023,1,1.7613875484996377,pnm,25,-0.02574591096796045,0.8789408131506048,50.099521601632034,,3
2023,1,1.9373915171082556,q5_19,25,-0.026303730732420427,0.9523161202086416,50.845448026423405,,3
2023,1,5.665407064040062,u20m,25,-0.025119956760212215,2.875250829069476,49.248998411438,,3
2019,2,7.558812692963102,hgap,25,-0.001227963770953755,7.276480152583409,3.735144021263163,,3
2023,2,1.673480490583916,nnm,25,-0.020087084138219934,0.9729275227745684,41.862033752476464,,3
2023,2,1.4754719788265813,pnm,25,-0.021568015854122324,0.8241864471879705,44.14082686657103,,3
2023,2,1.1650836282244281,q5_19,25,-0.02625013104360747,0.5735210320989592,50.774260473216195,,3
2023,2,4.30790100788947,u20m,25,-0.022253597449901342,2.362224238699052,45.16530824703526,,3
2019,3,7.527678919874148,hgap,25,-0.004199291318061826,6.608843782097111,12.206088324930827,,3
2023,3,1.830008067791989,nnm,25,-0.022043531525844984,1.0091869677703926,44.85341428095258,,3
2023,3,1.622620390008711,pnm,25,-0.023907139443034093,0.8509087373597434,47.5595929522878,,3
2023,3,1.5618724842613174,q5_19,25,-0.026270490425674014,0.7684207612830173,50.80131258945641,,3
2023,3,5.00614360610796,u20m,25,-0.023932761740476184,2.62342656469285,47.59585878655127,,3
2019,1,12.6597633389907,hgap,26,-0.01080086567435572,9.05757919230182,28.453803204950475,,3
2023,1,37.90638825395007,nnm,26,-0.01679525276614724,24.08641114848048,36.458174313216105,,3
2023,1,60.13914912518714,pnm,26,-0.028785246058436,27.64540101736105,54.0309408771087,,3
2023,1,48.3913592707158,q5_19,26,-0.015605296535398726,31.75271596434738,34.38350060242543,,3
2023,1,139.52299763584264,u20m,26,-0.02042333657333355,80.38273045670583,42.38746886265582,,3
2019,2,11.363720943988795,hgap,26,-7.465398945202927e-4,11.103753128097173,2.2876997523345612,,3
2023,2,29.881791490850425,nnm,26,-0.01658246354252988,19.096838523175876,36.09205616395797,,3
2023,2,56.1782710456673,pnm,26,-0.029804674964539313,25.12350398939729,55.27896547586094,,3
2023,2,54.64260736805382,q5_19,26,-0.01562767706031547,35.832906690968,34.42313898088746,,3
2023,2,134.41314526395965,u20m,26,-0.020656637657974118,76.95255118715309,42.749237036277826,,3
2019,3,12.03865008214936,hgap,26,-0.006525535043620545,9.833852086246894,18.3143291054841,,3
2023,3,33.98931275797422,nnm,26,-0.016685188745506885,21.661707023731932,36.269064402751454,,3
2023,3,58.130880324189896,pnm,26,-0.02927161428404341,26.3735981583427,54.63065755883985,,3
2023,3,51.47630941974668,q5_19,26,-0.015619917405917371,33.76362098379671,34.40939848954139,,3
2023,3,136.98037463486367,u20m,26,-0.020528016690620987,78.69512536721577,42.550072901328875,,3
2019,1,10.866841289321911,hgap,27,-0.016088791511013677,6.599299666748686,39.271224350783896,,3
2023,1,11.93755605263122,nnm,27,-0.02054310669923156,6.8553236144385785,42.57347497080392,,3
2023,1,11.371365795275201,pnm,27,-0.02237774165519397,6.214587795161765,45.348800601033126,,3
2023,1,9.829308146426353,q5_19,27,-0.01788120523560983,6.065251496964494,38.29421759282579,,3
2023,1,32.7747073947281,u20m,27,-0.020150685983230065,19.021854982634533,41.96178549043507,,3
2019,2,10.795645102891513,hgap,27,-0.009866662050193042,7.950829779829381,26.35150837165047,,3
2023,2,8.480681239602948,nnm,27,-0.025745213059574244,4.231980254682946,50.09858129178924,,3
2023,2,11.269787350005501,pnm,27,-0.021204486304377657,6.35730362407883,43.5898528815122,,3
2023,2,7.099624841620078,q5_19,27,0.007926621749816221,8.793921381368897,-23.86459253193713,,3
2023,2,26.6149755896532,u20m,27,-0.0157212905287889,17.40920701696668,34.58867937592752,,3
2019,3,10.764637084345338,hgap,27,-0.012050791712317998,7.408973306729957,31.17303213589443,,3
2023,3,10.253467868647975,nnm,27,-0.022653696597401442,5.562046793698612,45.75448165487815,,3
2023,3,11.322741237188904,pnm,27,-0.021846947467761436,6.277335585278341,44.55993072895822,,3
2023,3,8.49653530969119,q5_19,27,-0.008403979573502428,6.771692267134747,20.300545807054768,,3
2023,3,29.774310454898533,u20m,27,-0.01832047082980055,18.155857647508828,39.02173595250537,,3
2019,1,3.9656935159015916,hgap,28,-0.006962739304015408,3.195794832642444,19.41397337368651,,3
2023,1,2.34823298919139,nnm,28,-0.010715166933262854,1.758310875933826,25.121958339436443,,3
2023,1,1.8460775097243198,pnm,28,-0.004715463960912625,1.6253864391015105,11.954593968037983,,3
2023,1,2.1389619929160775,q5_19,28,-0.017010125882221717,1.3512732045783118,36.82574963680857,,3
2023,1,6.319975273422429,u20m,28,-0.011186761756186537,4.672399392595105,26.069340615238186,,3
2019,2,4.584043526789031,hgap,28,-4.7724244431157636e-4,4.516724030092906,1.468561463317529,,3
2023,2,1.9476473982569589,nnm,28,-0.01059762181078755,1.4629960072624935,24.883939024497078,,3
2023,2,1.4461516383362794,pnm,28,-0.008679117359328964,1.1440445299585051,20.890417046813457,,3
2023,2,1.296640173085617,q5_19,28,-0.022174934647566275,0.7125203550198929,45.04872131762609,,3
2023,2,4.683225732140861,u20m,28,-0.013343323420114217,3.2664945249010118,30.25118344214883,,3
2019,3,4.158527244592705,hgap,28,-0.006194238697706101,3.4319876537241734,17.4710792580052,,3
2023,3,2.153479343260404,nnm,28,-0.010644881927929705,1.6155460665727446,24.979727730901725,,3
2023,3,1.6507337283934165,pnm,28,-0.006447934298044367,1.386975735430656,15.978227646651654,,3
2023,3,1.7292257683104717,q5_19,28,-0.01886302866033588,1.0391177145854031,39.908499304826684,,3
2023,3,5.523311822795307,u20m,28,-0.012061612352144114,3.988096760703541,27.795190844662564,,3
2019,1,7.029783598426832,hgap,29,-0.009697765223723166,5.204508144293637,25.964888229869064,,3
2023,1,2.7330583400587884,nnm,29,-0.019591951836240185,1.6103290768457208,41.07959375608929,,3
2023,1,2.4879598937265213,pnm,29,-0.012934914169904655,1.7545639636277965,29.477803558972493,,3
2023,1,3.318113143696788,q5_19,29,-0.011561432750813094,2.428412148367685,26.813461651216215,,3
2023,1,8.515030271024958,u20m,29,-0.014549331089919048,5.748856294404418,32.48577971628954,,3
2019,2,7.192223036170361,hgap,29,-0.006123730754179335,5.948652093655126,17.29049469491144,,3
2023,2,2.286682176866905,nnm,29,-0.019223051321146444,1.3608092373630363,40.48979560300997,,3
2023,2,2.107991461516301,pnm,29,-0.012151300061336866,1.518389871739723,27.96982817721999,,3
2023,2,1.838165466731767,q5_19,29,-0.011941136112817007,1.3315682331194427,27.559936402953284,,3
2023,2,6.2199495218122625,u20m,29,-0.014711737923257907,4.1809766489774285,32.781180388755836,,3
2019,3,7.001031944445572,hgap,29,-0.007805304920084621,5.49639875686251,21.491591518544592,,3
2023,3,2.515583046629249,nnm,29,-0.019430560408469612,1.4886645953237119,40.82228383123962,,3
2023,3,2.3027531989042727,pnm,29,-0.012590842151651127,1.6391088532037188,28.819603682076657,,3
2023,3,2.599365970146428,q5_19,29,-0.011829254828772473,1.8886790649281908,27.34077899689525,,3
2023,3,7.399399887023983,u20m,29,-0.014664333158737764,4.980159433522266,32.69509001323523,,3
2019,1,14.843939767021794,hgap,30,-0.0047530707085818415,12.810261039499721,13.700397330095734,,3
2023,1,26.188612321969412,nnm,30,-0.025511969077646947,13.151048732777108,49.78333112463236,,3
2023,1,41.94903073238032,pnm,30,-0.0346240223716995,16.47109000607601,60.73546940534664,,3
2023,1,31.367242282441143,q5_19,30,-0.02308986692940298,16.816115824298876,46.38956248406875,,3
2023,1,96.30346811697676,u20m,30,-0.027679793217114577,45.611045586829675,52.63821077406331,,3
2019,2,12.706902230725092,hgap,30,-0.0027072283258490425,11.684010117632583,8.049893628827734,,3
2023,2,19.57138574878426,nnm,30,-0.026092959544614214,9.675130053497966,50.56492075887387,,3
2023,2,38.354763828215674,pnm,30,-0.03666774432202273,14.25132155583651,62.84341204741683,,3
2023,2,23.47974228198746,q5_19,30,-0.03697934903987661,8.6511788488118,63.154711219089606,,3
2023,2,79.31277012390825,u20m,30,-0.033281455407695934,32.291364943565455,59.28604574885292,,3
2019,3,13.864651352532746,hgap,30,-0.0039014135642982508,12.285242095714008,11.391626205805872,,3
2023,3,22.96750482731736,nnm,30,-0.025730119348561065,11.465782451299182,50.078240812376464,,3
2023,3,40.136466017093866,pnm,30,-0.03559057976609812,15.353441400539037,61.74690269442232,,3
2023,3,27.471051272463963,q5_19,30,-0.02918276249287608,12.493370978347754,54.52168592153341,,3
2023,3,87.94497898349563,u20m,30,-0.030192115860366808,38.92062251338125,55.744349520300226,,3
2019,1,15.722812234246419,hgap,31,-0.008041026949104158,12.253858057640072,22.06319152658005,,3
2023,1,22.328141325857924,nnm,31,-0.02947799796308841,10.07383915397896,54.882768758219115,,3
2023,1,22.76835729275262,pnm,31,-0.03370695744409038,9.164010249045024,59.751113656486694,,3
2023,1,16.789315782071323,q5_19,31,-0.020207807110968458,9.729202469943443,42.05122712425904,,3
2023,1,60.62883521539752,u20m,31,-0.02799855174011485,28.46882735249763,53.044080013485754,,3
2019,2,14.099286192398125,hgap,31,-0.008607485957023675,10.797256853074908,23.419833417549633,,3
2023,2,18.291113513914905,nnm,31,-0.029311445831802806,8.289638024778926,54.67942387174728,,3
2023,2,22.24279825557407,pnm,31,-0.0406996352010176,7.412206230363216,66.67592743864542,,3
2023,2,15.760636000345718,q5_19,31,-0.022930666208849714,8.485742916691018,46.15862636187474,,3
2023,2,55.25527413759246,u20m,31,-0.031623117146741465,23.526786718960473,57.42164510780298,,3
2019,3,14.87548222542523,hgap,31,-0.008432440637937688,11.453652899514761,23.00314890001929,,3
2023,3,20.367208310853137,nnm,31,-0.029519257639373596,9.178889387260659,54.93300187650423,,3
2023,3,22.498236978264362,pnm,31,-0.03702669215796219,8.278950932144282,63.20177914321638,,3
2023,3,16.289828293746368,q5_19,31,-0.0215015783153917,9.115700599621507,44.040536000486846,,3
2023,3,58.0062409876132,u20m,31,-0.029685733136240434,26.024432630287613,55.1351161750941,,3
2019,1,10.246251228065631,hgap,32,-0.013579870109910842,6.725699476354935,34.359412758370695,,3
2023,1,12.84223608591761,nnm,32,0.0035519475335060056,14.134830739366164,-10.065183701660583,,3
2023,1,8.114050987225507,pnm,32,0.0044417292306079496,9.14789627771534,-12.741419694274589,,3
2023,1,16.462731090430395,q5_19,32,-0.01590236170407864,10.715971995508362,34.90768975909812,,3
2023,1,36.97153334514114,u20m,32,-0.005271098595357371,32.06703596133792,13.265604480123017,,3
2019,2,10.319720188033216,hgap,32,-0.010623056744927206,7.4241773729602265,28.05834617910155,,3
2023,2,9.692743807931024,nnm,32,0.001740160340881891,10.159018912300802,-4.810558430196531,,3
2023,2,7.263986197744821,pnm,32,0.008926247373410546,9.243655462915306,-27.25320796706765,,3
2023,2,6.966210205260559,q5_19,32,0.0239249456603583,13.290438676710098,-90.78434737260403,,3
2023,2,23.734898584714227,u20m,32,0.009882209438060573,30.99314757260511,-30.580492947904773,,3
2019,3,10.17474848853135,hgap,32,-0.013301786909171387,6.736588356871922,33.7911068321228,,3
2023,3,11.303410841936245,nnm,32,0.0027381343809106174,12.170733214406043,-7.673103142035566,,3
2023,3,7.704213806672189,pnm,32,0.006517008388542589,9.186423184710032,-19.23894397575239,,3
2023,3,11.866368748606915,q5_19,32,-0.005863939776547778,10.128790055848427,14.64288469008243,,3
2023,3,30.56239138982564,u20m,32,2.3171048137680117e-4,30.754194655762074,-0.6275793784915925,,3
2019,1,10.316992258383692,hgap,33,-0.017891815607824935,5.924794399427978,42.57246442524535,,3
2023,1,6.996980705264933,nnm,33,-0.024139916828054962,3.6462563139618607,47.888146794256464,,3
2023,1,8.057444157514748,pnm,33,-0.02301335180251831,4.328564252055843,46.27869374659182,,3
2023,1,7.661333220205013,q5_19,33,-0.028925391014778867,3.508541629067862,54.20455515738584,,3
2023,1,22.544475265337315,u20m,33,-0.025169106962204556,11.426373502960905,49.316303136452966,,3
2019,2,9.514770072758154,hgap,33,-0.016299417345280842,5.740598068600267,39.66645515653354,,3
2023,2,5.50737913052608,nnm,33,-0.026338380601253774,2.704596077849818,50.89141288895672,,3
2023,2,7.109638430028764,pnm,33,-0.024530233725545948,3.6661243850604848,48.43444682677551,,3
2023,2,5.029847327506776,q5_19,33,-0.027599927061925534,2.387368230878739,52.53597027045105,,3
2023,2,17.544444687746296,u20m,33,-0.025803340918317996,8.741197141494101,50.17683775651626,,3
2019,3,9.769906289004354,hgap,33,-0.017977806878749548,5.595679941766016,42.72534683302199,,3
2023,3,6.277327662660712,nnm,33,-0.025219066033985382,3.177292997363268,49.384624029382934,,3
2023,3,7.598820147194929,pnm,33,-0.023782607607659843,3.9982732725012697,47.38297268455268,,3
2023,3,6.40724944282689,q5_19,33,-0.028357948374333718,2.9795296981533665,53.497523005147855,,3
2023,3,20.147094656063235,u20m,33,-0.025492209230805862,10.122598938179813,49.756532587027706,,3
2019,1,12.915188222061175,hgap,34,-0.00797054571794482,10.087702251361746,21.89271981239606,,3
2023,1,18.009867885031795,nnm,34,-0.020209370852783026,10.43605680555926,42.05367372942926,,3
2023,1,20.924805797382984,pnm,34,-0.023837563154380303,10.993686244908519,47.46098792332174,,3
2023,1,14.71744414497489,q5_19,34,-0.01877034748013453,8.866091750125364,39.7579385198306,,3
2023,1,52.70779226703581,u20m,34,-0.020837891038307133,30.028299312383037,43.02872873094487,,3
2019,2,11.74108721278239,hgap,34,-0.007668673793998782,9.256865848301109,21.158358842413985,,3
2023,2,14.410160343484536,nnm,34,-0.021044978797131186,8.163876436479278,43.34638725813677,,3
2023,2,19.86018720392513,pnm,34,-0.029470389408283594,8.96220751181709,54.873499329121046,,3
2023,2,12.34066717329374,q5_19,34,-0.023480724030272303,6.546434394054092,46.952346237639915,,3
2023,2,45.90543904245348,u20m,34,-0.024923217460494706,23.4215546267031,48.978693777347864,,3
2019,3,12.265528382743724,hgap,34,-0.008026092155022369,9.56378816849002,22.027100096680392,,3
2023,3,16.263874669033903,nnm,34,-0.020681124168714104,9.305038407500257,42.787075055264246,,3
2023,3,20.39339574189858,pnm,34,-0.026501018619735507,9.971027198072637,51.106587033041336,,3
2023,3,13.566875340979113,q5_19,34,-0.020881037401168534,7.720222425613066,43.095058872591494,,3
2023,3,49.39964530344232,u20m,34,-0.0227157813285749,26.752211643988982,45.845336581546654,,3
2019,1,8.742182899999989,hgap,35,-0.019738575788387093,4.741075784770518,45.76782665150458,46164.222,3
2015,1,224.09832,math,35,,,,46164.222,3
2023,1,12.771631780407345,nnm,35,-0.01950243690338733,7.543306757057832,40.93701661028281,46164.222,3
2023,1,10.089996680446633,pnm,35,-0.02197773481136709,5.574182475704954,44.755358676111946,46164.222,3
2023,1,5.670167735198128,q5_19,35,-0.0331725641550034,2.315346767840655,59.166167987096564,46164.222,3
2023,1,28.274031895971664,u20m,35,-0.02297590381507959,15.204544744943924,46.22434889765337,46164.222,3
2019,2,8.014034899999984,hgap,35,-0.018543057055674605,4.510281635034853,43.72021470689051,46164.222,3
2015,2,217.52096,math,35,,,,46164.222,3
2023,2,9.726630538916057,nnm,35,-0.0225322309779163,5.29359343594504,45.5762875461808,46164.222,3
2023,2,9.946567795852456,pnm,35,-0.021570535585014296,5.555692544108189,44.14462698957508,46164.222,3
2023,2,4.136817288277306,q5_19,35,-0.03264603896910743,1.7134067996758024,58.58152100332872,46164.222,3
2023,2,23.632284828944748,u20m,35,-0.023756940926718782,12.443225936843485,47.34649642677351,46164.222,3
2019,3,8.401026077433897,hgap,35,-0.017960556362158365,4.8142323479107665,42.69471010401531,46164.222,3
2015,3,220.98721,math,35,,,,46164.222,3
2023,3,11.304533948359218,nnm,35,-0.020636611886043443,6.475432227828024,42.71827341658882,46164.222,3
2023,3,9.998672760415662,pnm,35,-0.02191732627146119,5.532747628924845,44.665179454329504,46164.222,3
2023,3,4.920496963110255,q5_19,35,-0.0331050786299123,2.0128918333449937,59.09169646001283,46164.222,3
2023,3,26.006407137734723,u20m,35,-0.02334121605721453,13.847851614194894,46.752154033219114,46164.222,3
2019,1,15.318220499999995,hgap,36,-0.005796146827439142,12.798941223148278,16.446292027534913,36749.91,3
2023,1,27.589935253108358,nnm,36,-0.03523971481788464,10.654461678683294,61.382795642904114,36749.91,3
2023,1,43.48151451000237,pnm,36,-0.046912674323135485,12.25205511314794,71.822381876028,36749.91,3
2023,1,21.064529730618233,q5_19,36,-0.039915941038262306,7.169673828755902,65.9632855779616,36749.91,3
2023,1,89.46451076595984,u20m,36,-0.040471797875715775,29.99718296972242,66.47029899018239,36749.91,3
2019,2,12.264311399999997,hgap,36,-0.003229026468821017,11.096100187241678,9.525289880998285,36749.91,3
2023,2,19.833909802823403,nnm,36,-0.03734894267129581,7.235298644833231,63.520562931050186,36749.91,3
2023,2,39.713592842377075,pnm,36,-0.04837215438781981,10.75795358735539,72.91115505450837,36749.91,3
2023,2,16.225807160103688,q5_19,36,-0.0488412282608651,4.340067262376613,73.25207171789856,36749.91,3
2023,2,74.03220836806935,u20m,36,-0.044394806420248845,22.327977161762263,69.84018489526447,36749.91,3
2019,3,13.940589949665764,hgap,36,-0.00463838815429094,12.073520815578286,13.393042481191712,36749.91,3
2023,3,23.75054479814935,nnm,36,-0.03604031431455992,8.975664607376606,62.20859486104928,36749.91,3
2023,3,41.57542799080927,pnm,36,-0.04751858836055907,11.52487143744458,72.27960842641887,36749.91,3
2023,3,18.651989565665605,q5_19,36,-0.04386458701315425,5.706517656837034,69.40531391170444,36749.91,3
2023,3,81.79048162993674,u20m,36,-0.04218627762662006,26.183550744761003,67.98704418537453,36749.91,3
2019,1,15.342108599999989,hgap,37,-0.002415102513565204,14.23541773888443,7.213420853477471,14111.037,3
2023,1,32.4705821830775,nnm,37,-0.019249830790556154,19.309343240311932,40.53280864679024,14111.037,3
2023,1,53.63286271716383,pnm,37,-0.028655920533134573,24.74076124264065,53.870146046254206,14111.037,3
2023,1,45.77332663163924,q5_19,37,-8.798468093410339e-4,44.69875592866458,2.34759145128836,14111.037,3
2023,1,126.27375395103635,u20m,37,-0.01666560935160737,80.51799888543742,36.2353645424536,14111.037,3
2019,2,11.96079229999998,hgap,37,0.0015635675156461914,12.554819115431922,-4.966450386668305,14111.037,3
2023,2,23.564930560886562,nnm,37,-0.02039301780476328,13.587471201188222,42.34028754686459,14111.037,3
2023,2,50.29740941872185,pnm,37,-0.030462613773209846,22.097467325331564,56.06639073322456,14111.037,3
2023,2,43.28354868939832,q5_19,37,-0.011174870058921815,32.01008896717836,26.04559945654648,14111.037,3
2023,2,112.81491156062728,u20m,37,-0.02082241731082952,64.29894718468944,43.00492169411942,14111.037,3
2019,3,13.701505239848615,hgap,37,-9.403503066314656e-4,13.30786000934144,2.8730071887453783,14111.037,3
2023,3,28.03825824031633,nnm,37,-0.019766824791944602,16.442437974020148,41.357134836651525,14111.037,3
2023,3,52.03790617267967,pnm,37,-0.029470296350339088,23.48294508046573,54.87338594573494,14111.037,3
2023,3,44.548635323109934,q5_19,37,-0.005934212907433967,37.95334994225456,14.80468555999519,14111.037,3
2023,3,119.66346242471492,u20m,37,-0.018595351035080386,72.42915017743115,39.47262705773767,14111.037,3
2019,1,10.626150300000006,hgap,38,-0.0035401896609198237,9.521687514216685,10.393818594710826,2480.243,3
2023,1,12.88470704614549,nnm,38,0.013781875565272017,18.693049084884688,-45.07934885858958,2480.243,3
2023,1,27.81930833795887,pnm,38,-0.05085275502179458,7.047732532916493,74.66603968977903,2480.243,3
2023,1,13.905064673964574,q5_19,38,-0.04338388853865669,4.309785557603595,69.00564176682249,2480.243,3
2023,1,53.68962863547255,u20m,38,-0.03631950321405188,20.13769155484153,62.492399246105734,2480.243,3
2019,2,8.29921779999998,hgap,38,-4.19323066501498e-4,8.192034292103568,1.2914892762112151,2480.243,3
2023,2,9.015601745936683,nnm,38,0.017613201367802044,14.50528463724404,-60.890920495479385,2480.243,3
2023,2,26.05965781310737,pnm,38,-0.04512778182332542,7.705530606728797,70.43119037866606,2480.243,3
2023,2,10.22909327676258,q5_19,38,-0.05660251250416413,2.2188035400458825,78.30889327125077,2480.243,3
2023,2,44.71302449653236,u20m,38,-0.037903912361236934,16.068473766963514,64.06310253467717,2480.243,3
2019,3,9.572048260675615,hgap,38,-0.0026407481105105825,8.819666173269184,7.860199477863128,2480.243,3
2023,3,11.028774504997955,nnm,38,0.01551792022748133,16.76832294598449,-52.04157940109774,2480.243,3
2023,3,26.889444245605354,pnm,38,-0.04828417459310987,7.301363330758045,72.84673024824106,2480.243,3
2023,3,12.078939051353155,q5_19,38,-0.04917365403237879,3.2019970808217395,73.49107345265533,2480.243,3
2023,3,49.24617043296531,u20m,38,-0.03703842621856013,18.115974153802252,63.21343569554914,2480.243,3
2019,1,11.888765299999989,hgap,39,-0.008194075123830701,9.221867196052745,22.432086399646952,23025.778,3
2023,1,33.20511675846637,nnm,39,-0.023294817010092884,17.703173618820454,46.68540469954335,23025.778,3
2023,1,49.94600039912211,pnm,39,-0.04058942604848794,16.693641968643938,66.57661907811669,23025.778,3
2023,1,35.13487278655614,q5_19,39,-0.015735893726784765,22.97312451400048,34.614465082706026,23025.778,3
2023,1,113.76429312449775,u20m,39,-0.02776437432688379,53.75789806478114,52.746247009198854,23025.778,3
2019,2,9.035153499999979,hgap,39,5.030332070346422e-4,9.177152238207409,-1.571625077619663,23025.778,3
2023,2,26.431765458049902,nnm,39,-0.024781038514754085,13.537701326656558,48.78245515554999,23025.778,3
2023,2,47.47558553557452,pnm,39,-0.04169198338314799,15.402533961422163,67.5569373443942,23025.778,3
2023,2,31.595533885094508,q5_19,39,-0.024568990101098497,16.275372002414443,48.488377940995946,23025.778,3
2023,2,101.95252720774039,u20m,39,-0.03148107612092286,43.57650940923846,57.258039008247295,23025.778,3
2019,3,10.53390802137514,hgap,39,-0.004569879831695234,9.142493084650615,13.208914810164476,23025.778,3
2023,3,29.893778205036277,nnm,39,-0.023929082422431237,15.66713406526254,47.59065261739628,23025.778,3
2023,3,48.70596413399664,pnm,39,-0.04111594228646722,16.049393290918445,67.0484024363743,23025.778,3
2023,3,33.39025391335804,q5_19,39,-0.019949475244721883,19.484674369432597,41.64562383984269,23025.778,3
2023,3,107.95814199538367,u20m,39,-0.02949516468725948,48.68515369364727,54.90367581934758,23025.778,3
2019,1,16.44570189999999,hgap,40,-0.0020582600931837725,15.429142596198359,6.1813068848197394,13689.456,3
2023,1,20.00963095854245,nnm,40,-0.034803768471613594,7.818650402327744,60.92556420192332,13689.456,3
2023,1,33.61836848200728,pnm,40,-0.049221608922564955,8.900337146914605,73.52537452351946,13689.456,3
2023,1,44.02869413511723,q5_19,40,-0.02338163682225023,23.418758970357413,46.81023493795006,13689.456,3
2023,1,94.6524493572154,u20m,40,-0.033905165817069524,37.89322280571188,59.96593531066055,13689.456,3
2019,2,15.286116299999975,hgap,40,-0.0010439811920859743,14.799324947968637,3.1845325684937933,13689.456,3
2023,2,15.690054344277078,nnm,40,-0.034799856151433196,6.131447858285119,60.92143644791419,13689.456,3
2023,2,29.244561904452237,pnm,40,-0.05158965801706104,7.262854055198736,75.1651124782518,13689.456,3
2023,2,35.23304095155522,q5_19,40,-0.039909465092786076,11.994266551380555,65.95733372015077,13689.456,3
2023,2,78.14179189764259,u20m,40,-0.042019941305385264,25.128096586416778,67.84294808681646,13689.456,3
2019,3,15.993899733042127,hgap,40,-0.0016579798992034434,15.192623378058341,5.009887321779394,13689.456,3
2023,3,17.871312491870516,nnm,40,-0.03475834151694897,6.991684764581723,60.87760891785551,13689.456,3
2023,3,31.449799812154676,pnm,40,-0.050306326303061956,8.085900028965941,74.28950239027941,13689.456,3
2023,3,39.651396386359615,q5_19,40,-0.031016822808111844,17.161559149435885,56.71890346000629,13689.456,3
2023,3,86.4770945515797,u20m,40,-0.037605537542256595,31.32855751837534,63.772421262731875,13689.456,3
2019,1,7.49457910000001,hgap,41,-0.009784972243596446,5.533640033990287,26.16476575728876,522.335,3
2023,1,6.681559611565809,nnm,41,-0.05903270558039342,1.3572605738449999,79.68647063335966,522.335,3
2023,1,6.223513472989994,pnm,41,-0.057356559244936545,1.322742872908015,78.74604307279625,522.335,3
2023,1,3.402388887204455,q5_19,41,-0.06725503494035028,0.553547261083117,83.73062928917763,522.335,3
2023,1,16.22211259902151,u20m,41,-0.05973816880166223,3.2331106686691395,80.0697310604036,522.335,3
2019,2,7.262802599999986,hgap,41,-0.0026862707252182983,6.6824948270136595,7.990135557124022,522.335,3
2023,2,4.4230439986589065,nnm,41,-0.05792519821049329,0.9257489391260035,79.06986818565007,522.335,3
2023,2,6.266499675859016,pnm,41,-0.05875721580493334,1.2824510203974118,79.53481071198472,522.335,3
2023,2,1.905628587531849,q5_19,41,-0.04928873763634452,0.5035944513609432,73.57331566833841,522.335,3
2023,2,12.547137776566796,u20m,41,-0.056798972031003814,2.707214723655648,78.42364711486887,522.335,3
2019,3,7.072427446755853,hgap,41,-0.00912236920840337,5.330314916375108,24.632455313201667,522.335,3
2023,3,5.599464490137645,nnm,41,-0.05839056234076001,1.1573417530529873,79.33120649141686,522.335,3
2023,3,6.21739178563907,pnm,41,-0.05823427758968482,1.2904938787125837,79.24380635472633,522.335,3
2023,3,2.6832457589470726,q5_19,41,-0.06111017294459501,0.515330156215913,80.79452265982029,522.335,3
2023,3,14.433673855403729,u20m,41,-0.05846193441557181,2.9775228891649155,79.37099785547544,522.335,3
2019,1,11.655048599999986,hgap,42,-0.00834475980781355,8.998445933051809,22.793578629506367,28372.69,3
2023,1,29.151625703035098,nnm,42,-0.025282580455783778,14.729923090734466,49.471349417055414,28372.69,3
2023,1,45.232681791268604,pnm,42,-0.043068110036544385,14.139621655267945,68.74025351731996,28372.69,3
2023,1,23.855106324378372,q5_19,42,-0.03545566933628934,9.158617359337041,61.60730857871915,28372.69,3
2023,1,95.17781753673526,u20m,42,-0.034922988152842296,37.070674987425775,61.051139911757474,28372.69,3
2019,2,9.950025299999993,hgap,42,-0.001343948099232728,9.544000171877956,4.080644178081008,28372.69,3
2023,2,22.186895580776024,nnm,42,-0.026338889018716748,10.895521376714965,50.89208701123803,28372.69,3
2023,2,40.826565942561956,pnm,42,-0.04358295125952849,12.586103538534402,69.17178007025737,28372.69,3
2023,2,19.125921843456627,q5_19,42,-0.04559638765265546,5.584205201443164,70.80294875640917,28372.69,3
2023,2,80.04570261334243,u20m,42,-0.038495902857030105,28.309809699608508,64.63294246243561,28372.69,3
2019,3,10.930894927332872,hgap,42,-0.005096785351786126,9.333339021970911,14.615051338269183,28372.69,3
2023,3,25.701043437061585,nnm,42,-0.02565703196209599,12.855757028126458,49.9796299725788,28372.69,3
2023,3,43.02479936756565,pnm,42,-0.043267073712155255,13.377386258233466,68.90773122740454,28372.69,3
2023,3,21.501886386715576,q5_19,42,-0.040063583383918376,7.289419540934909,66.09869752898285,28372.69,3
2023,3,87.6679880941471,u20m,42,-0.03651490491268854,32.709134587291906,62.68976247958902,28372.69,3
2019,1,14.772040099999998,hgap,43,-0.001939625240196996,13.909997540717136,5.835636468945562,5152.417,3
2023,1,35.56608594308195,nnm,43,-0.023373812514565228,18.9215144219645,46.79899707759389,5152.417,3
2023,1,68.1752599819102,pnm,43,-0.03781817013319468,24.556857633576804,63.97981079926532,5152.417,3
2023,1,33.424575629327215,q5_19,43,-0.057713670767705325,7.035876794375319,78.94998915647582,5152.417,3
2023,1,131.35472941204918,u20m,43,-0.03752375424821741,47.69183250694001,63.69233698671435,5152.417,3
2019,2,10.710253799999975,hgap,43,0.0014366864030050496,11.198041088049328,-4.554395228704603,5152.417,3
2023,2,26.88586770890696,nnm,43,-0.024439460528640745,13.897866655016669,48.307911035311406,5152.417,3
2023,2,62.53273131686521,pnm,43,-0.04152889621894564,20.37706335215726,67.41376408316019,5152.417,3
2023,2,28.55288868595318,q5_19,43,-0.050299074562867266,7.3425272670771715,74.28446785950109,5152.417,3
2023,2,113.78508611669514,u20m,43,-0.03841565820188668,40.32972088960478,64.556232924723,5152.417,3
2019,3,12.876720754758196,hgap,43,-8.139218408481419e-4,12.555885394733098,2.4915921229909683,5152.417,3
2023,3,31.288962358692835,nnm,43,-0.02402844721293973,16.35440565892608,47.73107055631576,5152.417,3
2023,3,65.25366512098863,pnm,43,-0.03967093616283659,22.357614100163044,65.73738186397779,5152.417,3
2023,3,30.985891609036752,q5_19,43,-0.05442991492979683,7.127241608549098,76.99842980645262,5152.417,3
2023,3,122.5586047244912,u20m,43,-0.03802219429962683,43.90332578488464,64.1776879856145,5152.417,3
2019,1,11.943943399999995,hgap,44,-0.0033096721953724817,10.77926610002354,9.751195739729107,19319.075,3
2023,1,34.90971575078071,nnm,44,-0.023448003367692483,18.535152936802422,46.90546016150846,19319.075,3
2023,1,73.7623639509497,pnm,44,-0.03434222276473884,29.18364977721688,60.43558230234684,19319.075,3
2023,1,73.92083972072427,q5_19,44,-0.010065412654311334,56.33007844263048,23.79675521078001,19319.075,3
2023,1,172.17511275225849,u20m,44,-0.02153483211241518,96.26180252296288,44.09075679742793,19319.075,3
2019,2,8.23702369999998,hgap,44,0.0025470763585651924,8.913780449165767,-8.216034988047783,19319.075,3
2023,2,25.378004990712995,nnm,44,-0.024259517154351595,13.1823114657581,48.05615543624439,19319.075,3
2023,2,69.43031598153215,pnm,44,-0.03559338786021282,26.55723272501137,61.74980287850718,19319.075,3
2023,2,66.13737584315582,q5_19,44,-0.0268893267627087,31.999561781633076,51.616523374740865,19319.075,3
2023,2,153.02985460111185,u20m,44,-0.02859908292234632,70.70086386477902,53.79930011103511,19319.075,3
2019,3,10.166503974003149,hgap,44,-0.001194315822968628,9.79698418163563,3.6346790726922613,19319.075,3
2023,3,30.307684005175464,nnm,44,-0.023727528181243063,15.970735511692972,47.30466534834617,19319.075,3
2023,3,71.53223827392574,pnm,44,-0.03496673140845239,27.828105104948488,61.09711400559917,19319.075,3
2023,3,70.08951763657178,q5_19,44,-0.018239920645778618,42.83242421951368,38.88897275394532,19319.075,3
2023,3,162.77550483849112,u20m,44,-0.024840355012905668,83.23620381765659,48.864416731347205,19319.075,3
2019,1,16.057481200000012,hgap,45,-0.0017152559282823444,15.22596091027776,5.178398027470536,850.392,3
2023,1,23.106784615548772,nnm,45,-0.031031826967417065,9.996819101922956,56.736433613545685,850.392,3
2023,1,26.771736419634706,pnm,45,-0.03635747817119035,10.03114556382594,62.53083697451549,850.392,3
2023,1,17.287195122960952,q5_19,45,-0.026249358472662764,8.509927152970663,50.77323364235226,850.392,3
2023,1,65.69554169545,u20m,45,-0.031189177747367226,28.301739395314993,56.919847732566694,850.392,3
2019,2,13.82229719999998,hgap,45,-9.85801828419941e-4,13.406278884897882,3.009762480740893,850.392,3
2023,2,19.111876271584393,nnm,45,-0.030858327620783353,8.307303688905348,56.53329076195058,850.392,3
2023,2,25.18138385526314,pnm,45,-0.039380532495438825,8.695717023020602,65.46767614916796,850.392,3
2023,2,13.085503592131786,q5_19,45,-0.03746553404045749,4.758514798170816,63.63521843338094,850.392,3
2023,2,56.32419818705425,u20m,45,-0.03537593478718861,21.670979418214973,61.52456649938444,850.392,3
2019,3,14.99784913460482,hgap,45,-0.0016134070466691686,14.26617258386191,4.878543210937493,850.392,3
2023,3,21.168579232925694,nnm,45,-0.030941019364010548,9.18076420391401,56.63022962998759,850.392,3
2023,3,25.932951248960446,pnm,45,-0.03777343253472445,9.352388176561416,63.93627517833584,850.392,3
2023,3,15.237446749763572,q5_19,45,-0.031028212612537586,6.5929062445694635,56.732211420710875,850.392,3
2023,3,61.08067124149541,u20m,45,-0.03305370786754915,25.021747767436526,59.03491684217463,850.392,3
2019,1,12.550533900000005,hgap,46,-0.0030732602460646686,11.410022534813278,9.087353368980795,6182.89,3
2023,1,16.797452111073337,nnm,46,-0.02976400335840914,7.520248060418368,55.22982884135853,6182.89,3
2023,1,26.388526527783227,pnm,46,-0.03744245961635739,9.602110372888344,63.612555771999105,6182.89,3
2023,1,16.0627115412727,q5_19,46,-0.0297811377029523,7.187977325866223,55.25053595467422,6182.89,3
2023,1,58.118866209682096,u20m,46,-0.03252683437399249,24.149551359168903,58.447999876594636,6182.89,3
2019,2,11.581273299999992,hgap,46,-6.543582052967345e-4,11.348712695064494,2.00807457790931,6182.89,3
2023,2,12.84616813783595,nnm,46,-0.030367882799475998,5.658239106562003,55.95387631665248,6182.89,3
2023,2,24.42804775962837,pnm,46,-0.036889447234021766,9.022458836054845,63.06516621862006,6182.89,3
2023,2,13.449166220773524,q5_19,46,-0.035360715337235324,5.176751826163172,61.50875272723461,6182.89,3
2023,2,49.9124886240172,u20m,46,-0.034210002644886696,19.81820922809666,60.29408716246536,6182.89,3
2019,3,12.173302205786513,hgap,46,-0.0019856945999070508,11.44655346690053,5.970021335217705,6182.89,3
2023,3,14.837413984783888,nnm,46,-0.029951747220786105,6.609148250251581,55.45619838450679,6182.89,3
2023,3,25.415157801088938,pnm,46,-0.03717647544109988,9.314580078934256,63.350296103472694,6182.89,3
2023,3,14.764781474516099,q5_19,46,-0.0323317820917091,6.16745700621677,58.22859270310398,6182.89,3
2023,3,54.05150534488556,u20m,46,-0.033281069700348234,22.006734337276264,59.28562174751979,6182.89,3
2019,1,15.185767099999993,hgap,47,-0.003470355516563961,13.636875989642187,10.199623767164233,105789.734,3
2023,1,24.296440152623767,nnm,47,-0.027176775858433276,11.664579953094965,51.990580184499535,105789.734,3
2023,1,57.00372977679091,pnm,47,-0.034926888892586924,22.199964733024917,61.05524178864583,105789.734,3
2023,1,44.71191098891214,q5_19,47,-0.020004155580977522,26.052864675794993,41.7317128711951,105789.734,3
2023,1,121.05393269522679,u20m,47,-0.027101861561671648,58.234962748547666,51.893373926839885,105789.734,3
2019,2,14.060485199999988,hgap,47,3.2229219465351733e-4,14.201668434144079,-1.0041135290558163,105789.734,3
2023,2,18.973568139362396,nnm,47,-0.02816254169981387,8.86985309487326,53.25152849625611,105789.734,3
2023,2,48.71939749397725,pnm,47,-0.038032627372709585,17.44749905163524,64.18777745806048,105789.734,3
2023,2,36.086828953363906,q5_19,47,-0.03336063959440927,14.66099668401649,59.37299810143103,105789.734,3
2023,2,100.44594727859479,u20m,47,-0.03336543884149083,40.80288934035223,59.37826219391193,105789.734,3
2019,3,14.764796822380049,hgap,47,-0.0015977093271830611,14.051325952898901,4.8322430580263,105789.734,3
2023,3,21.653841752696756,nnm,47,-0.02756941107220654,10.286257570483098,52.49684703545941,105789.734,3
2023,3,52.888491262446216,pnm,47,-0.03632747144849522,19.8329367842179,62.500467850743185,105789.734,3
2023,3,40.40501821340936,q5_19,47,-0.026182418943823914,19.926065105333922,50.68418234564491,105789.734,3
2023,3,110.83650128854494,u20m,47,-0.029947425252428595,49.376552820618834,55.45100012488219,105789.734,3
2019,1,15.548848200000009,hgap,48,-0.0040342629739774875,13.720957561149575,11.755794482902166,31165.653,3
2023,1,31.883280705874782,nnm,48,-0.02406689086498215,16.64776050600782,47.78529643927038,31165.653,3
2023,1,44.722053019245145,pnm,48,-0.03664132273304945,16.629047612163156,62.81689571584021,31165.653,3
2023,1,22.963191949198936,q5_19,48,-0.03300109389824213,9.42026338806459,58.97668142606275,31165.653,3
2023,1,96.41627981013856,u20m,48,-0.03074744495345918,42.034640464670964,56.402963744872835,31165.653,3
2019,2,11.708830799999987,hgap,48,7.667839620508765e-4,11.990487524793076,-2.4055068315880845,31165.653,3
2023,2,24.609390726843824,nnm,48,-0.024336590684124148,12.756489958947226,48.16413741997887,31165.653,3
2023,2,35.607868361371416,pnm,48,-0.039727313333386596,12.181631163951478,65.78949618571801,31165.653,3
2023,2,18.220374636662484,q5_19,48,-0.038655622736936526,6.416280828020869,64.78513227104439,31165.653,3
2023,2,76.48013105389828,u20m,48,-0.03386340207192795,30.652650235813134,59.920766592030134,31165.653,3
2019,3,13.51935249581362,hgap,48,-0.003958818801746711,11.957979478099869,11.54917011149198,31165.653,3
2023,3,28.270106590648727,nnm,48,-0.024247579569920186,14.689314045543302,48.039410468999506,31165.653,3
2023,3,40.1820974373982,pnm,48,-0.03803217299618193,14.390278697548496,64.18733810506566,31165.653,3
2023,3,20.64520295071681,q5_19,48,-0.03545883118718982,7.925572427369596,61.61058602189998,31165.653,3
2023,3,86.57169711983848,u20m,48,-0.03214240852858996,36.34759024943361,58.01446493636507,31165.653,3
2019,1,13.015322800000007,hgap,49,-0.00218513485893701,12.162873542274525,6.5495821411780994,1152.952,3
2023,1,21.852718765477828,nnm,49,-0.02484325576284978,11.17364004424982,48.868421526105244,1152.952,3
2023,1,33.962789670875516,pnm,49,-0.034848774367027914,13.254652143050201,60.97301702393249,1152.952,3
2023,1,34.87381445452964,q5_19,49,-0.028715194121593023,16.06151445916773,53.943912616414245,1152.952,3
2023,1,88.02652653771182,u20m,49,-0.02912480663091248,40.0956731882653,54.45046537069965,1152.952,3
2019,2,10.53721539999998,hgap,49,-2.3944531691801884e-4,10.459289279681082,0.739532384607966,1152.952,3
2023,2,16.387219644514385,nnm,49,-0.024813669296281305,8.385740216721834,48.82755953338944,1152.952,3
2023,2,29.41681980352473,pnm,49,-0.03926610839097644,10.189743613922383,65.36082526262257,1152.952,3
2023,2,22.895289921009756,q5_19,49,-0.04264206426892998,7.23981369867068,68.37858911746254,1152.952,3
2023,2,67.1796096198497,u20m,49,-0.036206211451380366,25.2746537125185,62.377492433283585,1152.952,3
2019,3,11.881434618030823,hgap,49,-0.0012461044002935572,11.431215662532132,3.7892642595150567,1152.952,3
2023,3,19.15616968405965,nnm,49,-0.024797059136194476,9.807076763266487,48.80460486092263,1152.952,3
2023,3,31.7304707852335,pnm,49,-0.03689139837123321,11.718979262227434,63.06711192044106,1152.952,3
2023,3,28.958138142112013,q5_19,49,-0.03437938483695504,11.44562869999336,60.47526037819159,1152.952,3
2023,3,77.78096371371102,u20m,49,-0.03218902472336538,32.615676641812875,58.067276253015265,1152.952,3
2019,1,9.2128534,hgap,50,-0.041447902169736664,2.5490344755767675,72.33175906634129,114535.772,3
2023,1,10.029437979877247,nnm,50,-0.029923761226047275,4.470869967944917,55.42252739470416,114535.772,3
2023,1,8.955754051447439,pnm,50,-0.04116195190833838,2.9474003217448494,67.08931146597882,114535.772,3
2023,1,8.884372731383984,q5_19,50,-0.02223376995999571,4.874327136240052,45.135945062035425,114535.772,3
2023,1,27.611870065344156,u20m,50,-0.031035718086282537,11.944624765560404,56.74097865413259,114535.772,3
2019,2,9.476710499999996,hgap,50,-0.018411047681046712,5.3553431613636,43.48942957196379,114535.772,3
2023,2,7.063105455344553,nnm,50,-0.027349586771356328,3.375170961031014,52.214065295074,114535.772,3
2023,2,9.44459373332518,pnm,50,-0.04414928542398111,2.8674174447687313,69.63958931710243,114535.772,3
2023,2,5.716371201426984,q5_19,50,-0.00899585471384039,4.483688894026356,21.56407035101066,114535.772,3
2023,2,22.063379420944827,u20m,50,-0.03052904116231825,9.675869280137166,56.14511677684409,114535.772,3
2019,3,9.311981020435951,hgap,50,-0.03073950139109165,3.5908082257398855,61.43883650686631,114535.772,3
2023,3,8.570801489040223,nnm,50,-0.02870399329415201,3.948569778433204,53.929982120314236,114535.772,3
2023,3,9.209026658036578,pnm,50,-0.042776827834647646,2.901447672882211,68.493438225090145,114535.772,3
2023,3,7.336560636456602,q5_19,50,-0.017537931649825245,4.569235938028,37.71964596976546,114535.772,3
2023,3,24.90759632231587,u20m,50,-0.030839571993827742,10.831996426820671,56.511273562291585,114535.772,3
2019,1,15.605140299999988,hgap,51,-0.006005724092620434,12.954237044286062,16.987372139896287,1847.556,3
2023,1,27.310125743608477,nnm,51,-0.031420707893847946,11.691924930568788,57.18831527787781,1847.556,3
2023,1,50.463634775239406,pnm,51,-0.0359501582046136,19.11739592386511,62.116490401430035,1847.556,3
2023,1,22.14916041260906,q5_19,51,-0.03215296914546828,9.296792277113887,58.026434844810574,1847.556,3
2023,1,96.8526544914271,u20m,51,-0.03266221422508249,40.09738072798688,58.599605825428256,1847.556,3
2019,2,12.31164769999998,hgap,51,-0.0037480836613292823,10.961127915971634,10.969447932045268,1847.556,3
2023,2,20.77495655164673,nnm,51,-0.032553523826382325,8.626191566821605,58.47793209397664,1847.556,3
2023,2,44.99136452498609,pnm,51,-0.03869626143500664,15.826274678096715,64.82375041257629,1847.556,3
2023,2,17.879739070226886,q5_19,51,-0.042692760312528666,5.646092132075555,68.42184267958721,1847.556,3
2023,2,81.55219392164592,u20m,51,-0.03691238390454092,30.10251930406315,63.088032514508214,1847.556,3
2019,3,13.853600966144597,hgap,51,-0.0050552731745758805,11.844122203992855,14.50510063818427,1847.556,3
2023,3,24.124875336033856,nnm,51,-0.03187094633697622,10.203470716079172,57.70560231314907,1847.556,3
2023,3,47.66348245499186,pnm,51,-0.03717262635682213,17.470340702157685,63.34648707497453,1847.556,3
2023,3,20.04416009612886,q5_19,51,-0.03697161583913435,7.386870862310436,63.14701725148829,1847.556,3
2023,3,89.26675326830724,u20m,51,-0.034559695255147814,35.11110080930712,60.667214249660894,1847.556,3
2019,1,13.178024499999992,hgap,52,-0.0023098505204913965,12.267399119020487,6.910181271703553,3470.392,3
2023,1,17.45782200385597,nnm,52,-0.025989446573807883,8.654442241844249,50.426563863850184,3470.392,3
2023,1,22.655734714198573,pnm,52,-0.04010235563676505,7.672552928484415,66.13416856582475,3470.392,3
2023,1,26.81874822300212,q5_19,52,-0.03134696037425817,11.504442595170206,57.10298445136607,3470.392,3
2023,1,65.47159712460349,u20m,52,-0.03221263471700135,27.43652842009586,58.09399858097318,3470.392,3
2019,2,12.780909899999983,hgap,52,-0.002814952023447459,11.712880466908809,8.356442862422307,3470.392,3
2023,2,10.315100586292736,nnm,52,-0.027700546057150312,4.882679535863942,52.6647414146178,3470.392,3
2023,2,20.64547433695885,pnm,52,-0.03970019629571144,7.068093867256647,65.7644394510056,3470.392,3
2023,2,18.434205261022463,q5_19,52,-0.04744373318190207,5.120372163089022,72.22352637075377,3470.392,3
2023,2,48.615012197717135,u20m,52,-0.03958137693135182,16.69710246066451,65.65443120170897,3470.392,3
2019,3,13.06671612311635,hgap,52,-0.0029295614479108332,11.932333760794167,8.681464812075818,3470.392,3
2023,3,14.003400105944326,nnm,52,-0.026645622193125672,6.820060655773928,51.29710924364098,3470.392,3
2023,3,21.597662969624842,pnm,52,-0.03992485587352394,7.349365657518176,65.97147724800413,3470.392,3
2023,3,22.6677563808545,q5_19,52,-0.03811178961524009,8.100495003601125,64.26424006196345,3470.392,3
2023,3,57.16623816827837,u20m,52,-0.03535917734818339,22.004911840382302,61.507154317890965,3470.392,3
2019,1,14.376540000000006,hgap,53,-0.0010398203214796009,13.920509850328331,3.1720438274555223,1230.509,3
2023,1,18.42127085578419,nnm,53,-0.014004458643754259,12.621297165522021,31.485198473377885,1230.509,3
2023,1,35.04440176940904,pnm,53,-0.04505930351308431,10.381389008140046,70.3764696100415,1230.509,3
2023,1,18.787365930693856,q5_19,53,-0.0463379703171519,5.376617292590815,71.38173966257416,1230.509,3
2023,1,70.61512539993242,u20m,53,-0.03739781898238217,25.726028199938668,63.56867164897326,1230.509,3
2019,2,11.439825299999995,hgap,53,0.0013500889323307063,11.928774084277364,-4.274093104178515,1230.509,3
2023,2,18.257509661008125,nnm,53,-0.016148702894669232,11.805452553010332,35.33919591332442,1230.509,3
2023,2,28.501532943056684,pnm,53,-0.042484503195804414,9.051009396499925,68.24378037987302,1230.509,3
2023,2,14.990203426620052,q5_19,53,-0.06150206144155916,2.848638679703846,80.99666429712923,1230.509,3
2023,2,60.53575186433691,u20m,53,-0.03972482643542765,20.710976318153154,65.78719900172828,1230.509,3
2019,3,12.92159153251427,hgap,53,-0.0023139721927998734,12.027149305233293,6.922074769430032,1230.509,3
2023,3,18.43246522800177,nnm,53,-0.014903230940543332,12.326190271702245,33.12782571819611,1230.509,3
2023,3,31.70224760416973,pnm,53,-0.04402236541734461,9.657972252508001,69.53537057341731,1230.509,3
2023,3,16.89352448083681,q5_19,53,-0.05332011053067216,4.003974117852694,76.29876392937065,1230.509,3
2023,3,65.6068064785964,u20m,53,-0.03844776637748648,23.23337344740937,64.58694654648517,1230.509,3
2019,1,14.938910499999992,hgap,54,-0.0043537083247696005,13.052821195194104,12.625347108183615,128691.697,3
2023,1,24.90794419428909,nnm,54,-0.03290262560437109,10.2452676390139,58.867469916032086,128691.697,3
2023,1,25.81581611620132,pnm,54,-0.05493466636328477,5.857666640361436,77.30977547254328,128691.697,3
2023,1,33.64706398110373,q5_19,54,-0.030650248397085456,14.70766952153894,56.28840147895578,128691.697,3
2023,1,82.04273547422247,u20m,54,-0.03797525586859836,29.426874850843983,64.13226024126195,128691.697,3
2019,2,13.20988029999998,hgap,54,-0.004617502905268989,11.448085000095734,13.336951281112285,128691.697,3
2023,2,16.838646252242675,nnm,54,-0.03567353810894898,6.4268921650375885,61.83248897350275,128691.697,3
2023,2,22.390824744065508,pnm,54,-0.05659955601163928,4.857205405077343,78.30716170307795,128691.697,3
2023,2,16.042745370448586,q5_19,54,-0.07615116659137385,2.052739510427777,87.20456216796278,128691.697,3
2023,2,54.27188539055627,u20m,54,-0.05572327503638976,12.054980601006633,77.78779838906371,128691.697,3
2019,3,14.145977786980495,hgap,54,-0.004213328251846615,12.413904220714436,12.244283091269976,128691.697,3
2023,3,21.100236649750926,nnm,54,-0.03387729003708673,8.453642596961714,59.93579248760936,128691.697,3
2023,3,24.016407802095795,pnm,54,-0.055890238212795394,5.3105787587811655,77.88770576123488,128691.697,3
2023,3,25.022023428306504,q5_19,54,-0.0472650228226529,6.983852914696632,72.08917602244728,128691.697,3
2023,3,68.51568621518788,u20m,54,-0.045210528045967105,20.214061127252876,70.49717773567008,128691.697,3
2019,1,13.300909999999988,hgap,55,-0.0055248164242243545,11.207275266563972,15.740537552964556,2484.792,3
2023,1,18.044038340808914,nnm,55,-0.03003282864104957,8.019924205006244,55.5536069391509,2484.792,3
2023,1,23.406279975407006,pnm,55,-0.04240991012766857,7.447934815039934,68.1797584970124,2484.792,3
2023,1,15.02907929361208,q5_19,55,-0.027484398116044507,7.1556925075534386,52.387685447937756,2484.792,3
2023,1,55.44044111447533,u20m,55,-0.033978155499224005,22.151364847303984,60.04475360943632,2484.792,3
2019,2,10.316019899999986,hgap,55,-8.83661958019033e-4,10.037263289312286,2.702172091464279,2484.792,3
2023,2,14.008487001663777,nnm,55,-0.03146675802105618,5.989817197874204,57.24151225494376,2484.792,3
2023,2,19.936351919799698,pnm,55,-0.04429014221418019,6.029782588682792,69.7548347213196,2484.792,3
2023,2,10.516594830787817,q5_19,55,-0.039161928048033444,3.653122978546201,65.26325262763271,2484.792,3
2023,2,43.828108562892766,u20m,55,-0.03852128287645962,15.490093985368565,64.65716980886711,2484.792,3
2019,3,11.91475352553232,hgap,55,-0.003289289221605296,10.759719207132324,9.694152010151559,2484.792,3
2023,3,16.046895265664876,nnm,55,-0.03062003500563586,7.0200788089444,56.252728688489164,2484.792,3
2023,3,21.674086850128617,pnm,55,-0.043251897912886014,6.741727171236665,68.89498866617,2484.792,3
2023,3,12.781141045827503,q5_19,55,-0.03247151435419902,5.3187581258434635,58.38588975137074,2484.792,3
2023,3,49.67664947103201,u20m,55,-0.03598397006440339,18.802085629130993,62.15105924143481,2484.792,3
2019,1,15.427347300000008,hgap,56,-0.005772676617971317,12.899502672401109,16.38547819299367,2697.848,3
2023,1,22.022736085039103,nnm,56,-0.032905118538477975,9.05789884485845,58.87023842141108,2697.848,3
2023,1,27.189191712493454,pnm,56,-0.04097748512860773,8.992828553831215,66.92498751370013,2697.848,3
2023,1,33.93878316908028,q5_19,56,-0.021436450884405645,19.025386765496403,43.942048037746495,2697.848,3
2023,1,80.90205950424934,u20m,56,-0.03018283833731452,35.8127023972523,55.73326239566094,2697.848,3
2019,2,8.633021299999996,hgap,56,-0.0028682740637560045,7.898540855283469,8.507802994955284,2697.848,3
2023,2,16.522361209828734,nnm,56,-0.03555661387464735,6.326113797902632,61.71180548855579,2697.848,3
2023,2,23.172319860907507,pnm,56,-0.044665444156970976,6.937846783740239,70.05976602521949,2697.848,3
2023,2,28.64405386718516,q5_19,56,-0.03680091423238809,10.604953395651721,62.97677191634933,2697.848,3
2023,2,66.82982361995582,u20m,56,-0.03816985780316058,23.8447312647741,64.32022415565092,2697.848,3
2019,3,12.141263836064724,hgap,56,-0.004858453999139423,10.443688361068272,13.981867933335982,2697.848,3
2023,3,19.310776024085285,nnm,56,-0.03406260362394655,7.698095691384384,60.135751759623915,2697.848,3
2023,3,25.205588701972538,pnm,56,-0.042631846896565496,7.972561848564056,68.36986454539688,2697.848,3
2023,3,31.318180270208273,q5_19,56,-0.028674302089620296,14.439862507936175,53.89303470587581,2697.848,3
2023,3,73.96887777753803,u20m,56,-0.03380860104089587,29.69005692427275,59.86142034820937,2697.848,3
2019,1,13.477726899999993,hgap,57,-0.0029725729901731055,12.291263199099806,8.803143955233194,33787.916,3
2023,1,22.409870635208502,nnm,57,-0.03182632313788343,9.489546178312473,57.65461419753447,33787.916,3
2023,1,23.483540663049695,pnm,57,-0.044987722610842516,6.970111821827498,70.31916131456846,33787.916,3
2023,1,39.205005003083215,q5_19,57,-0.013293529973241468,27.381815029935222,30.157348461550196,33787.916,3
2023,1,82.79353392126343,u20m,57,-0.026855062215773183,40.09546700997741,51.57174103945344,33787.916,3
2019,2,11.506110499999977,hgap,57,-0.003836820901257676,10.215812797711862,11.214021473964788,33787.916,3
2023,2,16.92303139927366,nnm,57,-0.031088434595242374,7.310325236525814,56.80250739923834,33787.916,3
2023,2,19.8510601491938,pnm,57,-0.04888595153706406,5.303339530518299,73.28435110941075,33787.916,3
2023,2,27.609401915884458,q5_19,57,-0.03512367221925254,10.69543712842147,61.26161239925995,33787.916,3
2023,2,63.041517782118085,u20m,57,-0.037575710740815185,22.856815215428412,63.74323458641121,33787.916,3
2019,3,12.574024184852334,hgap,57,-0.0032288532882279062,11.37637300655214,9.524804157311708,33787.916,3
2023,3,19.71958936028167,nnm,57,-0.031515395414977165,8.42073274856648,57.29762626027524,33787.916,3
2023,3,21.688810502198397,pnm,57,-0.04673812282678904,6.140260488967998,71.68927042658419,33787.916,3
2023,3,33.4820645634567,q5_19,57,-0.02275522043404008,18.112801574355366,45.902972798982645,33787.916,3
2023,3,73.09065136420234,u20m,57,-0.031533535144700496,31.196160344344246,57.31853559643715,33787.916,3
2019,1,13.083177500000005,hgap,58,-0.0035686117245160355,11.713011070120988,10.472734394064567,14405.469,3
2023,1,38.311970128503255,nnm,58,-0.01642404377273148,24.589344568624558,35.818115105673904,14405.469,3
2023,1,63.96031934185953,pnm,58,-0.02503509498787775,32.534963663979696,49.13258095212974,14405.469,3
2023,1,40.35256088328276,q5_19,58,-0.0223043168539387,22.096921593149396,45.24034879207952,14405.469,3
2023,1,136.14633748719785,u20m,58,-0.02090344980113761,77.42712516706808,43.12948361585656,14405.469,3
2019,2,11.609050999999994,hgap,58,0.0033940639064380385,12.89708134688236,-11.095052876263239,14405.469,3
2023,2,30.507384380336138,nnm,58,-0.015528766079927526,20.059283839653563,34.24777558910298,14405.469,3
2023,2,57.47565395433752,pnm,58,-0.025577393244978985,28.811419847664396,49.87195818501847,14405.469,3
2023,2,40.14539131778938,q5_19,58,-0.021760043996006083,22.30891689502744,44.42969376377251,14405.469,3
2023,2,122.91327648997108,u20m,58,-0.021088011530784368,69.55395109515948,43.41217394783661,14405.469,3
2019,3,12.404488109011254,hgap,58,-6.189073573318549e-4,12.16876257256921,1.900324579059414,14405.469,3
2023,3,34.50810823919632,nnm,58,-0.016017753247479984,22.392251417779214,35.11017392618239,14405.469,3
2023,3,60.726998727532845,pnm,58,-0.025285125730037362,30.68242435410148,49.47482174812229,14405.469,3
2023,3,40.249237756537546,q5_19,58,-0.022039997334899607,22.198198521761594,44.84815176864805,14405.469,3
2023,3,129.63997566499143,u20m,58,-0.02098513991540738,73.56448826121934,43.254780877681824,14405.469,3
2019,1,15.61245199999999,hgap,59,-0.00445389405752925,13.599024812447613,12.896290650260308,2153.345,3
2023,1,35.38275531383114,nnm,59,-0.027681928881698868,16.756939711734088,52.640941715514764,2153.345,3
2023,1,41.35242544559426,pnm,59,-0.04395366800418974,12.621251751621328,69.47881142249659,2153.345,3
2023,1,23.957179913197347,q5_19,59,-0.03708913435371155,8.800965566991984,63.2637664412923,2153.345,3
2023,1,97.4258926435948,u20m,59,-0.03540955803059846,37.4510200305646,61.559479708778646,2153.345,3
2019,2,11.6418568,hgap,59,-8.180669214718605e-4,11.350330630188587,2.5041209045915447,2153.345,3
2023,2,26.056786642567722,nnm,59,-0.02861694522819298,12.032613281944126,53.82157651670286,2153.345,3
2023,2,38.345777793880266,pnm,59,-0.04391827102676897,11.714777832172594,69.44962781784493,2153.345,3
2023,2,19.20405905487932,q5_19,59,-0.045016245722250804,5.695537829293055,70.34201044155846,2153.345,3
2023,2,81.38985316647418,u20m,59,-0.03837751211801184,28.877356736103657,64.51970901454003,2153.345,3
2019,3,13.73569503411531,hgap,59,-0.0029985282865612195,12.516447063433564,8.876492726822363,2153.345,3
2023,3,30.821281768604045,nnm,59,-0.027994643884990823,14.473943501524374,53.039125334923,2153.345,3
2023,3,39.809051185000996,pnm,59,-0.0439240362683075,12.159920320175392,69.4543829651561,2153.345,3
2023,3,21.60561272925632,q5_19,59,-0.040633083627759525,7.212819086098318,66.61599383232772,2153.345,3
2023,3,89.50947743048543,u20m,59,-0.03671456213896196,33.21665261634903,62.890351312635424,2153.345,3
2019,1,13.327127499999989,hgap,60,-0.005829680869260123,11.12373943756136,16.533105595625393,55339.008,3
2023,1,19.977777467678276,nnm,60,-0.015677886463140566,13.083051248115527,34.51197827544939,55339.008,3
2023,1,24.384885065564465,pnm,60,-0.021862876890196725,13.513183977158691,44.5837700656561,55339.008,3
2023,1,17.75520044671641,q5_19,60,-0.013777439570480832,12.239734522624877,31.063946254189133,55339.008,3
2023,1,60.85168875592606,u20m,60,-0.017240233554434957,38.20449832377489,37.21702863989237,55339.008,3
2019,2,10.927400399999982,hgap,60,-0.0019076933806914554,10.29990774390734,5.742378178918407,55339.008,3
2023,2,14.890406477223301,nnm,60,-0.018642556950631172,9.00129186263511,39.54972366668641,55339.008,3
2023,2,23.550395934471723,pnm,60,-0.018901540076177746,14.137078840622031,39.970950467422995,55339.008,3
2023,2,15.125159841517299,q5_19,60,-0.014186143182990784,10.312262343892424,31.820473621798516,55339.008,3
2023,2,52.6391680190813,u20m,60,-0.017190679163888323,33.09268114065859,37.132970778218336,55339.008,3
2019,3,12.345733182678714,hgap,60,-0.0033982065492872858,11.111338895860053,9.998549851624356,55339.008,3
2023,3,17.452518559574266,nnm,60,-0.016918534575092535,11.05279718416418,36.66932857607114,55339.008,3
2023,3,23.965193025368592,pnm,60,-0.020421083928219376,13.80779407794285,42.383964680249086,55339.008,3
2023,3,16.440860895694186,q5_19,60,-0.013955431077477255,11.279344301528706,31.394442340408503,55339.008,3
2023,3,56.76625310879058,u20m,60,-0.017207353868385233,35.67119353577442,37.16126821438822,55339.008,3
2019,1,15.857995399999993,hgap,61,-6.093343092487214e-4,15.561259359708544,1.8712077586518252,2311.476,3
2023,1,34.694428959084576,nnm,61,-0.014974899741112279,23.156067293914855,33.25710210932425,2311.476,3
2023,1,43.84680202246716,pnm,61,-0.019553726428359442,25.86139128776051,41.01875143708519,2311.476,3
2023,1,25.02844883715605,q5_19,61,-0.030532348243484407,10.975216976147943,56.14903245679909,2311.476,3
2023,1,100.12074915107571,u20m,61,-0.02003055442654187,58.29707843832902,41.77322989227487,2311.476,3
2019,2,13.640441999999979,hgap,61,-6.23070112289792e-5,13.614120677869614,0.19296531688903087,2311.476,3
2023,2,30.010778712115478,nnm,61,-0.015070799122190736,19.978266970346084,33.42969483733931,2311.476,3
2023,2,37.392419713639825,pnm,61,-0.01797475873968497,23.015076851439904,38.449886293278375,2311.476,3
2023,2,21.737433033772625,q5_19,61,-0.03305298632270977,8.90493100026092,59.034118764503305,2311.476,3
2023,2,86.57767653163539,u20m,61,-0.02021707400650481,50.1581496852489,42.065724451589816,2311.476,3
2019,3,14.905299873086761,hgap,61,-5.921146529580312e-4,14.634200533758477,1.8188117088324083,2311.476,3
2023,3,32.283239539833716,nnm,61,-0.015007461498584451,21.52783470803998,33.31575450636803,2311.476,3
2023,3,40.675371995180456,pnm,61,-0.018766593328000392,24.50616647542057,39.75183194802924,2311.476,3
2023,3,23.38730526937627,q5_19,61,-0.031698057859499064,9.937801340467423,57.507711016710644,2311.476,3
2023,3,93.35718934402537,u20m,61,-0.020091391609059706,54.269659209111545,41.86879490434802,2311.476,3
2019,1,18.306782,hgap,62,0.0017008579189874862,19.297936783234007,-5.414139870316963,5493.035,3
2023,1,33.78977915428534,nnm,62,-0.019335195995545406,20.047572477767673,40.66971439431509,5493.035,3
2023,1,44.57805247701696,pnm,62,-0.03016419016474172,19.743187725008603,55.71096845204808,5493.035,3
2023,1,21.76531914506974,q5_19,62,-0.020735186223965352,12.434412246486342,42.87052643883251,5493.035,3
2023,1,96.9539520822702,u20m,62,-0.02374105598487386,51.07155218057939,47.32390884154711,5493.035,3
2019,2,13.819803199999996,hgap,62,0.0027455370897265575,15.047535562525816,-8.883862850708475,5493.035,3
2023,2,24.186749721226708,nnm,62,-0.020890139721483302,13.760073561792307,43.10904226326769,5493.035,3
2023,2,42.24497356705914,pnm,62,-0.031301804238779284,18.143940776383207,57.050651842445255,5493.035,3
2023,2,18.388665399612147,q5_19,62,-0.027017169523817986,8.86641804570688,51.78324335656306,5493.035,3
2023,2,82.59581831473362,u20m,62,-0.02670608811892583,40.16093167948708,51.37655573984054,5493.035,3
2019,3,16.16723704181277,hgap,62,0.0019151733334734633,17.15615777198309,-6.116819637225021,5493.035,3
2023,3,29.060860698552325,nnm,62,-0.01984802622764952,17.004798476294066,41.48556488851287,5493.035,3
2023,3,43.368705194006594,pnm,62,-0.0307138979110003,18.924603707166288,56.36345696163047,5493.035,3
2023,3,20.09653359727659,q5_19,62,-0.023589536386916965,10.62946497946701,47.10796800843566,5493.035,3
2023,3,89.83551268749834,u20m,62,-0.025048343085331215,45.68066385888543,49.150772904485876,5493.035,3
2019,1,7.389884599999988,hgap,63,-0.02278011827830113,3.6470858538975346,50.64759395704852,7305.661,3
2023,1,9.657849258473341,nnm,63,0.020167547585804524,16.648077831422718,-72.37872932026228,7305.661,3
2023,1,23.546738795071185,pnm,63,0.10157520146279864,365.5919315709797,-1452.6223599486548,7305.661,3
2023,1,30.513826179713543,q5_19,63,0.12044012149172198,788.4454157195381,-2483.8956120282255,7305.661,3
2023,1,62.48474352647626,u20m,63,0.09019781146905329,713.5577217130345,-1041.9711139738988,7305.661,3
2019,2,7.799550299999993,hgap,63,-0.013121877008801252,5.1928770626449285,33.42081449689563,7305.661,3
2023,2,7.329163688442616,nnm,63,0.024810281662853706,14.321172260377166,-95.39981461950799,7305.661,3
2023,2,24.936143770662554,pnm,63,0.11794780284305198,602.3923545753872,-2315.7398197395046,7305.661,3
2023,2,31.884685166521542,q5_19,63,0.152990823868914,1984.015400469609,-6122.471352964138,7305.661,3
2023,2,62.94428965551746,u20m,63,0.11388478161241813,1362.5853237718259,-2064.7481149267155,7305.661,3
2019,3,7.562169157054427,hgap,63,-0.018247043079990144,4.295206953790818,43.20139017541017,7305.661,3
2023,3,8.522170283385641,nnm,63,0.022524975076700614,15.655861186340372,-83.70744382874145,7305.661,3
2023,3,24.226849373525372,pnm,63,0.10905041714345032,460.27436588934887,-1799.852344780447,7305.661,3
2023,3,31.18180581670171,q5_19,63,0.13527412476991874,1202.5939725849905,-3756.716893352125,7305.661,3
2023,3,62.70962452820095,u20m,63,0.10104051153809909,959.6884961556837,-1430.3687486186514,7305.661,3
2019,1,18.620518900000008,hgap,64,-0.0025869290355926113,17.185557300360678,7.706345925941565,31195.938,3
2023,1,25.586609060758608,nnm,64,-0.002067650385099107,24.197336634195633,5.429685595554979,31195.938,3
2023,1,46.659101115350765,pnm,64,-0.002788254548417024,43.27543396267258,7.251890996170444,31195.938,3
2023,1,37.39007031912634,q5_19,64,-0.003144868501731457,34.34628014677257,8.140637731822506,31195.938,3
2023,1,105.78529819950766,u20m,64,-0.0026445538118157865,98.49527706332681,6.89133675497337,31195.938,3
2019,2,17.29740509999999,hgap,64,-0.0013161838694329298,16.605845901046376,3.9980517017180595,31195.938,3
2023,2,22.17975938680221,nnm,64,8.448963853799451e-4,22.691543818205968,-2.3074390595431282,31195.938,3
2023,2,38.633616673296565,pnm,64,-0.005566335217476093,33.24258533727289,13.954249692988068,31195.938,3
2023,2,31.912337523419044,q5_19,64,-0.006155753082333515,27.025675484578397,15.312767468865431,31195.938,3
2023,2,89.95547746039767,u20m,64,-0.004159697624836589,80.39910282047339,10.623449410439092,31195.938,3
2019,3,18.040761757175062,hgap,64,-0.0019359803188365276,16.989888107332504,5.824995995108747,31195.938,3
2023,3,23.906877389033248,nnm,64,-7.602472349247158e-4,23.421150908019715,2.0317437242404104,31195.938,3
2023,3,42.71009184898189,pnm,64,-0.004021535465529214,38.315471790281244,10.28941842185573,31195.938,3
2023,3,34.682690297018205,q5_19,64,-0.004522397637944975,30.69611156848551,11.494433374089885,31195.938,3
2023,3,98.00355217202672,u20m,64,-0.0033274538193915682,89.58272244603309,8.592371949143692,31195.938,3
2019,1,18.107325599999996,hgap,65,-0.002382139092463653,16.818345317375375,7.118556937114012,21104.48,3
2023,1,19.084315574735314,nnm,65,-0.046351563467386114,5.45959499348077,71.39224106779899,21104.48,3
2023,1,24.932632382450915,pnm,65,-0.053985912524287596,5.8040609988290495,76.72102604410799,21104.48,3
2023,1,16.443300219079248,q5_19,65,-0.04386840820765636,5.030257074861747,69.40847027152667,21104.48,3
2023,1,59.26846614947057,u20m,65,-0.04768919537413652,16.353944487852537,72.40700569741566,21104.48,3
2019,2,14.22021239999998,hgap,65,-0.002397918504663021,13.201479244987784,7.163979878473528,21104.48,3
2023,2,13.81753170449306,nnm,65,-0.048095159657554024,3.771108116910974,72.70780196086166,21104.48,3
2023,2,21.428474314669764,pnm,65,-0.055856621865373726,4.742629945599558,77.8676266170159,21104.48,3
2023,2,11.257782315728049,q5_19,65,-0.05594054437264369,2.485975040043789,77.91771975755228,21104.48,3
2023,2,45.81424114967281,u20m,65,-0.052581158197071654,11.077363631362099,75.82113475333377,21104.48,3
2019,3,16.33841940141602,hgap,65,-0.0036781783428988745,14.577741699133105,10.776303747780641,21104.48,3
2023,3,16.469075755364575,nnm,65,-0.04703634361480051,4.6251238461799,71.91631203303362,21104.48,3
2023,3,23.173584560256533,pnm,65,-0.05476100075467323,5.282851522736233,77.20313182883024,21104.48,3
2023,3,13.83762521262566,q5_19,65,-0.04889975116184453,3.6954342287074025,73.2943032353873,21104.48,3
2023,3,52.55535882806184,u20m,65,-0.049785156618065776,13.703726994507115,73.92515758604233,21104.48,3
2019,1,8.766996799999987,hgap,66,-0.010281648754719352,6.3742293419831455,27.292897586284564,23769.13,3
2023,1,40.019872283358026,nnm,66,-0.021844045137821143,22.188783625568572,44.5555861136628,23769.13,3
2023,1,59.14933120434285,pnm,66,-0.03412330518764763,23.540822541712505,60.20103344806019,23769.13,3
2023,1,31.638813919582343,q5_19,66,-0.01725754208879775,19.85450669827279,37.24636217799506,23769.13,3
2023,1,125.37816652775935,u20m,66,-0.02538227674047384,63.18159437052193,49.60717952712029,23769.13,3
2019,2,8.372008599999987,hgap,66,-0.0015027685924600576,7.990936847842198,4.55173627219864,23769.13,3
2023,2,33.11131403842837,nnm,66,-0.021587640737938153,18.48590847716554,44.17041723046345,23769.13,3
2023,2,55.22097598634501,pnm,66,-0.03608883809292331,20.84145959009652,62.2580745489718,23769.13,3
2023,2,33.56243030698314,q5_19,66,-0.023645058809793795,17.72525941560115,47.18719933725074,23769.13,3
2023,2,117.16300178565697,u20m,66,-0.027722967899797713,55.42584546407957,52.69338902268995,23769.13,3
2019,3,8.606538145186505,hgap,66,-0.006241722418632767,7.092435325050188,17.592472078719943,23769.13,3
2023,3,36.641779731542854,nnm,66,-0.02175093623631481,20.36695701991753,44.41602681655565,23769.13,3
2023,3,57.16011494782847,pnm,66,-0.035048776822533156,22.187729033854485,61.18319731493576,23769.13,3
2023,3,32.591292890489676,q5_19,66,-0.020556326410464943,18.709367801289837,42.593968689258915,23769.13,3
2023,3,121.30987498467161,u20m,66,-0.026492937944567706,59.32548026231111,51.09591839097409,23769.13,3
2019,1,18.238041899999985,hgap,67,-0.003402543814967007,16.412295321267337,10.010650204354722,5022.442,3
2023,1,22.712439449689033,nnm,67,-0.027331032986661664,10.858789857552955,52.190120829571974,5022.442,3
2023,1,19.528495237784327,pnm,67,-0.033936452601709854,7.811448960197806,59.99973953403242,5022.442,3
2023,1,14.490886660409096,q5_19,67,-0.02761161375987653,6.87578881802687,52.55094474782982,5022.442,3
2023,1,55.68260026973804,u20m,67,-0.029076307400358735,25.396399585447714,54.39078013163484,5022.442,3
2019,2,10.299474899999979,hgap,67,0.0018175524068492876,10.896449889422964,-5.796169175799311,5022.442,3
2023,2,17.622585598777643,nnm,67,-0.027652391116112972,8.352549251726353,52.60315686986527,5022.442,3
2023,2,16.77867889363349,pnm,67,-0.03748060355439087,6.0990478629784635,63.650011412443874,5022.442,3
2023,2,11.11207252655011,q5_19,67,-0.027629075433509433,5.270088183858998,52.573310052943235,5022.442,3
2023,2,44.83866962665428,u20m,67,-0.030838785522791047,19.500180448679714,56.510350081645015,5022.442,3
2019,3,14.479763119203994,hgap,67,-0.0012377818508984896,13.934681301011251,3.764438780561409,5022.442,3
2023,3,20.188734985993776,nnm,67,-0.02745598247958956,9.61970162360743,52.35114220736844,5022.442,3
2023,3,18.176574964269165,pnm,67,-0.03554957847502416,6.9608044973778656,61.70453173350229,5022.442,3
2023,3,12.802916461281843,q5_19,67,-0.02723652851853382,6.13669745398566,52.06797238313585,5022.442,3
2023,3,50.31477468286716,u20m,67,-0.029758922467759418,22.529101164906628,55.22368666677527,5022.442,3
2019,1,10.776291399999991,hgap,68,0.0025643982120518325,11.667939010175102,-8.274160163997719,1273.593,3
2023,1,8.916999737811661,nnm,68,-0.0060534066846413825,7.572456786478081,15.078423134097203,1273.593,3
2023,1,6.345928770327025,pnm,68,1.1246181703965519e-4,6.36522727151851,-0.30410838019050573,1273.593,3
2023,1,6.566228476500902,q5_19,68,0.012801541559498152,9.277399094156682,-41.289617431962164,1273.593,3
2023,1,21.67272202449444,u20m,68,0.0010869536502820854,22.318192851307447,-2.978263764392391,1273.593,3
2019,2,11.41837529999998,hgap,68,-9.970399658062678e-4,11.070851764050287,3.043546273607709,1273.593,3
2023,2,8.406063550939026,nnm,68,0.002617999914291946,9.021758713823113,-7.324417179968965,1273.593,3
2023,2,4.878955155185549,pnm,68,-0.01259423616534574,3.4725413830226435,28.82612623869094,1273.593,3
2023,2,3.2320660292068926,q5_19,68,4.033596347897017e-4,3.2674578949464297,-1.0950229797199356,1273.593,3
2023,2,16.43326642667786,u20m,68,-0.0025182593944408803,15.353058689206458,6.573298998656696,1273.593,3
2019,3,11.059900041778064,hgap,68,2.5436336287087968e-5,11.068624504500402,-0.07888373935914099,1273.593,3
2023,3,8.63258216562898,nnm,68,-0.0023819056747028887,8.094883660007628,6.228709965393933,1273.593,3
2023,3,5.661387192442802,pnm,68,-0.004886599251118473,4.961612404243542,12.36048276530822,1273.593,3
2023,3,4.889945381364225,q5_19,68,0.007900025914103636,6.052563090499097,-23.775678836120637,1273.593,3
2023,3,19.065384603200176,u20m,68,-6.251921506275959e-4,18.74625835867844,1.673851596301764,1273.593,3
2023,1,5.347467503236003,q5_19,69,0.02443423615119895,10.343387855720488,-93.42591328439526,316.029,3
2023,1,17.894057440342227,u20m,69,0.03192481018806892,42.369914480194424,-136.7820413087044,316.029,3
2023,2,3.080956640325483,q5_19,69,0.008157113325308885,3.8400377836817206,-24.637839215940595,316.029,3
2023,2,12.98686949815886,u20m,69,0.019068173223824526,21.731862149572226,-67.33718740034415,316.029,3
2023,3,4.180556111293754,q5_19,69,0.018410118861830395,6.872428161301554,-64.3902863242457,316.029,3
2023,3,15.426725532962982,u20m,69,0.026474668340805873,31.529306384647676,-104.38106788947259,316.029,3
2019,1,7.43057300000001,hgap,70,-0.028216058925934418,3.0984597985146185,58.30119967175325,37712.517,3
2022,1,217.68113999999997,math,70,0.006074058782729264,258.0375139923917,-18.539214739683814,37712.517,3
2023,1,9.957739820379146,nnm,70,-0.04124011145327979,3.27025221185227,67.15868991516035,37712.517,3
2023,1,8.619876894803147,pnm,70,-0.046317021111366374,2.4682545310002184,71.36554777843395,37712.517,3
2023,1,6.466728698651836,q5_19,70,-0.032712561015113016,2.6736142868559614,58.65584576923185,37712.517,3
2023,1,24.838929583636205,u20m,70,-0.04051245548695914,8.319281272149102,66.50708620861901,37712.517,3
2019,2,9.180354999999992,hgap,70,-0.012938494375274301,6.147051581846609,33.04124315621112,37712.517,3
2022,2,213.9219,math,70,7.101918430674203e-4,218.21839358333398,-2.008440268777523,37712.517,3
2023,2,7.199670862904202,nnm,70,-0.039593809104631526,2.4719380180248116,65.66595799870105,37712.517,3
2023,2,8.186275505382422,pnm,70,-0.04491534175238865,2.4345082997773826,70.26109983500177,37712.517,3
2023,2,4.7272805000684315,q5_19,70,-0.023151895583957294,2.530074905606148,46.47927269030212,37712.517,3
2023,2,19.98183331365222,u20m,70,-0.037958817288956226,7.170213705304718,64.11633711104075,37712.517,3
2019,3,8.216426952936047,hgap,70,-0.020847539004674998,4.305364176581915,47.60052999627238,37712.517,3
2022,3,215.8272,math,70,0.0034537129833585034,237.74104879112406,-10.153423104744933,37712.517,3
2023,3,8.595519422950664,nnm,70,-0.040537757177146624,2.8769238807929436,66.5299589328907,37712.517,3
2023,3,8.421721165656425,pnm,70,-0.04565122495755238,2.4552562815891976,70.84614613457313,37712.517,3
2023,3,5.617696172734998,q5_19,70,-0.028992012111285236,2.568025508970413,54.286856568817264,37712.517,3
2023,3,22.467356665952344,u20m,70,-0.03942951433506696,7.74824645479356,65.51331529562859,37712.517,3
2019,1,19.48563200000001,hgap,71,0.0030222848715332875,21.399513850186587,-9.822015781610656,33635.165,3
2023,1,27.925232651352182,nnm,71,-0.03417028388946184,11.09986572277605,60.25148344739546,33635.165,3
2023,1,42.19661618665149,pnm,71,-0.03394980439205555,16.87267271548114,60.01415696261765,33635.165,3
2023,1,21.487301122085857,q5_19,71,-0.03500900373612788,8.349644927233758,61.14149059580347,33635.165,3
2023,1,88.94938992299939,u20m,71,-0.03304885044415782,36.442970748272444,59.0295439015153,33635.165,3
2019,2,14.940221199999996,hgap,71,0.0011334245390091536,15.474494403239675,-3.576072911421675,33635.165,3
2023,2,21.36199815860005,nnm,71,-0.03552934122246047,8.18514841698907,61.68360114901591,33635.165,3
2023,2,39.21282751071753,pnm,71,-0.038781973845528436,13.761717346206883,64.9050623996814,33635.165,3
2023,2,15.619807459699707,q5_19,71,-0.05462981869189698,3.573461425893585,77.12224407942679,33635.165,3
2023,2,74.42388582192872,u20m,71,-0.04010502742937101,25.202449589241184,66.1366115046154,33635.165,3
2019,3,17.375206924526935,hgap,71,0.0020884118092558525,18.537302749594325,-6.6882416429065294,33635.165,3
2023,3,24.645965053021445,nnm,71,-0.03465673086710756,9.668580110014117,60.770129758709494,33635.165,3
2023,3,40.6876669441667,pnm,71,-0.03624585780556289,15.291343168549254,62.41774395781241,33635.165,3
2023,3,18.557014831349417,q5_19,71,-0.043706354770458145,5.70176796924998,69.27432552558152,33635.165,3
2023,3,81.69407156283171,u20m,71,-0.036248543021611915,30.700249271688033,62.4204686039229,33635.165,3
2019,1,14.036687900000004,hgap,72,-0.0025941908081273278,12.952056144219737,7.727120268737088,2963.102,3
2023,1,16.576133347897155,nnm,72,-0.015399521300591834,10.937276700985057,34.017925221550186,2963.102,3
2023,1,24.317142767598998,pnm,72,-0.027680537288181206,11.516802529408572,52.639162259005374,2963.102,3
2023,1,16.333312076352023,q5_19,72,-0.028461771917590983,7.574132824427919,53.627697866656014,2963.102,3
2023,1,56.16216505012439,u20m,72,-0.024000199342111818,29.377760079389567,47.691190228919965,2963.102,3
2019,2,10.105089099999987,hgap,72,0.0017624289899743407,10.672544048412574,-5.615536318354561,2963.102,3
2023,2,11.89892160579499,nnm,72,-0.015620171160365981,7.804520782655245,34.40984787348879,2963.102,3
2023,2,21.61038361827572,pnm,72,-0.03439439215033291,8.53798758450505,60.49127245809489,2963.102,3
2023,2,10.79934869874588,q5_19,72,-0.05859105360462578,2.2200448076688986,79.44278984225492,2963.102,3
2023,2,43.69241193784224,u20m,72,-0.03582689740962266,16.607397308522415,61.99020248150078,2963.102,3
2019,3,12.195200387844721,hgap,72,-0.0014892717379195286,11.644978297101641,4.511792125133928,2963.102,3
2023,3,14.246873648211025,nnm,72,-0.015421513767867889,9.394802565572807,34.05709352414655,2963.102,3
2023,3,22.95602080562564,pnm,72,-0.030905335499501342,9.965570357323873,56.58842426697185,2963.102,3
2023,3,13.580351896645858,q5_19,72,-0.04139642793786793,4.441181658481125,67.29700605491652,2963.102,3
2023,3,49.95540789917907,u20m,72,-0.029271114239531305,22.664746076902375,54.63004501405577,2963.102,3
2019,1,13.521792699999992,hgap,73,-0.0034421287498942466,12.153250522618345,10.121011375818886,26159.863,3
2023,1,36.74021956072944,nnm,73,-0.0066625732804000744,30.691402830051278,16.46374682296012,26159.863,3
2023,1,85.8788709661098,pnm,73,-0.013523527579701078,59.60876229436712,30.58972291579101,26159.863,3
2023,1,21.062631111450347,q5_19,73,-0.030282118385751743,9.298780258465118,55.85176320440806,26159.863,3
2023,1,138.01028938667216,u20m,73,-0.013794856911725172,95.09411700903124,31.096357067551658,26159.863,3
2019,2,10.54627579999999,hgap,73,0.002500743961184826,11.396381077477113,-8.06071539943156,26159.863,3
2023,2,28.653448769827477,nnm,73,-0.006668616202438793,23.932112452728987,16.477375393883232,26159.863,3
2023,2,86.28290778667535,pnm,73,-0.0145466681962648,58.25742087925618,32.480925395686704,26159.863,3
2023,2,24.69389883842432,q5_19,73,-0.03343782212833588,10.01150573474949,59.45757370978074,26159.863,3
2023,2,134.38077655245328,u20m,73,-0.015856352376150618,87.58028119583138,34.82677847032244,26159.863,3
2019,3,12.069945533407633,hgap,73,-8.268265598531333e-4,11.764504433401882,2.5305921982857367,26159.863,3
2023,3,32.847102761292064,nnm,73,-0.006654819368194209,27.44498408450479,16.446256207269766,26159.863,3
2023,3,85.97939996621984,pnm,73,-0.014038117253620896,58.85510444250593,31.54743523956981,26159.863,3
2023,3,22.848729207320282,q5_19,73,-0.031969567543588574,9.638034304973676,57.818072867326734,26159.863,3
2023,3,136.20055195652503,u20m,73,-0.014796197431195068,91.34386448097908,32.93429199160964,26159.863,3
2019,1,12.231928600000003,hgap,74,-0.01688966816554598,7.2461472826526645,40.760386038775096,227882.95,3
2023,1,43.746550981485875,nnm,74,-0.013069257551934088,30.73932627801731,29.733143325912476,227882.95,3
2023,1,69.52483095973894,pnm,74,-0.027155077566813367,33.398028605515755,51.96244543930472,227882.95,3
2023,1,65.7238428684288,q5_19,74,-0.011909706675601317,47.65081265223905,27.49843805142341,227882.95,3
2023,1,168.7090199384329,u20m,74,-0.0172399561784796,105.92132892769887,37.21655844699186,227882.95,3
2019,2,12.223937699999993,hgap,74,-0.0013148237836219322,11.735713149222127,3.9940039188670515,227882.95,3
2023,2,34.764364294607034,nnm,74,-0.012708131061708627,24.667172446913224,29.044661257505517,227882.95,3
2023,2,65.47800679097871,pnm,74,-0.027901924719763382,30.82611883183152,52.92141538419796,227882.95,3
2023,2,79.82459813471965,q5_19,74,-0.009707403075289545,61.41977312808789,23.05658335488268,227882.95,3
2023,2,169.97056578597946,u20m,74,-0.01616249754880812,109.86340767842829,35.363274711479065,227882.95,3
2019,3,12.235768414641711,hgap,74,-0.009685019194835266,9.062344890579833,25.935629185858552,227882.95,3
2023,3,39.36679120089844,nnm,74,-0.012881554001526796,27.802352514294515,29.376127273334887,227882.95,3
2023,3,67.4630819399028,pnm,74,-0.027511841380559156,32.09694315408283,52.42295158902568,227882.95,3
2023,3,72.69504308006658,q5_19,74,-0.010719956347530424,54.42558618724745,25.13164050635074,227882.95,3
2023,3,169.2961727934471,u20m,74,-0.016696920854360364,107.85986300097933,36.289249059058335,227882.95,3
2019,1,17.759220400000004,hgap,75,-0.002745567278087835,16.310225698534374,8.159112105313076,13954.474,3
2023,1,17.0772387243842,nnm,75,-0.030695115113422045,7.455696715880906,56.341321707735524,13954.474,3
2023,1,23.000066189918677,pnm,75,-0.039171477293110525,7.987415230150081,65.27220763542367,13954.474,3
2023,1,14.614504017137264,q5_19,75,-0.028467874603553912,6.775965373231108,53.63533811831402,13954.474,3
2023,1,53.719061626892106,u20m,75,-0.03308168317816551,21.989442632504048,59.06584745423775,13954.474,3
2019,2,13.641887799999978,hgap,75,-0.004816586286119096,11.749737145315713,13.870152594894293,13954.474,3
2023,2,13.413579807078154,nnm,75,-0.029984841420218532,5.969581914545625,55.495982426737704,13954.474,3
2023,2,20.70519574982166,pnm,75,-0.0411392420808514,6.818402009883208,67.06912558437446,13954.474,3
2023,2,10.829790625467073,q5_19,75,-0.038613956241222436,3.8179892492179297,64.74549341480676,13954.474,3
2023,2,44.30434395744365,u20m,75,-0.03668158979894298,16.455829731500213,62.85729961985942,13954.474,3
2019,3,15.930570936293265,hgap,75,-0.003701615297604688,14.20352096813352,10.841105287853521,13954.474,3
2023,3,15.25280694426942,nnm,75,-0.030328159929886578,6.7254795394592755,55.90661073707432,13954.474,3
2023,3,21.868843638104487,pnm,75,-0.04009853949553364,7.406828852402717,66.13067899256919,13954.474,3
2023,3,12.718894459219365,q5_19,75,-0.03281893279428525,5.243438341067404,58.774417400195766,13954.474,3
2023,3,49.0390799659135,u20m,75,-0.034682063312233155,19.224813628738165,60.79695287492932,13954.474,3
2023,1,1.6691225831091394,q5_19,76,-0.0614123719404299,0.3179580085934537,80.95058974031848,874.883,3
2023,1,8.604540269954386,u20m,76,-0.021113497534616065,4.865772882414074,43.451099887293935,874.883,3
2023,2,1.0562660988752137,q5_19,76,-0.060897088051582206,0.2040314283875114,80.68370947389315,874.883,3
2023,2,6.9707432322005936,u20m,76,-0.02902863519145642,3.183396478944885,54.332036442835395,874.883,3
2023,3,1.3669776222795527,q5_19,76,-0.06076226325521674,0.2650123314693045,80.61326482964851,874.883,3
2023,3,7.800551980882142,u20m,76,-0.02453760998131558,4.021596762933857,48.444715543334326,874.883,3
2023,1,5.3241410772093545,q5_19,77,-0.006509027890307051,4.46606472207324,16.116709581742995,5.316,3
2023,1,21.908970215405944,u20m,77,-0.00658907830298241,18.338286589025746,16.297815877577698,5.316,3
2023,2,2.8276606520080128,q5_19,77,-0.007408931648256667,2.3149974605372505,18.13029406858647,5.316,3
2023,2,14.104430826658687,u20m,77,-0.0070125699066620585,11.671495691148289,17.24943860132182,5.316,3
2023,3,4.051181968560358,q5_19,77,-0.009952312825766496,3.0965736819007446,23.563698053258424,5.316,3
2023,3,18.05521374093577,u20m,77,-0.007467918501610704,14.758227050676028,18.260579672810145,5.316,3
2019,1,13.41243080000001,hgap,78,-0.006709283546245448,10.893803688426186,18.77830461256749,230.882,3
2023,1,5.779694321691401,nnm,78,-0.06733026490755341,0.9384118472848944,83.76364224379479,230.882,3
2023,1,8.687234692776657,pnm,78,-0.07267521425801089,1.2209434584704528,85.94554537031613,230.882,3
2023,1,11.875371327710994,q5_19,78,-0.04492382607341261,3.530795907761796,70.26791154291959,230.882,3
2023,1,26.120886884317017,u20m,78,-0.05909276228364004,5.297477036641029,79.71938295930667,230.882,3
2019,2,10.550747999999999,hgap,78,-0.002107536672064203,9.883464627104285,6.324512469596599,230.882,3
2023,2,5.1819944694013875,nnm,78,-0.06481254152044098,0.9005508870561064,82.62153901603573,230.882,3
2023,2,7.788357405787982,pnm,78,-0.0741494312146084,1.0518971417361438,86.49397957835862,230.882,3
2023,2,9.386839333941577,q5_19,78,-0.07102477313243334,1.3793877796915215,85.30508800013402,230.882,3
2023,2,22.19546022053209,u20m,78,-0.06999338584081452,3.353707182732612,84.89012100037358,230.882,3
2019,3,12.19611353721109,hgap,78,-0.0035680140678147508,10.91904925931818,10.47107567502146,230.882,3
2023,3,5.48430293619934,nnm,78,-0.066155632574358,0.9191443653769891,83.24045232238825,230.882,3
2023,3,8.24421584003221,pnm,78,-0.07332673013940724,1.138475549687459,86.19061446500154,230.882,3
2023,3,10.619443706257448,q5_19,78,-0.05744192983714944,2.2518554641914004,78.79497715248014,230.882,3
2023,3,24.157439618197497,u20m,78,-0.06429388567315328,4.257395031153854,82.37646415166112,230.882,3
2019,1,7.6051809999999875,hgap,79,-0.002245417192320032,7.093804465425228,6.7240547539205275,18077.574,3
2023,1,18.65575601703348,nnm,79,-0.037565288931121855,6.7658772698959035,63.73303090092744,18077.574,3
2023,1,21.073162246538658,pnm,79,-0.05163382480478522,5.227258899653652,75.19471051141247,18077.574,3
2023,1,17.42081465514156,q5_19,79,-0.027070071900100735,8.387762467752106,51.85206528056051,18077.574,3
2023,1,56.07133576925838,u20m,79,-0.039161691482990334,19.47748266175297,65.26303075442037,18077.574,3
2019,2,6.437119299999978,hgap,79,0.0010453305546538117,6.649132357315431,-3.2936014921372396,18077.574,3
2023,2,14.026967533775606,nnm,79,-0.04005024654764262,4.757037366125407,66.0864876555042,18077.574,3
2023,2,17.860123386390093,pnm,79,-0.05643499275409627,3.891620607933769,78.21056146286598,18077.574,3
2023,2,13.968121233491338,q5_19,79,-0.03251231235673946,5.806309927900249,58.43170437282239,18077.574,3
2023,2,45.16278537182716,u20m,79,-0.043847578712584975,13.823759159411274,69.3912608675491,18077.574,3
2019,3,7.116904303942533,hgap,79,-0.0019447916517225216,6.700514408919305,5.850716508757356,18077.574,3
2023,3,16.378356814839886,nnm,79,-0.03867522332054789,5.764565182411205,64.80376360351288,18077.574,3
2023,3,19.501963187594672,pnm,79,-0.053714668939929267,4.573226966983752,76.54991488296515,18077.574,3
2023,3,15.758630128447804,q5_19,79,-0.029185942583039193,7.166143975295903,54.525590632656375,18077.574,3
2023,3,50.759148793206535,u20m,79,-0.0411259795213335,16.721418229305122,67.05733128538382,18077.574,3
2019,1,7.884801699999997,hgap,80,-0.016003788896175885,4.800977847043497,39.11098807921195,127.961,3
2023,1,7.4576643219427705,nnm,80,-0.004440960887354528,6.614977046603674,11.299613913429273,127.961,3
2023,1,7.9781471963509265,pnm,80,0.004180284535138324,8.93140650677171,-11.948379579368861,127.961,3
2023,1,7.422446152037909,q5_19,80,0.010889597773218341,9.959509394598816,-34.18095854914798,127.961,3
2023,1,22.68462947007488,u20m,80,0.003326803129690381,24.816562271232026,-9.39813808274695,127.961,3
2019,2,7.895643199999995,hgap,80,-0.011665258116079968,5.499670118994645,30.345508533178794,127.961,3
2023,2,6.191065417787465,nnm,80,-0.0031613606348563916,5.68454139097209,8.181532460634129,127.961,3
2023,2,7.113690085783331,pnm,80,0.0024862983200273137,7.6076259845921905,-6.943455405739251,127.961,3
2023,2,2.9666006237226705,q5_19,80,0.017083148390636384,4.705169193268291,-58.604739567672546,127.961,3
2023,2,16.187975563644486,u20m,80,0.0027295497972799954,17.426056080352183,-7.648149157626733,127.961,3
2019,3,7.277469455317231,hgap,80,-0.0159402393021169,4.439917437544922,38.99091621331466,127.961,3
2023,3,6.832409008007924,nnm,80,-0.003822740764824495,6.16238156520279,9.806606162187137,127.961,3
2023,3,7.5565930445988805,pnm,80,0.0033393607661627465,8.269575468711748,-9.435236486930787,127.961,3
2023,3,5.247588347318088,q5_19,80,0.010700470224094927,7.005400171426328,-33.497517483562014,127.961,3
2023,3,19.509724037628963,u20m,80,0.0026338581220409106,20.947664892288586,-7.370380287728441,127.961,3
2019,1,17.353886399999993,hgap,81,-0.0024008837036284094,16.10917662778154,7.172513081671743,8460.523,3
2023,1,33.15854060354998,nnm,81,-0.028536559733022538,15.345360883133488,53.721241635433735,8460.523,3
2023,1,73.39435017829233,pnm,81,-0.04091682180227156,24.314983638272363,66.87076923604407,8460.523,3
2023,1,27.3799938647582,q5_19,81,-0.0488833064651006,7.315265442414036,73.28244309130477,8460.523,3
2023,1,128.64845091974996,u20m,81,-0.0377715693558355,46.397757346017954,63.93446091709214,8460.523,3
2019,2,13.025611699999985,hgap,81,-0.001647122841937776,12.377208311742388,4.977911235121477,8460.523,3
2023,2,25.52184734913465,nnm,81,-0.030589604646308288,11.174289048953206,56.216770298439684,8460.523,3
2023,2,66.49493510826775,pnm,81,-0.04382743687038486,20.36433294262159,69.37461039782329,8460.523,3
2023,2,20.6748069351772,q5_19,81,-0.08387674206264614,2.1473700634682635,89.61359073290976,8460.523,3
2023,2,109.12717326584287,u20m,81,-0.047550516341110516,30.224413387728138,72.3034946446391,8460.523,3
2019,3,15.292394614640244,hgap,81,-0.0021616157650513833,14.301229778777941,6.481423353497608,8460.523,3
2023,3,29.35664751596641,nnm,81,-0.029561430545781107,13.215103592934197,54.98428904136004,8460.523,3
2023,3,69.88140908454542,pnm,81,-0.042374619740098485,22.25763100715987,68.14942443385526,8460.523,3
2023,3,24.054544842634474,q5_19,81,-0.06532382135512793,4.12299885846841,82.85979266936378,8460.523,3
2023,3,118.9033387774715,u20m,81,-0.04238300989445572,37.86281957408038,68.15663886029228,8460.523,3
2019,1,12.565013300000004,hgap,82,-0.0029560401765690524,11.464771478541785,8.756392016379472,18358.622,3
2023,1,35.36075538264256,nnm,82,-0.024038315605662587,18.477764288210494,47.74499557981551,18358.622,3
2023,1,76.37927130739408,pnm,82,-0.03531681934635591,29.43419868898668,61.46310617375943,18358.622,3
2023,1,48.229058776877885,q5_19,82,-0.0253761621821873,24.3079957556796,49.59885933471004,18358.622,3
2023,1,152.00939885046304,u20m,82,-0.02829469210509785,70.80896851652886,53.41803266639708,18358.622,3
2019,2,10.503935899999988,hgap,82,-0.002188013472281547,9.815096081228349,6.55792100532182,18358.622,3
2023,2,27.578245097696318,nnm,82,-0.024044108296060518,14.408759450541432,47.753167761406864,18358.622,3
2023,2,71.53830575150022,pnm,82,-0.037319451526472223,26.117559340905693,63.49150421365971,18358.622,3
2023,2,38.82358525154706,q5_19,82,-0.0364808397687725,14.49850086562228,62.65543027084409,18358.622,3
2023,2,132.19577039656616,u20m,82,-0.03289010473429146,54.39385049524797,58.85356215855082,18358.622,3
2019,3,11.603002611212617,hgap,82,-0.002382161208938349,10.77702887506961,7.118620617604822,18358.622,3
2023,3,31.55820264076097,nnm,82,-0.023993990201705805,16.510487884834376,47.68242008970047,18358.622,3
2023,3,73.96124528237391,pnm,82,-0.0362664880412785,27.780825888837434,62.43867206024717,18358.622,3
2023,3,43.59601741529451,q5_19,82,-0.030401286718548404,19.185044843019067,55.99358386280372,18358.622,3
2023,3,142.28291044817453,u20m,82,-0.030400182319845027,62.61547675228682,55.99227162625829,18358.622,3
2019,1,14.1565607,hgap,83,0.0039475100224596995,15.999396152223754,-13.01753647143797,63212.389,3
2023,1,14.299758456129018,nnm,83,0.008041188583706305,17.76721202641963,-24.248336647983233,63212.389,3
2023,1,26.326901893468204,pnm,83,-0.021999214900788867,14.535769877472987,44.78738920252762,63212.389,3
2023,1,14.88509671913918,q5_19,83,-0.017128574358040716,9.373522735294193,37.02746503997003,63212.389,3
2023,1,54.53616072970458,u20m,83,-0.013515330161277993,37.86207937155756,30.574358618290177,63212.389,3
2019,2,11.782493099999982,hgap,83,0.006448222054649922,14.389656903265399,-22.12743755619446,63212.389,3
2023,2,11.546268173655369,nnm,83,0.007126499024129452,13.996086524339852,-21.21740387317635,63212.389,3
2023,2,23.142624112320043,pnm,83,-0.023480247222668726,12.276777158449462,46.951663308078,63212.389,3
2023,2,11.07947092782724,q5_19,83,-0.023851530525492624,5.818849756058683,47.48079764852274,63212.389,3
2023,2,45.11977825184699,u20m,83,-0.0164932549866176,28.904659425189212,35.937939978670016,63212.389,3
2019,3,13.044654733192772,hgap,83,0.0051581577157855385,15.306557633339828,-17.339691593304746,63212.389,3
2023,3,12.937875476315106,nnm,83,0.007635819170405034,15.900112911119738,-22.8958567442351,63212.389,3
2023,3,24.751505726633425,pnm,83,-0.02272687391394266,13.400080694648938,45.86155346407869,63212.389,3
2023,3,12.996008155827132,q5_19,83,-0.0201056057025363,7.551837351000056,41.89110024824066,63212.389,3
2023,3,49.87950769070193,u20m,83,-0.0148995473310368,33.35882893313164,33.12117445106604,63212.389,3
2023,1,25.85941163534755,nnm,84,-0.006622162457420577,21.625566193087078,16.372551324691297,11483.373,3
2023,1,80.17143997112508,pnm,84,-0.00297364349827971,73.98622793601243,7.714981840591053,11483.373,3
2023,1,64.22407945623043,q5_19,84,0.023978692690592406,122.70743102483863,-91.0614088419366,11483.373,3
2023,1,161.50515943628398,u20m,84,0.005399441046703224,186.85295999946266,-15.694731147693606,11483.373,3
2023,2,20.0860360015151,nnm,84,-0.0055678028425532045,17.282495536827636,13.957659263759126,11483.373,3
2023,2,75.5865832671756,pnm,84,-0.004746933030763856,66.49399252387818,12.029371285586327,11483.373,3
2023,2,44.06611887188916,q5_19,84,-0.007357367230060951,36.12706445757174,18.016232465123977,11483.373,3
2023,2,134.07148501097953,u20m,84,-0.005433452541386785,115.77746104991228,13.64497749806314,11483.373,3
2023,3,23.13550206751788,nnm,84,-0.006185699179216364,19.576981169549448,15.38121320031596,11483.373,3
2023,3,77.77398384493827,pnm,84,-0.003814267804661586,70.16304491122678,9.785970265951388,11483.373,3
2023,3,54.29687868574329,q5_19,84,0.010280930279795531,71.66853866855679,-31.993846429656326,11483.373,3
2023,3,148.02565287392787,u20m,84,4.600563265517721e-4,149.8758237816029,-1.2498988329075609,11483.373,3
2019,1,11.708799800000008,hgap,85,-0.0027004545285846506,10.768514889323926,8.030583208674228,50042.8,3
2023,1,25.16648300146476,nnm,85,-0.026313571454863193,12.367185575201948,50.85850663168888,50042.8,3
2023,1,30.409862314288883,pnm,85,-0.03519489778267437,11.757657540548932,61.33603822657138,50042.8,3
2023,1,33.41391917494229,q5_19,85,-0.019285001629807574,19.851459103987867,40.58925264033427,50042.8,3
2023,1,86.39350367979348,u20m,85,-0.02601533303548198,42.798304706150674,50.46120034120026,50042.8,3
2019,2,9.9994959999999935,hgap,85,-7.062101743695592e-4,9.782960778497396,2.1654613542782366,50042.8,3
2023,2,18.788361757071932,nnm,85,-0.02502982783386032,9.5585139570058,49.125346421393125,50042.8,3
2023,2,27.322557709839266,pnm,85,-0.03738565488102288,9.957240440014747,63.55670451588435,50042.8,3
2023,2,18.175897892473202,q5_19,85,-0.03461572718411676,7.138279570756721,60.72667434100879,50042.8,3
2023,2,62.944694423312406,u20m,85,-0.03231980928554403,26.30138564282785,58.21508725430117,50042.8,3
2019,3,10.943030578435042,hgap,85,-0.003015187241827766,9.966524947102998,8.923539273082188,50042.8,3
2023,3,22.111238193391724,nnm,85,-0.025879051338998947,10.994021319806928,50.27858130942366,50042.8,3
2023,3,28.814158765331,pnm,85,-0.036168454168260845,10.851666119384266,62.33911873755303,50042.8,3
2023,3,25.903154762749292,q5_19,85,-0.0248411357645562,13.245450051981914,48.86549467314352,50042.8,3
2023,3,74.88880988809544,u20m,85,-0.028665156887588417,34.53748454289632,53.88164854735326,50042.8,3
2019,1,16.803468699999996,hgap,86,-0.0011380283922052038,16.22099604384333,3.4663834387757566,66617.60800000001,3
2023,1,19.989847898440463,nnm,86,-0.03626120048054404,7.509524338049249,62.43330926677477,66617.60800000001,3
2023,1,22.429366887954384,pnm,86,-0.04860757600680574,6.037358427377805,73.08279606135405,66617.60800000001,3
2023,1,15.71990316451577,q5_19,86,-0.0350952050790021,6.094319390445172,61.23182613362556,66617.60800000001,3
2023,1,57.030980539611754,u20m,86,-0.039957742595894796,19.389575733546536,66.00167917491932,66617.60800000001,3
2019,2,13.47486409999999,hgap,86,-0.002266830637789141,12.560466243257153,6.785952347696318,66617.60800000001,3
2023,2,16.31482971324959,nnm,86,-0.035997259948197205,6.172774878145945,62.16463802173238,66617.60800000001,3
2023,2,19.928057512302644,pnm,86,-0.048064388023878066,5.443325543937029,72.68511724950324,66617.60800000001,3
2023,2,12.28698973934339,q5_19,86,-0.04242316409038298,3.9083509275099897,68.19114355572947,66617.60800000001,3
2023,2,47.763432897906185,u20m,86,-0.041878348797004916,15.41814291075033,67.71977645805643,66617.60800000001,3
2019,3,15.250982811871125,hgap,86,-0.0018233812908357017,14.412834979878063,5.495697177893749,66617.60800000001,3
2023,3,18.170997243172547,nnm,86,-0.036107540678350245,6.854621981997907,62.27712827058284,66617.60800000001,3
2023,3,21.190536389592786,pnm,86,-0.04830212731664392,5.751135121418408,72.85988888774455,66617.60800000001,3
2023,3,14.013420199249671,q5_19,86,-0.03834382474223772,4.976526651128468,64.48742291054022,66617.60800000001,3
2023,3,52.443706855202386,u20m,86,-0.0407994097733567,17.429362431607412,66.76557879531654,66617.60800000001,3
2019,1,13.646490999999997,hgap,87,-0.004161279208754065,11.994914442642765,12.102573162267376,9304.346,3
2023,1,28.119320287045973,nnm,87,-0.024919308186472033,14.348358906460163,48.973308173917076,9304.346,3
2023,1,36.378638197222976,pnm,87,-0.03644017664544448,13.600369618869058,62.61440699034395,9304.346,3
2023,1,26.583434244651926,q5_19,87,-0.042199377470364216,8.50713358930376,67.99836503060085,9304.346,3
2023,1,88.37106623835267,u20m,87,-0.03354295282761779,35.72622041935511,59.5724913819699,9304.346,3
2019,2,11.231805999999978,hgap,87,7.098135484051137e-4,11.481692324523538,-2.224809834888179,9304.346,3
2023,2,20.407079416475305,nnm,87,-0.02742524301386995,9.731813970439775,52.31157887991085,9304.346,3
2023,2,33.62803192769259,pnm,87,-0.03902548321622605,11.724397837518545,65.13504607486847,9304.346,3
2023,2,39.11447889741903,q5_19,87,-0.0321192493961342,16.43269534868696,57.988203315240206,9304.346,3
2023,2,90.37662740897012,u20m,87,-0.03248724910312513,37.593454839431196,58.4035652610556,9304.346,3
2019,3,12.513351108616376,hgap,87,-0.00207059927606803,11.735372664168233,6.2171870484194045,9304.346,3
2023,3,24.335805973420804,nnm,87,-0.025961233058751088,12.073288738028644,50.38878617287258,9304.346,3
2023,3,34.98495243951838,pnm,87,-0.0376673003605895,12.653083355712603,63.832783887338074,9304.346,3
2023,3,32.80450196177187,q5_19,87,-0.03638625358710157,12.282026260720308,62.5599368189374,9304.346,3
2023,3,89.35581475141186,u20m,87,-0.03301572338061991,36.6422441501799,58.992882273953036,9304.346,3
2019,1,6.929012599999993,hgap,88,-0.024067728875228567,3.2858248817017577,52.578742868763705,12200.434,3
2015,1,210.51202,math,88,0.0018051821248718822,224.2416192751595,-6.522002532282717,12200.434,3
2023,1,6.542918226467869,nnm,88,-0.0502926095244806,1.6828399636915168,74.27997866633919,12200.434,3
2023,1,5.105694690395235,pnm,88,-0.05547467573923463,1.1417250013229696,77.63820458221352,12200.434,3
2023,1,6.587984342406039,q5_19,88,-0.015041073990569554,4.3891625152891445,33.37624549231775,12200.434,3
2023,1,18.126670316059634,u20m,88,-0.0402943346828839,6.1070101448630085,66.30925570785939,12200.434,3
2019,2,8.675755899999984,hgap,88,-0.015777728266632353,5.319731761001143,38.68278658000103,12200.434,3
2015,2,216.59380999999996,math,88,-0.0029539691112299396,195.31914021263077,9.822381252432466,12200.434,3
2023,2,4.904230990096796,nnm,88,-0.051310251853861844,1.2271832466556563,74.97705044616109,12200.434,3
2023,2,4.8813800602853785,pnm,88,-0.054738055154453714,1.1134914063053534,77.18900408176256,12200.434,3
2023,2,3.5090934150427966,q5_19,88,-0.021905913178824177,1.9423489934248677,44.64812520811222,12200.434,3
2023,2,13.236510432404703,u20m,88,-0.04547533393918064,3.8773228830889472,70.70736352387291,12200.434,3
2019,3,7.742660264173054,hgap,88,-0.02069178489166492,4.07674958388545,47.34691378944466,12200.434,3
2015,3,213.77544,math,88,-6.935919213653108e-4,208.6483712830705,2.3983431945828295,12200.434,3
2023,3,5.749872446550439,nnm,88,-0.05080223908974531,1.4586585557438907,74.63146236193477,12200.434,3
2023,3,4.990601736102551,pnm,88,-0.0551496523387909,1.1258247495163145,77.44110211456112,12200.434,3
2023,3,5.09904506635106,q5_19,88,-0.017153742323354516,3.208816692548641,37.07024254945622,12200.434,3
2023,3,15.756204082445935,u20m,88,-0.042414233160623205,5.013077020764023,68.1834723989827,12200.434,3
2019,1,15.046354900000011,hgap,89,-0.005844991132597022,12.552765971302208,16.572711100266563,48656.606,3
2023,1,18.227176791758932,nnm,89,-0.03974322428277675,6.232930796492752,65.8041897124142,48656.606,3
2023,1,25.05267772607067,pnm,89,-0.05360075549313281,5.8929712003897405,76.4776792931108,48656.606,3
2023,1,15.893340337121309,q5_19,89,-0.043749685141315095,4.877626243199861,69.31025108795144,48656.606,3
2023,1,58.03595133968997,u20m,89,-0.04574909900688553,16.875063437600343,70.92308638342294,48656.606,3
2019,2,11.833249099999989,hgap,89,-0.001751431280867255,11.207900369577226,5.284674776454791,48656.606,3
2023,2,13.27899867349883,nnm,89,-0.04014675011064663,4.49165615168334,66.17473755270848,48656.606,3
2023,2,21.992617715667627,pnm,89,-0.053860426106833434,5.1370312448579325,76.64202001202298,48656.606,3
2023,2,11.511574609287534,q5_19,89,-0.05558385723764081,2.56661746761939,77.70402786123938,48656.606,3
2023,2,46.088481052901976,u20m,89,-0.04963209473726553,12.067265936465573,73.81717587391448,48656.606,3
2019,3,13.590511274568769,hgap,89,-0.004122761703062227,11.959981910741437,11.997557199179537,48656.606,3
2023,3,15.788024736244758,nnm,89,-0.03983836735234423,5.384991898019392,65.8919213265672,48656.606,3
2023,3,23.52765603389617,pnm,89,-0.053663570188454204,5.5248725906384255,76.51753926239499,48656.606,3
2023,3,13.707014748840729,q5_19,89,-0.04885112197482879,3.6653632143569443,73.25921594512808,48656.606,3
2023,3,52.117431229472324,u20m,89,-0.047427090099059745,14.482891158516601,72.21104183982393,48656.606,3
2023,1,9.893307820377672,q5_19,90,-0.03390481542784651,3.960730723076968,59.96555656623884,579.735,3
2023,1,41.17975963965081,u20m,90,-0.03486970721861171,16.06213710728453,60.995068334933265,579.735,3
2023,2,6.309559180407098,q5_19,90,-0.04564848964629529,1.839615519859788,70.84399294371791,579.735,3
2023,2,30.811162071344157,u20m,90,-0.041012682009902914,10.181115828349013,66.95640429019086,579.735,3
2023,3,8.14435297551741,q5_19,90,-0.03859096666241198,2.8730342485883087,64.72360349281418,579.735,3
2023,3,36.1253957750195,u20m,90,-0.037482189576697376,13.131014925159622,63.65156798021949,579.735,3
2019,1,16.166801300000003,hgap,91,-5.576339596156998e-4,15.88973311028956,1.7138095815555223,20723.968,3
2023,1,23.755505174695205,nnm,91,-0.02101997782401699,13.467439714597404,43.308131670703574,20723.968,3
2023,1,34.87489277318267,pnm,91,-0.03540034285137019,13.40942621516705,61.549914139153024,20723.968,3
2023,1,18.379920667436544,q5_19,91,-0.0421091512123493,5.896221475925,67.92031052467351,20723.968,3
2023,1,75.11945308225488,u20m,91,-0.03193018785110775,31.720541957935957,57.77319900984588,20723.968,3
2019,2,13.045992999999982,hgap,91,-1.3869197395299793e-5,13.040385144605215,0.04298527060965046,20723.968,3
2023,2,16.293243880089697,nnm,91,-0.022159986192047752,8.956960224982799,45.0265380491347,20723.968,3
2023,2,30.44931376240445,pnm,91,-0.0428687082231388,9.569761995852856,68.571501904688,20723.968,3
2023,2,12.988310229770539,q5_19,91,-0.06272935804293844,2.387763306347712,81.61605887057799,20723.968,3
2023,2,58.634086673288735,u20m,91,-0.041556850791681386,19.09222606581499,67.43835002974026,20723.968,3
2019,3,14.778347348765152,hgap,91,-2.7591992433984025e-4,14.652479567358759,0.8517040399440237,20723.968,3
2023,3,20.01311699229413,nnm,91,-0.021442699766939112,11.217050811138389,43.9515053279436,20723.968,3
2023,3,32.66970356603949,pnm,91,-0.03892057410728951,11.422586316007555,65.03614949270168,20723.968,3
2023,3,15.67985536807237,q5_19,91,-0.05115491227553526,3.940052938808119,74.87187957848813,20723.968,3
2023,3,66.89304616389613,u20m,91,-0.03622074060244422,25.15697066414196,62.39224836240181,20723.968,3
2019,1,13.096639799999991,hgap,92,5.717017574447869e-4,13.330817337714208,-1.7880734393734885,16340.829,3
2023,1,21.310442948533463,nnm,92,-0.030791896445736634,9.279577593374,56.45525709725991,16340.829,3
2023,1,28.088644933748963,pnm,92,-0.048768193749580926,7.527960600547665,73.19927458834906,16340.829,3
2023,1,19.151591284719217,q5_19,92,-0.040276993738196154,6.455335363727424,66.2934778225032,16340.829,3
2023,1,67.01749034825522,u20m,92,-0.03998032046939182,22.77093592425412,66.02239832329539,16340.829,3
2019,2,10.512146999999999,hgap,92,-7.002637576992487e-4,10.286406529487671,2.1474249790487883,16340.829,3
2023,2,16.340024357024443,nnm,92,-0.03185008532218481,6.914808534965259,57.68177339348556,16340.829,3
2023,2,26.678272671836645,pnm,92,-0.04389570208554967,8.155279591904014,69.43100592673203,16340.829,3
2023,2,16.257370802806204,q5_19,92,-0.046868197562636514,4.586444291067847,71.78852382283009,16340.829,3
2023,2,58.147466772320186,u20m,92,-0.040593456913240546,19.43273427110875,66.58025645863687,16340.829,3
2019,3,12.070537466132663,hgap,92,-0.0010659619646540275,11.678186994815636,3.2504805392293252,16340.829,3
2023,3,18.851874825018744,nnm,92,-0.031171960494621943,8.12519262645846,56.899816586542705,16340.829,3
2023,3,27.374124698032908,pnm,92,-0.046419317696782335,7.816810722024795,71.44452723784623,16340.829,3
2023,3,17.705247163536054,q5_19,92,-0.043327203574062965,5.496032943918183,68.95816876684297,16340.829,3
2023,3,62.605887223445066,u20m,92,-0.04023445417190459,21.126518580892217,66.25474133847811,16340.829,3
2019,1,15.287193099999996,hgap,93,-0.004070114070339814,13.475077786162167,11.853813201573475,41454.763,3
2023,1,26.098203778619894,nnm,93,-0.027427840784910097,12.444948405697273,52.31492361979182,41454.763,3
2023,1,34.46738935144944,pnm,93,-0.03880951562924677,12.087316973197144,64.93115028252396,41454.763,3
2023,1,18.7225879666747,q5_19,93,-0.03435971191948366,7.403985866074224,60.454260494046224,41454.763,3
2023,1,77.27154116029588,u20m,93,-0.0331075327759085,31.608382105709282,59.094407033840184,41454.763,3
2019,2,14.24807419999999,hgap,93,-0.003967404089385074,12.599186230002733,11.572707629479211,41454.763,3
2023,2,20.735191159949093,nnm,93,-0.022261414058873673,11.367678772864805,45.17687980218884,41454.763,3
2023,2,32.44146536588766,pnm,93,-0.04608994538455389,9.34656479715976,71.18944939217293,41454.763,3
2023,2,15.72391957926933,q5_19,93,-0.03950203564937334,5.412050982274619,65.58077675867818,41454.763,3
2023,2,67.40232781452914,u20m,93,-0.03699462794478636,24.824339420229624,63.16990788724878,41454.763,3
2019,3,14.759142107549195,hgap,93,-0.004130170612152107,12.98542280623457,12.017766943292592,41454.763,3
2023,3,23.49597399395947,nnm,93,-0.025058910764405296,11.944112706402501,49.16527950927598,41454.763,3
2023,3,33.452042031178244,pnm,93,-0.04244205333713143,10.635286545069588,68.20736224366452,41454.763,3
2023,3,17.260270204012997,q5_19,93,-0.03667376686443524,6.412284701500009,62.849453538629085,41454.763,3
2023,3,72.45292614596599,u20m,93,-0.0348890175999065,28.24548385411527,61.015399437131066,41454.763,3
2019,1,10.115744000000007,hgap,94,-0.007298466931346459,8.067475008751403,20.24832766871722,2943.398,3
2023,1,5.877136004272341,nnm,94,-0.04624345480329306,1.6862317226992711,71.30861491935056,2943.398,3
2023,1,4.890628427177912,pnm,94,-0.05357541784101627,1.151176572911528,76.46158177721543,2943.398,3
2023,1,3.7595562158334594,q5_19,94,-0.05096225077555081,0.9496328448379944,74.74082603583388,2943.398,3
2023,1,14.458203803676684,u20m,94,-0.04967200647954475,3.781488880415816,73.84537573433435,2943.398,3
2019,2,10.51097279999999,hgap,94,-0.0023262801096252785,9.779663306093314,6.957581451515864,2943.398,3
2023,2,4.160167835475821,nnm,94,-0.043488636420812576,1.285775753175715,69.09317594806475,2943.398,3
2023,2,4.69114249371172,pnm,94,-0.052030267714201626,1.1512622240281032,75.45880932904251,2943.398,3
2023,2,2.284424173475297,q5_19,94,-0.010672339762879079,1.7125111740658776,25.03532426464247,2943.398,3
2023,2,11.096042997951304,u20m,94,-0.04132602117202659,3.6356429991628305,67.23477910247743,2943.398,3
2019,3,10.23934226506941,hgap,94,-0.009164245388662007,7.70712926117092,24.73023108658948,2943.398,3
2023,3,5.0606492190222125,nnm,94,-0.045393976611373385,1.4856574636145927,70.64294719281804,2943.398,3
2023,3,4.788639283001772,pnm,94,-0.053076988349928134,1.1424414681417234,76.14267016943525,2943.398,3
2023,3,3.0339955060918467,q5_19,94,-0.037828620156384815,1.0925426165605407,63.98997248457142,2943.398,3
2023,3,12.829241212120035,u20m,94,-0.0463948988077925,3.665866625870917,71.42569412127273,2943.398,3
2019,1,9.779992099999987,hgap,95,-0.013459371884091053,6.443669318862176,34.11375742458745,10318.211,3
2023,1,9.883004230575793,nnm,95,-0.051971925035518306,2.429230550927841,75.42012029689973,10318.211,3
2023,1,9.254803843397275,pnm,95,-0.062020080114056776,1.734294301592581,81.26060442837056,10318.211,3
2023,1,6.594934616299453,q5_19,95,-0.00972501633361993,5.071955436819986,23.093165711080843,10318.211,3
2023,1,25.515668039233773,u20m,95,-0.04636141213939928,7.297520030781852,71.39984726419495,10318.211,3
2019,2,8.986329299999994,hgap,95,-0.009590148621683881,6.675271306293569,25.717486156515843,10318.211,3
2023,2,7.441857785358226,nnm,95,-0.05328802028743729,1.7653411754561572,76.27821941277288,10318.211,3
2023,2,8.369154423501278,pnm,95,-0.061410372103951213,1.5943606475106298,80.94956112849903,10318.211,3
2023,2,4.454367281625071,q5_19,95,-0.009995114441860431,3.4008212160151476,23.651980157899374,10318.211,3
2023,2,20.13294680516564,u20m,95,-0.04860804568132129,5.4191576284834895,73.08313740195716,10318.211,3
2019,3,9.381977815310393,hgap,95,-0.013823551504264264,6.112039403003675,34.853401667295834,10318.211,3
2023,3,8.71985653624878,nnm,95,-0.052679198386886394,2.1027887271536922,75.88505363118855,10318.211,3
2023,3,8.847085815729017,pnm,95,-0.061800420392977395,1.6677522601646833,81.14913436015702,10318.211,3
2023,3,5.58279052509425,q5_19,95,-0.009276792631593556,4.345823828045552,22.156781478520813,10318.211,3
2023,3,22.974945684833827,u20m,95,-0.047309954926826235,6.404721937875615,72.12301597690616,10318.211,3
2019,1,11.0184639,hgap,96,-0.01704064249167585,6.496817780247395,41.0369917330546,1569.675,3
2023,1,3.3328069623878296,nnm,96,-0.013827802897494634,2.2943835513159954,31.157622472315143,1569.675,3
2023,1,3.1837987483627206,pnm,96,-0.03289038121362575,1.310009993806745,58.85386931317747,1569.675,3
2023,1,5.035038624551902,q5_19,96,-0.009664535261239915,3.878617382060552,22.967475102423208,1569.675,3
2023,1,11.50827541393995,u20m,96,-0.01768156883007328,7.139651883714337,37.96071412171722,1569.675,3
2019,2,12.070372099999986,hgap,96,-0.0098113976210906,8.904889758022245,26.22522583191735,1569.675,3
2023,2,3.12509210476852,nnm,96,-0.0059979725347535815,2.6578525848974146,14.951223970588046,1569.675,3
2023,2,3.0396083977014543,pnm,96,-0.03760503047070289,1.1011916018179886,63.771925270021384,1569.675,3
2023,2,2.458322569769633,q5_19,96,-0.031033086766650432,1.0635218411022227,56.73790518052786,1569.675,3
2023,2,8.598392545397516,u20m,96,-0.02515570047983151,4.359560979464305,49.2979535832211,1569.675,3
2019,3,10.970448624561612,hgap,96,-0.01470239289564903,6.954792492984498,36.60430187500726,1569.675,3
2023,3,3.2323577970256996,nnm,96,-0.010031909052956766,2.465390701741018,23.727790778311032,1569.675,3
2023,3,3.1115994167559835,pnm,96,-0.03532243662163741,1.1989319120171102,61.46895048376555,1569.675,3
2023,3,3.778826348845965,q5_19,96,-0.0172199163020784,2.373761271531332,37.182578599933095,1569.675,3
2023,3,10.088791054005842,u20m,96,-0.020953351289936917,5.729822346275123,43.20605595256087,1569.675,3
2019,1,18.7009161,hgap,97,-0.010621217211822475,13.454515550952328,28.054243551457205,171466.986,3
2023,1,19.81051256226296,nnm,97,-0.03585512520207881,7.524198955219182,62.019160627110544,171466.986,3
2023,1,9.958622813697193,pnm,97,-0.053050198755582346,2.3775806187799495,76.12540746588171,171466.986,3
2023,1,11.931320649791077,q5_19,97,-0.026374961371182826,5.85351873077446,50.93989255181942,171466.986,3
2023,1,41.15033937939361,u20m,97,-0.03710573760860982,15.110309497443993,63.28023115889388,171466.986,3
2019,2,17.983603999999985,hgap,97,-0.004076934606761062,15.84850986514546,11.872448564006014,171466.986,3
2023,2,14.862052708062286,nnm,97,-0.039381564536316825,5.132069164397478,65.46863838254684,171466.986,3
2023,2,10.777733801935142,pnm,97,-0.055042100986988404,2.438408553354397,77.37549842883872,171466.986,3
2023,2,11.41160040808964,q5_19,97,-0.040576007995280605,3.8155247399885717,66.56450801340922,171466.986,3
2023,2,36.60044457361844,u20m,97,-0.04384844545166424,11.202672433350816,69.39197716350776,171466.986,3
2019,3,18.71316726476138,hgap,97,-0.005888367082605717,15.590909628999237,16.684816587097167,171466.986,3
2023,3,17.41491504181275,nnm,97,-0.037262323724412114,6.36773787467312,63.43514820839293,171466.986,3
2023,3,10.333052907954832,pnm,97,-0.054129609908520046,2.3961141235405843,76.81116950735873,171466.986,3
2023,3,11.697415547432755,q5_19,97,-0.03326735276526738,4.764294175916306,59.2705400898412,171466.986,3
2023,3,38.942959688000876,u20m,97,-0.04018515866574033,13.158905048703067,66.20979721590705,171466.986,3
2019,1,16.7349892,hgap,98,-0.008728890463388294,12.767540925065429,23.707504244667046,786.387,3
2023,1,14.500841754948166,nnm,98,-0.030600536401584843,6.3470631951076655,56.229691335388594,786.387,3
2023,1,10.423767564924802,pnm,98,-0.04830769852710395,2.828596582115559,72.86397106902523,786.387,3
2023,1,7.825551529395236,q5_19,98,-0.03660567889961515,2.9125846610546127,62.78109408501078,786.387,3
2023,1,32.40514148948759,u20m,98,-0.037464212714341506,11.78447933229491,63.633921067377955,786.387,3
2019,2,15.208655799999974,hgap,98,-0.00777332705588023,11.951915848352026,21.41372646258424,786.387,3
2023,2,10.091709366474692,nnm,98,-0.032558860976268325,4.189682626491117,58.483915119379944,786.387,3
2023,2,10.485921154810951,pnm,98,-0.04757493192904296,2.902319813624165,72.32174674236819,786.387,3
2023,2,5.158294750996717,q5_19,98,-0.044318414495267654,1.5589442960758995,69.77791360653303,786.387,3
2023,2,25.524504775274124,u20m,98,-0.04084880668485127,8.471615155569319,66.80987454935514,786.387,3
2019,3,15.812358224273225,hgap,98,-0.008324077330209257,12.215985771310608,22.74406133451935,786.387,3
2023,3,12.298437725722826,nnm,98,-0.031302353676556115,5.2820204783566425,57.05128898356724,786.387,3
2023,3,10.502215261545821,pnm,98,-0.048015876478064934,2.8724276614577846,72.64931645445066,786.387,3
2023,3,6.545356029941551,q5_19,98,-0.039991615625673924,2.223276865765158,66.03275886605955,786.387,3
2023,3,29.068455189002474,u20m,98,-0.039026363603514413,10.134462604724643,65.1358748208992,786.387,3
2019,1,17.471607699999993,hgap,99,-0.005705759281120759,14.639137729317195,16.211845064966738,458.959,3
2022,1,144.03193999999996,math,99,-0.017120794678403106,89.1796459865775,38.083423727697124,458.959,3
2023,1,5.308956912322019,nnm,99,0.0012800569890214276,5.49565025329199,-3.5165729173024287,458.959,3
2023,1,5.0715700173114,pnm,99,-0.004878651840694181,4.44565332570197,12.341675052753146,458.959,3
2023,1,5.905806622434007,q5_19,99,-0.005048910448865085,5.1531875146874055,12.743714040477984,458.959,3
2023,1,16.198262433029686,u20m,99,-0.0029595885671876766,14.954243234376314,7.67995458646668,458.959,3
2019,2,15.463701499999985,hgap,99,-0.009752873937065854,11.42902699370892,26.09125962688215,458.959,3
2022,2,132.7532,math,99,-0.02488221686070391,66.14105729865086,50.17742901967646,458.959,3
2023,2,4.672364955345488,nnm,99,0.0019718318135694356,4.9278600007233315,-5.468216798551676,458.959,3
2023,2,4.300467133727559,pnm,99,-0.003977273586916063,3.862587384176404,10.182143844722505,458.959,3
2023,2,4.5779717690631605,q5_19,99,-0.011885656098045327,3.321257048096473,27.451342742200055,458.959,3
2023,2,13.48972512101454,u20m,99,-0.004741566502714445,11.868715608688374,12.016623747217267,458.959,3
2019,3,16.197868766879196,hgap,99,-0.007886054409874443,12.684895935559705,21.687870681497852,458.959,3
2022,3,138.50034,math,99,-0.020740115343678145,77.49005076365202,44.05064221239311,458.959,3
2023,3,5.007741311950174,nnm,99,0.0016146269774312215,5.230881997837238,-4.455914792454911,458.959,3
2023,3,4.694959885789718,pnm,99,-0.004533294062980975,4.154078525638481,11.520468189479692,458.959,3
2023,3,5.267607633597682,q5_19,99,-0.008169632177815855,4.2249027010738205,19.79465831648726,458.959,3
2023,3,14.895811511348445,u20m,99,-0.003820595169317942,13.435816270553296,9.801381010244688,458.959,3
2019,1,18.43269140000001,hgap,100,-0.00864002255079468,14.101555290418135,23.49703586738219,17423.884000000002,3
2022,1,246.3634,math,100,,,,17423.884000000002,3
2023,1,12.122841894261958,nnm,100,-0.04349618447095498,3.7460219072039793,69.09947403523373,17423.884000000002,3
2023,1,13.461040514211042,pnm,100,-0.04746195349072644,3.7371634250196966,72.23718760021328,17423.884000000002,3
2023,1,24.495301621754063,q5_19,100,-0.011506004812731252,17.954112524201342,26.703852022559083,17423.884000000002,3
2023,1,49.29331033999429,u20m,100,-0.029707653789167267,22.102301130014343,55.16166194242879,17423.884000000002,3
2019,2,15.611702699999995,hgap,100,-0.009184738643298518,11.743429681506981,24.77803409933636,17423.884000000002,3
2022,2,242.38864,math,100,,,,17423.884000000002,3
2023,2,9.371373192747122,nnm,100,-0.045781302793410236,2.7225378057678595,70.94835783644876,17423.884000000002,3
2023,2,10.942611930597646,pnm,100,-0.0459084723491245,3.1681118058586164,71.04793786024736,17423.884000000002,3
2023,2,12.275343358197798,q5_19,100,-0.0314106190534551,5.256713023805089,57.176651842536714,17423.884000000002,3
2023,2,32.238678842394506,u20m,100,-0.04010246821065886,10.917863448527195,66.13427150069815,17423.884000000002,3
2019,3,17.16820335186847,hgap,100,-0.008374607122645683,13.242696724089837,22.864982126108192,17423.884000000002,3
2022,3,244.19741,math,100,,,,17423.884000000002,3
2023,3,10.783102255890736,nnm,100,-0.04441941362592337,3.2500037007071425,69.86021625704525,17423.884000000002,3
2023,3,12.229584130790006,pnm,100,-0.046794768365941895,3.45699321833128,71.73253659846267,17423.884000000002,3
2023,3,18.5217634990692,q5_19,100,-0.018388600073092086,11.273493294511617,39.13380172963465,17423.884000000002,3
2023,3,40.978784012643324,u20m,100,-0.033823384034255846,16.44173798258885,59.87743809695274,17423.884000000002,3
2019,1,8.121533199999988,hgap,101,-0.03433448815292515,2.8014855255830047,65.505459910168085,1422584.931,3
2023,1,2.670180409340621,nnm,101,-0.06884149981789542,0.41620620521797685,84.41280582532791,1422584.931,3
2023,1,5.073732624837346,pnm,101,-0.045746279617309704,1.4753971606084622,70.92087286220053,1422584.931,3
2023,1,4.955783701561245,q5_19,101,-0.05680372513905987,1.0691401639225315,78.42641591509098,1422584.931,3
2023,1,12.647838936155619,u20m,101,-0.05498710409325582,2.865762778299277,77.34187798591353,1422584.931,3
2019,2,6.89706769999998,hgap,101,-0.03951667529816687,2.026032436911246,70.62472741986784,1422584.931,3
2023,2,2.416620185393053,nnm,101,-0.06665425908076118,0.39959847489363864,83.46457265775732,1422584.931,3
2023,2,4.186106682113611,pnm,101,-0.05209441909409622,1.0255425540904206,75.50128002058914,1422584.931,3
2023,2,3.342990700623827,q5_19,101,-0.06222933684246965,0.6229267962790463,81.36618219838891,1422584.931,3
2023,2,9.913562302169886,u20m,101,-0.0589589967932004,2.017806107378881,79.64600366775097,1422584.931,3
2019,3,7.181595305781229,hgap,101,-0.03959291038566994,2.1046334603217542,70.69406767285382,1422584.931,3
2023,3,2.5470455532283034,nnm,101,-0.0680343828397221,0.4057596637835712,84.06939902314338,1422584.931,3
2023,3,4.656426903400068,pnm,101,-0.04862478265296839,1.2527977665302028,73.09529833668333,1422584.931,3
2023,3,4.211774735869533,q5_19,101,-0.058767600436742784,0.8617060287099179,79.54054804091948,1422584.931,3
2023,3,11.373097609958304,u20m,101,-0.05669094789727236,2.461067292373917,78.36062454771334,1422584.931,3
2019,1,11.033833200000004,hgap,102,-0.0025117173760126122,10.207299066897479,7.490906542818908,1344.981,3
2022,1,169.96346999999997,math,102,0.018869283388979686,288.2774736525669,-69.61143100489004,1344.981,3
2023,1,2.0621358567671795,nnm,102,0.010363592063276772,2.7279741252383385,-32.288768282948965,1344.981,3
2023,1,1.7134897628252599,pnm,102,0.015535400772842078,2.6064467850189987,-52.113356120750964,1344.981,3
2023,1,1.2350482682282893,q5_19,102,-0.044232698481686754,0.37412219658173157,69.70788865455273,1344.981,3
2023,1,5.002481723237251,u20m,102,-0.004621288304422344,4.415668992354192,11.730432280386534,1344.981,3
2019,2,9.808301499999999,hgap,102,-0.004720434347175795,8.473093347171204,13.613041491728154,1344.981,3
2022,2,154.26358,math,102,0.008945425556218823,198.17185591100846,-28.46315112809419,1344.981,3
2023,2,1.7552552711094649,nnm,102,0.012821719907915252,2.481344964277896,-41.36661516529634,1344.981,3
2023,2,1.5772487024435788,pnm,102,0.013332384583291224,2.2606590489378586,-43.32926985043608,1344.981,3
2023,2,0.6861816142198496,q5_19,102,-0.0277058555798333,0.3247592815662058,52.671526774228845,1344.981,3
2023,2,4.0136323103940885,u20m,102,0.004817086767080392,4.571118791525101,-13.889824428792135,1344.981,3
2019,3,10.411891085775977,hgap,102,7.391593164104649e-4,10.653222892978581,-2.3178479799149576,1344.981,3
2022,3,162.28677,math,102,0.014133540266168776,241.07403438628904,-48.54817455932425,1344.981,3
2023,3,1.9152027411812826,nnm,102,0.011420927018629467,2.6069697111347794,-36.119777560824716,1344.981,3
2023,3,1.6458285512296333,pnm,102,0.014542796179232714,2.4373208720804183,-48.09081239108681,1344.981,3
2023,3,0.9686768095299447,q5_19,102,-0.03925851822966964,0.3356104237523315,65.35372577824091,1344.981,3
2023,3,4.523109571518691,u20m,102,-7.918332755105561e-4,4.427434148051939,2.115257699464222,1344.981,3
2019,1,7.803763099999998,hgap,103,-0.008607253337596354,5.976177876951742,23.41928118048914,3807.494,3
2022,1,193.12414,math,103,0.007812984991141723,240.35013939815158,-24.45370081552289,3807.494,3
2023,1,6.197542951498336,nnm,103,-0.029664470605871206,2.7821171677854344,55.10935237467258,3807.494,3
2023,1,4.063072569139403,pnm,103,-0.016262519056045432,2.619154257833173,35.53759591382503,3807.494,3
2023,1,6.229166945256881,q5_19,103,-0.016597186087422534,3.9793503719501504,36.11745507992565,3807.494,3
2023,1,16.400843169161906,u20m,103,-0.021506599045566954,9.17657986999415,44.04812133531864,3807.494,3
2019,2,7.122205099999974,hgap,103,-0.005908054814014884,5.930257784406355,16.735649968766317,3807.494,3
2022,2,187.84109,math,103,0.014258994474350242,280.01640331344066,-49.07089993645195,3807.494,3
2023,2,4.641717245558345,nnm,103,-0.03017238936101436,2.055316562399272,55.7207719973464,3807.494,3
2023,2,3.554072879312087,pnm,103,-0.01126471421764066,2.622025083699098,26.224780055534268,3807.494,3
2023,2,2.8827360691192627,q5_19,103,-0.014469273228834045,1.9504682851616149,32.33968568764866,3807.494,3
2023,2,11.038450449306847,u20m,103,-0.0203288969754996,6.375767365164861,42.24037699453347,3807.494,3
2019,3,7.383424556689391,hgap,103,-0.011089024511342239,5.235580901966505,29.090073829994477,3807.494,3
2022,3,190.56921,math,103,0.010745901540869265,257.4693486932456,-35.10542898994312,3807.494,3
2023,3,5.437253954361955,nnm,103,-0.030062438503479737,2.41473199556378,55.58912613182987,3807.494,3
2023,3,3.8242427727186445,pnm,103,-0.013929182199904466,2.625503167064774,31.345802996750894,3807.494,3
2023,3,4.60616165786798,q5_19,103,-0.015617481022109669,3.0214078867523626,34.405083642877194,3807.494,3
2023,3,13.804300832357175,u20m,103,-0.020995748866422526,7.8310372988709105,43.27103274571488,3807.494,3
2019,1,8.947498300000007,hgap,104,-0.020916882770245192,4.678373972495535,47.71304988685461,7442.739,3
2022,1,36.15693999999996,math,104,0.10851436239220749,754.6628211790451,-1987.1866401831733,7442.739,3
2023,1,1.8572512597481161,q5_19,104,-0.0046151914729702145,1.6396575475563844,11.715900638088259,7442.739,3
2023,1,3.759796206225907,u20m,104,-0.02595135270917497,1.8657782015542363,50.375549651742716,7442.739,3
2019,2,9.743160499999988,hgap,104,-0.013085977465548116,6.494140119694663,33.346678219098706,7442.739,3
2022,2,44.880739999999946,math,104,0.04848569131777984,174.44475589499984,-288.6851150292978,7442.739,3
2023,2,1.2468009303678862,q5_19,104,-0.016720013694651113,0.793851109658909,36.32896075681688,7442.739,3
2023,2,2.9239653085642026,u20m,104,-0.03228693689573352,1.222861227399886,58.17798440295567,7442.739,3
2019,3,9.407540158860257,hgap,104,-0.017095348286263377,5.537569662432567,41.13690115670519,7442.739,3
2022,3,40.24163999999996,math,104,0.07320889380313193,312.5458901626953,-676.6728447515945,7442.739,3
2023,3,1.5539892050854265,q5_19,104,-0.009640327889792355,1.1978597855037312,22.917110261529647,7442.739,3
2023,3,3.3478966718549774,u20m,104,-0.02882664346750763,1.5372773787108311,54.082293171280334,7442.739,3
2019,1,17.2871241,hgap,105,-0.007626358519884757,13.647342835333651,21.054868604005385,1438069.597,3
2023,1,15.613687639268152,nnm,105,-0.05537155268296261,3.5012358980274705,77.57585537178339,1438069.597,3
2023,1,11.93510874836534,pnm,105,-0.05549119275568901,2.667714643343232,77.6481748127464,1438069.597,3
2023,1,7.366049681395093,q5_19,105,-0.05858860327959259,1.5143544978540717,79.44142975740478,1438069.597,3
2023,1,34.526941877402685,u20m,105,-0.05524972987293224,7.7678796412048134,77.50197608352693,1438069.597,3
2019,2,15.18303929999999,hgap,105,-0.013193956370161252,10.086181531362103,33.56941695222966,1438069.597,3
2023,2,14.703101452569472,nnm,105,-0.049377383891535676,3.876253481629461,73.63649095305632,1438069.597,3
2023,2,13.408537930405085,pnm,105,-0.0709495461172708,1.9743789987100617,85.27521039983803,1438069.597,3
2023,2,6.518577692408156,q5_19,105,-0.0707269925799375,0.96563188110974,85.1864635711198,1438069.597,3
2023,2,34.25110719512836,u20m,105,-0.061330569551065174,6.539060581453573,80.9084694862546,1438069.597,3
2019,3,16.087658054781855,hgap,105,-0.010531724830953238,11.606542268676634,27.854369920382943,1438069.597,3
2023,3,15.171467437759278,nnm,105,-0.052992902749538696,3.627733769241596,76.08844507543967,1438069.597,3
2023,3,12.640425972556324,pnm,105,-0.06316790974322725,2.2964547609124044,81.8324574986773,1438069.597,3
2023,3,6.961823207332407,q5_19,105,-0.06419251692354466,1.2302820329516604,82.32816323666637,1438069.597,3
2023,3,34.38965641699055,u20m,105,-0.05815333693767211,7.153600070084262,79.198396217329,1438069.597,3
2019,1,17.524726700000002,hgap,106,-0.012005544746563634,12.078668353478784,31.07642384243982,281190.07,3
2022,1,218.34082,math,106,0.007177833566330083,266.9433800869056,-22.259951248193357,281190.07,3
2023,1,11.018034591700085,nnm,106,-0.04421117174115889,3.3395357542585966,69.6902770955695,281190.07,3
2023,1,11.673128541090039,pnm,106,-0.030837591986728217,5.076766335603614,56.50894858449365,281190.07,3
2023,1,10.270321838944497,q5_19,106,-0.024101460249427477,5.357615113145186,47.8340095163386,281190.07,3
2023,1,32.60114540616787,u20m,106,-0.033121686197354935,13.330596682746222,59.110035808054214,281190.07,3
2019,2,16.006049399999995,hgap,106,-0.01069824596109803,11.48820794827012,28.22583723707536,281190.07,3
2022,2,211.95427999999998,math,106,0.0019751587402494055,224.00649248960465,-5.6862321863020044,281190.07,3
2023,2,8.253872305493253,nnm,106,-0.04190775519245995,2.662253834920166,67.74539590165044,281190.07,3
2023,2,10.213046546958871,pnm,106,-0.034419631162326644,4.0322959760016595,60.51818664037762,281190.07,3
2023,2,8.656833791020336,q5_19,106,-0.027612239216472247,4.107516483025621,52.551746028827374,281190.07,3
2023,2,26.880320160979853,u20m,106,-0.03431088761934955,10.644043720286524,60.40209470519,281190.07,3
2019,3,16.74728055142529,hgap,106,-0.011421522470763978,11.753707154702472,29.817219466702237,281190.07,3
2022,3,215.06817,math,106,0.0045611208705572896,244.36583642091068,-13.622502307482632,281190.07,3
2023,3,9.684223841827244,nnm,106,-0.043135531118661016,3.0217580966437634,68.79710603556629,281190.07,3
2023,3,10.956018486414031,pnm,106,-0.03251823701930885,4.553501690190101,58.43835335038314,281190.07,3
2023,3,9.48478220020621,q5_19,106,-0.025675692848470044,4.741933356498401,50.0048260845114,281190.07,3
2023,3,29.824162130436925,u20m,106,-0.03362076720702891,12.031860344564087,59.657339938193864,281190.07,3
2019,1,8.159461399999998,hgap,107,-0.013353327540633586,5.39366441419876,33.896808259932925,90608.709,3
2023,1,6.389357640525525,nnm,107,-0.03748216465490939,2.3224328812044033,63.651543521777526,90608.709,3
2023,1,5.805664757287388,pnm,107,-0.036117540030535064,2.1894722704114633,62.287311411441834,90608.709,3
2023,1,9.87401364867857,q5_19,107,-0.016764926106356402,6.279268025568473,36.406123700175144,90608.709,3
2023,1,21.91189403170224,u20m,107,-0.028095279956833696,10.262095278080357,53.16655299978585,90608.709,3
2019,2,9.177508899999992,hgap,107,-0.016205797654159016,5.553209666430051,39.49110017828415,90608.709,3
2023,2,4.73240009685688,nnm,107,-0.03505793256038381,1.8365123568513446,61.19279183365959,90608.709,3
2023,2,6.401068669618315,pnm,107,-0.03891047835553378,2.2386702259420717,65.02661756203969,90608.709,3
2023,2,5.734422328732003,q5_19,107,-0.025341113679329896,2.8929505961886472,49.5511416783225,90608.709,3
2023,2,16.773928374842374,u20m,107,-0.03316765716599459,6.8503452677888585,59.16075760724576,90608.709,3
2019,3,8.608427509820302,hgap,107,-0.015204602676112521,5.373067548302764,37.58363484883519,90608.709,3
2023,3,5.598129533821662,nnm,107,-0.03646467418367858,2.091510071160896,62.63912689899675,90608.709,3
2023,3,6.080012794740797,pnm,107,-0.03759549076380404,2.2032389986575045,63.76259272738203,90608.709,3
2023,3,7.8605450036189906,q5_19,107,-0.01989199298354425,4.594096604095648,41.55498630208811,90608.709,3
2023,3,19.413121616662643,u20m,107,-0.030262109801315384,8.575182235591786,55.82790648036971,90608.709,3
2019,1,9.988704899999988,hgap,108,-0.016398984580695684,6.007967005076691,39.85239262522714,45074.056,3
2023,1,13.987906662286315,nnm,108,-0.027159587649379358,6.718630102414089,51.96829472326539,45074.056,3
2023,1,11.187137349328303,pnm,108,-0.0421565074343004,3.5842131523170466,67.96130198104478,45074.056,3
2023,1,9.275013429025037,q5_19,108,-0.05683203834018933,1.9994237642692785,78.44290167804692,45074.056,3
2023,1,34.061525333368145,u20m,108,-0.04015295539817001,11.519470172011925,66.1804042559217,45074.056,3
2019,2,11.612464699999975,hgap,108,-0.006864973357394666,9.386428695217166,19.169367247099697,45074.056,3
2023,2,10.149184467619829,nnm,108,-0.0339744880393464,4.055533225433674,60.04079698844245,45074.056,3
2023,2,10.518797369129306,pnm,108,-0.036919179834272155,3.881982693999914,63.09480487386511,45074.056,3
2023,2,6.101305636004861,q5_19,108,-0.045949090161906715,1.76451762472729,71.07967163102656,45074.056,3
2023,2,26.537079942208553,u20m,108,-0.03755391765681071,9.627149898719614,63.72189434675837,45074.056,3
2019,3,10.781426830436772,hgap,108,-0.011787880098639158,7.481255553923965,30.609782252532444,45074.056,3
2023,3,12.131051626547695,nnm,108,-0.029826662651009306,5.421912017267401,55.3055070229687,45074.056,3
2023,3,10.849976432317664,pnm,108,-0.0399018799995519,3.694377790226133,65.95036115265573,45074.056,3
2023,3,7.727566764112237,q5_19,108,-0.052743917065066134,1.8602451386936483,75.92715539731273,45074.056,3
2023,3,30.400402884986466,u20m,108,-0.03905515645622728,10.590598110315998,65.16296790413173,45074.056,3
2019,1,7.798830699999996,hgap,109,-0.0019516606621898358,7.340979875005994,5.87076245922357,9256.311,3
2022,1,117.16201000000001,math,109,0.00796163307109854,146.4206149082723,-24.97277479984536,9256.311,3
2023,1,1.6946729978701613,nnm,109,-0.016131452207300424,1.0962996900920978,35.309071928926095,9256.311,3
2023,1,2.717900330009293,pnm,109,0.01840370203289251,4.467190107201744,-64.3618074540088,9256.311,3
2023,1,3.837127355474812,q5_19,109,0.0388570813096777,10.955758380064584,-185.51980075492963,9256.311,3
2023,1,8.228180798855345,u20m,109,0.018499901249879457,13.55915925715186,-64.78927224154006,9256.311,3
2019,2,8.138665099999997,hgap,109,-0.004938150375414008,6.983453130646142,14.194120966518893,9256.311,3
2022,2,128.37469,math,109,0.006876068756165754,155.63027755096678,-21.231278183391755,9256.311,3
2023,2,1.2112865114761961,nnm,109,-0.03421006342339316,0.48095157720790416,60.294152320596055,9256.311,3
2023,2,2.230029516962273,pnm,109,0.01522560770490553,3.363917541337832,-50.84632359127388,9256.311,3
2023,2,1.7485970109407667,q5_19,109,0.01483622811329332,2.610108829053686,-49.26874589871427,9256.311,3
2023,2,5.181199083102439,u20m,109,0.0012032313615503386,5.352286000558068,-3.30207187007344,9256.311,3
2019,3,7.934432076658453,hgap,109,-0.0036974419527703085,7.075167222516749,10.829569726477256,9256.311,3
2022,3,122.69677000000001,math,109,0.007253569239452595,150.32745765059894,-22.519490652116534,9256.311,3
2023,3,1.4578877492503917,nnm,109,-0.02393411798132162,0.7639655790628155,47.59777771261012,9256.311,3
2023,3,2.481854096860747,pnm,109,0.017064490022461208,3.934355693700536,-58.52485843857752,9256.311,3
2023,3,2.8187187902812827,q5_19,109,0.030963780400520856,6.5032660688635415,-130.7170935705358,9256.311,3
2023,3,6.743747546209322,u20m,109,0.011673546540309521,9.242399543097097,-37.05138692939764,9256.311,3
2019,1,11.719567299999994,hgap,110,-0.003386006919279083,10.551770325129057,9.964505898361432,124370.947,3
2022,1,40.53277000000003,math,110,0.012670858497026006,57.79456965492084,-42.58726865921279,124370.947,3
2023,1,0.8306479242285818,nnm,110,-0.021395315442744547,0.46616167261680336,43.87975229701258,124370.947,3
2023,1,1.5160882023509403,pnm,110,-0.030010421173356762,0.6742543231563056,55.526708663073485,124370.947,3
2023,1,1.9988930101533242,q5_19,110,-0.01775120604952949,1.2377694994258015,38.07725110155551,124370.947,3
2023,1,4.339681444051502,u20m,110,-0.022841079609015113,2.342202663928359,46.02823515677935,124370.947,3
2019,2,11.857467299999996,hgap,110,-0.0022104790295377264,11.072150272712161,6.622974429689849,124370.947,3
2022,2,49.44597999999996,math,110,-0.008033690935929672,39.4856539311879,20.14385409857803,124370.947,3
2023,2,0.8288466848877062,nnm,110,-0.01721950177968211,0.520665942121523,37.18187553684143,124370.947,3
2023,2,1.3592409828659946,pnm,110,-0.021903820172887688,0.7524078851972215,44.644997121058694,124370.947,3
2023,2,1.3790061405293264,q5_19,110,0.0029355459816550744,1.492754085284128,-8.24854519582776,124370.947,3
2023,2,3.562951373162093,u20m,110,-0.011833919118820192,2.588486708706215,27.34992882013565,124370.947,3
2019,3,11.751859295208618,hgap,110,-0.002926337602370621,10.732698329544904,8.672338053598367,124370.947,3
2022,3,45.01414,math,110,0.0018556444815422068,47.41481383876598,-5.333154957011247,124370.947,3
2023,3,0.8283724085872982,nnm,110,-0.01966368999371605,0.48713592565703207,41.19360801891132,124370.947,3
2023,3,1.4410035023573187,pnm,110,-0.02621178040616528,0.7100795141567616,50.72326243516051,124370.947,3
2023,3,1.697966395933448,q5_19,110,-0.01005589566988685,1.2942380119687737,23.777171617270238,124370.947,3
2023,3,3.9622973221408175,u20m,110,-0.018164053559822202,2.426365704052014,38.763663935722626,124370.947,3
2019,1,8.943425300000001,hgap,111,-0.02271618327995979,4.422552319594507,50.54968123237406,11439.221,3
2022,1,227.11705999999998,math,111,0.010004839030984947,300.5460720669388,-32.33090991356564,11439.221,3
2023,1,8.318198912727375,nnm,111,-0.03465572127568199,3.2633075930618487,60.76906037833767,11439.221,3
2023,1,6.666486057437138,pnm,111,-0.02701007676162446,3.214978983231208,51.77400874266325,11439.221,3
2023,1,4.019900769791751,q5_19,111,-0.049925050462344966,1.0442311319476165,74.0234599870058,11439.221,3
2023,1,18.8891185524237,u20m,111,-0.03528776061083314,7.284993022125746,61.4328588075329,11439.221,3
2019,2,10.898802599999982,hgap,111,-0.006110344914223909,9.018087093107784,17.256166350716374,11439.221,3
2022,2,212.13342,math,111,0.013820135589375226,312.36713564944654,-47.25031805429174,11439.221,3
2023,2,6.302160677243407,nnm,111,-0.02925113526524894,2.8608302705183575,54.60556439240617,11439.221,3
2023,2,6.153949595024244,pnm,111,-0.02958617365648395,2.768394079926537,55.01435237355676,11439.221,3
2023,2,2.945833091833272,q5_19,111,-0.03802623641009708,1.0551503593689078,64.18159731133107,11439.221,3
2023,2,15.326580811890423,u20m,111,-0.03093667754633995,6.6478821831063,56.625145133813234,11439.221,3
2019,3,9.950497422943982,hgap,111,-0.013597701926651018,6.5279553798926,34.39568794982693,11439.221,3
2022,3,219.36541,math,111,0.011775014017249763,305.0388881612932,-39.055144638023464,11439.221,3
2023,3,7.325577091819079,nnm,111,-0.03239606563589263,3.0546901497320302,58.30103060217071,11439.221,3
2023,3,6.42443005038551,pnm,111,-0.028272690291414392,2.9944042019217303,53.39035247582709,11439.221,3
2023,3,3.4869381822525414,q5_19,111,-0.04538591665642191,1.023885075899742,70.6365578514983,11439.221,3
2023,3,17.14210134651928,u20m,111,-0.033457112330072244,6.946205030895276,59.47868414448671,11439.221,3
2019,1,8.285466899999989,hgap,112,-0.013157100544170542,5.510376148110654,33.49347460297425,20330.109,3
2022,1,155.25729,math,112,0.004414699534002952,175.68546458746331,-13.157626664399013,20330.109,3
2023,1,4.158520135411788,nnm,112,-0.07349213980922183,0.5717070892195605,86.2521505101971,20330.109,3
2023,1,6.563523123853998,pnm,112,-0.021815824658869755,3.64188081115693,44.5133239811232,20330.109,3
2023,1,6.183066360864742,q5_19,112,-0.04038960203322388,2.077769719945489,66.39580430356403,20330.109,3
2023,1,16.81168873603567,u20m,112,-0.04309889003395288,5.250925630648662,68.76622144809663,20330.109,3
2019,2,8.6166001,hgap,112,-0.007890495235204043,6.746914131351817,21.698650824565746,20330.109,3
2022,2,155.04696,math,112,0.003954008417730304,173.19883581306527,-11.707340674764122,20330.109,3
2023,2,3.5033812675700884,nnm,112,-0.05565076412679413,0.7797031155592292,77.7442688645754,20330.109,3
2023,2,4.778583908460865,pnm,112,-0.03179949108617952,2.0249762859029503,57.62392531566584,20330.109,3
2023,2,3.571547442816736,q5_19,112,-0.04146606548344454,1.16580891206836,67.35843690350274,20330.109,3
2023,2,11.80725177794617,u20m,112,-0.04204217268466075,3.7945857104279033,67.86224447660625,20330.109,3
2019,3,8.440447188322366,hgap,112,-0.012478629717685407,5.732763899444256,32.07985582356677,20330.109,3
2022,3,155.15431999999998,math,112,0.004185044601857512,174.44360054960015,-12.432319351211211,20330.109,3
2023,3,3.8529522704290904,nnm,112,-0.06561984504475867,0.6551466742389913,82.9962421474266,20330.109,3
2023,3,5.686334012658056,pnm,112,-0.026252301987537675,2.798975901552453,50.77714577930533,20330.109,3
2023,3,4.905684726616788,q5_19,112,-0.04041124605595601,1.647552803300914,66.41543647593613,20330.109,3
2023,3,14.376372584635755,u20m,112,-0.04256817302126139,4.555090481362576,68.31543941598544,20330.109,3
2019,1,8.819884900000005,hgap,113,-0.02103108458175589,4.595351265356845,47.89783180326036,4838.783,3
2023,1,4.762403269630654,nnm,113,-0.014603343126962298,3.210613900055298,32.58416563483723,4838.783,3
2023,1,4.545612251758979,pnm,113,-0.011177218816467627,3.361467112735029,26.05028923366112,4838.783,3
2023,1,4.52551332147999,q5_19,113,-0.02950091160116457,2.0405235124778396,54.910672723187965,4838.783,3
2023,1,13.769855224468053,u20m,113,-0.018574776397006998,8.339162870803921,39.43899383934101,4838.783,3
2019,2,10.25925509999999,hgap,113,-0.009198661140448294,7.7138833623308924,24.810492700089895,4838.783,3
2023,2,3.7958469975529576,nnm,113,-0.013494968713701061,2.6367402974670586,30.536180747884,4838.783,3
2023,2,3.9593492694617316,pnm,113,-0.01357169388063637,2.7446236207861086,30.679931625248194,4838.783,3
2023,2,2.6187350508235507,q5_19,113,-0.013800867023356611,1.8041110664712043,31.10753736221463,4838.783,3
2023,2,10.33863278670022,u20m,113,-0.013551779902890405,7.1706017509408895,30.642649769268676,4838.783,3
2019,3,8.92437920728193,hgap,113,-0.022637583730471,4.423900057548756,50.42904436491187,4838.783,3
2023,3,4.290454460401582,nnm,113,-0.014111889409211886,2.931082029219698,31.683646656271655,4838.783,3
2023,3,4.25918621254795,pnm,113,-0.01233192036778541,3.052974197470319,28.32024604897575,4838.783,3
2023,3,3.5902526749320707,q5_19,113,-0.025069943824785244,1.824551310860028,49.18042054255835,4838.783,3
2023,3,12.090989740821456,u20m,113,-0.01680362829565225,7.6810984303066965,36.47254199237418,4838.783,3
2019,1,12.117589399999986,hgap,114,-0.007461607944424698,9.615229235406275,20.650643308591672,7073.523,3
2023,1,10.286706788758366,nnm,114,-0.0526618429764731,2.4817965129094275,75.87375081380164,7073.523,3
2023,1,8.636292685519464,pnm,114,-0.017637913307925634,5.364213377051748,37.88754535790613,7073.523,3
2023,1,7.027951137089428,q5_19,114,-0.014179205574318976,4.792521428518477,31.807701348030946,7073.523,3
2023,1,25.7297460413225,u20m,114,-0.031950649288876184,10.858847932404997,57.79652113563242,7073.523,3
2019,2,10.159279799999979,hgap,114,-0.00524253994568138,8.635389480927852,14.999983749558012,7073.523,3
2023,2,7.828991939202204,nnm,114,-0.0538302354749773,1.8301856329756518,76.62297206091961,7073.523,3
2023,2,7.274716738777665,pnm,114,-0.016950898449146056,4.603102892409346,36.72464430301951,7073.523,3
2023,2,3.6273072461558975,q5_19,114,-0.03809997329626236,1.2966594307356678,64.25283708431853,7073.523,3
2023,2,18.6194830220604,u20m,114,-0.03756150510738521,6.753412069239177,63.729325560555466,7073.523,3
2019,3,11.187704803843786,hgap,114,-0.006990803228023701,9.007886666166163,19.484051249982013,7073.523,3
2023,3,9.087137802543259,nnm,114,-0.05319335544697763,2.1611476246932484,76.21751015937716,7073.523,3
2023,3,7.977996828297362,pnm,114,-0.017289908690640045,5.002109989308503,37.30117851681277,7073.523,3
2023,3,5.375126443184608,q5_19,114,-0.022395760390516183,2.9361422724774626,45.3753822628611,7073.523,3
2023,3,22.276426342430767,u20m,114,-0.03421000089526407,8.845058844682061,60.294085286765515,7073.523,3
2019,1,21.001802699999985,hgap,115,-0.009097111366627875,15.840941528190486,24.573419936991893,7665.002,3
2023,1,18.075557500807527,nnm,115,-0.031193258040562322,7.78611986668213,56.924593521752875,7665.002,3
2023,1,25.43537105895899,pnm,115,-0.04660258763572056,7.227338869118758,71.58547892867047,7665.002,3
2023,1,14.921611557117798,q5_19,115,-0.0317834251800003,6.3259367239371285,57.605539457166905,7665.002,3
2023,1,57.33038876822349,u20m,115,-0.03749859284544295,20.829470217200996,63.667662709543414,7665.002,3
2019,2,17.262126799999976,hgap,115,-0.007959400912257752,13.487636770968932,21.865729946040307,7665.002,3
2023,2,13.606979425463646,nnm,115,-0.03513857408010721,5.269004018995792,61.27719566375213,7665.002,3
2023,2,21.292032229934033,pnm,115,-0.047586602806181856,5.891405849174912,72.33046716464996,7665.002,3
2023,2,8.668879602792723,q5_19,115,-0.045452429772847844,2.540914235935358,70.68924298917719,7665.002,3
2023,2,42.97814723333215,u20m,115,-0.04270686141750213,13.566540776523455,68.43386313777208,7665.002,3
2019,3,19.193073128540647,hgap,115,-0.008628553877704137,14.688491105849515,23.46983201972325,7665.002,3
2023,3,15.890166640284646,nnm,115,-0.03285280771136634,6.544824989312162,58.81210601832352,7665.002,3
2023,3,23.415380540963927,pnm,115,-0.04700698322343366,6.581117393011553,71.8940404086184,7665.002,3
2023,3,11.852528616329018,q5_19,115,-0.03684362002101431,4.383131790717368,63.01943718002246,7665.002,3
2023,3,50.324541397363085,u20m,115,-0.0396820036177278,17.237353789849916,65.74761873388256,7665.002,3
2019,1,4.825252799999987,hgap,116,-0.05449284341756895,0.8909962870035913,81.53472317546567,5773.497,3
2018,1,186.97463999999997,math,116,0.026788370577935854,440.627942332698,-135.66187496480703,5773.497,3
2023,1,11.389484714176387,nnm,116,0.046611791136201154,40.09328632255275,-252.02019519503813,5773.497,3
2023,1,8.484769156218874,pnm,116,0.02875186275428898,18.440936193996833,-117.34163716735452,5773.497,3
2023,1,4.041188298391951,q5_19,116,-0.0011731296729604822,3.9151916493316077,3.117811884946797,5773.497,3
2023,1,23.738879946912927,u20m,116,0.030496506830853497,54.082999401702125,-127.82456258529263,5773.497,3
2019,2,6.690720099999993,hgap,116,-0.02170666403369472,3.4137620429232354,48.977658728793045,5773.497,3
2018,2,187.28825999999998,math,116,-0.012772958781937405,124.45127156911364,33.55094891206013,5773.497,3
2023,2,9.771243477398349,nnm,116,0.04764653427022887,35.371278829042396,-261.9936286600465,5773.497,3
2023,2,7.545036601679933,pnm,116,0.02350376035905897,14.231978974461288,-88.62703689591753,5773.497,3
2023,2,3.080663935847494,q5_19,116,-0.002944575374652958,2.845223439847091,7.642524498071651,5773.497,3
2023,2,20.270101105770657,u20m,116,0.02924127534338781,44.64138674533127,-120.23267921748251,5773.497,3
2019,3,5.581143667617056,hgap,116,-0.039721793828780404,1.6290843443659975,70.81092261039113,5773.497,3
2018,3,187.14339999999999,math,116,0.005024261318750926,219.78538117704178,-17.44222942248661,5773.497,3
2023,3,10.599134924884263,nnm,116,0.04704574838189261,37.7508349465106,-256.1690195855566,5773.497,3
2023,3,8.027746803661696,pnm,116,0.026350609159293548,16.352329080134545,-103.6976187723778,5773.497,3
2023,3,3.580507328033722,q5_19,116,-0.0016438470435232277,3.4250656243972433,4.341331811261541,5773.497,3
2023,3,22.0559128537785,u20m,116,0.02998298492609792,49.55689064480816,-124.6875519202024,5773.497,3
2022,1,21.13189,math,117,-0.06645289850952887,3.287416886942773,84.44333712250645,713.916,3
2023,1,1.5072284260360114,q5_19,117,-0.010235484953493796,1.1432949392096294,24.145874675646983,713.916,3
2023,1,5.620863789884911,u20m,117,-0.02368891343043713,2.965022700990797,47.2496966333442,713.916,3
2022,2,36.59943999999996,math,117,-0.018230361464627042,21.967911462737913,39.977465604014874,713.916,3
2023,2,0.7411778955521697,q5_19,117,-0.041072489953179324,0.24451665928189856,67.00972050714812,713.916,3
2023,2,2.5877092436564775,u20m,117,-0.03717503205842739,0.9484247361583765,63.348867787857174,713.916,3
2022,3,28.670279999999934,math,117,-0.03926764451370244,9.548336967217052,66.69604563604864,713.916,3
2023,3,1.1276121046689402,q5_19,117,-0.021148753670137112,0.6370455403836729,43.50490405823504,713.916,3
2023,3,4.149304410672183,u20m,117,-0.028113912698571508,1.9422849037078183,53.19010823326963,713.916,3
2019,1,14.578894200000008,hgap,118,-0.010583692389524035,10.50110422592178,27.97050255072312,35126.296,3
2022,1,177.14265999999998,math,118,0.0076407432821469,219.39992555735293,-23.854934524158637,35126.296,3
2023,1,4.403715207283533,nnm,118,-0.006503227108716758,3.6945598172403162,16.103570659390222,35126.296,3
2023,1,4.067883078891721,pnm,118,-0.002867973892450193,3.764772524655537,7.451309399943844,35126.296,3
2023,1,6.788927828163982,q5_19,118,-0.018052954142940524,4.169779941941591,38.579698481353894,35126.296,3
2023,1,15.185220861894887,u20m,118,-0.010854048065742328,11.327839238772015,25.402209544428906,35126.296,3
2019,2,13.297498099999984,hgap,118,-0.011023293888791485,9.448479170330689,28.945436959072023,35126.296,3
2022,2,166.68957,math,118,0.006431452501157242,199.57974691057822,-19.731394658093016,35126.296,3
2023,2,3.4785446939083533,nnm,118,-0.0012457804034980758,3.363486026490553,3.3076667843104572,35126.296,3
2023,2,3.6073899908277696,pnm,118,-0.0061589973001168865,3.0547311623625157,15.320185227282233,35126.296,3
2023,2,2.9242128110729126,q5_19,118,-0.02174246970712803,1.6257652661637148,44.40331907419519,35126.296,3
2023,2,9.976914941902892,u20m,118,-0.009333196541811483,7.754533281071618,22.2752391272507,35126.296,3
2019,3,13.666809964301933,hgap,118,-0.012072203502130563,9.400209296451266,31.218701942846508,35126.296,3
2022,3,171.906,math,118,0.007127118949048228,209.8739571272687,-22.086464188142767,35126.296,3
2023,3,3.955260854032814,nnm,118,-0.004209972530025352,3.530280382430955,10.744688840649925,35126.296,3
2023,3,3.8450507224052632,pnm,118,-0.004518629905314131,3.4034301381076912,11.485429352706099,35126.296,3
2023,3,4.941780763123793,q5_19,118,-0.019466477667721426,2.921598352689215,40.87964455059278,35126.296,3
2023,3,12.68841188674752,u20m,118,-0.010452655478487083,9.568413652133252,24.589351783834882,35126.296,3
2019,1,15.915761599999996,hgap,119,-0.007506328567621212,12.611558417917443,20.760572224721898,526.009,3
2023,1,3.471491486703227,nnm,119,-0.06998328251126798,0.5246812713534298,84.88599861577929,526.009,3
2023,1,2.2099952250249633,pnm,119,-0.08895543423166821,0.2001263485099038,90.94448955166212,526.009,3
2023,1,2.695814856335632,q5_19,119,-0.048887279077706514,0.7201786175039522,73.28530867721099,526.009,3
2023,1,8.35433403440755,u20m,119,-0.06909771514738275,1.2932289348891415,84.5202630208112,526.009,3
2019,2,16.076519399999995,hgap,119,-0.008737173677203591,12.262028837355725,23.72709208837997,526.009,3
2023,2,2.74146277524415,nnm,119,-0.06951776631026503,0.41958546094768195,84.6948328193034,526.009,3
2023,2,2.0012274271391517,pnm,119,-0.08487301648141203,0.20233900632903828,89.889254785085,526.009,3
2023,2,1.77904068878032,q5_19,119,-0.08007864214722078,0.2047329037633961,88.49194933794587,526.009,3
2023,2,6.5078169221570725,u20m,119,-0.07708167212589814,0.8120437267141823,87.52202564350837,526.009,3
2019,3,14.603159154386645,hgap,119,-0.01148316776454541,10.229336146513278,29.951210978615638,526.009,3
2023,3,3.1178804429788345,nnm,119,-0.06982971900189586,0.47319439715092404,84.8232026273967,526.009,3
2023,3,2.1049085046108695,pnm,119,-0.08731059250697276,0.19926613274405988,90.53326392536488,526.009,3
2023,3,2.274825575651618,q5_19,119,-0.06139075174803356,0.4335938910873938,80.93946649236209,526.009,3
2023,3,7.47918566565231,u20m,119,-0.07243118233160942,1.0581075632730064,85.8526367632201,526.009,3
2019,1,13.110391099999987,hgap,120,-0.008694630562121964,10.012873169820635,23.626434227269964,3431.939,3
2022,1,158.76533999999998,math,120,,,,3431.939,3
2023,1,7.300513741592327,nnm,120,-0.043341206361984616,2.2653565176062163,68.96990269739406,3431.939,3
2023,1,6.87976478293828,pnm,120,-0.06640475072985288,1.1452880679909963,83.3528019616122,3431.939,3
2023,1,7.341822136034404,q5_19,120,-0.05171350903048659,1.817246267424159,75.24802108042182,3431.939,3
2023,1,21.368134509479276,u20m,120,-0.05350815030150069,5.038864265536823,76.41879190108293,3431.939,3
2019,2,10.467702499999973,hgap,120,-0.009855932599366967,7.7118696407615905,26.327007853331615,3431.939,3
2022,2,153.1907,math,120,,,,3431.939,3
2023,2,5.611369685374334,nnm,120,-0.038110585466624936,2.0053307962814264,64.26307820159863,3431.939,3
2023,2,5.79697915331856,pnm,120,-0.06438547311279566,1.019109464769756,82.41999086392516,3431.939,3
2023,2,4.283036604302626,q5_19,120,-0.050860915385343076,1.0848237480562264,74.67162090171162,3431.939,3
2023,2,15.610133397105152,u20m,120,-0.05157866723956581,3.8779096739802883,75.15774160713173,3431.939,3
2019,3,11.781432579123788,hgap,120,-0.010014170057745585,8.637260926607418,26.687515558063055,3431.939,3
2022,3,156.00029999999998,math,120,,,,3431.939,3
2023,3,6.474503682462359,nnm,120,-0.04109704550763786,2.1345411906304324,67.03158581232543,3431.939,3
2023,3,6.349672297440878,pnm,120,-0.06549784219284387,1.0832453247312954,82.94013810495579,3431.939,3
2023,3,5.865771735848013,q5_19,120,-0.05081758856040732,1.4874439329352571,74.64197381147807,3431.939,3
2023,3,18.573854197685534,u20m,120,-0.05252738891451751,4.497471737715702,75.78600709444501,3431.939,3
2019,1,17.084891099999993,hgap,121,-0.008053082963022628,13.310443327198941,22.092313908872697,54133.801,3
2023,1,21.138091323861868,nnm,121,-0.0277855866158641,9.982822343709135,52.77330298767343,54133.801,3
2023,1,22.371326749076047,pnm,121,-0.04069913641655942,7.455137557805966,66.6754786543276,54133.801,3
2023,1,23.11246920308385,q5_19,121,-0.017370127723226946,14.459892981586297,37.43683180481235,54133.801,3
2023,1,65.15431963255037,u20m,121,-0.028234481697187074,30.399543699893773,53.34224365884331,54133.801,3
2019,2,15.647224899999998,hgap,121,-0.006629897277229624,12.740256240168573,18.578173947198934,54133.801,3
2023,2,16.36033198322902,nnm,121,-0.03163705017467842,6.963340169418195,57.43765972135335,54133.801,3
2023,2,19.381352303760924,pnm,121,-0.03999124377628913,6.5833767683694235,66.03241783550921,54133.801,3
2023,2,10.983262241511472,q5_19,121,-0.034365868304849466,4.342690362850809,60.46083333567764,54133.801,3
2023,2,46.01878351069022,u20m,121,-0.03516677686174239,17.806199355534794,61.306670891466766,54133.801,3
2019,3,16.37574122930073,hgap,121,-0.007452808819831303,12.997590225290732,20.628996005173494,54133.801,3
2023,3,18.829728971722545,nnm,121,-0.029378075241976286,8.518403303640735,54.76088202632547,54133.801,3
2023,3,20.91083934293392,pnm,121,-0.04040292646232211,7.024391827646111,66.40789156070028,54133.801,3
2023,3,17.21030583585048,q5_19,121,-0.022928761432339774,9.266741636027948,46.15585728450819,54133.801,3
2023,3,55.87995785772159,u20m,121,-0.03105209325857734,24.16243760563623,56.760100522700334,54133.801,3
2019,1,19.418618699999996,hgap,122,-0.005926827461026196,16.159379924341206,16.78409173181196,29694.614,3
2023,1,18.270082290447935,nnm,122,-0.03774679662210234,6.59361242308072,63.910329913905045,29694.614,3
2023,1,10.093685149279995,pnm,122,-0.05934600978467919,2.0331122180503356,79.85758235984444,29694.614,3
2023,1,12.28064971179399,q5_19,122,-0.027852970306992297,5.789203000982264,52.859147220668,29694.614,3
2023,1,40.11394390559941,u20m,122,-0.04015811439792825,13.564484096686494,66.18511476057317,29694.614,3
2019,2,17.972250499999973,hgap,122,-0.005448745667739186,15.179074682604446,15.541602969508638,29694.614,3
2023,2,12.78143149321513,nnm,122,-0.04020844008560909,4.316157637843229,66.23103100670367,29694.614,3
2023,2,11.58537812609306,pnm,122,-0.058094650035923,2.413766150223895,79.16540898404074,29694.614,3
2023,2,9.038098795252193,q5_19,122,-0.04045991577772514,3.031419876991555,66.45954037829294,29694.614,3
2023,2,33.037939406088455,u20m,122,-0.046191069745345016,9.492459028711323,71.26800521051264,29694.614,3
2019,3,18.85727264847972,hgap,122,-0.0067330730077102,15.304905426792942,18.838181363269264,29694.614,3
2023,3,15.584472062336463,nnm,122,-0.03874905841533005,5.474223617923717,64.87385908212147,29694.614,3
2023,3,10.829354500474286,pnm,122,-0.058683901538746586,2.2206392719723187,79.49426005146417,29694.614,3
2023,3,10.689190555240756,q5_19,122,-0.03320640426079513,4.360819887698615,59.20346012018124,29694.614,3
2023,3,36.65370893222275,u20m,122,-0.04284866754935659,11.52594519471153,68.55449139942581,29694.614,3
2019,1,9.094277699999992,hgap,123,-0.0172947518588888,5.320185035876963,41.49964173760641,26418.197,3
2023,1,8.44886898627665,nnm,123,-0.024282612729037378,4.3859315392543925,48.08853650851511,26418.197,3
2023,1,11.540167270105538,pnm,123,-0.03314184468112358,4.716202635401395,59.13228530388309,26418.197,3
2023,1,14.436048369675047,q5_19,123,-0.008380095367836838,11.512873712067929,20.24913316131344,26418.197,3
2023,1,34.04042810482055,u20m,123,-0.020897473690469813,19.362091160535332,43.12030653400208,26418.197,3
2019,2,9.143668299999973,hgap,123,-0.014946979180141939,5.752907022007332,37.08316144837243,26418.197,3
2023,2,6.704942415412316,nnm,123,-0.025229712467671916,3.3927564115737123,49.3991715160006,26418.197,3
2023,2,9.451334503891239,pnm,123,-0.032059958729123615,3.977036974207717,57.92089495329661,26418.197,3
2023,2,8.572321397974147,q5_19,123,-0.013048186137631302,6.026928704761813,29.693155156476905,26418.197,3
2023,2,24.527274098943288,u20m,123,-0.02373242895023031,12.923019070489188,47.3116375739204,26418.197,3
2019,3,9.099894130933848,hgap,123,-0.016248790916876386,5.49891203618635,39.57169218602721,26418.197,3
2023,3,7.603330769706899,nnm,123,-0.024702728096864846,3.9024819643801427,48.6740471698487,26418.197,3
2023,3,10.524254098860819,pnm,123,-0.03266275695332701,4.357018834110162,58.600212488391165,26418.197,3
2023,3,11.579986703689427,q5_19,123,-0.010079026628212962,8.821082588696832,23.82476064599968,26418.197,3
2023,3,29.41856161890555,u20m,123,-0.022059927250243038,16.216152071185256,44.877821420187644,26418.197,3
2019,1,12.086754100000007,hgap,124,-0.0215251153368039,6.201750401686007,48.68969493070101,5049.268,3
2023,1,5.96812891796995,nnm,124,-0.010989252533017746,4.435869478498231,25.674033864417844,5049.268,3
2023,1,5.407110799259485,pnm,124,-0.009308985414258175,4.205412120277435,22.22441380610556,5049.268,3
2023,1,5.557750669885508,q5_19,124,-0.05034523661276855,1.4274249433651374,74.31649909918427,5049.268,3
2023,1,16.83767865710495,u20m,124,-0.02507343120146146,8.556031817149682,49.18520544671805,5049.268,3
2019,2,11.926200999999992,hgap,124,-0.012832569546194073,8.01190121870509,32.821011328711506,5049.268,3
2023,2,4.860505186422394,nnm,124,-0.0035552334455470234,4.41563246423716,9.152808301243374,5049.268,3
2023,2,4.532474639655226,pnm,124,-0.014723926781215346,3.0456734584128173,32.80329840644196,5049.268,3
2023,2,3.556139668732694,q5_19,124,-0.009608424099190183,2.7435374918483397,22.850682272947463,5049.268,3
2023,2,12.893764972321087,u20m,124,-0.009198407300779277,10.058186317863587,21.99185932537631,5049.268,3
2019,3,12.007868207195116,hgap,124,-0.013808422720132274,7.826387324129834,34.82284124803884,5049.268,3
2023,3,5.430296734907662,nnm,124,-0.00756005754847715,4.427664419512345,18.463674534580772,5049.268,3
2023,3,4.974192155995594,pnm,124,-0.012030695678827686,3.5946052986486015,27.73489270381565,5049.268,3
2023,3,4.578279581765932,q5_19,124,-0.037095947822232,1.6815781024263345,63.27052395131978,5049.268,3
2023,3,14.908246139661575,u20m,124,-0.018804804689919276,8.972683232782865,39.81395833737858,5049.268,3
2019,1,16.457280800000007,hgap,125,-0.0034104949769952152,14.806150027115875,10.032828587843815,247504.505,3
2023,1,39.34981275850574,nnm,125,-0.024461289584681235,20.328755233524724,48.33836857551369,247504.505,3
2023,1,25.2074707062917,pnm,125,-0.03761743227129823,9.129123938643776,63.7840541599234,247504.505,3
2023,1,15.096608324400297,q5_19,125,-0.016009460138129317,9.798356627895053,35.09564256192434,247504.505,3
2023,1,77.70236097931115,u20m,125,-0.026558103139090506,37.93282597712285,51.181887526914714,247504.505,3
2019,2,15.590602899999993,hgap,125,-3.8510341071225086e-4,15.405585659428134,1.1867228083389874,247504.505,3
2023,2,30.470527370861983,nnm,125,-0.028217582362706127,14.223352796485495,53.32094970536399,247504.505,3
2023,2,24.989586461248937,pnm,125,-0.039410862626874855,8.622421016417817,65.49594356117694,247504.505,3
2023,2,7.941041771598045,q5_19,125,-0.026248091162273647,3.909251841337023,50.77154920253832,247504.505,3
2023,2,62.20534531838251,u20m,125,-0.031817103192843456,26.347651593795625,57.64407148784119,247504.505,3
2019,3,15.941185491996634,hgap,125,-0.002151537696423933,14.912628050142349,6.452201703384476,247504.505,3
2023,3,35.05883386219192,nnm,125,-0.026046606486541356,17.35306664416929,50.50301241513013,247504.505,3
2023,3,25.05382550676738,pnm,125,-0.038530166441273425,8.852607397356595,64.66564599100691,247504.505,3
2023,3,11.615256020662823,q5_19,125,-0.01971393100551344,6.8212536258785,41.27332523928951,247504.505,3
2023,3,70.16153590687124,u20m,125,-0.028877208766832217,32.17261428410394,54.14494014668066,247504.505,3
2019,1,8.737340799999998,hgap,126,-0.0194800615831185,4.776576029467225,45.331467104187745,5409.202,3
2022,1,223.50200999999998,math,126,,,,5409.202,3
2023,1,8.983853471209313,nnm,126,-0.030472057703942033,3.9459247967596287,56.07759176610358,5409.202,3
2023,1,18.666855011388428,pnm,126,0.07024105022989176,124.36960878898132,-566.2590388852589,5409.202,3
2023,1,57.96644080122127,q5_19,126,0.2138327814315831,18645.299110209933,-32065.678714255482,5409.202,3
2023,1,83.85635682620374,u20m,126,0.1096728757823577,1620.1482613652997,-1832.0518117942252,5409.202,3
2019,2,9.083484399999975,hgap,126,-0.014624794618548442,5.7724074564489305,36.45161699788964,5409.202,3
2022,2,207.94081999999997,math,126,,,,5409.202,3
2023,2,7.015011065225103,nnm,126,-0.024624878521599114,3.60809730415076,48.56604970964531,5409.202,3
2023,2,17.656083190259906,pnm,126,0.06715061681107373,108.21792677953765,-512.9214821509041,5409.202,3
2023,2,37.28556317546339,q5_19,126,0.21061373903488462,10994.79391656439,-29388.07254116994,5409.202,3
2023,2,60.91754226960555,u20m,126,0.10017747861543214,910.7906844475507,-1395.120535914963,5409.202,3
2019,3,9.134316225600372,hgap,126,-0.01563863292708829,5.62511118511412,38.41781862829696,5409.202,3
2022,3,214.84677,math,126,,,,5409.202,3
2023,3,8.029755565190731,nnm,126,-0.02776899863240905,3.7938871404493186,52.75214656725105,5409.202,3
2023,3,18.166920351120332,pnm,126,0.06853648367320879,115.59439123838087,-536.2905159720827,5409.202,3
2023,3,47.64329812546475,q5_19,126,0.21266626174333325,14849.64204660029,-31068.37547118372,5409.202,3
2023,3,72.45295208181935,u20m,126,0.10550485106894478,1250.8372339750003,-1626.4130694943397,5409.202,3
2019,1,18.549705399999993,hgap,127,-0.007220995827642618,14.829271578951987,20.056565540108295,114891.201,3
2022,1,233.05807,math,127,-0.0012265189984441704,225.1901413560456,3.3759520294467387,114891.201,3
2023,1,13.424514353189082,nnm,127,-0.001718843750481458,12.815734626226202,4.5348361284910075,114891.201,3
2023,1,17.1810168914176,pnm,127,-0.005682051707359382,14.737418107806393,14.222666790065565,114891.201,3
2023,1,9.846844740748706,q5_19,127,-0.01176091576104299,7.167854288641322,27.206587720643665,114891.201,3
2023,1,39.92263240642735,u20m,127,-0.005832234736100306,34.10599084419521,14.569784634982346,114891.201,3
2019,2,16.216999699999974,hgap,127,-0.007041555801370647,13.036743926045373,19.61062978841028,114891.201,3
2022,2,218.87637,math,127,-0.004168712684027298,194.76293376979723,11.016920753118656,114891.201,3
2023,2,11.231158445836774,nnm,127,7.781942457813606e-4,11.46963564147742,-2.1233534972436114,114891.201,3
2023,2,13.770206531980577,pnm,127,-0.008075470434712174,11.072555946904385,19.590487468804774,114891.201,3
2023,2,7.097930644271111,q5_19,127,-0.011020043667136914,5.271221418939744,25.73579986732813,114891.201,3
2023,2,31.76828002917109,u20m,127,-0.00568203851340301,27.249993123136374,14.222636233015509,114891.201,3
2019,3,17.461559325394205,hgap,127,-0.006613714457154041,14.22465471623276,18.537317022163315,114891.201,3
2022,3,225.87370999999996,math,127,-0.002371299633516566,211.36355241236808,6.42401348418631,114891.201,3
2023,3,12.367859431614825,nnm,127,-6.265889322317087e-4,12.16038120472988,1.6775597105719613,114891.201,3
2023,3,15.538767216597416,pnm,127,-0.0067064661954218344,12.965129726292414,16.56268772439054,114891.201,3
2023,3,8.490201615591332,q5_19,127,-0.011811789334487876,6.171824106238212,27.306507128118977,114891.201,3
2023,3,35.96934574636135,u20m,127,-0.005844902219224535,30.71818144439072,14.598998655686795,114891.201,3
2019,1,10.509983699999992,hgap,128,-0.018651802333392274,5.895089767734815,43.90962026197225,2979.088,3
2022,1,170.42924,math,128,-0.02175650783932852,92.67863546878318,45.62046074442203,2979.088,3
2023,1,3.0026336611596944,nnm,128,-0.04224362946243672,0.9597444720664098,68.03657787224927,2979.088,3
2023,1,2.276349860734994,pnm,128,-0.06490236253493273,0.39463635174158757,82.6636336290518,2979.088,3
2023,1,4.74755414457706,q5_19,128,-0.029760664365660515,2.1256797437280808,55.22579250294261,2979.088,3
2023,1,9.99467281140165,u20m,128,-0.0422754676445237,3.1918944301743024,68.06404281155581,2979.088,3
2019,2,9.64548049999999,hgap,128,-0.011333680713852701,6.7879254286241775,29.625844677990028,2979.088,3
2022,2,162.48886,math,128,-0.018714249482105226,96.21742362886202,40.78521836582396,2979.088,3
2023,2,2.6364676509892564,nnm,128,-0.039054723010666016,0.9184778306831626,65.16256020290896,2979.088,3
2023,2,2.0230237153210373,pnm,128,-0.06302243309820231,0.36898015654559896,81.7609574345971,2979.088,3
2023,2,2.0479704960986167,q5_19,128,-0.027443642931174028,0.9761597201433042,52.33526449707708,2979.088,3
2023,2,6.692596648111504,u20m,128,-0.04364331564830239,2.059848456028595,69.22198416649185,2979.088,3
2019,3,8.21224592296349,hgap,128,-0.01237608981443863,5.595527742364702,31.863612039208306,2979.088,3
2022,3,166.48721,math,128,-0.020391223195642995,94.06295011195445,43.50139562555319,2979.088,3
2023,3,2.823223744804849,nnm,128,-0.04078346859862991,0.9386860054196714,66.75127123215107,2979.088,3
2023,3,2.152021839216034,pnm,128,-0.06404876235910198,0.3817807480590371,82.25943895633897,2979.088,3
2023,3,3.469816943048154,q5_19,128,-0.031894515680807235,1.4666045733690674,57.73250873342359,2979.088,3
2023,3,8.421744777845518,u20m,128,-0.04375481330648086,2.5842544844981243,69.3145001105194,2979.088,3
2019,1,13.11692339999999,hgap,129,-0.006858224478218977,10.604710617089992,19.152454476558123,33264.29,3
2022,1,190.83186999999998,math,129,-0.028264291504467742,86.48687051673792,54.67902163473117,33264.29,3
2023,1,1.8970568099160598,nnm,129,-0.10749337833425546,0.10414016183034207,94.51043525497003,33264.29,3
2023,1,4.4279692771835855,pnm,129,-0.012027867204111465,3.200121129333152,27.72937369229914,33264.29,3
2023,1,8.57618400362259,q5_19,129,-0.023796453167480403,4.510846474319857,47.40263883780397,33264.29,3
2023,1,14.838637434782864,u20m,129,-0.03610004019061171,5.598693860354103,62.26948811869781,33264.29,3
2019,2,11.523484599999989,hgap,129,-0.012645249914043389,7.786444559378177,32.429774242261885,33264.29,3
2022,2,192.74870999999996,math,129,-0.010013378407131901,145.621781736806,24.44993186371725,33264.29,3
2023,2,1.6978962192355966,nnm,129,-0.10146424743581786,0.10968477442699974,93.53996002910115,33264.29,3
2023,2,4.386287915710052,pnm,129,-0.01820684058983686,2.6829007971815737,38.834366354009255,33264.29,3
2023,2,3.4351419678673167,q5_19,129,-0.028860341806081526,1.575903921177266,54.12405263251304,33264.29,3
2023,2,9.49100418797022,u20m,129,-0.04210373047533471,3.045130323945321,67.91561500093951,33264.29,3
2019,3,12.104595490936902,hgap,129,-0.001532016553824489,11.543155454527065,4.6382387319774905,33264.29,3
2022,3,191.81182,math,129,-0.019478944204857074,111.17486804782783,42.039615677580336,33264.29,3
2023,3,1.80131845243067,nnm,129,-0.1048650341388619,0.10615690416006326,94.1067108918572,33264.29,3
2023,3,4.406478119212798,pnm,129,-0.014921792031961489,2.945231356530838,33.16133027668379,33264.29,3
2023,3,6.065562984072792,q5_19,129,-0.028124663650531123,2.83845941249035,53.20369403559578,33264.29,3
2023,3,12.227816449498551,u20m,129,-0.039678635856456125,4.188699170036104,65.7445040385123,33264.29,3
2019,1,10.285868999999991,hgap,130,-0.004358906862477463,8.98579411629041,12.63942680690938,5789.092,3
2022,1,1e-12,math,130,-2.9797756702976876,5.82366432334154e-49,100,5789.092,1
2023,1,1.0012158955528552,nnm,130,-0.024586021755265093,0.5155054360191907,48.512060354921054,5789.092,3
2023,1,1.320932933483232,pnm,130,-0.02273644343402504,0.7149478199995725,45.87553978881487,5789.092,3
2023,1,2.6873142843659714,q5_19,130,0.013788911552457506,3.899478785616553,-45.10691244052134,5789.092,3
2023,1,5.001903784711548,u20m,130,-0.005232639617302892,4.342878283428358,13.175493365096681,5789.092,3
2019,2,9.056492799999972,hgap,130,-0.0062555036337772485,7.460044089316952,17.627670511514406,5789.092,3
2022,2,12.105339999999956,math,130,0.07976825057894983,112.97399887375538,-833.2575448005244,5789.092,3
2023,2,0.9450106542768523,nnm,130,-0.01798514110307336,0.5814921033159074,38.46713783762778,5789.092,3
2023,2,1.1800646746877863,pnm,130,-0.01675434872844521,0.7506632201805262,36.38795938204559,5789.092,3
2023,2,2.0931497175795677,q5_19,130,0.033158830536056186,5.124117924436193,-144.80417628040067,5789.092,3
2023,2,4.21266410625476,u20m,130,0.004592455929310768,4.768785031055538,-13.20116939717735,5789.092,3
2019,3,9.264917813715698,hgap,130,-0.005595195335259051,7.789556557550122,15.924169926056605,5789.092,3
2022,3,5.929639999999949,math,130,-0.01836658721807427,3.5455704392749285,40.20597474256517,5789.092,3
2023,3,0.9764528435188061,nnm,130,-0.021267757249166692,0.5498783170907455,43.686136945521106,5789.092,3
2023,3,1.2500281236227373,pnm,130,-0.020257134191499947,0.7234118539125001,42.12835373527738,5789.092,3
2023,3,2.408471215071817,q5_19,130,0.02137477029592667,4.289246144536938,-78.08998993616952,5789.092,3
2023,3,4.628372113141599,u20m,130,-0.0010317225181088352,4.501221042968125,2.7472093225271683,5789.092,3
2019,1,8.260528399999998,hgap,131,-0.018356330287536738,4.675996604793554,43.39349278438949,51748.744,3
2022,1,50.87108999999998,math,131,0.10126333173422819,866.6784872046957,-1603.675874066579,51748.744,3
2023,1,1.134019282367989,nnm,131,-0.04924000115311535,0.3000783048790435,73.53851829993238,51748.744,3
2023,1,1.9023694444237904,pnm,131,-0.013863063607682325,1.30839012311146,31.22313192389615,51748.744,3
2023,1,1.4831028320373418,q5_19,131,-0.02836690660177669,0.6895127591802734,53.50876929868119,51748.744,3
2023,1,4.5128341580098486,u20m,131,-0.028455450899010006,2.093062277757903,53.61978294631284,51748.744,3
2019,2,7.135800699999976,hgap,131,-0.022249566924724417,3.580089826896047,49.82917856862147,51748.744,3
2022,2,55.95110999999997,math,131,0.0429900158444819,186.45663973769254,-233.24922371994523,51748.744,3
2023,2,1.0401811025037755,nnm,131,-0.03383823448003925,0.4171799998740728,59.89352249623679,51748.744,3
2023,2,1.4184435597820455,pnm,131,-0.03275853382758969,0.5857160122928223,58.70713302242199,51748.744,3
2023,2,1.2092029207751986,q5_19,131,-0.018021792132008017,0.7433212282581652,38.527999272311135,51748.744,3
2023,2,3.6633809528566763,u20m,131,-0.028418435250877328,1.7007829890978974,53.573406342803636,51748.744,3
2019,3,7.568745730801396,hgap,131,-0.017605050217360408,4.385355996208086,42.05967339658859,51748.744,3
2022,3,53.29093999999998,math,131,0.0686365693158594,364.1588874314398,-583.3410846786338,51748.744,3
2023,3,1.0916821856369727,nnm,131,-0.04201229795363301,0.3511252615806245,67.83631113520913,51748.744,3
2023,3,1.6639299722988055,pnm,131,-0.02234183138035415,0.9102398072736813,45.29578633551881,51748.744,3
2023,3,1.3503362107729622,q5_19,131,-0.024448401838882576,0.6978485036984587,48.32038879421038,51748.744,3
2023,3,4.1004133359824335,u20m,131,-0.028574013977028724,1.8957023533954804,53.768018049300345,51748.744,3
2019,1,15.70775359999999,hgap,132,-0.006677356065241158,12.770737389838148,18.69787548845841,22971.616,3
2023,1,3.956054091915987,nnm,132,-0.04739162288970056,1.1003994706670495,72.18441798064225,22971.616,3
2023,1,2.9602985951184824,pnm,132,-0.04145151660080102,0.9666673853174076,67.34561213144386,22971.616,3
2023,1,3.136109112161445,q5_19,132,-0.04651070773490651,0.8933237573914167,71.51490189141643,22971.616,3
2023,1,10.019096988432509,u20m,132,-0.04521027451149044,2.955936611578549,70.49697577544853,22971.616,3
2019,2,14.485414299999974,hgap,132,-0.007877552198104043,11.346826651665076,21.667227345612776,22971.616,3
2023,2,3.0402591735841322,nnm,132,-0.04898933049312319,0.8099610190837125,73.35881670479898,22971.616,3
2023,2,2.5874230547444643,pnm,132,-0.04268191604371465,0.817299789244721,68.41259539115308,22971.616,3
2023,2,1.87923578972915,q5_19,132,-0.04675473110126914,0.5317868433320855,71.70196277452067,22971.616,3
2023,2,7.488490622412303,u20m,132,-0.046149311607796714,2.1540199591418876,71.23559248782229,22971.616,3
2019,3,15.146214954407355,hgap,132,-0.008338773773738017,11.696020734154452,22.779250331773095,22971.616,3
2023,3,3.5072893594291776,nnm,132,-0.048081167093750675,0.9575780616983814,72.6974890416732,22971.616,3
2023,3,2.7784100856640404,pnm,132,-0.04198529091338003,0.8942910458086706,67.81284913904511,22971.616,3
2023,3,2.516653085131826,q5_19,132,-0.046432532144741176,0.7183858275647387,71.45471373035475,22971.616,3
2023,3,8.776813441194298,u20m,132,-0.04555196941169748,2.565645833450582,70.76791194616685,22971.616,3
2019,1,12.140380399999998,hgap,133,-0.015836980329301344,7.430482004444867,38.7953115172168,23594.624,3
2023,1,11.17547012762769,nnm,133,-0.01831511400323609,6.8155933803843025,39.01291576508285,23594.624,3
2023,1,13.954120038164874,pnm,133,-0.06557754349847515,2.3754363179652485,82.97681035086146,23594.624,3
2023,1,12.360043505061036,q5_19,133,-0.09922489254912162,0.8482302770102361,93.13731964889192,23594.624,3
2023,1,37.025014464286855,u20m,133,-0.06644097734502466,6.157601670328414,83.36907693508712,23594.624,3
2019,2,10.981722199999979,hgap,133,-0.011132675544554393,7.776600824642285,29.185962975440223,23594.624,3
2023,2,7.931733176651483,nnm,133,-0.024068351700458245,4.141367616063384,47.78735588012135,23594.624,3
2023,2,13.253390706352342,pnm,133,-0.06729687259227393,2.153808912780946,83.7489970642107,23594.624,3
2023,2,9.07321239354275,q5_19,133,-0.05585465387515205,2.0082239503927326,77.86645056582219,23594.624,3
2023,2,29.961950586692375,u20m,133,-0.05338269999799028,7.089362087549493,76.33878319424824,23594.624,3
2019,3,11.56324750019482,hgap,133,-0.013850106403034657,7.526863723904616,34.907008400729964,23594.624,3
2023,3,9.615234827138439,nnm,133,-0.02058838983743727,5.514948288434359,42.64364430425829,23594.624,3
2023,3,13.590409439942942,pnm,133,-0.06649439086091498,2.2569532911014707,83.393044182553,23594.624,3
2023,3,10.750117093648925,q5_19,133,-0.0837834548298467,1.1193670219160694,89.58739693563541,23594.624,3
2023,3,33.577027760780084,u20m,133,-0.061056496895884174,6.457980929687099,80.76666887939857,23594.624,3
2019,1,10.253702500000003,hgap,134,-0.009854201310953447,7.554614882421194,26.323053722095096,23317.145,3
2022,1,30.77319,math,134,0.053271842027306573,136.7638113302962,-344.4252004107998,23317.145,3
2023,1,1.4851401452618456,nnm,134,-0.051472756453492516,0.36999888660322333,75.08660123533402,23317.145,3
2023,1,3.022651369865903,pnm,134,-0.004325203351329776,2.689496207942402,11.021951298944575,23317.145,3
2023,1,2.823843911427648,q5_19,134,-0.03191151808726276,1.1930201791383939,57.7519078051577,23317.145,3
2023,1,7.314429742444117,u20m,134,-0.026110481171562606,3.614183922382503,50.58830216920201,23317.145,3
2019,2,9.665877799999976,hgap,134,-0.00869022948976501,7.3831827819535105,23.616013623164893,23317.145,3
2022,2,36.40343999999993,math,134,0.04430714974494761,125.8717420814222,-245.76881218209715,23317.145,3
2023,2,1.272775880368159,nnm,134,-0.04500738931043228,0.37757001262720796,70.33491768260149,23317.145,3
2023,2,2.5991271510753533,pnm,134,-0.0070723998786778155,2.147320703987901,17.383006710561414,23317.145,3
2023,2,1.8353567198310383,q5_19,134,-0.03096101477160207,0.795560374944068,56.653637609079794,23317.145,3
2023,2,5.696851393234503,u20m,134,-0.02438057102984379,2.94950752949291,48.225654385232836,23317.145,3
2019,3,9.884362549595636,hgap,134,-0.00821473991984556,7.66218376847602,22.481761165372507,23317.145,3
2022,3,33.499239999999986,math,134,0.047807715083417836,127.75811816469296,-281.37616902560484,23317.145,3
2023,3,1.3823365860633354,nnm,134,-0.0486938440449529,0.37122068923105056,73.14541964860922,23317.145,3
2023,3,2.818095423258282,pnm,134,-0.0055753379476498385,2.424262005314778,13.975162611355222,23317.145,3
2023,3,2.3523467384581886,q5_19,134,-0.031334478470724514,1.0094266771299882,57.088525231973144,23317.145,3
2023,3,6.5390114825354395,u20m,134,-0.02532601297969699,3.300201918859201,49.53056853205618,23317.145,3
2019,1,15.351116200000007,hgap,135,-0.003809308314674098,13.64126827658355,11.13826448279023,10389.807999999999,3
2023,1,16.20365212958108,nnm,135,-0.02212379067052388,8.916418110469298,44.972787374324994,10389.807999999999,3
2023,1,17.54956297585819,pnm,135,-0.03488898724180012,6.841632634538458,61.01536748265438,10389.807999999999,3
2023,1,6.046870230693946,q5_19,135,-0.016043186648827312,3.921110017427322,35.154718592706914,10389.807999999999,3
2023,1,39.31333654146341,u20m,135,-0.026753089057691158,19.09125561374829,51.43822098739209,10389.807999999999,3
2019,2,12.239430199999987,hgap,135,-0.003307575298085075,11.04665745531981,9.74532903239383,10389.807999999999,3
2023,2,11.805636173153125,nnm,135,-0.023808208355229475,6.207482589466448,47.41933006894864,10389.807999999999,3
2023,2,14.40693695074513,pnm,135,-0.03308996550023222,5.896038913040596,59.07500023635731,10389.807999999999,3
2023,2,4.231620470357855,q5_19,135,-0.013726131002745556,2.9211561291026724,30.968380799622157,10389.807999999999,3
2023,2,30.163908604175727,u20m,135,-0.026767592057006694,14.642395831446072,51.457233133841754,10389.807999999999,3
2019,3,14.03117223747384,hgap,135,-0.00409237962097202,12.359409484850568,11.914633534027905,10389.807999999999,3
2023,3,14.06343876055696,nnm,135,-0.022812307668921415,7.59618484355523,45.986291312620644,10389.807999999999,3
2023,3,16.021628898610697,pnm,135,-0.03403641711060614,6.391419281765846,60.10755634016669,10389.807999999999,3
2023,3,5.130748020796716,q5_19,135,-0.01502925872472618,3.419387618099129,33.35498831283167,10389.807999999999,3
2023,3,34.83729363777988,u20m,135,-0.026729984553650166,16.92816641322116,51.407917649311514,10389.807999999999,3
2019,1,12.171238200000005,hgap,136,-0.018171996212281983,6.92919580651302,43.0690970577421,71702.438,3
2022,1,189.75909000000001,math,136,0.016149931080223466,298.25636160162753,-57.17632372795817,71702.438,3
2023,1,3.511405709485161,nnm,136,-0.035161414640560884,1.3588764913659759,61.30106846681601,71702.438,3
2023,1,5.426051622536399,pnm,136,-0.03128446148536912,2.331545303213878,57.03053591436343,71702.438,3
2023,1,14.236023050916536,q5_19,136,0.005205825845516187,16.38445279148962,-15.091502260771929,71702.438,3
2023,1,23.027464705620005,u20m,136,-0.011056981752365668,17.08411550326964,25.80982873420647,71702.438,3
2019,2,10.943556699999988,hgap,136,-0.01953417589727806,5.972654097342935,45.42309907945246,71702.438,3
2022,2,183.76452,math,136,0.021728066488990283,337.660521692478,-83.7463084236707,71702.438,3
2023,2,2.8434920213875667,nnm,136,-0.035234297114601,1.0982377610386453,61.37714638275203,71702.438,3
2023,2,4.4096360969964055,pnm,136,-0.029544214957744352,1.9859519371652428,54.96335993534794,71702.438,3
2023,2,5.9648503255929075,q5_19,136,-0.0037064859089118276,5.396814346138604,9.523055038230831,71702.438,3
2023,2,13.16225064715615,u20m,136,-0.019987773447589462,7.672811068624016,41.70593408140414,71702.438,3
2019,3,11.507550380566244,hgap,136,-0.019485520941837153,6.289944364277208,45.34071843040063,71702.438,3
2022,3,186.6481,math,136,0.01932083157709554,320.60451081336186,-71.76950143792615,71702.438,3
2023,3,3.1877389284606417,nnm,136,-0.03527947417880497,1.2296948667507583,61.42422907434965,71702.438,3
2023,3,4.933374834130366,pnm,136,-0.030476698085775068,2.1665855651731745,56.08309447349969,71702.438,3
2023,3,10.22044416227863,q5_19,136,0.002724749637087598,11.000693146574864,-7.634198395955808,71702.438,3
2023,3,18.242990953999726,u20m,136,-0.014223861670796678,12.425324443976068,31.889872251173543,71702.438,3
2019,1,23.651851599999986,hgap,137,-0.0026857465949088333,21.762390188695008,7.988640565058253,1384.293,3
2023,1,23.840429091097835,nnm,137,-0.025945710405922286,11.83248434637801,50.367989178532305,1384.293,3
2023,1,27.53430626519382,pnm,137,-0.037116645046078076,10.107556490630252,63.291043568411105,1384.293,3
2023,1,15.502162574463686,q5_19,137,-0.02926274565744884,7.034913553105559,54.61979243661144,1384.293,3
2023,1,65.43422483451155,u20m,137,-0.030652222112775185,28.600821467375372,56.29073082212075,1384.293,3
2019,2,17.648875799999985,hgap,137,-0.008535809045491094,13.54560319059967,23.249484306531972,1384.293,3
2023,2,16.75901963730323,nnm,137,-0.026997012566303803,8.085054710001568,51.75699483038155,1384.293,3
2023,2,25.991381486784483,pnm,137,-0.03978019280892862,8.87909640782315,65.8383052384584,1384.293,3
2023,2,11.69827406397339,q5_19,137,-0.039802929757936534,3.993876094320812,65.8592705857306,1384.293,3
2023,2,53.51807485867954,u20m,137,-0.03529368793830012,20.63708851484038,61.439030515699756,1384.293,3
2019,3,20.740964728509795,hgap,137,-0.005122214423151261,17.695707038406994,14.682333873876647,1384.293,3
2023,3,20.408738935790844,nnm,137,-0.02637270370694016,10.01315960362946,50.93690190691125,1384.293,3
2023,3,26.784470756763824,pnm,137,-0.03838883451473825,9.50030343192192,64.53055384892072,1384.293,3
2023,3,13.62746429181505,q5_19,137,-0.033959550935533975,5.447622714781724,60.02467811965808,1384.293,3
2023,3,59.63836221315422,u20m,137,-0.03273946168933559,24.639074145429536,58.68586387840981,1384.293,3
2019,1,9.409828299999987,hgap,138,-0.012625956049764086,6.362046290175517,32.38934774000578,7364.437,3
2023,1,23.676220263621563,nnm,138,-0.0021095229444070274,22.365376264010173,5.5365425098088705,7364.437,3
2023,1,21.685380542362797,pnm,138,-0.013366361128349125,15.115891011395158,30.294554979720175,7364.437,3
2023,1,7.702994100131755,q5_19,138,-0.005011654085407891,6.7281111103095,12.655896877885182,7364.437,3
2023,1,52.20570184818396,u20m,138,-0.007150437326601544,43.03999983040923,17.55689837180797,7364.437,3
2019,2,7.534080899999992,hgap,138,-0.013121260927937283,5.016225499866849,33.419542921727135,7364.437,3
2023,2,16.8152868171861,nnm,138,-0.0023626855222529386,15.776096159864847,6.180035277537724,7364.437,3
2023,2,17.322569616092686,pnm,138,-0.011185937965896776,12.806974793453655,26.067696206248975,7364.437,3
2023,2,5.679966753106558,q5_19,138,-0.01277416828167206,4.023060115401221,29.171062256642976,7364.437,3
2023,2,39.334291803619024,u20m,138,-0.007685366627304147,31.963409788266656,18.739073915840013,7364.437,3
2019,3,8.56231098457124,hgap,138,-0.01211940552694939,5.880657393134308,31.31927345630296,7364.437,3
2023,3,20.326494576262558,nnm,138,-0.0022355696215390795,19.13587425905972,5.857479816481761,7364.437,3
2023,3,19.579115612111565,pnm,138,-0.012356624473483579,14.024904012789328,28.36804128112111,7364.437,3
2023,3,6.717836121922893,q5_19,138,-0.008244844481660052,5.377132803761942,19.95736862031687,7364.437,3
2023,3,45.960065702810304,u20m,138,-0.007349390359119567,37.68790960357969,17.99857326732411,7364.437,3
2019,1,7.426571599999988,hgap,139,-0.021970490180866564,3.758346612538455,49.39324879681411,87270.503,3
2022,1,124.55998999999997,math,139,-0.0032383409285539956,113.76260913698711,8.668418216004083,87270.503,3
2023,1,5.960887143883438,nnm,139,-0.039646429586911204,2.0437078279299543,65.71470355671747,87270.503,3
2023,1,7.78730265108718,pnm,139,0.010882160958871446,10.446979441078152,-34.154018524240314,87270.503,3
2023,1,6.945196971885781,q5_19,139,0.07311019771591984,50.000133519599764,-619.9239088826531,87270.503,3
2023,1,20.551806039176277,u20m,139,0.007461337709473881,25.138610731403052,-22.318256037855324,87270.503,3
2019,2,8.559170699999981,hgap,139,-0.014979987528415607,5.379652017062479,37.14750872929208,87270.503,3
2022,2,130.30304,math,139,-0.004752760544514345,114.0669457422171,12.460257456604932,87270.503,3
2023,2,4.583038481113351,nnm,139,-0.048084613616998784,1.2511681492498603,72.70002958941083,87270.503,3
2023,2,7.931326036012543,pnm,139,0.01606371292123936,12.237934198367556,-54.2987155338296,87270.503,3
2023,2,8.291443831403456,q5_19,139,0.1483218179275471,454.8252155287531,-5385.4766525237,87270.503,3
2023,2,20.665998016058616,u20m,139,0.025766013247847087,41.43691289850213,-100.5076786821685,87270.503,3
2019,3,7.968187952728869,hgap,139,-0.018221024089406068,4.529471933267537,43.155558576949396,87270.503,3
2022,3,127.44167999999996,math,139,-0.003974640220114534,114.01943565056548,10.532067961937164,87270.503,3
2023,3,5.293295822920034,nnm,139,-0.04323409230499205,1.6472720036661774,68.88003129291452,87270.503,3
2023,3,7.853541037909695,pnm,139,0.013336385195023693,11.257638972316972,-43.34475261509953,87270.503,3
2023,3,7.606373625644314,q5_19,139,0.10616726725178804,133.68720050602167,-1657.568153834902,87270.503,3
2023,3,20.61195582278419,u20m,139,0.01599830817411596,31.747869092460594,-54.02647553400493,87270.503,3
2019,1,9.705138599999998,hgap,140,-0.021672239106635738,4.957076172192662,48.92318001318742,10642.089,3
2022,1,152.93777,math,140,0.002554440980762873,164.27723436970774,-7.4144303069854764,10642.089,3
2023,1,3.387526535782343,nnm,140,-0.03172604217774011,1.4383503704208755,57.53980506934417,10642.089,3
2023,1,3.185970866482868,pnm,140,-0.027451363758106816,1.5182680520261924,52.34519976316435,10642.089,3
2023,1,1.65753064858154,q5_19,140,-0.08272289615138163,0.17760571634198202,89.28492112685994,10642.089,3
2023,1,8.209357605582056,u20m,140,-0.04270284789247451,2.591657887533821,68.43044228245593,10642.089,3
2019,2,9.830910099999983,hgap,140,-0.010808436087622119,7.031991805622485,28.470591897463315,10642.089,3
2022,2,145.84487000000001,math,140,0.001137718043779934,150.56571415565486,-3.2368942120863387,10642.089,3
2023,2,2.489417351349023,nnm,140,-0.0299964025366788,1.107544961232663,55.509872194291525,10642.089,3
2023,2,2.8755752421824043,pnm,140,-0.026628275399932465,1.4011443599194984,51.27429324867513,10642.089,3
2023,2,0.8663212840436252,q5_19,140,-0.08601184499675148,0.08493922685443543,90.19541266976903,10642.089,3
2023,2,6.219513764966433,u20m,140,-0.03842589603802007,2.2038207042745728,64.56602899267855,10642.089,3
2019,3,8.738449066082268,hgap,140,-0.013628047767598428,5.7274089643247095,34.45737428904539,10642.089,3
2022,3,149.48296999999997,math,140,0.0019568344439511165,157.9018816214631,-5.632020571616379,10642.089,3
2023,3,2.9483015924556457,nnm,140,-0.030996261155637028,1.2767658770416315,56.69486865561095,10642.089,3
2023,3,3.0341938594711237,pnm,140,-0.027103342880738658,1.4595899159470698,51.89529794244972,10642.089,3
2023,3,1.2931338681123616,q5_19,140,-0.0831910575737235,0.13681988487224386,89.41951113909302,10642.089,3
2023,3,7.258959001978371,u20m,140,-0.040927142669528974,2.4041672320185468,66.879999854479,10642.089,3
2019,1,12.840222799999992,hgap,141,-0.007519225013367903,10.170452215659344,20.79224500949197,35652.311,3
2022,1,213.68613999999997,math,141,,,,35652.311,3
2023,1,8.07375082373396,nnm,141,-0.05639207225284011,1.7612648391807788,78.18529605839103,35652.311,3
2023,1,6.415147661711029,pnm,141,-0.06618527936925907,1.074289457232269,83.2538623601107,35652.311,3
2023,1,8.357596121553845,q5_19,141,-0.01213763437088664,6.022212474393495,27.943246038624746,35652.311,3
2023,1,22.674040817365015,u20m,141,-0.045211133757437905,6.689372562192526,70.49766022706707,35652.311,3
2019,2,10.072893399999998,hgap,141,-0.00945115221434496,7.514708816743212,25.396720501944223,35652.311,3
2022,2,219.72787,math,141,,,,35652.311,3
2023,2,5.822730270666284,nnm,141,-0.05184631018530113,1.4360824643569816,75.33661362279359,35652.311,3
2023,2,6.900345854199852,pnm,141,-0.04291802579873614,2.165789234627899,68.61332344219086,35652.311,3
2023,2,5.847678034494597,q5_19,141,-0.016845802740405612,3.710653442929521,36.54484017346852,35652.311,3
2023,2,18.45640980688501,u20m,141,-0.038244216293654175,6.571997930185397,64.39178584052806,35652.311,3
2019,3,11.461325462012496,hgap,141,-0.008272389266019609,8.868753860453824,22.620172598287272,35652.311,3
2022,3,216.65807999999998,math,141,,,,35652.311,3
2023,3,7.025292672825871,nnm,141,-0.05408088473109744,1.631227808847328,76.78064267476022,35652.311,3
2023,3,6.614754714513005,pnm,141,-0.05577874658283444,1.4670837090964515,77.82104140796606,35652.311,3
2023,3,7.142259456659916,q5_19,141,-0.013947141635190974,4.901083742762592,31.379085673056917,35652.311,3
2023,3,20.638747403724288,u20m,141,-0.04227817683984645,6.590699419166686,68.06637878625625,35652.311,3
2019,1,14.887557299999997,hgap,142,-0.01930641349619382,8.182739241512019,45.03638792703743,100352.189,3
2022,1,105.88936999999999,math,142,0.05042239149980077,434.5112481093671,-310.34453988097874,100352.189,3
2023,1,11.67758173430853,nnm,142,-0.009617986782234666,9.006848834501685,22.870599072411363,100352.189,3
2023,1,11.861370889382105,pnm,142,-0.012863946578626351,8.380942837365883,29.34254467273916,100352.189,3
2023,1,18.567161526760188,q5_19,142,-0.01133696597777729,13.671268346686578,26.368560283257803,100352.189,3
2023,1,41.53312226392914,u20m,142,-0.011133755831722603,30.74968739817821,25.96345826645489,100352.189,3
2019,2,11.935523699999976,hgap,142,-0.023762172404059666,5.713842809108801,52.12742270279425,100352.189,3
2022,2,116.16046,math,142,0.0452870966040674,412.81981564763987,-255.387552397468,100352.189,3
2023,2,8.160376497879486,nnm,142,-0.007776808160496529,6.614845802557355,18.939453292672773,100352.189,3
2023,2,8.60422173975417,pnm,142,-0.012044783871865227,6.215485368661292,27.762375765563732,100352.189,3
2023,2,6.193907998485515,q5_19,142,-0.005615177253551096,5.32257092002359,14.067646446717935,100352.189,3
2023,2,22.78488906526521,u20m,142,-0.008761041100443689,17.985204474115605,21.065209391194983,100352.189,3
2019,3,13.478804825862682,hgap,142,-0.02204389506995197,6.805680911820455,49.50827614357957,100352.189,3
2022,3,111.19099999999997,math,142,0.047345063321443434,418.59807707228947,-276.4675891684485,100352.189,3
2023,3,10.009034596374118,nnm,142,-0.009142344554834158,7.819689452224483,21.873689445960643,100352.189,3
2023,3,10.313044490507629,pnm,142,-0.012633357068534901,7.332444175152004,28.901264976593872,100352.189,3
2023,3,12.497538514900652,q5_19,142,-0.01032680480022874,9.456553341966233,24.33267294442576,100352.189,3
2023,3,32.46370805774723,u20m,142,-0.010576766342954791,24.399194000409075,24.841629437379133,100352.189,3
2019,1,19.3659471,hgap,143,-0.012189251229653753,13.271905484939886,31.467821241028354,39390.8,3
2023,1,24.36911106273689,nnm,143,-0.016727981740063493,15.512728543559943,36.34265729421437,39390.8,3
2023,1,19.206894232533966,pnm,143,-0.03030592481108685,8.474056497103128,55.88013140224834,39390.8,3
2023,1,13.577126657801974,q5_19,143,-0.009250833768384847,10.57628257936413,22.102202874519367,39390.8,3
2023,1,56.09979491240091,u20m,143,-0.019459572608740316,33.172582165302394,40.868621325441666,39390.8,3
2019,2,15.605133299999977,hgap,143,-0.009065305886908171,11.782029363449682,24.49901492703238,39390.8,3
2023,2,15.920706400798137,nnm,143,-0.020504112322363977,9.152339399061047,42.512981719189156,39390.8,3
2023,2,20.72447117418219,pnm,143,-0.02866443712930953,9.557970195567785,53.88075229888247,39390.8,3
2023,2,8.243753093626571,q5_19,143,-0.016253465245225175,5.315420642224649,35.52183596650755,39390.8,3
2023,2,44.25960866339729,u20m,143,-0.02326864822780945,23.613509641045006,46.647721581475736,39390.8,3
2019,3,17.52178702042079,hgap,143,-0.010832323893979057,12.5239528473749,28.523541390048607,39390.8,3
2023,3,20.23702862495838,nnm,143,-0.018353211994108908,12.329284702674016,39.07561761577845,39390.8,3
2023,3,19.969733464970552,pnm,143,-0.029293455569534554,9.054795439485558,54.65740464003278,39390.8,3
2023,3,10.974559001107442,q5_19,143,-0.011874835090012503,7.964221739882295,27.43014330618091,39390.8,3
2023,3,50.34037666779723,u20m,143,-0.021097927410276274,28.4788991420581,43.42732210767094,39390.8,3
2019,1,9.711557400000004,hgap,144,-0.008403337842765701,7.484342619775284,22.933652023976286,2811.662,3
2022,1,221.53051,math,144,0.017166908215760036,358.2509622594302,-61.71630817779014,2811.662,3
2023,1,4.646205289032774,nnm,144,-0.020467411184363328,2.6736129368436523,42.45598783259461,2811.662,3
2023,1,5.51868534005151,pnm,144,-0.013504610625176406,3.832491761076432,30.55426202210941,2811.662,3
2023,1,3.909071320819635,q5_19,144,-0.04592349191651528,1.131297891522724,71.05967636104631,2811.662,3
2023,1,14.008685954733814,u20m,144,-0.02559842650670121,7.018293146067772,49.900417721219945,2811.662,3
2019,2,8.132633699999985,hgap,144,-0.009441537291497682,6.0690201281699885,25.37448073961576,2811.662,3
2022,2,202.4783,math,144,0.008531538606229638,257.11303196138124,-26.983006061084694,2811.662,3
2023,2,3.878036031503431,nnm,144,-0.01620870170021833,2.503510387901263,35.44385953189026,2811.662,3
2023,2,4.928799258034133,pnm,144,-0.00799691538483931,3.9716383206179744,19.419758998217457,2811.662,3
2023,2,3.442625961982859,q5_19,144,-0.03652173180139669,1.2842151872951566,62.696639092459414,2811.662,3
2023,2,12.200094353157942,u20m,144,-0.01922683249160073,7.2595599082537765,40.4958707850102,2811.662,3
2019,3,8.922152288460552,hgap,144,-0.008983330315951088,6.753453243098187,24.306904603805602,2811.662,3
2022,3,212.37174,math,144,0.013117272426328963,306.62388236214014,-44.380736515197434,2811.662,3
2023,3,4.275109013272309,nnm,144,-0.018743110407453623,2.5773084584883197,39.713620155955674,2811.662,3
2023,3,5.233835451857627,pnm,144,-0.011150122986006239,3.873238755127242,25.996168760855355,2811.662,3
2023,3,3.686088394400544,q5_19,144,-0.041339386374842954,1.207319252484911,67.24660064259655,2811.662,3
2023,3,13.137689309608568,u20m,144,-0.022723258475890608,7.113235240504579,45.856268382734996,2811.662,3
2019,1,4.9397657000000095,hgap,145,-0.005073342490835753,4.220882729201833,14.552977093593233,80.869,3
2023,1,3.5277228172521125,nnm,145,0.006955956648489248,4.256568835341245,-20.660523965339777,80.869,3
2023,1,2.6093819318976363,pnm,145,-0.0023977777553960246,2.4458027354340235,6.2688866840068975,80.869,3
2023,1,1.9082055941987974,q5_19,145,0.003163258708091932,2.078343757549192,-8.916133768166157,80.869,3
2023,1,8.024411874922643,u20m,145,0.0029343810559849803,8.68603590900101,-8.245140508627552,80.869,3
2019,2,4.827268299999986,hgap,145,-0.0010886305085786364,4.667078058925344,3.318444948971296,80.869,3
2023,2,3.34931980209804,nnm,145,0.0104804280055107,4.444773169675978,-32.706741437223684,80.869,3
2023,2,2.7764545104818072,pnm,145,0.0026293850532942307,2.980729753434881,-7.35741364325919,80.869,3
2023,2,1.4468067438864196,q5_19,145,0.007474942455847539,1.7703589606228691,-22.363195230022352,80.869,3
2023,2,7.554432465002314,u20m,145,0.006949797508191624,9.113702089469955,-20.640460176079728,80.869,3
2019,3,4.744229634954223,hgap,145,-0.001750611650382905,4.493626703164554,5.282268167276166,80.869,3
2023,3,3.4410274504903797,nnm,145,0.008584169920652118,4.3385608516394685,-26.0832967496723,80.869,3
2023,3,2.6857548010604804,pnm,145,-1.1153585336401984e-4,2.677678902570006,0.30069381193270134,80.869,3
2023,3,1.687629212425823,q5_19,145,0.004558578185246243,1.9086693467294114,-13.097671732398021,80.869,3
2023,3,7.794845567932418,u20m,145,0.004642537185865469,8.835795971085128,-13.354342867742304,80.869,3
2019,1,5.25797399999999,hgap,146,-0.004365915461292147,4.592398341739476,12.65840527664297,9130.435,3
2022,1,83.99253999999996,math,146,0.027322648095685142,180.5056595366175,-114.90677569295745,9130.435,3
2023,1,2.146870745927003,nnm,146,-0.018132631439736858,1.31578081625643,38.711689152563054,9130.435,3
2023,1,1.7332504614928634,pnm,146,-0.0030462326835131613,1.5963986405890545,7.895674857396971,9130.435,3
2023,1,2.8243698917987947,q5_19,146,-0.001111412661820288,2.7408748306499557,2.956236765987558,9130.435,3
2023,1,6.68982164665588,u20m,146,-0.0073416055181575015,5.486902370814607,17.981335518004286,9130.435,3
2019,2,3.4345025999999734,hgap,146,-0.0025050589490808405,3.1778831031057737,7.471809655762138,9130.435,3
2022,2,103.04811999999998,math,146,0.017932446456917096,170.25623456070744,-65.22012683075388,9130.435,3
2023,2,1.7121439024721283,nnm,146,-0.013108479417789665,1.201796337125192,29.80751586417802,9130.435,3
2023,2,1.3879338350150094,pnm,146,0.0094498393379294,1.791336257239116,-29.064960594446788,9130.435,3
2023,2,1.2317583848101554,q5_19,146,-0.03213453958795907,0.5172702368369713,58.00554368325283,9130.435,3
2023,2,4.325644160177555,u20m,146,-0.012577319288178845,3.0801350618748513,28.793609741851245,9130.435,3
2019,3,4.274305569946364,hgap,146,-0.00594731137223663,3.5546442818199053,16.836917163493514,9130.435,3
2022,3,93.32594,math,146,0.02179075636294705,171.78424076841355,-84.06912458466913,9130.435,3
2023,3,1.9368442622854596,nnm,146,-0.016025279887662603,1.2565594900482064,35.12335945041461,9130.435,3
2023,3,1.563677747863812,pnm,146,0.00198074643485015,1.649580034662779,-5.493605502560913,9130.435,3
2023,3,2.0489034545854157,q5_19,146,-0.011259477801342354,1.5117967576849445,26.21434873851349,9130.435,3
2023,3,5.539230838130793,u20m,146,-0.009436128094869534,4.293405301658737,22.490948163706758,9130.435,3
2019,1,5.091081599999995,hgap,147,-0.023066249731453835,2.4903831182747185,51.083417750076514,9115.681,3
2018,1,105.72298999999998,math,147,,,,9115.681,3
2023,1,1.2281637825728948,nnm,147,-0.06354820734825554,0.22084782172278022,82.01804801146932,9115.681,3
2023,1,1.468903003562061,pnm,147,-0.0676370372605815,0.23652907500101972,83.89757019847865,9115.681,3
2023,1,3.680792684628398,q5_19,147,-0.04111091469160046,1.213044646234399,67.04392911613101,9115.681,3
2023,1,6.366134713944649,u20m,147,-0.052153672210239276,1.5571283761770385,75.54044257394932,9115.681,3
2019,2,3.432585099999983,hgap,147,-0.014461103209891912,2.192449586250291,36.1283253763963,9115.681,3
2018,2,111.98458,math,147,,,,9115.681,3
2023,2,0.905610999505609,nnm,147,-0.0629939481938964,0.16530185920735455,81.74692452967156,9115.681,3
2023,2,1.222396328002917,pnm,147,-0.06470564368827206,0.2130476894755132,82.57130812691669,9115.681,3
2023,2,2.1231324650065053,q5_19,147,-0.026632103499650707,1.0344043786317931,51.279329213750984,9115.681,3
2023,2,4.245517085852524,u20m,147,-0.04697088009165964,1.1944070388508394,71.86662979567316,9115.681,3
2019,3,4.239041526350235,hgap,147,-0.0196224880580393,2.307212437400664,45.572308667918456,9115.681,3
2018,3,108.72829999999999,math,147,,,,9115.681,3
2023,3,1.0710996426241939,nnm,147,-0.06337040394856855,0.19353148192175154,81.93151465837488,9115.681,3
2023,3,1.349465950339357,pnm,147,-0.06636871693162086,0.22486693869045798,83.33659781234869,9115.681,3
2023,3,2.9237583308983073,q5_19,147,-0.036283866675798616,1.0976872737159835,62.456292569888106,9115.681,3
2023,3,5.3358055885835975,u20m,147,-0.05022429034714713,1.3749041706994172,74.23249127289907,9115.681,3
2019,1,4.689074599999998,hgap,148,0.03509180711135029,13.916584661274378,-196.7874441851359,11712.894,3
2022,1,87.22228999999999,math,148,0.03656149199158039,242.78631474392617,-178.3535203488996,11712.894,3
2023,1,2.4135487810252254,nnm,148,-0.002863518592428027,2.233976509630818,7.440175761358702,11712.894,3
2023,1,1.8712363650220665,pnm,148,-0.01999225692142126,1.0906877202408838,41.71299037211572,11712.894,3
2023,1,2.1956858164148274,q5_19,148,-0.01791838046588571,1.3535058740825434,38.35612253976378,11712.894,3
2023,1,6.466556516663058,u20m,148,-0.013177722507355893,4.530558567836508,29.938622570418435,11712.894,3
2019,2,6.959483599999999,hgap,148,0.03400705353294271,19.971853068019918,-186.97320398915693,11712.894,3
2022,2,94.86484000000002,math,148,0.0280536617513933,208.0868770756597,-119.35089657628647,11712.894,3
2023,2,1.9709815178673251,nnm,148,-0.0013563770890137716,1.900105611618415,3.595970109633525,11712.894,3
2023,2,1.4908078883482112,pnm,148,-0.018022097098134498,0.9164218900466697,38.528505435931855,11712.894,3
2023,2,1.3628529835782999,q5_19,148,-0.01903760153059216,0.8151077574041034,40.19107216803675,11712.894,3
2023,2,4.816990129523968,u20m,148,-0.011830892762540101,3.4998327231427053,27.343992222617008,11712.894,3
2019,3,5.746986668444521,hgap,148,0.03305670051065266,16.01352016306868,-178.64202732530262,11712.894,3
2022,3,91.10661999999996,math,148,0.0321403472517674,224.07037846275728,-145.94302638244878,11712.894,3
2023,3,2.1965612709475364,nnm,148,-0.002237333082002879,2.067799680460645,5.8619621583033314,11712.894,3
2023,3,1.6864132247491614,pnm,148,-0.019099410623595447,1.0069438318727182,40.29080078979505,11712.894,3
2023,3,1.7893997911593296,q5_19,148,-0.018329343715826264,1.0908835575037554,39.03634263883614,11712.894,3
2023,3,5.661728411619604,u20m,148,-0.012618082341756565,4.027077776534296,28.871936557933505,11712.894,3
2019,1,1.3084328999999855,hgap,149,-0.054567791312559885,0.2410450655214107,81.57757531766333,3185.073,3
2018,1,172.94552,math,149,,,,3185.073,3
2023,1,4.872992773750305,nnm,149,0.011454460162205037,6.639115224740511,-36.24307551827089,3185.073,3
2023,1,1.5876145741049452,pnm,149,-0.05585960755414123,0.3513484608187911,77.86941071532604,3185.073,3
2023,1,2.726239035657829,q5_19,149,-0.023140335954808466,1.4595584317658274,46.462565729727274,3185.073,3
2023,1,9.161517880589498,u20m,149,-0.013832983309922931,6.306124620120969,31.167250860452377,3185.073,3
2019,2,2.8908172999999806,hgap,149,-0.016723995040772998,1.7213268513741136,40.45535664346117,3185.073,3
2018,2,175.53634,math,149,,,,3185.073,3
2023,2,3.890219046010168,nnm,149,0.011879109355799144,5.361272848789867,-37.814163813948234,3185.073,3
2023,2,1.5357121057735235,pnm,149,-0.044559262639796676,0.4611158780287057,69.97380718071203,3185.073,3
2023,2,1.072312260586128,q5_19,149,-0.01131041792521174,0.7901251124361303,26.3157625369082,3185.073,3
2023,2,6.486457269656132,u20m,149,-0.008157801682451926,5.204147277104427,19.769034763404584,3185.073,3
2019,3,1.9304348402980906,hgap,149,-0.0358254477095852,0.6358175705131323,67.06350521445461,3185.073,3
2018,3,174.20903999999996,math,149,,,,3185.073,3
2023,3,4.398306429761704,nnm,149,0.011652081414991123,6.02444743241225,-36.971980661625906,3185.073,3
2023,3,1.5618886869341875,pnm,149,-0.050702725328604294,0.3972943655317867,74.56320870652883,3185.073,3
2023,3,1.931409693503472,q5_19,149,-0.02006257168750176,1.1236257258216666,41.8235432077867,3185.073,3
2023,3,7.873236834659236,u20m,149,-0.01161386959761428,5.753997245947663,26.917005460604774,3185.073,3
2019,1,9.616098300000004,hgap,150,-0.011963071828246408,6.636491090681268,30.98561512540627,6795.805,3
2022,1,165.92971,math,150,0.014842429369037902,251.4268990078118,-51.526148637161974,6795.805,3
2023,1,2.7151353109220757,nnm,150,-0.06128875565811851,0.5189464333844558,80.8869034520339,6795.805,3
2023,1,3.179136350591749,pnm,150,-0.05233317604904049,0.7738430673723748,75.65870154552084,6795.805,3
2023,1,4.740825741103238,q5_19,150,-0.009558491501784738,3.662449027976609,22.74660095132879,6795.805,3
2023,1,10.598562824225555,u20m,150,-0.03809069047755061,3.7896352198888925,64.24387643174815,6795.805,3
2019,2,5.784810999999991,hgap,150,-0.016677201585890256,3.4495453517205403,40.3689186782326,6795.805,3
2022,2,160.26830999999999,math,150,0.013106686466912886,231.32798901186328,-44.337947415720116,6795.805,3
2023,2,2.2449334250641164,nnm,150,-0.05034829936215078,0.5765298187863985,74.31862288878644,6795.805,3
2023,2,3.166661436073137,pnm,150,-0.025712958883993477,1.5815857268021989,50.05510507736923,6795.805,3
2023,2,2.775059951956149,q5_19,150,-0.007310648043806456,2.2779703612846736,17.912751409967754,6795.805,3
2023,2,8.16454809656042,u20m,150,-0.02757000122336901,3.8783559726405192,52.49760394853449,6795.805,3
2019,3,7.726620040210946,hgap,150,-0.013550482244448724,5.076421403204914,34.29958537127288,6795.805,3
2022,3,163.28954,math,150,0.01407181955057828,242.14479930423465,-48.291678269309024,6795.805,3
2023,3,2.4862172438442567,nnm,150,-0.05661795848694081,0.5390631772515053,78.3179374776602,6795.805,3
2023,3,3.1742136920900332,pnm,150,-0.04029337595104785,1.0694439012975754,66.30838358606508,6795.805,3
2023,3,3.7868353396313115,q5_19,150,-0.008725596681412328,2.991992511150661,20.989632693087646,6795.805,3
2023,3,9.417969255732572,u20m,150,-0.033778553344281724,3.783307197571991,59.82884319494724,6795.805,3
2019,1,3.0234780000000114,hgap,151,-0.00741473040390146,2.402599273317416,20.53524869976209,3896.024,3
2022,1,114.34541999999999,math,151,0.009678862911390241,149.93952238791132,-31.12857724245653,3896.024,3
2023,1,2.748190008879794,nnm,151,-0.01844573473046627,1.6701403731458107,39.22762371781613,3896.024,3
2023,1,1.5504985485168543,pnm,151,-0.0361811430059755,0.583731397501354,62.3520190934891,3896.024,3
2023,1,3.1899410948057483,q5_19,151,-0.010698199846873391,2.389659901481925,25.08764800161792,3896.024,3
2023,1,7.470669616844727,u20m,151,-0.019227123430858396,4.445321982290819,40.49633820952824,3896.024,3
2019,2,3.5581419999999753,hgap,151,-0.010268223011708644,2.5880988855064326,27.26263073518565,3896.024,3
2022,2,120.83958999999999,math,151,0.004645405472342201,137.62537458537213,-13.89096453022734,3896.024,3
2023,2,2.3012311560095218,nnm,151,-0.018406950613017704,1.3999781066490675,39.163951305234505,3896.024,3
2023,2,1.3094707928937854,pnm,151,-0.023007615776270036,0.7035737708877045,46.27037313807631,3896.024,3
2023,2,1.7008975022441142,q5_19,151,0.003829524597173012,1.8861792429399054,-10.893174953301765,3896.024,3
2023,2,5.302449747710658,u20m,151,-0.013019336847892648,3.730890090783762,29.638369653676016,3896.024,3
2019,3,3.206684814617546,hgap,151,-0.011241852797077123,2.2631105096880777,29.425227594187685,3896.024,3
2022,3,117.48823999999996,math,151,0.00707610604731741,143.23250411227986,-21.912205095829083,3896.024,3
2023,3,2.531217718276569,nnm,151,-0.018467883622632787,1.537361508250543,39.263955954871925,3896.024,3
2023,3,1.4334687367525412,pnm,151,-0.03058268727334676,0.6277361404596753,56.20859218166255,3896.024,3
2023,3,2.467994816558017,q5_19,151,-0.0057675366938577,2.1120995814635504,14.420420687544834,3896.024,3
2023,3,6.419276979427124,u20m,151,-0.01670623782783076,4.088740882551285,36.305274010529196,3896.024,3
2019,1,2.5957587000000046,hgap,152,-0.02455539602750656,1.2124723833791367,53.29025061616341,10809.722,3
2022,1,89.93606,math,152,0.016990154887130692,144.72325177238244,-60.917936334305104,10809.722,3
2023,1,1.5289893994071788,nnm,152,-0.014989728605060293,1.0200833315557982,33.283819236987135,10809.722,3
2023,1,1.4649320350024198,pnm,152,-0.018219592225909458,0.8957265151765778,38.8554217004956,10809.722,3
2023,1,2.8734094012693445,q5_19,152,-0.02346735690818358,1.5248264996958367,46.93319723175416,10809.722,3
2023,1,5.856494644180921,u20m,152,-0.019975841374312076,3.4150888966453037,41.68715069109515,10809.722,3
2019,2,2.3977345999999784,hgap,152,-0.021739892559995734,1.2221207943253227,49.03018898232799,10809.722,3
2022,2,97.35989000000001,math,152,0.010460405626292957,130.49118497374852,-34.02971693348103,10809.722,3
2023,2,1.1807870192224954,nnm,152,-0.007684034900222713,0.9595529685736689,18.736151994159027,10809.722,3
2023,2,1.220333952452135,pnm,152,-0.001748299455935312,1.164067651534578,4.61072977642683,10809.722,3
2023,2,1.7185348839938719,q5_19,152,0.006603672231214797,2.0539633465586964,-19.51828069880603,10809.722,3
2023,2,4.114090967358375,u20m,152,-1.4442864193304762e-4,4.0980790081311635,0.38919798697334995,10809.722,3
2019,3,2.4256627664070436,hgap,152,-0.026151656105322673,1.0783191147753641,55.545382082415394,10809.722,3
2022,3,93.59424000000001,math,152,0.013670413676236582,137.24126372173131,-46.634305403549725,10809.722,3
2023,3,1.3593110435506317,nnm,152,-0.01196451374219778,0.9840644508202555,27.605645853520134,10809.722,3
2023,3,1.3457203094097148,pnm,152,-0.011243881456685496,0.9933667144138977,26.183270961435746,10809.722,3
2023,3,2.309147018220603,q5_19,152,-0.013731963719987838,1.5937905611285457,30.979251275360596,10809.722,3
2023,3,5.006107027632711,u20m,152,-0.012569988742244464,3.565373712671927,28.779514840738003,10809.722,3
2019,1,1.8897354000000064,hgap,153,-0.05611267698449364,0.3318553269459244,82.43905856100683,5948.134,3
2022,1,85.59920999999997,math,153,0.01504851176520976,130.45578845272755,-52.40302854749196,5948.134,3
2023,1,2.0988262988741995,nnm,153,-0.004187831750739368,1.8744341475757569,10.69131597115995,5948.134,3
2023,1,1.5338179364783322,pnm,153,-0.023669375356245564,0.8095205467228097,47.22186203002161,5948.134,3
2023,1,2.0004388444714305,q5_19,153,-0.009399578202450654,1.5520520634875792,22.41442082686247,5948.134,3
2023,1,5.622603419612182,u20m,153,-0.011633634180019392,4.106974703960592,26.95599533776348,5948.134,3
2019,2,0.8906044999999949,hgap,153,-0.09500740976588415,0.04683687138810896,94.7410021633498,5948.134,3
2022,2,97.27019999999999,math,153,0.010511483852054937,130.55756242230208,-34.22154207794586,5948.134,3
2023,2,1.7717160770132814,nnm,153,-0.033326058605056386,0.7204675012345712,59.33504749535722,5948.134,3
2023,2,1.3921753120215152,pnm,153,-0.009364839748490084,1.081140846892377,22.341616206187346,5948.134,3
2023,2,1.2287242500012008,q5_19,153,-0.0024514866400997147,1.1500280078394403,6.4047114038551465,5948.134,3
2023,2,4.386264580276356,u20m,153,-0.018007461881606603,2.697368049736295,38.50421012299381,5948.134,3
2019,3,1.3779075644654313,hgap,153,-0.07023477390669994,0.15618533996254216,88.6650350146575,5948.134,3
2022,3,91.31957999999997,math,153,0.012528005790372632,129.69031089612463,-42.01807640390447,5948.134,3
2023,3,1.9437171279358103,nnm,153,-0.017845976045885302,1.2005272459105014,38.23549586222775,5948.134,3
2023,3,1.4611008626888022,pnm,153,-0.017716905630191813,0.9055921092261189,38.01987717948534,5948.134,3
2023,3,1.6228619626418306,q5_19,153,-0.00697801831528268,1.3441807768739498,17.172205164894017,5948.134,3
2023,3,5.019319045761361,u20m,153,-0.014401289366795567,3.4023265034661123,32.21537677826522,5948.134,3
2019,1,0.991691000000003,hgap,154,-0.09176355689436225,0.05767024195344421,94.18465611229264,1367.196,3
2022,1,67.58428000000004,math,154,0.016369336903251153,106.88108324821388,-58.14488701842178,1367.196,3
2023,1,1.1814430575491583,nnm,154,0.011574746313366144,1.6148705067725364,-36.686275013753146,1367.196,3
2023,1,1.6341941910701374,pnm,154,-0.004212351528019404,1.4585114226935754,10.750421788093481,1367.196,3
2023,1,3.733725616897665,q5_19,154,-0.010843095068087472,2.7861006262074794,25.380145407620038,1367.196,3
2023,1,6.536926549943867,u20m,154,-0.00547638202869567,5.638425127153864,13.745013286063587,1367.196,3
2019,2,1.6984510999999998,hgap,154,-0.02404417338208479,0.8060152172028191,52.54410225865089,1367.196,3
2022,2,73.90319,math,154,0.016497461834052984,117.29415498783064,-58.713250385850245,1367.196,3
2023,2,0.544421928662081,nnm,154,-0.09526328703054454,0.04157985522426954,92.36256788435172,1367.196,3
2023,2,0.6747486584626206,pnm,154,-0.123202675996294,0.024236699963099496,96.40804028890972,1367.196,3
2023,2,2.5364844968251976,q5_19,154,-0.021979305041991713,1.4012123551308981,44.75770079080981,1367.196,3
2023,2,3.752196260463081,u20m,154,-0.06047584032039852,0.7330756688906916,80.46275786223885,1367.196,3
2019,3,1.265968421166633,hgap,154,-0.0566421632483595,0.21869664740388817,82.72495239633609,1367.196,3
2022,3,70.64648,math,154,0.01625455412272636,111.3653012706558,-57.6374382285654,1367.196,3
2023,3,0.8889343130227846,nnm,154,-0.03117181719410429,0.38313380172345607,56.89964982669807,1367.196,3
2023,3,1.150989259100177,pnm,154,-0.05591338361985252,0.25435113131959003,77.90151999172978,1367.196,3
2023,3,3.1493013078139898,q5_19,154,-0.015455701904238972,2.0748247033009206,34.11793599574284,1367.196,3
2023,3,5.181780614336939,u20m,154,-0.028473660975555527,2.4021397407685123,53.64258119839583,1367.196,3
2023,1,2.972012954366998,q5_19,155,-0.02112944566809789,1.679917109495433,43.47544457950607,54.738,3
2023,1,11.962867592809289,u20m,155,-0.011842289125181394,8.689067955470414,27.36634516716301,54.738,3
2023,2,0.952119079598579,q5_19,155,-0.026461643458108097,0.4660186884130151,51.05457936947422,54.738,3
2023,2,7.25739552090221,u20m,155,-0.011404595813134421,5.333976040157677,26.50288902134166,54.738,3
2023,3,1.985559484426358,q5_19,155,-0.022250129121448158,1.0888773858620426,45.160173019111184,54.738,3
2023,3,9.67951184821314,u20m,155,-0.011638481522152766,7.069377797434751,26.965554582798777,54.738,3
2019,1,3.213004500000011,hgap,156,-0.02445794420651699,1.505327090234648,53.14892679936667,5601.187,3
2022,1,98.93791999999996,math,156,0.044814761785345866,346.99345313617005,-250.71836272297838,5601.187,3
2023,1,1.3340186934977765,nnm,156,0.016933215010377062,2.1072689356160015,-57.9639735100544,5601.187,3
2023,1,1.2958255362830462,pnm,156,-3.9853272469380084e-4,1.2819567072546505,1.0702697732116881,5601.187,3
2023,1,3.836804994768239,q5_19,156,0.036053062777535026,10.156081439329991,-164.7015277862321,5601.187,3
2023,1,6.454837002097924,u20m,156,0.02366310485332388,12.228063580545316,-89.44031548079374,5601.187,3
2019,2,3.886091599999986,hgap,156,-0.010294473614523847,2.8243415009645796,27.32179805116818,5601.187,3
2022,2,93.86973999999998,math,156,0.044078752330235726,322.5032268117691,-243.5646320228107,5601.187,3
2023,2,1.1186682850631462,nnm,156,0.016465037091757343,1.7448959879740953,-55.97974942818728,5601.187,3
2023,2,1.2901681854026181,pnm,156,0.006484294049351166,1.5370246858514203,-19.133668248978445,5601.187,3
2023,2,1.772950762637393,q5_19,156,-0.002529431543437932,1.6559098306392666,6.601476728209846,5601.187,3
2023,2,4.176075773261401,u20m,156,0.005027672289901286,4.783244812081037,-14.539224664150524,5601.187,3
2019,3,3.436182446808516,hgap,156,-0.019653895355252658,1.8684147523078602,45.62527510600548,5601.187,3
2022,3,96.45421999999996,math,156,0.04444673124478786,334.814606930631,-247.1228184009275,5601.187,3
2023,3,1.230758245604908,nnm,156,0.01673950781655792,1.9340130609424733,-57.139963745838735,5601.187,3
2023,3,1.2912930138943013,pnm,156,0.0028877760155348793,1.3960041891249768,-8.109017403794818,5601.187,3
2023,3,2.828519323101797,q5_19,156,0.022631604314316055,5.211181908290539,-84.23709768317502,5601.187,3
2023,3,5.341852137634939,u20m,156,0.016159766078357674,8.26381313148961,-54.69939860874442,5601.187,3
2019,1,5.1775254000000075,hgap,157,-0.006811652989397965,4.191949823854807,19.03564927262741,66438.828,3
2022,1,101.66271,math,157,0.02242692038167062,190.49278881027422,-87.3772485607301,66438.828,3
2023,1,2.501099984677545,nnm,157,-0.008037557069867352,2.0131820668360487,19.50813325459282,66438.828,3
2023,1,2.116886925659367,pnm,157,0.008290820642998641,2.6479843701613097,-25.088607145916246,66438.828,3
2023,1,2.2313670062430457,q5_19,157,-0.01630619444972776,1.4366976118711199,35.61356747449229,66438.828,3
2023,1,6.833766761170534,u20m,157,-0.006159750175463707,5.786703404172211,15.321906550099682,66438.828,3
2019,2,5.872583299999974,hgap,157,-0.005117197159283315,5.0111303593249605,14.669062943304988,66438.828,3
2022,2,111.45256999999998,math,157,0.021667349265158897,204.4421189821867,-83.43418997174022,66438.828,3
2023,2,2.0302473862066246,nnm,157,-0.009672074260197883,1.5636325088221183,22.983153706029075,66438.828,3
2023,2,1.5855517658818208,pnm,157,-0.004339498130239638,1.410248619184937,11.056286553935822,66438.828,3
2023,2,1.2722568850455085,q5_19,157,-0.020313094544375875,0.7351643829391216,42.21572768986628,66438.828,3
2023,2,4.880240844913675,u20m,157,-0.010883118176197137,3.6376955167260445,25.46073785441647,66438.828,3
2019,3,5.477194126831648,hgap,157,-0.006644106138971484,4.457667552185643,18.614030305253454,66438.828,3
2022,3,106.64900999999998,math,157,0.021975554781357598,197.32629849302873,-85.02403209652745,66438.828,3
2023,3,2.271919470363738,nnm,157,-0.008728133281908157,1.7949289827626855,20.99504378668341,66438.828,3
2023,3,1.8568765325909231,pnm,157,0.0027996567752894054,2.0026804845812127,-7.852108065949196,66438.828,3
2023,3,1.764633572712393,q5_19,157,-0.01760547156308716,1.0970177142873,37.8331155401804,66438.828,3
2023,3,5.881932534090528,u20m,157,-0.00805906451873275,4.731728779239712,19.554861402854595,66438.828,3
2019,1,3.5011868999999933,hgap,158,-0.010831448232865748,2.5025923386200857,28.52160109989871,84548.235,3
2022,1,100.18142,math,158,0.0505938340889804,413.0671195415767,-312.31909024804867,84548.235,3
2023,1,2.1357223105581458,nnm,158,-0.014203510206828973,1.4554427249289932,31.85243616485748,84548.235,3
2023,1,1.7027642465724524,pnm,158,-0.009838213209681024,1.3055458135248021,23.327858442366505,84548.235,3
2023,1,2.049236351436168,q5_19,158,-0.018552485126371643,1.2417853144301851,39.40253336029766,84548.235,3
2023,1,5.8762277631060345,u20m,158,-0.014484890500186264,3.9741980353799735,32.36820974959441,84548.235,3
2019,2,4.183943699999986,hgap,158,-2.1669435334683573e-4,4.155932143291112,0.6695012819812559,84548.235,3
2022,2,111.55291,math,158,0.041085427289920776,352.4437276415714,-215.94310506249582,84548.235,3
2023,2,1.8100579056776265,nnm,158,-0.011908227900712309,1.3123726517444263,27.495543229424094,84548.235,3
2023,2,1.3372389620515124,pnm,158,-0.01113093470567148,0.990120897252399,25.95781865842328,84548.235,3
2023,2,1.2678363556334338,q5_19,158,-0.02565802192054123,0.6341594858319385,49.980966943079885,84548.235,3
2023,2,4.408725554789106,u20m,158,-0.01580284618415344,2.8774624467503656,34.732556812826815,84548.235,3
2019,3,3.622784482074337,hgap,158,-0.010928249808788348,2.5817492679732994,28.73577545813492,84548.235,3
2022,3,105.76698999999996,math,158,0.04555263674157421,378.68786695557714,-258.03975035649336,84548.235,3
2023,3,1.9780393560154783,nnm,158,-0.013152398308986301,1.3867895168087132,29.890701487242733,84548.235,3
2023,3,1.524245609609065,pnm,158,-0.010405141254308848,1.1509190436182546,24.49254658417946,84548.235,3
2023,3,1.6699964453800176,q5_19,158,-0.021174411492898716,0.9428127236652559,43.5440281161369,84548.235,3
2023,3,5.163422624826275,u20m,158,-0.015005196812838384,3.443399964483837,33.311676872475815,84548.235,3
2023,1,5.2541723315572275,q5_19,159,-0.010195706045331775,3.989789320266465,24.06436126384202,38.493,3
2023,1,17.176540834814567,u20m,159,-0.01009287152263152,13.079380948212872,23.8532305544158,38.493,3
2023,2,2.9813894910613037,q5_19,159,-0.01131551494882641,2.196511808333234,26.325902237237447,38.493,3
2023,2,11.87976652155065,u20m,159,-0.01101237253708658,8.824241076920654,25.72041663518453,38.493,3
2023,3,4.1304745870855974,q5_19,159,-0.01145571578993212,3.0315922791746304,26.604262651724056,38.493,3
2023,3,14.590288178902512,u20m,159,-0.010694901971500493,10.930901311082149,25.080977311413346,38.493,3
2019,1,4.522611000000012,hgap,160,-0.021549016766435725,2.3188467282098326,48.72769892856523,10242.91,3
2022,1,147.53593999999998,math,160,0.017738799599803467,242.4409549312712,-64.32670909289712,10242.91,3
2023,1,2.1540519316289015,nnm,160,-0.0022095289078972293,2.029305075936806,5.791265004356762,10242.91,3
2023,1,1.9407889358054042,pnm,160,-0.014749817536323628,1.3032348044573074,32.85025587202863,10242.91,3
2023,1,1.2200731922293873,q5_19,160,-0.0495021854386032,0.32057207135909027,73.7251770302958,10242.91,3
2023,1,5.305742594528207,u20m,160,-0.019360452639139925,3.1457663127735525,40.71015966704133,10242.91,3
2019,2,4.5481348999999796,hgap,160,-0.009581525632396693,3.379372164974518,25.69762684535735,10242.91,3
2022,2,153.4457,math,160,0.015351104897498403,235.8456806627813,-53.69976523472558,10242.91,3
2023,2,1.7588370991411457,nnm,160,-0.005713283525885127,1.5074118842607453,14.294968817929377,10242.91,3
2023,2,1.7951113106242644,pnm,160,-0.0067481092874555615,1.4961095129942135,16.656448870909887,10242.91,3
2023,2,0.6545223276054335,q5_19,160,-0.04224082800844862,0.20922355940912687,68.03416009128823,10242.91,3
2023,2,4.202989356944076,u20m,160,-0.01273651106095206,2.9799610355763626,29.0990106683724,10242.91,3
2019,3,4.38313427497792,hgap,160,-0.018995356021789145,2.4324719889956103,44.50382223328388,10242.91,3
2022,3,150.44711,math,160,0.01645543386965729,238.49867200565066,-58.52658918183981,10242.91,3
2023,3,1.9623103484873663,nnm,160,-0.003744335433363266,1.7736249942270446,9.615469561467103,10242.91,3
2023,3,1.8705492339964325,pnm,160,-0.011076011441105949,1.3870508282670853,25.8479379714776,10242.91,3
2023,3,0.9465163509303487,q5_19,160,-0.04667294221759095,0.26843768618765873,71.63940317314051,10242.91,3
2023,3,4.772080945310453,u20m,160,-0.01645834385315643,3.0599763360309344,35.87752657385269,10242.91,3
2023,1,2.1728561505105493,q5_19,161,-0.0023736889138949667,2.0379673210111338,6.207904258536447,64.043,3
2023,1,9.05145764370996,u20m,161,-0.00220050265687739,8.529342167083167,5.768302710775222,64.043,3
2023,2,1.554166911380439,q5_19,161,-0.011001613082680717,1.1547641229068537,25.698834890187477,64.043,3
2023,2,8.07403030112319,u20m,161,-0.010211945468056215,6.128378815705618,24.097649040862652,64.043,3
2023,3,1.8761076796460774,q5_19,161,-0.005775761353019104,1.605208558189447,14.439422875116353,64.043,3
2023,3,8.580852501389513,u20m,161,-0.005900326126016209,7.3171760081328125,14.72670102477663,64.043,3
2023,1,2.233352887446638,q5_19,162,-0.00844565829393471,1.7779681425003984,20.390183186270882,0.501,3
2023,1,9.284849404208927,u20m,162,-0.007826767247129407,7.516204274078368,19.048721773869723,0.501,3
2023,2,1.6512721499096772,q5_19,162,-0.005691441894833615,1.4160581483247436,14.244411594890613,0.501,3
2023,2,8.541739408665983,u20m,162,-0.005275936000678172,7.407658465948438,13.27693211486841,0.501,3
2023,3,1.9493076649792496,q5_19,162,-0.007298140604578829,1.6006734862859748,17.885025794375355,0.501,3
2023,3,8.922107316248095,u20m,162,-0.0066398884608350976,7.45776056256957,16.412566020269626,0.501,3
2019,1,7.19507200000001,hgap,163,-0.0013283506969968607,6.904804513726685,4.034254087705102,9686.465,3
2022,1,100.39474000000001,math,163,0.0015563020096361236,104.86630694952224,-4.45398528799639,9686.465,3
2023,1,2.2927981017111523,nnm,163,-0.04853220228471368,0.6184143904457003,73.02796133753915,9686.465,3
2023,1,2.0226778766621045,pnm,163,-0.03811136752444816,0.7228275479458126,64.26383279879204,9686.465,3
2023,1,2.808163838471711,q5_19,163,-0.008435866427442162,2.236165207734562,20.369133128943364,9686.465,3
2023,1,7.106896684378805,u20m,163,-0.031209495084780613,3.059982843614022,56.94347364947677,9686.465,3
2019,2,7.814956099999989,hgap,163,-0.006498738243921354,6.389004467659706,18.246444562117052,9686.465,3
2022,2,115.25237999999996,math,163,0.006564201950152349,138.5071552886727,-20.177262533470234,9686.465,3
2023,2,1.756722619380724,nnm,163,-0.044002630058671645,0.5354642846948113,69.51913302718376,9686.465,3
2023,2,1.6117262695852785,pnm,163,-0.03154387441736002,0.6877163640873559,57.33044890654318,9686.465,3
2023,2,1.7344070599002448,q5_19,163,-0.011618802574616938,1.2673878017740077,26.926738764145597,9686.465,3
2023,2,5.09418724206212,u20m,163,-0.02990151685577407,2.272224205866351,55.395746212372096,9686.465,3
2019,3,7.4191107251950825,hgap,163,-0.0048422686860475125,6.384983289764733,13.938697961717741,9686.465,3
2022,3,107.81732,math,163,0.004039357599349635,120.7280295709095,-11.974615554262991,9686.465,3
2023,3,2.032781940448747,nnm,163,-0.046654864021230494,0.5767905597910872,71.62555666626211,9686.465,3
2023,3,1.8227427078617575,pnm,163,-0.03535689541674677,0.701668767707878,61.50478261789351,9686.465,3
2023,3,2.285427368101778,q5_19,163,-0.00961505458797004,1.7628759976895738,22.864492554240428,9686.465,3
2023,3,6.128443724457422,u20m,163,-0.030693231477515192,2.675733609436336,56.33910125081176,9686.465,3
2019,1,1.6808189999999854,hgap,164,-0.02634324950097198,0.7427768915536653,55.80863307984549,387.559,3
2022,1,120.01713999999998,math,164,0.027816646651733647,261.5173612106771,-117.90001095733254,387.559,3
2023,1,0.952554961285628,nnm,164,0.0602070210502066,4.840326111397999,-408.14139951202304,387.559,3
2023,1,1.5749239945250793,pnm,164,0.009174188344608192,2.0176028503556744,-28.107950438845506,387.559,3
2023,1,0.708075328260338,q5_19,164,-0.15176820951319175,0.011761233507057819,98.33898555172742,387.559,3
2023,1,3.2322654991708832,u20m,164,-0.047190557562098334,0.9039675910229011,72.03300312877207,387.559,3
2019,2,1.4477264999999875,hgap,164,-0.006077354607257423,1.1991301297799326,17.17150098586004,387.559,3
2022,2,123.40978999999999,math,164,0.0377026564677803,354.6689520336321,-187.39126128780555,387.559,3
2023,2,0.259184462928255,nnm,164,-0.18220444160253155,0.001892729745800931,99.26973641690671,387.559,3
2023,2,0.28484585568533394,pnm,164,-0.19838599542587926,0.0013438334324203487,99.52822433410972,387.559,3
2023,2,0.2500444668652735,q5_19,164,-0.2114906598172152,8.281101967764586e-4,99.66881482835505,387.559,3
2023,2,0.7938649445479173,u20m,164,-0.19775363189595632,0.0038097565541961808,99.52010016560618,387.559,3
2019,3,1.7186997613187884,hgap,164,-0.01072172218528541,1.2326849351521953,28.278052810903134,387.559,3
2022,3,121.67944,math,164,0.03263542857141992,303.43943812801234,-149.37609683937757,387.559,3
2023,3,0.6154875685653365,nnm,164,-0.05301520632070254,0.1470840478494052,76.10284019346662,387.559,3
2023,3,0.9513079523180146,pnm,164,-0.061042121075358016,0.18303924081997064,80.75920206764108,387.559,3
2023,3,0.48427215721336125,q5_19,164,-0.1702651584707064,0.0048816719713422685,98.99195691954856,387.559,3
2023,3,2.0497236879815084,u20m,164,-0.0977184084516465,0.14650554074149869,92.85242486094445,387.559,3
2019,1,4.743010999999996,hgap,165,-0.007434385535289389,3.766726095552522,20.583652545766274,5196.6320000000005,3
2022,1,82.74777,math,165,0.014528009131548813,124.28549782289534,-50.19800270496151,5196.6320000000005,3
2023,1,2.0561573482355944,nnm,165,-0.028782784773139048,0.9452590018891471,54.027885915429486,5196.6320000000005,3
2023,1,1.4613225523270046,pnm,165,-0.030706261615092635,0.6378021329570416,56.35445905208211,5196.6320000000005,3
2023,1,2.0520532707912764,q5_19,165,-0.015126884483394476,1.3639910616325788,33.53042627852342,5196.6320000000005,3
2023,1,5.559316571938089,u20m,165,-0.02444722410486293,2.87312455059025,48.31874541750333,5196.6320000000005,3
2019,2,5.8643579999999815,hgap,165,-0.003621138175699956,5.241657314667573,10.618394806940683,5196.6320000000005,3
2022,2,95.47303999999997,math,165,0.009421591467289669,124.29384314266615,-30.18737346445257,5196.6320000000005,3
2023,2,1.7301729526346434,nnm,165,-0.022626743078588762,0.9392245537517426,45.714990381653685,5196.6320000000005,3
2023,2,1.2790800562205717,pnm,165,-0.018786395015304207,0.7702104021210542,39.78403475409714,5196.6320000000005,3
2023,2,0.9181028733374896,q5_19,165,-0.053892176903783326,0.21426652208036231,76.66203556237002,5196.6320000000005,3
2023,2,3.9223820804301646,u20m,165,-0.029675261562613797,1.7602697786585568,55.12242962150415,5196.6320000000005,3
2019,3,5.319156574973505,hgap,165,-0.008477392771104087,4.089879781481648,23.110370528958903,5196.6320000000005,3
2022,3,88.94513999999998,math,165,0.011735784987357344,123.54701289286335,-38.90248853716277,5196.6320000000005,3
2023,3,1.8969052699689093,nnm,165,-0.026129911207205047,0.9368015148550466,50.614217289279765,5196.6320000000005,3
2023,3,1.3735173676218126,pnm,165,-0.025360657226415735,0.6925582881507583,49.57775529625128,5196.6320000000005,3
2023,3,1.4988582413112406,q5_19,165,-0.02837224896322817,0.696737135621533,53.51547488493581,5196.6320000000005,3
2023,3,4.761777451819604,u20m,165,-0.026572615163077164,2.323699211124623,51.20101191968401,5196.6320000000005,3
2023,1,6.312698934477279,q5_19,166,-0.003424054004979782,5.755257876791478,8.830471141927816,84.182,3
2023,1,20.605772869485616,u20m,166,-0.003402019535551837,18.79736584628348,8.776215455039516,84.182,3
2023,2,4.248734635438733,q5_19,166,-0.015328358118210561,2.808794918052276,33.89102499779363,84.182,3
2023,2,16.778942739697932,u20m,166,-0.015279160063494324,11.107131396424188,33.80315095691096,84.182,3
2023,3,5.333547370026115,q5_19,166,-0.007681523953554037,4.334539680681717,18.7306424793131,84.182,3
2023,3,18.770293537599404,u20m,166,-0.008589408825576595,14.885110988559044,20.698571075928147,84.182,3
2019,1,9.3576975,hgap,167,-0.007932245615244814,7.317726209241274,21.799927714683307,59499.452,3
2022,1,98.61836999999997,math,167,0.013233920786881992,142.85174362741236,-44.853077197901776,59499.452,3
2023,1,1.4920113268952333,nnm,167,-0.029845377713274612,0.6665100206432585,55.32808574381153,59499.452,3
2023,1,1.3908447166891547,pnm,167,-0.03230959264892513,0.5813235868212997,58.20355933010874,59499.452,3
2023,1,1.8048882385370835,q5_19,167,-0.0254217265898954,0.908565819010582,49.66082665888487,59499.452,3
2023,1,4.680469638508544,u20m,167,-0.028862500172049988,2.147084661016961,54.12672601587176,59499.452,3
2019,2,8.551052699999985,hgap,167,-0.0043554923228972696,7.471039425865114,12.630179137299354,59499.452,3
2022,2,119.68059999999997,math,167,0.01327809618361826,173.57559676655305,-45.03235843282294,59499.452,3
2023,2,1.3317152522906692,nnm,167,-0.016498132548757243,0.8530118801401022,35.94637602348959,59499.452,3
2023,2,1.0752930616652057,pnm,167,-0.02385955295354844,0.5646130273615728,47.492172367669745,59499.452,3
2023,2,0.9810548262076946,q5_19,167,-0.0225542942770309,0.5336084875110606,45.60869859090904,59499.452,3
2023,2,3.3842711537246384,u20m,167,-0.020617164902410147,1.9395870979962815,42.68818868542422,59499.452,3
2019,3,8.774391741220825,hgap,167,-0.007958752432716798,6.855944761429755,21.864159207509317,59499.452,3
2022,3,109.33398,math,167,0.0137668441879911,160.75458280327695,-47.03076097959386,59499.452,3
2023,3,1.4138201246656772,nnm,167,-0.024068965217852883,0.7381806421456991,47.788220773823326,59499.452,3
2023,3,1.237856208892052,pnm,167,-0.028695261194914425,0.5704150457703195,53.9191190646552,59499.452,3
2023,3,1.404974515859303,q5_19,167,-0.024554187859963446,0.7240144648103091,48.46778666533384,59499.452,3
2023,3,4.051177664578964,u20m,167,-0.02562969623163276,2.0279102350899945,49.94269807466581,59499.452,3
2023,1,3.156481798751276,q5_19,168,0.007078655554800317,3.8212658898990264,-21.06091951522556,103.68,3
2023,1,12.995014198451504,u20m,168,0.006990126243212691,15.69432479952869,-20.77189420384657,103.68,3
2023,2,2.4960422599552556,q5_19,168,0.01584250471059223,3.8284269799096498,-53.37989429627199,103.68,3
2023,2,12.540433288649954,u20m,168,0.014808087884091093,18.704730504082075,-49.155376640863594,103.68,3
2023,3,2.829256911215494,q5_19,168,0.010467827618213698,3.753337511855074,-32.661600895147416,103.68,3
2023,3,12.765688177156175,u20m,168,0.010537745549442734,16.967166434672396,-32.9122738955401,103.68,3
2022,1,225.43367999999998,math,169,0.007166262095689443,275.52582211062554,-22.220345296508295,1700.039,3
2023,1,2.4320391167371724,q5_19,169,-0.018885230509679087,1.460572999881399,39.944510356358656,1700.039,3
2023,1,12.31034450791013,u20m,169,-0.052640691603937875,2.9717210185659666,75.85996869010076,1700.039,3
2022,2,225.83033999999998,math,169,0.001249339159040273,233.87002348394182,-3.560054633908732,1700.039,3
2023,2,1.5657881627396675,q5_19,169,-0.020897665440949075,0.8906108963544799,43.1206010143688,1700.039,3
2023,2,9.658636834453226,u20m,169,-0.05297289329653347,2.3107783245426243,76.07552324257735,1700.039,3
2022,3,225.63101,math,169,0.0042225314838986805,253.94859062036846,-12.550393946456412,1700.039,3
2023,3,1.9985558545851934,q5_19,169,-0.01977065989019806,1.1718890623740175,41.36320685331825,1700.039,3
2023,3,11.015670441571924,u20m,169,-0.05302806959995423,2.631518261689111,76.11113844003492,1700.039,3
2019,1,2.6112770999999952,hgap,170,-0.03388513695340293,0.9133831430680028,65.02159257368724,1882.4,3
2022,1,92.63184000000001,math,170,7.518707757440346e-4,94.60263301068655,-2.127554640700794,1882.4,3
2023,1,1.980057259117134,nnm,170,-0.05212602153195515,0.48467495028611673,75.52217502527058,1882.4,3
2023,1,1.6093687944224166,pnm,170,-0.07014436603544245,0.2421844061827518,84.95159052281309,1882.4,3
2023,1,4.460218720360176,q5_19,170,-0.01679778407034871,2.8339107136891246,36.462516944454286,1882.4,3
2023,1,8.030462719378239,u20m,170,-0.038577384446294084,2.833896925930399,64.71066456616569,1882.4,3
2019,2,1.5545822999999928,hgap,170,-0.02843722407195669,0.6438129444183276,58.586113812158374,1882.4,3
2022,2,102.13614000000001,math,170,0.01481507184930706,154.64445464240606,-51.410122452646085,1882.4,3
2023,2,1.7555221844614284,nnm,170,-0.04032863378364397,0.5909010176116691,66.34044144574852,1882.4,3
2023,2,1.9181510644157296,pnm,170,-0.022828856321932135,1.0356017037691339,46.01041998302782,1882.4,3
2023,2,2.9788506218412225,q5_19,170,0.036022268676520516,7.878509868570571,-164.481535623323,1882.4,3
2023,2,6.638223220982509,u20m,170,-0.006705791450112741,5.538855945084831,16.56116763929736,1882.4,3
2019,3,2.051984443934174,hgap,170,-0.03400448901051829,0.7151007672689175,65.15077054395753,1882.4,3
2022,3,97.43399,math,170,0.00791161504922142,121.59554647226025,-24.797872356720955,1882.4,3
2023,3,1.8919247331997542,nnm,170,-0.04577136976651216,0.5497826308754638,70.94056538149731,1882.4,3
2023,3,1.7382803920980017,pnm,170,-0.049049548591756344,0.4623461306705296,73.40209710859678,1882.4,3
2023,3,3.7406435591056386,q5_19,170,5.725876195979307e-4,3.7989227396645595,-1.557998767807084,1882.4,3
2023,3,7.353992987154445,u20m,170,-0.025795015729170444,3.6648155424166,50.16563724199764,1882.4,3
2023,1,1.9698550370986778,q5_19,171,-0.01737791540843081,1.2321446128534597,37.44998542287471,39.622,3
2023,1,8.264510390129542,u20m,171,-0.01611164013710944,5.349249158603802,35.27445781915274,39.622,3
2023,2,1.6079578067348388,q5_19,171,-0.01406622949826799,1.0998532198121977,31.59937311753295,39.622,3
2023,2,8.333468295119385,u20m,171,-0.013039693267497566,5.860342290673883,29.677031421526177,39.622,3
2023,3,1.795015195960703,q5_19,171,-0.015709710828061264,1.174510300581872,34.56822520361634,39.622,3
2023,3,8.296604732099034,u20m,171,-0.014611728701719428,5.591959082431632,32.59942756105158,39.622,3
2019,1,3.0590794999999957,hgap,172,-0.02114940497274189,1.5880113331778023,48.08858896351649,2854.105,3
2022,1,102.84753999999998,math,172,0.0011377535586993837,106.17671165348686,-3.236996872736948,2854.105,3
2023,1,2.2471204432203913,nnm,172,-0.015171129713081289,1.4918680973963978,33.60978482940714,2854.105,3
2023,1,1.5602797369308474,pnm,172,-0.04600631685570122,0.4505413445348177,71.12432252558402,2854.105,3
2023,1,4.416504299037283,q5_19,172,-0.03296512760171433,1.8135569005779393,58.936824742290824,2854.105,3
2023,1,8.203598428297653,u20m,172,-0.03104850163148911,3.5475717192136713,56.75590717633609,2854.105,3
2019,2,2.731318399999992,hgap,172,-0.011974317758490515,1.884345550425848,31.009670991640764,2854.105,3
2022,2,107.99727999999999,math,172,0.0058529889489396855,127.2291424774717,-17.807728562674644,2854.105,3
2023,2,1.4556864528271505,nnm,172,-0.018200162402045104,0.8905404025879864,38.82333651876542,2854.105,3
2023,2,1.1820008171923302,pnm,172,-0.05967705099752847,0.2359650055343297,80.03681536406802,2854.105,3
2023,2,2.464298497407258,q5_19,172,-0.043119606656190634,0.7692631287672484,68.78368713950007,2854.105,3
2023,2,5.093769336201426,u20m,172,-0.04089544536923877,1.6885008581820018,66.85164272787493,2854.105,3
2019,3,2.816688971574763,hgap,172,-0.02000430409561078,1.5150200066867516,46.21273339101656,2854.105,3
2022,3,105.44668000000001,math,172,0.0035488386677679173,116.46291603209333,-10.447209937850406,2854.105,3
2023,3,1.8608185194288962,nnm,172,-0.016172889956214,1.2024347100133643,35.38140890910718,2854.105,3
2023,3,1.3764124561882474,pnm,172,-0.05207994760852551,0.33733521468183425,75.49170576267308,2854.105,3
2023,3,3.458845623946827,q5_19,172,-0.03681493035285153,1.2800917808842556,62.990780160244164,2854.105,3
2023,3,6.682327122562892,u20m,172,-0.03492072450038828,2.6028493192930746,61.0487593385761,2854.105,3
2019,1,5.320996699999995,hgap,173,-0.009845074568623846,3.9214572171857798,26.302205427306813,665.101,3
2018,1,93.478999999999985,math,173,0.014614012088275471,149.21454937937725,-59.62360463780878,665.101,3
2023,1,4.477867829954954,nnm,173,0.04782726817395624,16.28888939226015,-263.7644077677927,665.101,3
2023,1,2.6863686071990633,pnm,173,0.02405241698721967,5.142840637921196,-91.44210605123801,665.101,3
2023,1,2.0186197446602216,q5_19,173,-0.03846642764247411,0.7144947973183354,64.60478506621361,665.101,3
2023,1,9.15638939150909,u20m,173,0.015611370557751992,13.956689603683765,-52.425688848773646,665.101,3
2019,2,5.292189399999984,hgap,173,-0.003337497309298465,4.77201963519718,9.82900885600967,665.101,3
2018,2,100.96895999999998,math,173,-4.2002749401860565e-4,99.62092800649418,1.3350954526082068,665.101,3
2023,2,2.04368949071706,nnm,173,-0.013615026903040317,1.4150304097510975,30.760988096356442,665.101,3
2023,2,4.2845710628661715,pnm,173,-0.0049732700243290354,3.746200604965523,12.565329177677464,665.101,3
2023,2,9.20921508986805,q5_19,173,-0.010056269774956128,7.0194533106356785,23.77794152773715,665.101,3
2023,2,15.470521636967828,u20m,173,-0.009122261723918168,12.093103322169638,21.831315026428243,665.101,3
2019,3,5.251292355033229,hgap,173,-0.006531851217834772,4.288713572500751,18.33032170851944,665.101,3
2018,3,97.17196000000001,math,173,0.0066507934341186,120.21809870728079,-23.71686102377761,665.101,3
2023,3,3.287098141930685,nnm,173,0.02448406333747164,6.366659125758469,-93.68631086928839,665.101,3
2023,3,3.4800665273975184,pnm,173,0.006328992614484674,4.128582844912596,-18.63517011555679,665.101,3
2023,3,5.510286383923146,q5_19,173,-0.016091716818456225,3.5684818135090675,35.239630667464084,665.101,3
2023,3,12.228785751630667,u20m,173,-3.041867969634904e-4,12.128761516032927,0.8179408620712975,665.101,3
2019,1,9.405643999999995,hgap,174,-0.0019887378823041147,8.843290715569898,5.978891869925094,532.965,3
2022,1,113.85591999999997,math,174,0.013049250017866372,164.07321972070656,-44.10600671507165,532.965,3
2023,1,2.745991486378289,nnm,174,-0.06062059024759101,0.5343983578146467,80.53896523475863,532.965,3
2023,1,3.3074961406114323,pnm,174,0.05022457427293594,12.836015817404613,-288.08861058963214,532.965,3
2023,1,1.7240364053227042,q5_19,174,-0.004307459758643328,1.5347490392256478,10.979313749562367,532.965,3
2023,1,7.7580209013338175,u20m,174,-0.012755346540384727,5.497716952905064,29.135058762733486,532.965,3
2019,2,7.410736799999995,hgap,174,-0.0010960293543391675,7.163172415101024,3.340617695381803,532.965,3
2022,2,115.34433999999999,math,174,0.020506949546918056,204.81691912657908,-77.5699779690786,532.965,3
2023,2,6.391047848511996,nnm,174,0.026834927777077876,13.18976681275896,-106.37878365798628,532.965,3
2023,2,3.1736039825458473,pnm,174,0.018203969534826957,5.188138812513255,-63.47782650409203,532.965,3
2023,2,3.597264244284415,q5_19,174,0.00606121014552361,4.236876394568018,-17.780516160297747,532.965,3
2023,2,13.107299802465944,u20m,174,0.01862809926110267,21.67431658113838,-65.36065328314746,532.965,3
2019,3,8.471140384364077,hgap,174,-0.0011000285436289392,8.18713690754631,3.3526002867568567,532.965,3
2022,3,114.57733999999999,math,174,0.01668298520444963,182.79652321265303,-59.539855972091026,532.965,3
2023,3,4.516451689704794,nnm,174,-0.009551836784559087,3.489739417543579,22.73271901704595,532.965,3
2023,3,3.235223556896094,pnm,174,0.033726195680065,8.04222120740753,-148.58316793178022,532.965,3
2023,3,2.6252668742241525,q5_19,174,0.0020221275261841478,2.772584729481342,-5.611538266970539,532.965,3
2023,3,10.342018533373466,u20m,174,0.005172005144796055,11.891920321432973,-14.98645339938242,532.965,3
2019,1,8.19323829999999,hgap,175,-0.008160539196189243,6.361934523477998,22.351403797470347,3067.072,3
2022,1,164.61764,math,175,0.0024079295588872135,176.0992011315168,-6.974684566925391,3067.072,3
2023,1,8.174308278419172,nnm,175,-0.019403518526827666,4.840902153538752,40.779060580341444,3067.072,3
2023,1,7.256353157776174,pnm,175,-0.01151546873183662,5.317268475317942,26.72257868789418,3067.072,3
2023,1,5.542678799637879,q5_19,175,-0.024193647030523492,2.8842054418076915,47.96369145554446,3067.072,3
2023,1,20.82882613583137,u20m,175,-0.0179281254999911,12.836318175532474,38.37233989173092,3067.072,3
2019,2,7.399973299999999,hgap,175,-0.002376985900241646,6.874300061875724,7.103718038067452,3067.072,3
2022,2,168.36804,math,175,0.007295399832576622,206.52541768419087,-22.663076486600936,3067.072,3
2023,2,6.464508229735047,nnm,175,-0.012952304887977894,4.556773060308909,29.51090944011883,3067.072,3
2023,2,5.897588727956982,pnm,175,-0.017817824683471394,3.645386191017197,38.18853163265563,3067.072,3
2023,2,3.184446347733072,q5_19,175,-0.017382934101688875,1.9916017649870492,37.45846067072787,3067.072,3
2023,2,15.469173267102065,u20m,175,-0.01564586873740801,10.139216898199772,34.45534080504088,3067.072,3
2019,3,7.986771959036162,hgap,175,-0.00593023301364024,6.645563203716267,16.79287654885981,3067.072,3
2022,3,166.39538,math,175,0.004771092654452477,190.17740706399206,-14.292480394583116,3067.072,3
2023,3,7.347745980299068,nnm,175,-0.01661840646717243,4.691238510036955,36.154046116792784,3067.072,3
2023,3,6.59461113353732,pnm,175,-0.014335047207102436,4.478134466650259,32.094032900948214,3067.072,3
2023,3,4.353454049925598,q5_19,175,-0.02134639935918934,2.4463981055009554,43.8055833954934,3067.072,3
2023,3,18.18686917418333,u20m,175,-0.01684294562408528,11.541397195665946,36.539944917791466,3067.072,3
2023,1,2.4794292537640903,nnm,176,-0.01995216360873938,1.4467504559746975,41.64985938685907,38.979,3
2023,1,2.172672547073984,pnm,176,-0.027208313253332006,1.0421996633171058,52.0314432692274,38.979,3
2023,1,1.4096905422253947,q5_19,176,-0.025545952801933964,0.7072503888825482,49.829386826554575,38.979,3
2023,1,6.049854925267106,u20m,176,-0.023854136715936947,3.177111978016174,47.484493144669884,38.979,3
2023,2,2.2769910191153495,nnm,176,-0.0035153282826448583,2.070812369386313,9.054873207586928,38.979,3
2023,2,2.224318469940423,pnm,176,-0.01184566260188713,1.615456651092928,27.37296062032892,38.979,3
2023,2,1.0309458771243785,q5_19,176,-0.008573481854593633,0.8179064592348625,20.66446189044838,38.979,3
2023,2,5.52255522802747,u20m,176,-0.0078638889099664315,4.466100498739502,19.12981737016163,38.979,3
2023,3,2.3796035310400523,nnm,176,-0.012627595567269789,1.6921312175048955,28.890203959089085,38.979,3
2023,3,2.199069826347766,pnm,176,-0.019865935916451548,1.2861512028682933,41.51385338207544,38.979,3
2023,3,1.2246343891305633,q5_19,176,-0.01893487262470373,0.7344750745028331,40.024951036669954,38.979,3
2023,3,5.792474039751361,u20m,176,-0.016724615744809747,3.687670177767992,36.33687173285487,38.979,3
2019,1,0.480238700000001,hgap,177,-0.13853829406043697,0.0065508588034740136,98.63591609683394,633.56,3
2022,1,175.15314,math,177,0.002460373717411457,187.6448613651844,-7.131885483288732,633.56,3
2023,1,1.2499881809520355,nnm,177,-0.0751352278803198,0.16438943593337793,86.84872077684982,633.56,3
2023,1,2.398146227092446,pnm,177,-0.04608135032858914,0.6910794902047566,71.1827626523578,633.56,3
2023,1,5.136490281949846,q5_19,177,0.0038470444970294614,5.698712220758677,-10.945643969862775,633.56,3
2023,1,8.762903826043056,u20m,177,-0.025890758161799976,4.355663126828014,50.29429498149769,633.56,3
2019,2,0.40032739999998057,hgap,177,-0.138100766437587,0.005535372997363394,98.61728850002181,633.56,3
2022,2,174.8229,math,177,0.002189098160017,185.8738485462189,-6.321224820214574,633.56,3
2023,2,0.7090819728047281,nnm,177,-0.09724457821311734,0.05133473022706687,92.76039552606086,633.56,3
2023,2,2.2970047676119654,pnm,177,-0.033288680863077034,0.9350190421021081,59.29398774935144,633.56,3
2023,2,3.090648326965928,q5_19,177,-0.01343548136173862,2.1503333716195927,30.424521196477798,633.56,3
2023,2,6.085820579694312,u20m,177,-0.03446991651296745,2.3995322544113145,60.57175490159058,633.56,3
2019,3,0.5173606232434054,hgap,177,-0.12914715376164065,0.009442099831394627,98.17494811023676,633.56,3
2022,3,174.99226999999996,math,177,0.0023272298931658495,186.7749168227858,-6.733238458353526,633.56,3
2023,3,0.9830045462621089,nnm,177,-0.08372405482953102,0.10252065235000114,89.57068380407418,633.56,3
2023,3,2.3551092715732302,pnm,177,-0.04022147187448283,0.7950163373602221,66.24291080858659,633.56,3
2023,3,4.143335381107227,q5_19,177,-0.002485569542479915,3.8743996952164217,6.490801761235594,633.56,3
2023,3,7.465312782899858,u20m,177,-0.02930147739008686,3.3842334998480452,54.66722429098999,633.56,3
2019,1,1e-12,hgap,178,-2.6142438847185607,6.369385018457962e-48,100,18092.526,3
2022,1,82.74101999999999,math,178,0.04524882828840808,293.7363748245019,-255.00695401688537,18092.526,3
2023,1,2.5791224807746245,nnm,178,-0.0022214345673136405,2.428977735912476,5.821543799542756,18092.526,3
2023,1,1.6634875900337631,pnm,178,-0.013397904368649372,1.1585543041653443,30.353895568176156,18092.526,3
2023,1,1.7863877880175405,q5_19,178,-0.022961864454020774,0.9610058767142209,46.20396068757806,18092.526,3
2023,1,6.017136237974063,u20m,178,-0.011808485067413988,4.374456752916838,27.300021473509247,18092.526,3
2019,2,1e-12,hgap,178,-2.4947133142885187,2.590317406185427e-46,100,18092.526,3
2022,2,93.39062000000001,math,178,0.03959502434457587,283.0013289515658,-203.02971428133338,18092.526,3
2023,2,2.1969100483865742,nnm,178,-0.005831577915501862,1.8768582699148744,14.568269588768466,18092.526,3
2023,2,1.3686692310793669,pnm,178,-0.014544050469001419,0.9241781165592637,32.47615307093346,18092.526,3
2023,2,1.2117142307188633,q5_19,178,-0.021268944837704123,0.6823412129515881,43.687942614424735,18092.526,3
2023,2,4.769969847279176,u20m,178,-0.012426516917863317,3.4103810392653906,28.503090198553448,18092.526,3
2019,3,1e-12,hgap,178,-2.5759172715574157,2.089746645775446e-47,100,18092.526,3
2022,3,87.91780999999997,math,178,0.042250316791121456,286.9796395556657,-226.4180938488638,18092.526,3
2023,3,2.3925135395965254,nnm,178,-0.0038560517634337764,2.1559492329487737,9.887689358182106,18092.526,3
2023,3,1.5200401049869638,pnm,178,-0.013900797528240694,1.044371413350804,31.293167204969198,18092.526,3
2023,3,1.5052886516107034,q5_19,178,-0.022326989503441103,0.8237863705789423,45.273860286034406,18092.526,3
2023,3,5.408321531370497,u20m,178,-0.012081667373058935,3.90295427454444,27.83427812296857,18092.526,3
2019,1,7.357146900000004,hgap,179,-0.008440990334240372,5.6632702484079624,23.023553486366303,1831.8,3
2022,1,195.0679,math,179,-0.012130962593081662,138.88979132462646,28.79925845071052,1831.8,3
2023,1,3.340042832699433,nnm,179,-0.0841658853868021,0.34421277722646637,89.69436038793931,1831.8,3
2023,1,3.3122232517123207,pnm,179,-0.0137529392823315,2.284826931971776,31.01832943203365,1831.8,3
2023,1,2.237411898863173,q5_19,179,-0.04104652001666885,0.7386461873543868,66.98657999764404,1831.8,3
2023,1,8.863755908866233,u20m,179,-0.05163525365897548,2.1985954913656247,75.19566745778259,1831.8,3
2019,2,9.476943499999976,hgap,179,-0.009017150239036287,7.165875114728472,24.38622099278644,1831.8,3
2022,2,188.69076,math,179,-0.012436598452479432,133.2043916479194,29.40598063841632,1831.8,3
2023,2,2.8028407779427367,nnm,179,-0.09335189062022806,0.22540250128684886,91.9580697176708,1831.8,3
2023,2,1.910657466914989,pnm,179,-0.06592028660102692,0.32225879924597783,83.13361736333056,1831.8,3
2023,2,2.442821166631859,q5_19,179,-0.004468960106593723,2.165154376287817,11.366644195526042,1831.8,3
2023,2,7.139462991510803,u20m,179,-0.062386945685454706,1.3247053121035262,81.4453087903296,1831.8,3
2019,3,8.430008717340854,hgap,179,-0.009087447158690897,6.360372495929419,24.550819468953968,1831.8,3
2022,3,192.01794,math,179,-0.01229912391682004,136.075970377628,29.13372032965878,1831.8,3
2023,3,3.086246061302273,nnm,179,-0.08813049530818765,0.28577002847770017,90.74052999010985,1831.8,3
2023,3,2.632388154710341,pnm,179,-0.03537052161932876,1.0129707944105044,61.518942690958575,1831.8,3
2023,3,2.3367272357163182,q5_19,179,-0.024267665021725515,1.213518968858561,48.06758143140487,1831.8,3
2023,3,8.033893349864707,u20m,179,-0.0563714977214639,1.7535438940255716,78.17317435443549,1831.8,3
2019,1,3.3071654000000024,hgap,180,-0.011712069175872641,2.300248828565783,30.44651384639603,5519.168,3
2022,1,112.46447,math,180,0.022067377829831793,208.62198472152218,-85.50034932945682,5519.168,3
2023,1,1.3630965031591307,nnm,180,0.0028748711262689187,1.473116865328041,-8.071355323260368,5519.168,3
2023,1,1.3587282961176061,pnm,180,0.001236880891675013,1.404870278400259,-3.395968304663826,5519.168,3
2023,1,2.4630187899348233,q5_19,180,0.0033366143199439645,2.6952105692986135,-9.42712172203666,5519.168,3
2023,1,5.176292167501262,u20m,180,0.002657160649207646,5.561302479409551,-7.4379555761077505,5519.168,3
2019,2,3.912903699999987,hgap,180,-0.0015872579644691908,3.725029367724915,4.801404447420273,5519.168,3
2022,2,111.80462,math,180,0.019170614193757096,191.2401716048881,-71.04854129005412,5519.168,3
2023,2,0.9638421098188369,nnm,180,-0.05401690506939114,0.22418487758990943,76.74049771159645,5519.168,3
2023,2,1.0155751580083194,pnm,180,-0.043597725087963654,0.31295888113889053,69.18407479042267,5519.168,3
2023,2,1.6928541658123297,q5_19,180,0.010516825862725199,2.2487404472029717,-32.83722204882873,5519.168,3
2023,2,3.6679433718259657,u20m,180,-0.025664921983007828,1.8343280374203965,49.990284705316036,5519.168,3
2019,3,3.469939251469185,hgap,180,-0.00943425956833921,2.590044456939899,25.357642620306258,5519.168,3
2022,3,112.14348999999999,math,180,0.020650109424454666,199.9329930993131,-78.28319156048481,5519.168,3
2023,3,1.170312415517176,nnm,180,-0.023596266601044663,0.6188895450006157,47.117578452150276,5519.168,3
2023,3,1.1910355457130928,pnm,180,-0.020142978388236994,0.6913996337012835,41.94970618720443,5519.168,3
2023,3,2.088083353117498,q5_19,180,0.0060269571196269744,2.457081912806639,-17.671639359522107,5519.168,3
2023,3,4.443109649837851,u20m,180,-0.00971867931420849,3.41763968217604,23.080005862543473,5519.168,3
2019,1,3.0959882999999877,hgap,181,-0.04613017662261065,0.740871340252327,76.06995671616944,38762.847,3
2022,1,88.91435999999999,math,181,0.03763146669028679,255.02325233076851,-186.81897089600437,38762.847,3
2023,1,2.064921997569412,nnm,181,-0.038991896106285485,0.7205872728203268,65.10341438230988,38762.847,3
2023,1,1.8057891515117497,pnm,181,-0.03702271467309957,0.6645696458730873,63.197827093117134,38762.847,3
2023,1,3.1686455191992646,q5_19,181,-0.03203194480796241,1.3343465625288446,57.88905529369401,38762.847,3
2023,1,7.023374758288736,u20m,181,-0.03530271033288719,2.707621727711998,61.44842300324984,38762.847,3
2019,2,4.585075499999988,hgap,181,-0.0100946665165067,3.353055133216723,26.870230747198562,38762.847,3
2022,2,94.43083999999999,math,181,0.03725448825927584,268.0017166694244,-183.8074051543166,38762.847,3
2023,2,1.9128585654982244,nnm,181,-0.02821214328524666,0.8930353490126612,53.314094145791664,38762.847,3
2023,2,1.6188263897275457,pnm,181,-0.033933796155117615,0.6475812178700125,59.996870450141174,38762.847,3
2023,2,1.7921993011633663,q5_19,181,-0.02105824025063082,1.0149821628256983,43.36666897666765,38762.847,3
2023,2,5.314463736854069,u20m,181,-0.027620490255185516,2.5210585520074056,52.562315280755634,38762.847,3
2019,3,3.8122594589653147,hgap,181,-0.026916742312433663,1.6550033541889546,56.58733693225227,38762.847,3
2022,3,91.63338999999996,math,181,0.03731963573430743,260.53716669521765,-184.32557902225133,38762.847,3
2023,3,1.9918618314663499,nnm,181,-0.03407443360783485,0.7937871613927614,60.14848274850477,38762.847,3
2023,3,1.7142480753125078,pnm,181,-0.03564089432421019,0.6548627532473837,61.79883397984845,38762.847,3
2023,3,2.497660512308042,q5_19,181,-0.028201931698053174,1.1663769761305585,53.30122046679871,38762.847,3
2023,3,6.191107797782647,u20m,181,-0.03211801269676244,2.6010824715293093,57.9868004808301,38762.847,3
2019,1,9.41154259999999,hgap,182,-0.004256101916450206,8.248222418769267,12.36056861954516,10430.735,3
2022,1,103.42822000000001,math,182,0.016279067517280053,163.1535425109972,-57.74567377355733,10430.735,3
2023,1,1.6199386052584956,nnm,182,-0.02171782583853289,0.901231563569813,44.36631359705127,10430.735,3
2023,1,1.818227887196766,pnm,182,-0.018094613488864198,1.1155056213567247,38.648745340907524,10430.735,3
2023,1,2.0626136260250005,q5_19,182,-0.017089583801181675,1.3002481963104884,36.96113610883668,10430.735,3
2023,1,5.4907491671349895,u20m,182,-0.018765572405226826,3.30816697361193,39.750171189515584,10430.735,3
2019,2,9.134077899999994,hgap,182,-0.0029412594450639153,8.33808188827873,8.714574371226515,10430.735,3
2022,2,114.07763999999997,math,182,0.013875726339618843,168.24135859898092,-47.47969768569981,10430.735,3
2023,2,1.4375724464357893,nnm,182,-0.0017661219457693166,1.370630149741412,4.656620740078117,10430.735,3
2023,2,1.5286702066035218,pnm,182,0.006478233733111455,1.8208629230396645,-19.114176175733252,10430.735,3
2023,2,1.1728105587859305,q5_19,182,-0.03585511497087744,0.44544341753112954,62.01915013518949,10430.735,3
2023,2,4.133379374291368,u20m,182,-0.009989306979853984,3.1562481704004073,23.64000773721579,10430.735,3
2019,3,9.271147246975886,hgap,182,-0.0038370309501353007,8.231425204592222,11.214599603331791,10430.735,3
2022,3,108.68291999999997,math,182,0.015014952484959565,165.4804931397136,-52.25988880287136,10430.735,3
2023,3,1.5313665664111749,nnm,182,-0.013104298583765167,1.0750255789354421,29.799591912548276,10430.735,3
2023,3,1.6771367099355228,pnm,182,-0.007837264127167953,1.357278875550495,19.071661391117285,10430.735,3
2023,3,1.6280161743875698,q5_19,182,-0.024090376212924723,0.8495249610380471,47.81839551700873,10430.735,3
2023,3,4.828731825671895,u20m,182,-0.015185481990756644,3.204563403274111,33.63550681698478,10430.735,3
2019,1,5.9588885000000005,hgap,183,-0.022176866915858094,2.9963686216041316,49.71598106586268,19118.482,3
2022,1,150.30928999999998,math,183,0.011425697618325436,206.97844095712497,-37.70169558855944,19118.482,3
2023,1,2.5996663472055213,nnm,183,-0.08093866920992951,0.2923039890428808,88.75609597527432,19118.482,3
2023,1,3.780685693179131,pnm,183,-0.04890028551245682,1.0096438901350004,73.29468852815417,19118.482,3
2023,1,4.286412452340849,q5_19,183,-0.01886970668896999,2.575305181764483,39.9193332326644,19118.482,3
2023,1,10.62962928001976,u20m,183,-0.04744958066828135,2.952070057941332,72.22791143346586,19118.482,3
2019,2,5.630372999999992,hgap,183,-0.014801833411201514,3.5584279363819573,36.79942809504872,19118.482,3
2022,2,155.37387,math,183,0.011916598061779115,216.9135794439575,-39.60750249958856,19118.482,3
2023,2,2.1110820001577926,nnm,183,-0.07826000524728356,0.25517146976814825,87.91276370368013,19118.482,3
2023,2,3.3093576969184246,pnm,183,-0.039536566775254835,1.1379937212771158,65.61285223604622,19118.482,3
2023,2,2.454596247246532,q5_19,183,-0.023189047290626465,1.312400639615084,46.53293220474518,19118.482,3
2023,2,7.854761776526109,u20m,183,-0.0470550264877224,2.20479432621818,71.93047492786873,19118.482,3
2019,3,5.793369330260191,hgap,183,-0.01903165398370419,3.2114828295940128,44.566233455553245,19118.482,3
2022,3,152.83344,math,183,0.011640554794961311,211.72414725968378,-38.53260599230364,19118.482,3
2023,3,2.3621727604430856,nnm,183,-0.07982918923917307,0.2736771224201094,88.41417837835137,19118.482,3
2023,3,3.5509275732530377,pnm,183,-0.04472307999266998,1.0615028614199065,70.10632181248761,19118.482,3
2023,3,3.3896068858018102,q5_19,183,-0.02023829990796544,1.9626190951556184,42.098917034405254,19118.482,3
2023,3,9.27430466120105,u20m,183,-0.047262281037347795,2.588726480806679,72.08710975781734,19118.482,3
2019,1,7.133438699999999,hgap,184,-0.005208385284215256,6.069847374176003,14.909938538113408,145440.504,3
2018,1,90.43898999999999,math,184,-0.02344244859083587,42.71358949762018,52.77082428981109,145440.504,3
2023,1,2.0878860748532144,nnm,184,-0.08497633696757026,0.21051276393136992,89.91742095189893,145440.504,3
2023,1,2.776950528347366,pnm,184,-0.07945940724438474,0.32496083805165665,88.29792483753577,145440.504,3
2023,1,7.067197840631589,q5_19,184,-0.028973225153364156,3.232277435515136,54.2636627924616,145440.504,3
2023,1,11.891896700060855,u20m,184,-0.05366847621841009,2.7921400943317733,76.52064960909486,145440.504,3
2019,2,5.843838799999986,hgap,184,-0.0048443538041145874,5.028958684641233,13.94426066918128,145440.504,3
2018,2,95.13633999999996,math,184,-0.019963062356921135,50.22400126159541,47.208394540303495,145440.504,3
2023,2,1.6825162100491222,nnm,184,-0.08100411126404278,0.18884653325317657,88.77594568627288,145440.504,3
2023,2,2.3271125022247263,pnm,184,-0.07651011334603325,0.2948923717536848,87.32797097382414,145440.504,3
2023,2,2.520536155003694,q5_19,184,-0.05268102042113852,0.607796040769631,75.8862399349816,145440.504,3
2023,2,6.5161529175511435,u20m,184,-0.0690357984080415,1.0103710114364963,84.49436309704949,145440.504,3
2019,3,6.486137879433244,hgap,184,-0.00596508222589367,5.391101460620165,16.882718794574295,145440.504,3
2018,3,92.80690999999996,math,184,-0.02165876832765375,46.40654529806032,49.996670185376985,145440.504,3
2023,3,1.8905580780940332,nnm,184,-0.08329549413083676,0.1994670385441661,89.44930384020473,145440.504,3
2023,3,2.558441643647602,pnm,184,-0.07815540529024485,0.31011949046797316,87.87857869504376,145440.504,3
2023,3,4.847442614571262,q5_19,184,-0.03556827366044642,1.8554140544228874,61.723857259381056,145440.504,3
2023,3,9.2700626294631725,u20m,184,-0.059241316334603236,1.8725002963349653,79.80056477306238,145440.504,3
2023,1,0.8056715485704948,nnm,185,-0.0462526403875527,0.23110100383850143,71.31572980967933,33.761,3
2023,1,0.7153782915836349,pnm,185,-0.046921676290397174,0.20152757528600035,71.82922970168995,33.761,3
2023,1,1.275906869771859,q5_19,185,-0.029814965595678155,0.5704402345746936,55.29138935691346,33.761,3
2023,1,2.7944403674312612,u20m,185,-0.039225693486468136,0.9690279106972094,65.32300628093307,33.761,3
2023,2,0.6647953574262857,nnm,185,-0.04747856658031284,0.18448311882929086,72.24963791210789,33.761,3
2023,2,0.6123060227446464,pnm,185,-0.04572465172258776,0.17815725194610874,70.90388705511612,33.761,3
2023,2,0.9367376678376393,q5_19,185,0.011517680735621807,1.278420553767187,-36.47583498145077,33.761,3
2023,2,2.2122360621456005,u20m,185,-0.025965932306737483,1.0973779193420579,50.39508042926782,33.761,3
2023,3,0.7372129053262113,nnm,185,-0.046752275079539454,0.2086306167574096,71.70008619625398,33.761,3
2023,3,0.6643802312451541,pnm,185,-0.046548990917336115,0.1890538449180684,71.54433018517852,33.761,3
2023,3,1.1204843301726441,q5_19,185,-0.014279742342117976,0.7620127327798518,31.992557837694978,33.761,3
2023,3,2.520017762718374,u20m,185,-0.03350984285128914,1.0196915638767257,59.53633426866119,33.761,3
2019,1,3.0436817000000076,hgap,186,-0.012249589546592521,2.0820033770791944,31.595890034125805,6773.206,3
2022,1,135.34013999999996,math,186,0.008367659630414304,171.07219063769512,-26.401665195333152,6773.206,3
2023,1,3.5627281374114865,nnm,186,-0.03517863264095755,1.378096915693299,61.3190548775759,6773.206,3
2023,1,1.86086168946209,pnm,186,-0.03119775042266266,0.8014765162913459,56.929818006892035,6773.206,3
2023,1,3.0424153739548876,q5_19,186,-0.02098918593339614,1.7262366818750068,43.26097952788602,6773.206,3
2023,1,8.442894813892377,u20m,186,-0.029311670560685198,3.826345354449447,54.67969886165844,6773.206,3
2019,2,2.0761436999999887,hgap,186,-0.03753665745948985,0.6484799464480047,68.76517042399288,6773.206,3
2022,2,146.28569999999996,math,186,0.022321211398077745,273.2960057770285,-86.8234596936191,6773.206,3
2023,2,2.6934114261925566,nnm,186,-0.03611124059573732,1.0159306431734718,62.28089651310326,6773.206,3
2023,2,1.7761468486203746,pnm,186,-0.02818713567595036,0.8297703219192574,53.28256092317012,6773.206,3
2023,2,1.8199452233750302,q5_19,186,-0.010080496590329812,1.3862926083900915,23.82778390333879,6773.206,3
2023,2,6.276593959163801,u20m,186,-0.026860913925641293,3.0391649620976664,51.57939191429616,6773.206,3
2019,3,2.708184830852133,hgap,186,-0.0223715701065335,1.3535894733463856,50.01857118738541,6773.206,3
2022,3,140.71675999999997,math,186,0.015399618511386493,216.57532188724684,-53.90868997214468,6773.206,3
2023,3,3.141825804083788,nnm,186,-0.03558764504892924,1.201940916864198,61.74387149975346,6773.206,3
2023,3,1.819723294065656,pnm,186,-0.029795781474651662,0.8139945189220751,55.26822558261399,6773.206,3
2023,3,2.4306895492831604,q5_19,186,-0.0171245292770843,1.530834010444853,37.020586981323284,6773.206,3
2023,3,7.3744753051585565,u20m,186,-0.02833189301185306,3.4317270353619262,53.46479724514934,6773.206,3
2019,1,2.766907400000008,hgap,187,-0.03260709187944768,1.006934317946957,63.60795023545226,5518.057,3
2022,1,115.95375999999999,math,187,0.020501566166809225,205.86803230307981,-77.5432140390099,5518.057,3
2023,1,2.987613921584658,nnm,187,-0.004084675403011407,2.6756405600894966,10.442224788191101,5518.057,3
2023,1,3.0496958802659346,pnm,187,-0.01478835854006053,2.0457330679140835,32.92009602820807,5518.057,3
2023,1,3.06199654042838,q5_19,187,-0.028253888069742338,1.427910503752702,53.36668461575289,5518.057,3
2023,1,9.071736705495216,u20m,187,-0.016242995114373483,5.850943063652888,35.50360582986638,5518.057,3
2019,2,3.238410999999985,hgap,187,-0.01569324149860245,1.9909109363304704,38.521980800754456,5518.057,3
2022,2,117.32254,math,187,0.012167317973219394,164.9449525475092,-40.59101733350572,5518.057,3
2023,2,2.185690367614546,nnm,187,-0.03274538960990857,0.9028545767518835,58.69247583603273,5518.057,3
2023,2,2.799436159245605,pnm,187,-0.012363508642997113,2.0049182599930715,28.38135446055827,5518.057,3
2023,2,2.3121453659750157,q5_19,187,-0.01236915551977127,1.6556747412060442,28.392273013169415,5518.057,3
2023,2,7.279641002314596,u20m,187,-0.01886603151229569,4.374090870956813,39.913371146103906,5518.057,3
2019,3,2.9848217863238062,hgap,187,-0.02409960697214073,1.4140419375675697,52.62558240339216,5518.057,3
2022,3,116.59881000000001,math,187,0.016413753401859667,184.624524117294,-58.3416881504142,5518.057,3
2023,3,2.5960578191099226,nnm,187,-0.01680973985012597,1.6489374240240422,36.48302391857388,5518.057,3
2023,3,2.9291793702489466,pnm,187,-0.01365598668560295,2.025893149650167,30.837518172265796,5518.057,3
2023,3,2.6975576825263303,q5_19,187,-0.021876491533174947,1.4943353562420831,44.6041370710338,5518.057,3
2023,3,8.200306419938741,u20m,187,-0.017354809007174544,5.132493885926251,37.41094999271269,5518.057,3
2019,1,2.804981699999985,hgap,188,-0.029985535002165675,1.1072123164957548,60.52693261792899,2118.395,3
2022,1,96.89198999999996,math,188,0.02188697321240829,178.82936855037696,-84.56568860891083,2118.395,3
2023,1,1.3759201166147932,nnm,188,-9.533086621356157e-4,1.3409567465587842,2.5410901137218764,2118.395,3
2023,1,1.2300965774401096,pnm,188,-0.004969748716685482,1.0756331545717959,12.55701590437391,2118.395,3
2023,1,2.5118880540067057,q5_19,188,-0.006474483324129243,2.109020524628512,16.038434863193082,2118.395,3
2023,1,5.1096704626403255,u20m,188,-0.004648401668887114,4.506983435217038,11.795027327689152,2118.395,3
2019,2,3.1636453999999787,hgap,188,-0.022459248661384178,1.5769431561923397,50.15423801313667,2118.395,3
2022,2,95.19067000000001,math,188,0.01588914421507237,148.5286651332461,-56.032797261796865,2118.395,3
2023,2,0.9362084220689545,nnm,188,-0.04533406342919153,0.2752881623829939,70.59541915093794,2118.395,3
2023,2,0.8823798071847522,pnm,188,-0.02315815376673879,0.47217629962733476,46.48831537364603,2118.395,3
2023,2,1.2689013116523595,q5_19,188,-0.029033525544819465,0.5794048791765759,54.33806602169269,2118.395,3
2023,2,3.0843568887380934,u20m,188,-0.03266380192299301,1.2768811713725496,58.60138053301084,2118.395,3
2019,3,2.857686270918691,hgap,188,-0.027894875200425263,1.2035447611411685,57.883943615887134,2118.395,3
2022,3,96.06441999999998,math,188,0.01896892475007652,163.3914574528368,-70.08530052316645,2118.395,3
2023,3,1.1659197471831986,nnm,188,-0.02035019755384932,0.6730436612712131,42.27358590526908,2118.395,3
2023,3,1.0583650408327872,pnm,188,-0.01307599365205026,0.7435446020784692,29.745921927523018,2118.395,3
2023,3,1.9017718287903662,q5_19,188,-0.014619370353715255,1.2815406584392792,32.61333252294461,2118.395,3
2023,3,4.120594912683351,u20m,188,-0.01586200466594594,2.6851146392694787,34.83672391565131,2118.395,3
2019,1,7.676307900000012,hgap,189,-0.001174548030875977,7.4018332085968,3.575608156666192,47911.584,3
2022,1,102.43034,math,189,0.01499043933583417,155.8533123110374,-52.15541831749987,47911.584,3
2023,1,1.515419305149289,nnm,189,-0.002190847232544596,1.4283776567511615,5.7437336387603155,47911.584,3
2023,1,1.599243205070211,pnm,189,-0.013225308635804272,1.1190131573015374,30.028581409391716,47911.584,3
2023,1,1.6479320716124013,q5_19,189,-0.019263721856944006,0.9796114376046374,40.55510815769565,47911.584,3
2023,1,4.7550422993654085,u20m,189,-0.01202838857413797,3.4364504757255516,27.73039103807408,47911.584,3
2019,2,8.33333669999999,hgap,189,0.004002098224000594,9.43408302222529,-13.208950530287598,47911.584,3
2022,2,112.57846,math,189,0.007323174359157481,138.19963674228526,-22.758507037922932,47911.584,3
2023,2,1.2830277824744738,nnm,189,-0.010061960636764452,0.9777999328739376,23.789652396448304,47911.584,3
2023,2,1.3650089365579987,pnm,189,-0.016922495160384826,0.8643768867400606,36.67610053017894,47911.584,3
2023,2,1.0519387796673607,q5_19,189,-0.02707874083655342,0.5063682618453571,51.863333529211786,47911.584,3
2023,2,3.6954404241033023,u20m,189,-0.01763560343435324,2.295471913530184,37.883671495335236,47911.584,3
2019,3,7.909316873081622,hgap,189,0.0011372341204917368,8.193127338098195,-3.5883056599045524,47911.584,3
2022,3,107.45324,math,189,0.010985602927737138,146.15280122734796,-36.015257638902256,47911.584,3
2023,3,1.4029402246435076,nnm,189,-0.005730052934300367,1.2018460691013217,14.333765046424887,47911.584,3
2023,3,1.485575603537237,pnm,189,-0.014906859696070068,0.9933393781020352,33.134377292085325,47911.584,3
2023,3,1.3584425246417897,q5_19,189,-0.022298250376698282,0.7440002418085668,45.23137870667339,47911.584,3
2023,3,4.240953127547797,u20m,189,-0.01444135341964543,2.871606116984833,32.28866175549429,47911.584,3
2019,1,3.3256623000000047,hgap,190,-0.006375712527058419,2.729236101944937,17.934057768134387,10551.494,3
2022,1,97.75894,math,190,-0.005877506579555547,82.92482448306338,15.174177949286909,10551.494,3
2023,1,1.2973936252802207,nnm,190,-0.026694359440532,0.6310372678808703,51.36115550555644,10551.494,3
2023,1,1.2202733402253418,pnm,190,-0.028334125429493106,0.5678224463509179,53.46760208282015,10551.494,3
2023,1,2.1910998087407707,q5_19,190,-0.00857028034798607,1.7384710919076845,20.65760377630688,10551.494,3
2023,1,4.701670608681097,u20m,190,-0.01909419896867357,2.807724930272213,40.28239823759516,10551.494,3
2019,2,3.687300399999998,hgap,190,1.1929113615187781e-4,3.700961373619759,-0.37048713524292864,10551.494,3
2022,2,99.92885999999999,math,190,-0.0010310139950139962,97.08531625647802,2.8455680806545405,10551.494,3
2023,2,1.1344398597859628,nnm,190,-0.02728494516656669,0.5430496612814479,52.130590564412444,10551.494,3
2023,2,1.0493424256774464,pnm,190,-0.0313229315036009,0.450428717647406,57.075144716786504,10551.494,3
2023,2,1.34319799947491,q5_19,190,0.0010523356668448835,1.3819097238912075,-2.882056437802241,10551.494,3
2023,2,3.522858216031266,u20m,190,-0.018735363342279054,2.124247969578109,39.70100868915425,10551.494,3
2019,3,3.1374380318721933,hgap,190,-0.012918047231436502,2.1021215345023023,32.99878712670828,10551.494,3
2022,3,98.82738999999998,math,190,-0.003485535640449555,89.638041045781,9.298382719829986,10551.494,3
2023,3,1.2192202030527028,nnm,190,-0.026872348371832257,0.5901716043858455,51.59433850356445,10551.494,3
2023,3,1.1360783999554425,pnm,190,-0.029802155223603865,0.5081005798989411,55.27592286598627,10551.494,3
2023,3,1.7801543456410496,q5_19,190,-0.005116378078766537,1.5504696165354146,12.902517675955982,10551.494,3
2023,3,4.129877489613021,u20m,190,-0.018937314985926636,2.4767327160851806,40.02890588608583,10551.494,3
2019,1,5.050478400000003,hgap,191,-0.01177627953447471,3.5057984788289938,30.584823829184348,8870.564,3
2022,1,67.24121000000002,math,191,0.04418756005983502,231.7219091643284,-244.61293775696228,8870.564,3
2023,1,2.4882009547183204,nnm,191,-0.023736549332248846,1.3108464967139064,47.31749884477067,8870.564,3
2023,1,1.3575940654013685,pnm,191,-0.034212966874251856,0.539001975981386,60.29726486598689,8870.564,3
2023,1,2.0491227938237433,q5_19,191,-0.020954178806613856,1.1637516510518247,43.207324882652905,8870.564,3
2023,1,5.883666262726628,u20m,191,-0.025256758168362658,2.9750106271121903,49.436108469321965,8870.564,3
2019,2,6.031237499999975,hgap,191,-0.0019507331641059444,5.67732110751457,5.868055975003579,8870.564,3
2022,2,78.12248999999997,math,191,0.03307725383631892,197.24391044039405,-152.4803170513307,8870.564,3
2023,2,2.251818198500354,nnm,191,-0.01438452930499492,1.5270773607566095,32.18469582608405,8870.564,3
2023,2,1.1326386156361723,pnm,191,-0.013106307386127669,0.7950738062174038,29.80339931542662,8870.564,3
2023,2,1.2523365539267584,q5_19,191,-0.017972180421078267,0.7708682347505644,38.445601357440864,8870.564,3
2023,2,4.630007586912566,u20m,191,-0.015034478736900914,3.0852342328434537,33.36438062079323,8870.564,3
2019,3,5.407715214780296,hgap,191,-0.008578124303328516,4.145008436637067,23.35009755491591,8870.564,3
2022,3,72.60284000000001,math,191,0.03797551265380039,210.25443526554727,-189.59533162276742,8870.564,3
2023,3,2.375229969516476,nnm,191,-0.019556561435406315,1.4008330611242026,41.02326599519249,8870.564,3
2023,3,1.2456907824002217,pnm,191,-0.025542087932419365,0.6250359237940791,49.82415117580403,8870.564,3
2023,3,1.6620829068264564,q5_19,191,-0.01979405813694145,0.9739766092829416,41.40023910464066,8870.564,3
2023,3,5.274031503949672,u20m,191,-0.021033245679002797,2.988876092746919,43.32843687967017,8870.564,3
2019,1,2.8064210000000003,hgap,192,-0.041860811572411435,0.7666114786597996,72.68366083849146,37732.833,3
2022,1,134.78053999999997,math,192,0.020515749286897478,239.38875156412885,-77.6137353093621,37732.833,3
2023,1,4.1363055005794624,nnm,192,-0.02997817525037867,1.8411534799698128,55.48797157966494,37732.833,3
2023,1,3.3817535512226105,pnm,192,-0.03852416578873803,1.1951143854023423,64.65992073933741,37732.833,3
2023,1,10.720670085835327,q5_19,192,0.047834498297607844,39.005595715872204,-263.8354263639575,37732.833,3
2023,1,18.144292501408366,u20m,192,0.005925676472604247,21.292381087084856,-17.35029671414377,37732.833,3
2019,2,3.7385333999999943,hgap,192,-0.005893827766630078,3.1142387324545755,16.698919088041844,37732.833,3
2022,2,144.70394,math,192,0.0245726664833823,287.93205252005845,-98.98010553137563,37732.833,3
2023,2,3.163326093440066,nnm,192,-0.023865708431660672,1.660717781831974,47.500898333691225,37732.833,3
2023,2,3.2568055153854303,pnm,192,-0.028357903024743725,1.514497089967246,53.49746606566983,37732.833,3
2023,2,2.8758222912173004,q5_19,192,-0.020574410895181684,1.650089540684431,42.62199212643392,37732.833,3
2023,2,9.267218032274371,u20m,192,-0.024386848058229084,4.797228390856467,48.23442834570791,37732.833,3
2019,3,3.213882901748349,hgap,192,-0.024207062598148355,1.5174949138822849,52.783129931187936,37732.833,3
2022,3,139.74813999999998,math,192,0.022978540389121838,265.93207881111937,-90.2938234534781,37732.833,3
2023,3,3.6758548681166854,nnm,192,-0.02716394877215318,1.7653678917901334,51.973950138716575,37732.833,3
2023,3,3.3101170787507295,pnm,192,-0.034174862074949706,1.3155598072326595,60.256396497940045,37732.833,3
2023,3,6.910231787269239,q5_19,192,0.029765837776219994,15.435665926022832,-123.3740690791306,37732.833,3
2023,3,13.835845619060706,u20m,192,-0.004978101640132815,12.095748035383478,12.576734603629962,37732.833,3
2019,1,5.574372899999986,hgap,193,-0.012338863670581101,3.8025620108204015,31.78493654738435,68682.965,3
2022,1,84.55000999999999,math,193,0.005159200371911243,97.69015673068486,-15.541271645839991,68682.965,3
2023,1,2.8903860852914995,nnm,193,0.004869114287990972,3.296483098665412,-14.049922791991198,68682.965,3
2023,1,1.7761003077122473,pnm,193,-0.022495931133906955,0.9675675686946449,45.522920946906105,68682.965,3
2023,1,2.150388632513711,q5_19,193,-0.016131277856824923,1.3911129121049188,35.30876739806943,68682.965,3
2023,1,6.801717689877362,u20m,193,-0.00957681594087394,5.251959007733246,22.784813378105063,68682.965,3
2019,2,6.4220658999999785,hgap,193,-0.005818002223617435,5.362239946662087,16.502881936136703,68682.965,3
2022,2,98.91985999999997,math,193,0.006409444875031589,118.36516727672151,-19.65763728003815,68682.965,3
2023,2,2.306600101263049,nnm,193,0.0022559585342341705,2.451464259906518,-6.280419330777986,68682.965,3
2023,2,1.491443314269536,pnm,193,-0.019164475753717068,0.8889657888399598,40.3956033504801,68682.965,3
2023,2,1.3873214188453442,q5_19,193,-0.011011307420639526,1.0305262054441187,25.718280461508563,68682.965,3
2023,2,5.176660336710381,u20m,193,-0.007862362055446326,4.18654725557883,19.126483422335944,68682.965,3
2019,3,5.925651073831887,hgap,193,-0.010550094817663558,4.272664458132194,27.895442966586465,68682.965,3
2022,3,91.61833999999999,math,193,0.005564816979532062,107.0660940758871,-16.86098446652396,68682.965,3
2023,3,2.6063253248210714,nnm,193,0.0037386521906940364,2.8831542395799343,-10.621425964077133,68682.965,3
2023,3,1.6375320382239211,pnm,193,-0.021018573713394696,0.9283827021971724,43.30598238529104,68682.965,3
2023,3,1.77861000497892,q5_19,193,-0.014224596162737958,1.2113895228985991,31.891222948959154,68682.965,3
2023,3,6.010658850639894,u20m,193,-0.008858064536126453,4.732088393059656,21.27171894715205,68682.965,3
2023,1,4.168762386721925,q5_19,194,-0.02716363167353808,2.0021090437542575,51.97353895412108,14.435,3
2023,1,11.54812645839376,u20m,194,-0.030264799567864698,5.100678775366513,55.831114304614474,14.435,3
2023,2,1.6859886047436712,q5_19,194,-0.014229943466373485,1.1481404426436785,31.901055593537908,14.435,3
2023,2,5.562814504916802,u20m,194,-0.02693414232820428,2.6882282762152454,51.67503295608361,14.435,3
2023,3,2.9179121168032562,q5_19,194,-0.023307191559056605,1.5551533528096386,46.703214813974576,14.435,3
2023,3,8.58071997151355,u20m,194,-0.029110881664353893,3.90994777763951,54.43333670577953,14.435,3
2019,1,4.947123299999987,hgap,195,-0.024079406967327778,2.345138917801559,52.59590724570044,93.333,3
2023,1,5.480660148535812,nnm,195,-0.016422320293310744,3.5177546791743417,35.81512839992225,93.333,3
2023,1,4.746503485267062,pnm,195,-0.022179116683428913,2.607969862397217,45.05492578922062,93.333,3
2023,1,3.496373688927301,q5_19,195,-0.07866791278629655,0.41798601551462977,88.04515613310004,93.333,3
2023,1,13.661856318960886,u20m,195,-0.03775801045553253,4.929026268652317,63.921255255689765,93.333,3
2019,2,4.637523399999992,hgap,195,-0.013460845923346797,3.055350298730907,34.116768041948596,93.333,3
2023,2,3.984333626376045,nnm,195,-0.01781551247647275,2.4629288739546653,38.18467264763607,93.333,3
2023,2,4.459105286222842,pnm,195,-0.02053714810974443,2.56112121821709,42.56423533819427,93.333,3
2023,2,4.39941743580774,q5_19,195,0.005201167952364893,5.062718874258461,-15.077028905054052,93.333,3
2023,2,12.78802173542859,u20m,195,-0.011487485852975255,9.37781518181233,26.667193911380746,93.333,3
2019,3,4.851793034057124,hgap,195,-0.02238048692684482,2.4243252533717445,50.03238521605905,93.333,3
2023,3,4.75215369053287,nnm,195,-0.016928947658635285,3.008724807609742,36.68713169770469,93.333,3
2023,3,4.597172979597941,pnm,195,-0.02146966750468058,2.5747708047513576,43.99230100372378,93.333,3
2023,3,3.941450219317688,q5_19,195,-0.04099487720914392,1.3030231268471555,66.94051543615019,93.333,3
2023,3,13.232166618037056,u20m,195,-0.026030755049936304,6.552327590861753,50.48182372544998,93.333,3
2019,1,9.027411599999994,hgap,196,-0.007726855217086026,7.104533987970714,21.30043136649802,45538.403,3
2022,1,197.55867999999998,math,196,0.006548449678454027,237.31591901911565,-20.124268404261294,45538.403,3
2023,1,7.01319602914054,nnm,196,-0.0242526132357495,3.6436027697272144,48.04647189972054,45538.403,3
2023,1,3.9538630163667987,pnm,196,-0.04044870846258788,1.3265451770412777,66.4493895830453,45538.403,3
2023,1,6.2449196181817435,q5_19,196,-0.03106390536150232,2.699435905641319,56.773888685739706,45538.403,3
2023,1,17.115934211823337,u20m,196,-0.030430839353994443,7.526101602835097,56.02868350804818,45538.403,3
2019,2,9.140791799999988,hgap,196,-0.010306798863696365,6.6408252947062145,27.349561832201196,45538.403,3
2022,2,208.55462,math,196,0.0047450372539468155,238.18841412606236,-14.209128585145876,45538.403,3
2023,2,5.701996365132196,nnm,196,-0.024370961635734247,2.952937355991882,48.212219599978276,45538.403,3
2023,2,3.937694045371809,pnm,196,-0.033412071621258345,1.5975470362974313,59.4293762316268,45538.403,3
2023,2,3.8065499537863756,q5_19,196,-0.018402455923510398,2.3160356326706495,39.15656800019428,45538.403,3
2023,2,13.387179151459483,u20m,196,-0.0253675800266679,6.7488546465154045,49.58717911995942,45538.403,3
2019,3,9.062828886377815,hgap,196,-0.009060906197737095,6.843458402828121,24.488716617893918,45538.403,3
2022,3,203.06441999999998,math,196,0.005518585535672571,236.9960948564519,-16.70980807787593,45538.403,3
2023,3,6.377163430844562,nnm,196,-0.02429751055684315,3.3091475224831095,48.10941324668448,45538.403,3
2023,3,3.942695320371614,pnm,196,-0.03718845302443254,1.4445189350735368,63.36214650901847,45538.403,3
2023,3,5.058272614954951,q5_19,196,-0.026538627028254623,2.4706520775570864,51.15620952788267,45538.403,3
2023,3,15.300914676066535,u20m,196,-0.028310112927021524,7.124500086047084,53.43742359931513,45538.403,3
2023,1,5.424533394418396,q5_19,197,-0.017911361131286906,3.344526519852676,38.34443855956265,107.946,3
2023,1,20.864410675334067,u20m,197,-0.020246126317566393,12.0781671912651,42.11115099673568,107.946,3
2023,2,3.2305425502358043,q5_19,197,-5.757631075974379e-4,3.1807101562419122,1.5425394718993775,107.946,3
2023,2,16.23360549150188,u20m,197,-0.010699697143497212,12.160484065888369,25.090676422719195,107.946,3
2023,3,4.3540620658770735,q5_19,197,-0.011831747506816348,3.163414666787652,27.34566896555205,107.946,3
2023,3,18.60255220925677,u20m,197,-0.0162607703073546,11.9922185892725,35.53455217126023,107.946,3
2019,1,9.385264299999989,hgap,198,-0.017015661590334342,5.538121269978323,40.99131262634416,399.452,3
2023,1,7.911269535290819,nnm,198,-0.008769794893904947,6.2432682562014366,21.08386361567779,399.452,3
2023,1,5.760937158751478,pnm,198,-0.019232112402858027,3.4275068389456673,40.50435294648339,399.452,3
2023,1,9.37054398944015,q5_19,198,-0.006173597584867662,7.931831887958505,15.353560082562538,399.452,3
2023,1,22.869485417558177,u20m,198,-0.010379912799783009,17.279932581971426,24.441095781260298,399.452,3
2019,2,6.9007048,hgap,198,-0.011600996125864693,4.816235813536301,30.206610004005658,399.452,3
2023,2,6.6587792092899205,nnm,198,-0.008453312064665597,5.299946573820585,20.40663299923769,399.452,3
2023,2,5.108722907941288,pnm,198,-0.01951177634384509,3.016603385159487,40.95190834346666,399.452,3
2023,2,3.657499524099661,q5_19,198,-0.02957762264115187,1.6457297658238053,55.003965004508856,399.452,3
2023,2,15.34806857035087,u20m,198,-0.017377443838465113,9.600341362564954,37.44918900668241,399.452,3
2019,3,8.294365766359903,hgap,198,-0.014389195559285462,5.309572898703266,35.98578784362622,399.452,3
2023,3,7.293540764867449,nnm,198,-0.008614607607139524,5.779948221006874,20.752506809195605,399.452,3
2023,3,5.43919527567005,pnm,198,-0.019369635198984558,3.224090749275101,40.72485752264286,399.452,3
2023,3,6.530962692499975,q5_19,198,-0.013227272033678683,4.569564996541274,30.03229061790738,399.452,3
2023,3,19.141129806283907,u20m,198,-0.01321515857811555,13.396991022943965,30.009403005324057,399.452,3
2019,1,6.754030099999994,hgap,199,-0.019029004359646606,3.7443208176631377,44.561680030665826,282.349,3
2023,1,7.65064097320362,nnm,199,-0.024715227842251775,3.9254393447354285,48.69136640336039,282.349,3
2023,1,3.738560851539563,pnm,199,-0.031283944371046576,1.6064619918270044,57.02993596679179,282.349,3
2023,1,4.735642555134811,q5_19,199,-0.03042581374405784,2.0826069486688197,56.02271657072874,282.349,3
2023,1,16.042442254896482,u20m,199,-0.027789963900386773,7.575420230405608,52.77888422448,282.349,3
2019,2,4.697456599999981,hgap,199,-0.014959919314313086,2.954305844790056,37.10839510917317,282.349,3
2023,2,5.924083716005655,nnm,199,-0.02354462207960386,3.1371703519335186,47.0437876585449,282.349,3
2023,2,3.665419503116385,pnm,199,-0.03589483534422113,1.3906652593029172,62.05986086666052,282.349,3
2023,2,2.4044954825583886,q5_19,199,-0.03390177445852518,0.9627054246441363,59.962269356405045,282.349,3
2023,2,11.949278744340152,u20m,199,-0.029426816638799026,5.398638926685182,54.820378349259954,282.349,3
2019,3,5.73274371250136,hgap,199,-0.019685229750163024,3.1141371851634805,45.67806723380115,282.349,3
2023,3,6.801030923900647,nnm,199,-0.024385499636257246,3.5207207140725503,48.23254366187642,282.349,3
2023,3,3.7036837183173077,pnm,199,-0.033276032658526876,1.5081368912166093,59.28008421027376,282.349,3
2023,3,3.5870548684205916,q5_19,199,-0.031294636659151755,1.5409148601962406,57.042339280560896,282.349,3
2023,3,14.028990009189002,u20m,199,-0.028406201277736944,6.515333957728831,53.55806830383883,282.349,3
2019,1,13.258853799999997,hgap,200,-0.010834633626967748,9.476280606203138,28.528659044395376,411.115,3
2023,1,5.723465274777244,nnm,200,-0.04589686859051454,1.6575804639736003,71.0388657151744,411.115,3
2023,1,5.646611337674079,pnm,200,-0.05286161773927676,1.3549870851402455,76.0035354992507,411.115,3
2023,1,5.718648138366533,q5_19,200,-0.03325202024928757,2.3301389273727873,59.253675501735536,411.115,3
2023,1,16.991569915775994,u20m,200,-0.04397684645035112,5.18278460101268,69.49790615756658,411.115,3
2019,2,12.241145199999977,hgap,200,-0.005644539732480558,10.276113281650352,16.052680417103694,411.115,3
2023,2,5.074338604128346,nnm,200,-0.04915507868486284,1.345827502863882,73.47777497999537,411.115,3
2023,2,4.298681143256822,pnm,200,-0.04923485527823919,1.1376527769958387,73.53484152272073,411.115,3
2023,2,3.0249586958903674,q5_19,200,-0.042730492391881134,0.9542535592775243,68.45399705543255,411.115,3
2023,2,12.347878465326033,u20m,200,-0.04740920434731018,3.4330042304210022,72.19761888602005,411.115,3
2019,3,12.813668194218394,hgap,200,-0.009217661666950327,9.62886075548749,24.854767506527974,411.115,3
2023,3,5.414846734005152,nnm,200,-0.047515303540780596,1.5011498490529898,72.27714979214846,411.115,3
2023,3,4.981603393154677,pnm,200,-0.051247244187896016,1.2486665384116438,74.93444499962679,411.115,3
2023,3,4.396840233497401,q5_19,200,-0.03622992235014697,1.6531428781098583,62.40157043880372,411.115,3
2023,3,14.720722814678622,u20m,200,-0.04532551371798834,4.329566172851301,70.5886305492138,411.115,3
2019,1,15.680392000000012,hgap,201,-0.009477769979346417,11.688437966934888,25.458254060645427,12244.161,3
2023,1,19.440915915486976,nnm,201,-0.021901546453849896,10.762180239131272,44.64159875020122,12244.161,3
2023,1,25.303357171246432,pnm,201,-0.02775610701674989,11.959455156327113,52.735697973242516,12244.161,3
2023,1,21.000469060021288,q5_19,201,-0.00926172673806631,16.354092171369196,22.125110040982022,12244.161,3
2023,1,64.32350154500011,u20m,201,-0.019943926198008555,37.54120221251382,41.63688028356114,12244.161,3
2019,2,14.785984099999979,hgap,201,-0.008869317031630786,11.23159606555474,24.038900694105603,12244.161,3
2023,2,15.89497836872801,nnm,201,-0.026690885478698644,7.731859002123178,51.356593115376995,12244.161,3
2023,2,22.90726162317702,pnm,201,-0.035406171616472505,8.806475719702446,61.55596480902692,12244.161,3
2023,2,13.070096609795744,q5_19,201,-0.0167421025687716,8.316904663495691,36.366922817828616,12244.161,3
2023,2,51.005836106813305,u20m,201,-0.027806460906906104,24.07479915451445,52.79991273136181,12244.161,3
2019,3,15.287799417592112,hgap,201,-0.009078268216377383,11.537801964134566,24.529347560266363,12244.161,3
2023,3,17.686811324424102,nnm,201,-0.024090044452294367,9.229344602789576,47.81792809626135,12244.161,3
2023,3,24.13967075319279,pnm,201,-0.03134013524228876,10.35710673328804,57.09507872257049,12244.161,3
2023,3,17.106106007453104,q5_19,201,-0.012104413361149957,12.337165790541974,27.878584493942164,12244.161,3
2023,3,57.79744956368405,u20m,201,-0.02340026392551433,30.72687022830803,46.8369790358108,12244.161,3
2023,1,4.354272012411453,q5_19,202,-0.025782148282378615,2.1706777183096975,50.14832072680853,29.919999999999998,3
2023,1,17.882550326875023,u20m,202,-0.02604972064288762,8.850579507479344,50.507174056833854,29.919999999999998,3
2023,2,2.9705948940501603,q5_19,202,-0.004315090619654649,2.6438991731515045,10.997653081306998,29.919999999999998,3
2023,2,14.77461517403611,u20m,202,-0.004177439446801312,13.19871731993844,10.666253134410189,29.919999999999998,3
2023,3,3.6825174761093704,q5_19,202,-0.017695978345800188,2.2837188750186876,37.98484624079863,29.919999999999998,3
2023,3,16.36831466995514,u20m,202,-0.017040690313800778,10.332030169714116,36.87786202767061,29.919999999999998,3
2019,1,8.052924100000013,hgap,203,-0.022452737980980998,4.01485161998887,50.14417657321688,211140.731,3
2022,1,197.8236,math,203,0.0075556284969669815,244.43106402276854,-23.5601131628221,211140.731,3
2023,1,9.140814624257546,nnm,203,-0.017304733452291908,5.728889490011356,37.3262698621166,211140.731,3
2023,1,6.180223077544178,pnm,203,-0.025160962071028515,3.133054450823571,49.30515595452347,211140.731,3
2023,1,10.021528738190732,q5_19,203,-0.030460327275635236,4.403091096745893,56.06367838904368,211140.731,3
2023,1,25.133100085818704,u20m,203,-0.024358599637655944,13.020219765139359,48.19493130301904,211140.731,3
2019,2,7.950239099999976,hgap,203,-0.01643528099442033,4.77650110877252,39.920031980264156,211140.731,3
2022,2,205.94475999999997,math,203,0.0028757353148879615,223.21346735670605,-8.385116162560326,211140.731,3
2023,2,6.990581145422603,nnm,203,-0.018998447213246304,4.1854139740408565,40.1278107360009,211140.731,3
2023,2,5.254788269707933,pnm,203,-0.021809833557529124,2.9161790248899297,44.50434774507072,211140.731,3
2023,2,3.6923516407705304,q5_19,203,-0.026683626833770256,1.7964376697190538,51.347058880227124,211140.731,3
2023,2,15.855908457180877,u20m,203,-0.021621203068692064,8.844269377611857,44.22098612958102,211140.731,3
2019,3,8.036986761257424,hgap,203,-0.019678304117171218,4.366783969281866,45.666403354897874,211140.731,3
2022,3,201.90206,math,203,0.0049847505141828565,232.14350645341028,-14.978275334788696,211140.731,3
2023,3,8.085830240147121,nnm,203,-0.018059330585414868,4.965486362460464,38.59027193266777,211140.731,3
2023,3,5.7306956742275705,pnm,203,-0.02361898483965035,3.028672309478483,47.150006183381706,211140.731,3
2023,3,6.9189008945237385,q5_19,203,-0.029382927897949763,3.1296396605472423,54.766808944693366,211140.731,3
2023,3,20.593814807112754,u20m,203,-0.023306139290512284,10.976153081161725,46.70170056413857,211140.731,3
2023,1,5.23574508427771,q5_19,204,-0.010823233802672139,3.909001024848632,25.340119468633507,39.009,3
2023,1,19.85224951477793,u20m,204,-0.01736030775342199,12.423489771768939,37.42024165815091,39.009,3
2023,2,1.620439705912191,q5_19,204,-0.009832966867600507,1.2426018287923561,23.31699696948239,39.009,3
2023,2,12.123676269658269,u20m,204,-0.018380086131712315,7.380917339780968,39.11980841773982,39.009,3
2023,3,3.453845916693621,q5_19,204,-0.008814450345123893,2.722357435882205,21.17895524163024,39.009,3
2023,3,16.07065223534432,u20m,204,-0.017399455933055384,10.046350717464119,37.486353569588815,39.009,3
2023,1,3.536460328387392,q5_19,205,-0.026294932766826283,1.738744211206523,50.83377021793479,73.05499999999999,3
2023,1,5.316576065583778,u20m,205,-0.045344306135864376,1.5628846272773727,70.60354995399163,73.05499999999999,3
2023,2,5.365450488603374,q5_19,205,-0.0012425898839319993,5.18842619764577,3.299336958445841,73.05499999999999,3
2023,2,6.734334755884586,u20m,205,-0.02130800323011852,3.788245350132646,43.747296689960244,73.05499999999999,3
2023,3,4.442473281122017,q5_19,205,-0.012030750982600513,3.2103532894980447,27.735000610128168,73.05499999999999,3
2023,3,6.02039529545384,u20m,205,-0.03272738780180939,2.4880852784970062,58.67239348260362,73.05499999999999,3
2019,1,10.906521699999985,hgap,206,-0.010313270592553093,7.9220462950709125,27.364135762266688,19658.834,3
2022,1,160.93754,math,206,0.0103808157821061,215.2239645026446,-33.731362181032836,19658.834,3
2023,1,3.4969561475482385,nnm,206,-0.04760492167601491,0.9671129679201163,72.3441493940903,19658.834,3
2023,1,2.1071590060565137,pnm,206,-0.05250255656701567,0.5105695407886438,75.76976681298676,19658.834,3
2023,1,4.516474016128091,q5_19,206,-0.009142974756640655,3.52849447650491,21.875018788886162,19658.834,3
2023,1,10.087942966901075,u20m,206,-0.03330348259312168,4.104758518858293,59.31025252297558,19658.834,3
2019,2,10.943463499999979,hgap,206,-0.0065503123856246685,8.932378005334435,18.377047583386627,19658.834,3
2022,2,177.22429999999997,math,206,0.004132247437474756,198.96304226213942,-12.266231133168226,19658.834,3
2023,2,2.857430575660725,nnm,206,-0.04970816517096861,0.7466209601898445,73.87089763266765,19658.834,3
2023,2,1.6073315074959238,pnm,206,-0.06995021988096714,0.24314906642602346,84.87250045855025,19658.834,3
2023,2,2.966906185577489,q5_19,206,-0.001219500633932258,2.870807084662323,3.2390340275104146,19658.834,3
2023,2,7.41384252681776,u20m,206,-0.038512667616168804,2.6208713501906824,64.64894768522096,19658.834,3
2019,3,10.95530095038302,hgap,206,-0.008128754882407963,8.515023234997114,22.274857865046492,19658.834,3
2022,3,168.89688,math,206,0.006693961429844552,203.7144526156227,-20.614692595637454,19658.834,3
2023,3,3.183765096834545,nnm,206,-0.04853707267202469,0.8586134373563513,73.03150793976519,19658.834,3
2023,3,1.8623733321315727,pnm,206,-0.06023770859152959,0.36620335958381667,80.33673736271342,19658.834,3
2023,3,3.757015654436202,q5_19,206,-0.006184335032515187,3.179258162814115,15.378096467069113,19658.834,3
2023,3,8.778288579813442,u20m,206,-0.03549941996045618,3.3662424663364274,61.65263381660247,19658.834,3
2019,1,11.929525299999995,hgap,207,-0.016582527286489013,7.1346136363975194,40.193650149704425,52321.152,3
2022,1,193.25164,math,207,0.0013642955240264598,200.77672073872887,-3.89392852693455,52321.152,3
2023,1,6.698103929378016,nnm,207,-0.03534938996186967,2.5789722368564583,61.4969808762591,52321.152,3
2023,1,6.4995206740732225,pnm,207,-0.032118142284777315,2.730647034374895,57.98694747956529,52321.152,3
2023,1,10.297672058708018,q5_19,207,-0.019948921312152156,6.0092321633599894,41.64475107479847,52321.152,3
2023,1,23.316305690716298,u20m,207,-0.027686065461512664,11.041149572884141,52.64623084230568,52321.152,3
2019,2,12.3974786,hgap,207,-0.009405898477111175,9.26190971794828,25.29198866333772,52321.152,3
2022,2,202.19479,math,207,-0.0066507734004679795,167.83978849245563,16.991041909410416,52321.152,3
2023,2,5.401909941479488,nnm,207,-0.027379144271631593,2.5792939238919654,52.25218576699295,52321.152,3
2023,2,5.296109195507714,pnm,207,-0.03850197536253057,1.872770906140086,64.63874068667968,52321.152,3
2023,2,4.812953325463165,q5_19,207,-0.008353146914527664,3.841165844979327,20.191084657782753,52321.152,3
2023,2,15.431011985041376,u20m,207,-0.02586502284717369,7.675424741860718,50.25974479638033,52321.152,3
2019,3,12.200635615076493,hgap,207,-0.013011945931140235,8.150813401299757,33.193534677589376,52321.152,3
2022,3,197.89659999999998,math,207,-0.0030889111333585184,181.4999104529774,8.285483200329157,52321.152,3
2023,3,6.064342497958424,nnm,207,-0.03192525785283364,2.5611187256801973,57.7675778282245,52321.152,3
2023,3,5.910731594320762,pnm,207,-0.03499727412675875,2.2975497099639743,61.1291821782004,52321.152,3
2023,3,7.610601396662142,q5_19,207,-0.016385990083958957,4.88964871577178,35.752137565419176,52321.152,3
2023,3,19.458966072257944,u20m,207,-0.026954312420959692,9.398419238885552,51.70134320607819,52321.152,3
2019,1,9.741020300000002,hgap,208,-0.016740091993465135,5.79736215921558,40.485062337714474,5105.527,3
2022,1,188.55885999999998,math,208,0.015769695141819983,293.2312880875462,-55.51180574996382,5105.527,3
2023,1,4.802915864988794,nnm,208,-0.028704681619038587,2.212663075525846,53.93083831313359,5105.527,3
2023,1,3.2730636005812164,pnm,208,-0.019101573887644396,1.9542059207021472,40.29428819057693,5105.527,3
2023,1,6.015731490232379,q5_19,208,-0.0010411026506695897,5.848985231380542,2.771836793623173,5105.527,3
2023,1,14.02750235152006,u20m,208,-0.015334838649809912,9.271815551130079,33.90259136099622,5105.527,3
2019,2,10.003536699999984,hgap,208,-0.01357345426092924,6.567686360718353,34.346356117048444,5105.527,3
2022,2,203.72264,math,208,0.009814997058352226,268.158809703651,-31.629361225463693,5105.527,3
2023,2,4.196873580195505,nnm,208,-0.023539289341442293,2.222825312915819,47.036162266001064,5105.527,3
2023,2,2.931501512356993,pnm,208,-0.0188782977251857,1.7608571626772311,39.93326780645382,5105.527,3
2023,2,2.7649206301333384,q5_19,208,-0.017531949333179586,1.7222805217772128,37.70958547572645,5105.527,3
2023,2,9.861317207294661,u20m,208,-0.020443718886928242,5.67822872976463,42.419165610408484,5105.527,3
2019,3,9.858999494355032,hgap,208,-0.015247674182563875,6.145418179190967,37.666918608631136,5105.527,3
2022,3,196.01738999999998,math,208,0.012148667502057542,275.43896732555777,-40.51761801621672,5105.527,3
2023,3,4.506818953369399,nnm,208,-0.026379863083150813,2.2107576162350764,50.94638504210904,5105.527,3
2023,3,3.105767272692739,pnm,208,-0.019013091962998097,1.8587557469360962,40.15148001335812,5105.527,3
2023,3,4.425801364962623,q5_19,208,-0.006380750174230676,3.7253883699487953,15.825676239307288,5105.527,3
2023,3,11.99076061422588,u20m,208,-0.017426736355529337,7.490342490194197,37.532382380250105,5105.527,3
2019,1,10.223996,hgap,209,-0.019181492494970344,5.641281404337448,44.823125866467,11019.932,3
2023,1,3.2745358471390045,nnm,209,0.0013988412117131644,3.400576056642333,-3.8491015333807153,11019.932,3
2023,1,3.453044635638003,pnm,209,-0.0036246195101683476,3.131122661929653,9.322844262882516,11019.932,3
2023,1,4.0726617691030365,q5_19,209,-0.014316715568652105,2.7669495355148226,32.06041423557213,11019.932,3
2023,1,10.761582023677052,u20m,209,-0.00633666888511808,9.069276679324432,15.725432753560781,11019.932,3
2019,2,10.226277399999987,hgap,209,-0.0066803766791404765,8.313402289261745,18.705488184177792,11019.932,3
2023,2,2.064785497758937,nnm,209,-0.016077851104367723,1.337663407319699,35.2153815119506,11019.932,3
2023,2,2.6109695136319333,pnm,209,-0.016560355238785927,1.669613265514846,36.053896577583316,11019.932,3
2023,2,3.117949130493236,q5_19,209,0.0017434862775341786,3.268233370365323,-4.819970871311582,11019.932,3
2023,2,7.7737510927756714,u20m,209,-0.009469801941119283,6.019885032808524,22.561386890777296,11019.932,3
2019,3,10.211057395787947,hgap,209,-0.01316889905097791,6.7885360938396015,33.51779516350709,11019.932,3
2023,3,2.6783486974819417,nnm,209,-0.0058584826090046,2.2864980619737953,14.630306945340836,11019.932,3
2023,3,3.058585198769559,pnm,209,-0.008799344411448317,2.4117922820263247,21.14680071699272,11019.932,3
2023,3,3.6068400909663456,q5_19,209,-0.007833220277253639,2.9192744824106494,19.062824833231893,11019.932,3
2023,3,9.314919373439757,u20m,209,-0.007566086137318439,7.593806818211713,18.476945277009754,11019.932,3
2023,1,7.299280997398516,q5_19,210,0.002837141688408318,7.88040008968465,-7.961319649061956,185.438,3
2023,1,19.282259208582285,u20m,210,-0.010910589115260994,14.362197125342163,25.516004271171013,185.438,3
2023,2,2.8317797977130965,q5_19,210,-0.010048499265024846,2.1588937497509635,23.761948174979775,185.438,3
2023,2,11.091377030781446,u20m,210,-0.019550258156645527,6.542445283294275,41.013227977578495,185.438,3
2023,3,5.111652709248404,q5_19,210,-7.328210472077323e-4,5.011506708571554,1.9591706708802454,185.438,3
2023,3,15.279855481587056,u20m,210,-0.014035436514785227,10.460210050899857,31.542480467142497,185.438,3
2019,1,3.6297548999999947,hgap,211,-0.033661994131389775,1.2784434806997076,64.77879317141469,66.532,3
2023,1,18.592749861880034,nnm,211,0.03400474919505285,46.56736345030723,-150.45979640581524,66.532,3
2023,1,16.3984820140457,pnm,211,0.016838206602293314,25.837330084918325,-57.55927934541757,66.532,3
2023,1,11.962121359002097,q5_19,211,0.009704058786050584,15.545243244789502,-29.953900134033713,66.532,3
2023,1,46.23353816408804,u20m,211,0.021014497688593137,81.5402616796784,-76.36604274213843,66.532,3
2019,2,3.472749399999998,hgap,211,-0.02343775783842339,1.6792984577511647,51.64354624174248,66.532,3
2023,2,16.17615528231543,nnm,211,0.03388026162197692,40.378817395755846,-149.61937302802698,66.532,3
2023,2,14.750503485294274,pnm,211,0.016964122589620968,23.319933893419442,-58.095850197036214,66.532,3
2023,2,4.351623088072132,q5_19,211,-0.03472159968119555,1.7041487305924892,60.83877909225209,66.532,3
2023,2,34.90613258375219,u20m,211,0.015667010867870434,53.285903735298525,-52.65484827758202,66.532,3
2019,3,3.665926371094656,hgap,211,-0.028852313682718744,1.498791835836683,59.11560451256037,66.532,3
2023,3,17.398775897617064,nnm,211,0.033919817724953824,43.47712473462095,-149.88611262344943,66.532,3
2023,3,15.582172717623632,pnm,211,0.0168718565201595,24.57347507740507,-57.70249452832829,66.532,3
2023,3,8.129984467023842,q5_19,211,-0.00427121216572548,7.244454535323225,10.892147891455746,66.532,3
2023,3,40.57389187723581,u20m,211,0.01867251998279973,67.17376987450447,-65.5590991314113,66.532,3
2019,1,9.132544300000006,hgap,212,-0.016028131199492666,5.556521390650598,39.156918290003865,11331.269,3
2022,1,243.73474,math,212,-0.006458580230182547,203.41337861333207,16.543132664087164,11331.269,3
2023,1,20.887492263439864,nnm,212,-0.004523440869429285,18.486072672535258,11.496926297408608,11331.269,3
2023,1,13.947485957595319,pnm,212,-0.017337494104668984,8.733681023054048,37.381682622896015,11331.269,3
2023,1,6.943774351032661,q5_19,212,-0.0320318507517201,2.924096403281628,57.8889483520333,11331.269,3
2023,1,41.247561254673215,u20m,212,-0.013650979962658783,28.531693754179315,30.82816805091291,11331.269,3
2019,2,9.151808499999987,hgap,212,-0.0115868998911965,6.3901491763799205,30.17610479524425,11331.269,3
2022,2,239.49291999999997,math,212,-0.006617332848287535,198.98680879704116,16.913281279028546,11331.269,3
2023,2,16.10681297413066,nnm,212,-0.005668631603317031,13.821001667704413,14.19158035855705,11331.269,3
2023,2,12.753998409545165,pnm,212,-0.016635725479469253,8.139105098772186,36.1838943567624,11331.269,3
2023,2,3.2936885460911336,q5_19,212,-0.025719583471320216,1.644735073452628,50.06403761507572,11331.269,3
2023,2,31.8546917489696,u20m,212,-0.012166502317210393,22.93557311188539,27.999387680066675,11331.269,3
2019,3,9.15535671507871,hgap,212,-0.014139783826492325,5.906218876796064,35.488926749641266,11331.269,3
2022,3,241.4862,math,212,-0.00659255121454689,200.78223134721304,16.855608582514012,11331.269,3
2023,3,18.52240140687949,nnm,212,-0.005049362038822824,16.161762477735806,12.744777943679091,11331.269,3
2023,3,13.378058613350618,pnm,212,-0.01695764507046138,8.463472336765449,36.736169414601484,11331.269,3
2023,3,5.1576574717717705,q5_19,212,-0.03000143207602819,2.2943368144692617,55.51591343499773,11331.269,3
2023,3,36.64707010974222,u20m,212,-0.013016524293069676,25.787434200477993,29.633026260337548,11331.269,3
2019,1,16.46274059999999,hgap,213,-0.0050099617137408185,14.094587647006998,14.384925393242199,17980.079999999998,3
2023,1,6.804125575053219,nnm,213,-0.024740523732279106,3.488720289186514,48.726397672940855,17980.079999999998,3
2023,1,6.226279484266017,pnm,213,-0.04619369143515566,1.788807670647852,71.27003895073744,17980.079999999998,3
2023,1,8.926556171858113,q5_19,213,-0.023213853635218974,4.769572247526471,46.56873092264811,17980.079999999998,3
2023,1,21.79865836908135,u20m,213,-0.030459192159608506,9.577822185780546,56.06233180219256,17980.079999999998,3
2019,2,15.112276899999983,hgap,213,-0.010318822350617696,10.975043915319269,27.376635645689625,17980.079999999998,3
2023,2,4.747665411346578,nnm,213,-0.02961673156152178,2.1340066150599712,55.0514530792366,17980.079999999998,3
2023,2,5.752455502724629,pnm,213,-0.03722344270219478,2.1055860872853973,63.396742725118095,17980.079999999998,3
2023,2,5.314182014051538,q5_19,213,-0.026732966090072606,2.5820638321979166,51.41182922657652,17980.079999999998,3
2023,2,15.731337774606668,u20m,213,-0.03132562141427484,6.752163562700269,57.07826213229286,17980.079999999998,3
2019,3,15.81701888555196,hgap,213,-0.007557012890777637,12.513638197881535,20.884976565893172,17980.079999999998,3
2023,3,5.792745568094693,nnm,213,-0.026705654184141236,2.81666541296774,51.375986052600325,17980.079999999998,3
2023,3,6.001107933681027,pnm,213,-0.04207723281322913,1.9267965819825594,67.89265243558651,17980.079999999998,3
2023,3,7.157609484917504,q5_19,213,-0.02448012970053228,3.69585733238537,48.36464129297259,17980.079999999998,3
2023,3,18.83253311681987,u20m,213,-0.030810460420152185,8.196468804022235,56.47707744264241,17980.079999999998,3
2019,1,13.112707300000011,hgap,214,-0.014532340899436402,8.35683038836556,36.26922192974174,6309.629,3
2022,1,233.83504,math,214,,,,6309.629,3
2023,1,6.206885592980627,nnm,214,-0.020599947006408482,3.5589326630250655,42.661539193667984,6309.629,3
2023,1,6.288311134127644,pnm,214,-0.0544401492422556,1.4460106733175933,77.00478487029899,6309.629,3
2023,1,11.783372778417235,q5_19,214,-0.04045320929923411,3.9529130974398115,66.45346649237744,6309.629,3
2023,1,24.092763031561383,u20m,214,-0.039369897262038475,8.32218033651637,65.45775872358699,6309.629,3
2019,2,13.971640499999978,hgap,214,-0.011598659601203608,9.751987875987494,30.201554527633967,6309.629,3
2022,2,240.28627999999998,math,214,,,,6309.629,3
2023,2,4.628703121057909,nnm,214,-0.025038645359422886,2.3542761212694776,49.13745687082653,6309.629,3
2023,2,5.752069118461267,pnm,214,-0.04692332393416019,1.6203300945354735,71.83048288945236,6309.629,3
2023,2,5.667243437405767,q5_19,214,-0.018421394992199015,3.4463826319483952,39.187672631087665,6309.629,3
2023,2,15.962711581498755,u20m,214,-0.031156234482056087,6.882879835906871,56.88151226208756,6309.629,3
2019,3,13.499282198233743,hgap,214,-0.014187550526221893,8.695646057374434,35.58438197171566,6309.629,3
2022,3,237.12432,math,214,,,,6309.629,3
2023,3,5.4244995668943545,nnm,214,-0.022784554578501592,2.9321697436530973,45.94580186625715,6309.629,3
2023,3,6.038102923286215,pnm,214,-0.05088560457373918,1.5283344589995598,74.68849937775208,6309.629,3
2023,3,8.823440975616714,q5_19,214,-0.03376134813611089,3.5461252465749733,59.810177725735656,6309.629,3
2023,3,20.152439182827276,u20m,214,-0.036214713850504586,7.5801126298253045,62.38612824454208,6309.629,3
2023,1,3.396991843069075,q5_19,215,-0.007727362641841218,2.757298777357653,18.83116284240116,3.498,3
2023,1,13.977148065445256,u20m,215,-0.007674281410636396,11.361359913984591,18.71474881150825,3.498,3
2023,2,2.6435793876276037,q5_19,215,-0.01178730929665075,1.922980789101202,27.258443680523623,3.498,3
2023,2,13.237872965116582,u20m,215,-0.011100544541943647,9.809655765405969,25.897039567794504,3.498,3
2023,3,2.9908780131563395,q5_19,215,-0.009696368107714504,2.3019694871300413,23.033655100472583,3.498,3
2023,3,13.581265240780516,u20m,215,-0.009445051233779722,10.524174076025789,22.50961976337218,3.498,3
2023,1,3.355102643032515,q5_19,216,-0.10112062188006636,0.21876122806649342,93.47974558928051,303.409,3
2023,1,17.34676306776739,u20m,216,-0.03684152234360831,6.415293948082672,63.01734264184914,303.409,3
2023,2,1.3667524780851537,q5_19,216,-0.10337981260401952,0.08384231317874169,93.86558176969935,303.409,3
2023,2,9.424884907860086,u20m,216,-0.03218288480920104,3.9527661779879955,58.06032416701979,303.409,3
2023,3,2.371112550063059,q5_19,216,-0.10213615934192077,0.15042103350288302,93.65609896928417,303.409,3
2023,3,13.454100754683228,u20m,216,-0.03536349636701761,5.178262350864675,61.51164284196269,303.409,3
2019,1,5.082478299999991,hgap,217,-0.02736135879102024,2.1762362077045436,57.181593717684,117.094,3
2023,1,12.357510704264175,nnm,217,0.016830877991822035,19.466552534474225,-57.5281057839339,117.094,3
2023,1,5.081460774624014,pnm,217,-0.007459760124053738,4.154471611742666,18.242572441188173,117.094,3
2023,1,5.57109272528622,q5_19,217,-0.03023576618442625,2.462619271950678,55.796476680898195,117.094,3
2023,1,22.850465703459943,u20m,217,-0.0018600314440968102,21.731235489251247,4.898063036147334,117.094,3
2019,2,4.372525299999978,hgap,217,-0.018251508373516613,2.4831898275215623,43.20925192767725,117.094,3
2023,2,9.772596366201189,nnm,217,0.012019288995533329,13.519092998742636,-38.33675813623917,117.094,3
2023,2,5.023960379928583,pnm,217,3.196214090820382e-4,5.067503657090835,-0.8667121925605591,117.094,3
2023,2,4.479595140636006,q5_19,217,-0.009423677967723209,3.4732590713563587,22.464888850128744,117.094,3
2023,2,19.16099210141098,u20m,217,0.0035887202244284655,21.11053061126074,-10.174517579944094,117.094,3
2019,3,4.665967253067862,hgap,217,-0.024193388539251015,2.2040577882376384,52.7631106543134,117.094,3
2023,3,11.121802464717911,nnm,217,0.014984584351475183,16.668007196701193,-49.86785864591378,117.094,3
2023,3,5.021467665000556,pnm,217,-0.0043567415858898565,4.464200914080181,11.097686734189361,117.094,3
2023,3,5.03635050872886,q5_19,217,-0.02197312154785853,2.782660355703707,44.74847707916915,117.094,3
2023,3,21.04275096921604,u20m,217,4.403594761174023e-4,21.29443635627978,-1.1960669374072546,117.094,3
2023,1,2.6894010121993883,q5_19,218,-0.02224194302708642,1.475188878837034,45.148050731540906,376.52,3
2023,1,13.657848534445737,u20m,218,-0.0050639291425047086,11.91249981858951,12.779089704021652,376.52,3
2023,2,1.487217844760913,q5_19,218,0.0021780154148825005,1.5772984983188707,-6.0569911714876685,376.52,3
2023,2,8.760237357333779,u20m,218,-5.5038894865289126e-5,8.747228873219226,0.1484946535570964,376.52,3
2023,3,2.10432211262479,q5_19,218,-0.014182929928970611,1.434841328220517,31.814558255494816,376.52,3
2023,3,11.262104876818446,u20m,218,-0.003117763827307085,10.352871448822695,8.073388038387815,376.52,3
2019,1,19.424882499999995,hgap,219,-0.009798834515921317,14.336245450237119,26.19648818860489,18124.842,3
2022,1,230.02634,math,219,,,,18124.842,3
2023,1,10.866531228618545,nnm,219,-0.043878303773248195,3.323350079052267,69.41664263293373,18124.842,3
2023,1,13.03479338491831,pnm,219,-0.028072101353743627,6.108464668869092,53.13723441188726,18124.842,3
2023,1,11.016011204121767,q5_19,219,-0.020410633927233503,6.348779961944677,42.36770602076723,18124.842,3
2023,1,34.51395590930473,u20m,219,-0.03060942377514748,15.10324043923643,56.2401931586037,18124.842,3
2019,2,19.447242799999998,hgap,219,-0.005011327882238348,16.649066308918982,14.388551219615648,18124.842,3
2022,2,242.51333999999997,math,219,,,,18124.842,3
2023,2,8.145095620975038,nnm,219,-0.03501617597416788,3.1644498914463943,61.14901483418579,18124.842,3
2023,2,10.993479103618476,pnm,219,-0.03855250806550918,3.8821323230988427,64.68695408880117,18124.842,3
2023,2,6.87068649360234,q5_19,219,-0.013321939622739021,4.794990167292716,30.210901461482997,18124.842,3
2023,2,25.788838354280696,u20m,219,-0.031029995283237355,11.157722998521667,56.734293940503946,18124.842,3
2019,3,19.497369530741878,hgap,219,-0.007412145859175956,15.49477761327883,20.528881658380044,18124.842,3
2022,3,236.39394,math,219,,,,18124.842,3
2023,3,9.519899387781656,nnm,219,-0.04024607079410507,3.2115072293533222,66.26532383866218,18124.842,3
2023,3,12.044815101874606,pnm,219,-0.03281667268399917,4.965848220416612,58.77190161562756,18124.842,3
2023,3,8.968554099686553,q5_19,219,-0.017795421407973987,5.5469492512244285,38.15113127969768,18124.842,3
2023,3,30.226227235977344,u20m,219,-0.03075013783045586,13.176781158622852,56.40613346895329,18124.842,3
2019,1,11.632147900000007,hgap,220,-0.0128393542742129,7.812715925417904,32.83513936907646,826.36,3
2023,1,18.148082198136777,nnm,220,-0.01732725671832802,11.367165266174586,37.36437193709852,826.36,3
2023,1,10.818711337934662,pnm,220,-0.050379825199309725,2.7760301011456963,74.34047351451329,826.36,3
2023,1,7.123417113257813,q5_19,220,-0.03723697243034476,2.606450375541839,63.41011155038471,826.36,3
2023,1,35.68892783751365,u20m,220,-0.03176555103298813,15.13743202223372,57.58507486929229,826.36,3
2019,2,10.792543199999983,hgap,220,-0.007978445330643647,8.427697861845902,21.911845005671,826.36,3
2023,2,13.234456115177014,nnm,220,-0.018777791689283597,7.971106886606062,39.770045574710444,826.36,3
2023,2,9.378077794394923,pnm,220,-0.04457187370727422,2.8149210807773986,69.98402932358039,826.36,3
2023,2,5.065692172534719,q5_19,220,-0.03179345869943615,2.146991159822835,57.617022774035924,826.36,3
2023,2,27.440192909162665,u20m,220,-0.030240364660358267,12.128026176140267,55.80196459883287,826.36,3
2019,3,11.231795750247613,hgap,220,-0.01160139947009875,7.838952995219812,30.207482672154214,826.36,3
2023,3,15.765400135917561,nnm,220,-0.01770710159768494,9.774001289893452,38.003468319045005,826.36,3
2023,3,10.076123669445657,pnm,220,-0.048077414104849225,2.751313547428932,72.69472231894214,826.36,3
2023,3,6.111743902849187,q5_19,220,-0.034930063829142634,2.3799998553061856,61.058580118242986,826.36,3
2023,3,31.637447686895136,u20m,220,-0.03109044707682145,13.66584154257383,56.80485455773825,826.36,3
2019,1,11.553342200000003,hgap,221,-0.015726835960584308,7.095372764661528,38.5859724239664,11637.402,3
2023,1,27.94247001491385,nnm,221,-0.012863110560603986,19.74388393164668,29.3409497402746,11637.402,3
2023,1,33.60633076281094,pnm,221,-0.03917922519963355,11.668295582017256,65.27947170320213,11637.402,3
2023,1,27.08352716770568,q5_19,221,-0.008077997216775535,21.776246477744,19.595973069157942,11637.402,3
2023,1,86.05175805847321,u20m,221,-0.02173035081784356,47.85757827582398,44.38512430704301,11637.402,3
2019,2,9.786218899999994,hgap,221,-0.0059016192023935155,8.150057366256863,16.71903674403944,11637.402,3
2023,2,22.43087285758708,nnm,221,-0.016878396588307653,14.221025729206898,36.60065830029998,11637.402,3
2023,2,28.694042836418852,pnm,221,-0.03879246929811346,10.06730317981021,64.91500609655236,11637.402,3
2023,2,13.317379225318614,q5_19,221,-0.03994820340934431,4.52885160644509,65.99292150639542,11637.402,3
2023,2,63.12638409963833,u20m,221,-0.031195837907867043,27.190052518331292,56.9275938957399,11637.402,3
2019,3,10.78842511986062,hgap,221,-0.011275679153010199,7.605926587143362,29.499194714328926,11637.402,3
2023,3,25.21679915921329,nnm,221,-0.014650415384465942,16.97852296478124,32.66979342785496,11637.402,3
2023,3,31.17811607835419,pnm,221,-0.03898609527557033,10.881802172095611,65.09794836625667,11637.402,3
2023,3,20.26659738538461,q5_19,221,-0.019564340712713867,11.950066970294754,41.035652196295054,11637.402,3
2023,3,74.74830113790642,u20m,221,-0.025768535382354685,37.27698191918808,50.12999445911935,11637.402,3
2019,1,14.19185010000001,hgap,222,-0.011637325495445517,9.893824482575656,30.285167805037283,10644.855,3
2023,1,9.707173874134886,nnm,222,-0.031267962192003826,4.17297916016654,57.01138957358544,10644.855,3
2023,1,7.459695517316511,pnm,222,-0.04106658119264002,2.461367047125866,67.00445693242855,10644.855,3
2023,1,8.628508267297663,q5_19,222,-0.024403037353554913,4.464644658047291,48.25705070054293,10644.855,3
2023,1,25.575465435231592,u20m,222,-0.031696748255333015,10.867984959242193,57.50620849202239,10644.855,3
2019,2,15.178070999999989,hgap,222,-0.007617708752196828,11.985561505483147,21.033697197205385,10644.855,3
2023,2,7.271817754674375,nnm,222,-0.031040707512572773,3.145293449520147,56.746805879474486,10644.855,3
2023,2,6.491466072165997,pnm,222,-0.04094894399745008,2.14870839341958,66.89948973726015,10644.855,3
2023,2,6.067612902355468,q5_19,222,-0.03233371185166014,2.5343952442917494,58.23076908370525,10644.855,3
2023,2,19.70046811263193,u20m,222,-0.03450269855497212,7.760676719700909,60.606637997983576,10644.855,3
2019,3,14.666884695893117,hgap,222,-0.009750992961398674,10.84074183860283,26.086949864422458,10644.855,3
2023,3,8.514266330735655,nnm,222,-0.03118812110571434,3.6680635456186277,56.91861866738555,10644.855,3
2023,3,6.992661451484472,pnm,222,-0.04102311459318127,2.3099760142720487,66.9657106911466,10644.855,3
2023,3,7.37879242251227,q5_19,222,-0.02762100066964901,3.50028004712029,52.56296902402164,10644.855,3
2023,3,22.71219973554084,u20m,222,-0.03289466874894127,9.344109616025136,58.85863225567205,10644.855,3
2019,1,6.808168899999998,hgap,223,-0.024239416933572434,3.2113816820253507,52.83046397357517,2839.785,3
2022,1,210.45369999999997,math,223,,,,2839.785,3
2023,1,15.106523664981905,nnm,223,-0.0013721696504532144,14.557089135275898,3.6370679442262333,2839.785,3
2023,1,6.55884159110709,pnm,223,0.010758078111951397,8.769520322882723,-33.705322823667785,2839.785,3
2023,1,8.84607797309589,q5_19,223,0.014837960784030324,13.205047397191363,-49.27572916893419,2839.785,3
2023,1,30.221584903970534,u20m,223,0.005584535379402178,35.13995690032683,-16.2743681775277,2839.785,3
2019,2,6.0419504999999845,hgap,223,-0.01205225421672491,4.158302797105244,31.17615251721684,2839.785,3
2022,2,196.99987,math,223,,,,2839.785,3
2023,2,11.64222560716225,nnm,223,0.0012676812206387834,12.04760663067293,-3.4819890731312824,2839.785,3
2023,2,5.61335709737576,pnm,223,0.011103452444087458,7.57567282798122,-34.95797072170666,2839.785,3
2023,2,5.155413464739911,q5_19,223,0.01061452393216602,6.866396673533806,-33.18808899608236,2839.785,3
2023,2,22.25702145254449,u20m,223,0.005712725810013808,25.9689378727896,-16.677507492004292,2839.785,3
2019,3,6.449388374697605,hgap,223,-0.0187353781065726,3.608126199869025,44.0547538736462,2839.785,3
2022,3,203.17651,math,223,,,,2839.785,3
2023,3,13.403143817516778,nnm,223,-2.558697162818202e-4,13.310867546658507,0.6884673634380738,2839.785,3
2023,3,6.099212344403693,pnm,223,0.010870862552129167,8.179842759552466,-34.11310014575648,2839.785,3
2023,3,7.034150228283242,q5_19,223,0.013303966497430108,10.074263331535882,-43.21933715644584,2839.785,3
2023,3,26.318150299005303,u20m,223,0.005632178657798281,30.640652806931588,-16.42403610746783,2839.785,3
2023,1,2.835209314823728,q5_19,224,0.029874285810474355,6.351693585523113,-124.02908851609827,346.008,3
2023,1,12.432977480560048,u20m,224,0.00793211320644529,15.402340421269695,-23.882959213530974,346.008,3
2023,2,1.8273580956732483,q5_19,224,0.03477200315349214,4.6725985206881955,-155.7024007364404,346.008,3
2023,2,9.883637002552792,u20m,224,0.007557986588300247,12.121081381686698,-22.637864771399524,346.008,3
2023,3,2.3405923498026615,q5_19,224,0.03171490516328694,5.510781673846317,-135.4438898474114,346.008,3
2023,3,11.176582931712087,u20m,224,0.0077577616222279655,13.780855462124968,-23.30115158027057,346.008,3
2019,1,13.495954699999999,hgap,225,-0.012992185084780195,9.02169517047742,33.152597418858996,129739.765,3
2022,1,179.14526,math,225,0.011188157176310031,245.0507632601079,-36.78886243493571,129739.765,3
2023,1,6.56439896631258,nnm,225,-0.03612588009150504,2.475053940399577,62.295802660667825,129739.765,3
2023,1,6.992973833755856,pnm,225,-0.03222441105873834,2.929544084471364,58.10732094648872,129739.765,3
2023,1,9.024311326302104,q5_19,225,-0.005157146464178597,7.8513009127982745,12.998337170449714,129739.765,3
2023,1,22.41384776128552,u20m,225,-0.023329867323964627,11.938548730689583,46.73583555202634,129739.765,3
2019,2,12.459289299999995,hgap,225,-0.011597202925766803,8.696782959531552,30.19840257235575,129739.765,3
2022,2,191.24590999999998,math,225,0.009354811895918936,248.51291597556323,-29.944172910972714,129739.765,3
2023,2,5.222511475013672,nnm,225,-0.03348697781343046,2.1145245976549223,59.511346068428,129739.765,3
2023,2,6.103073452955354,pnm,225,-0.03192919032637735,2.577202092543857,57.77206169301679,129739.765,3
2023,2,4.668993623409667,q5_19,225,-0.0064612923191395225,3.9215565640108676,16.0085260269206,129739.765,3
2023,2,15.909974912994285,u20m,225,-0.02554283934917829,7.98280300154571,49.825169145767475,129739.765,3
2019,3,13.0506095112747,hgap,225,-0.012800077611372451,8.776102764027987,32.75331120400067,129739.765,3
2022,3,185.56354,math,225,0.010353714376986645,247.9684101550397,-33.629920055976356,129739.765,3
2023,3,5.906714080150042,nnm,225,-0.03498527345886513,2.2967321314262796,61.11658529156471,129739.765,3
2023,3,6.555628684148274,pnm,225,-0.03209583298166445,2.755879229379547,57.96163324436978,129739.765,3
2023,3,6.880610198818027,q5_19,225,-0.00543482204721546,5.941532783375959,13.648170559108047,129739.765,3
2023,3,19.218748648669347,u20m,225,-0.02419936223696175,9.999184246290877,47.9717205886701,129739.765,3
2023,1,5.699674773373409,q5_19,226,-0.018120184147119044,3.4944085850844586,38.69108810543135,4.44,3
2023,1,11.888043105639511,u20m,226,-0.02677725143788221,5.769280206271431,51.46989159608136,4.44,3
2023,2,3.577844314709089,q5_19,226,-0.01321326831899412,2.5042824031951647,30.005830804329293,4.44,3
2023,2,10.139701385760368,u20m,226,-0.027356723950640927,4.844417455670398,52.22327294101947,4.44,3
2023,3,4.605598026740543,q5_19,226,-0.018510498139750076,2.7940413943204665,39.3337981713125,4.44,3
2023,3,10.982434808583408,u20m,226,-0.02790940127273407,5.16933124187233,52.93091803438525,4.44,3
2019,1,13.869585,hgap,227,-0.01108636011015931,9.835724845860927,29.084216680881756,6823.619,3
2023,1,8.124240114227161,nnm,227,-0.054027779054285616,1.8891030977353631,76.74732564308177,6823.619,3
2023,1,8.259323288803744,pnm,227,-0.014698581616405137,5.553792091869023,32.75729865910821,6823.619,3
2023,1,5.37177675191447,q5_19,227,-0.049194558261216305,1.4231968542370117,73.50603124506631,6823.619,3
2023,1,21.600591034481976,u20m,227,-0.03917304931872403,7.501090015767182,65.27368161457775,6823.619,3
2019,2,14.74010469999999,hgap,227,-0.005850023695816909,12.295351391427584,16.585725531328194,6823.619,3
2023,2,6.430699433802602,nnm,227,-0.05008177667859368,1.6634193590952806,74.13315027053491,6823.619,3
2023,2,6.651727324934242,pnm,227,-0.01875222478435339,4.009098888061752,39.72845409592334,6823.619,3
2023,2,4.251390008047529,q5_19,227,-0.02986803470922672,1.8980158537638125,55.35540493412681,6823.619,3
2023,2,17.235604863548247,u20m,227,-0.03383232926957591,6.913696223808075,59.8871273822834,6823.619,3
2019,3,14.348309563876086,hgap,227,-0.009204089188651033,10.786608057143546,24.823143736037245,6823.619,3
2023,3,7.292699273194161,nnm,227,-0.0523376900927758,1.7749213563314838,75.66166806225539,6823.619,3
2023,3,7.468165969379048,pnm,227,-0.016476667264787047,4.78640416542788,35.909242174677416,6823.619,3
2023,3,4.8192392840157305,q5_19,227,-0.041172521681152666,1.585592263446998,67.09870230544414,6823.619,3
2023,3,19.454767767064784,u20m,227,-0.03686355214886476,7.190611820864008,63.039333561014885,6823.619,3
2019,1,13.592224700000003,hgap,228,-0.012787186777814341,9.143974391455808,32.72643299182799,4458.759,3
2022,1,222.19281,math,228,-0.0019011182227990364,210.67448311992408,5.18393321551491,4458.759,3
2023,1,8.267439682529233,nnm,228,-0.006349860116762196,6.964867942971842,15.755442913118406,4458.759,3
2023,1,9.343091975842267,pnm,228,-0.010173796425428084,7.098934771685804,24.019427508141973,4458.759,3
2023,1,7.2977592790843815,q5_19,228,-0.0470841717333655,2.0468350378640805,71.9525547556717,4458.759,3
2023,1,24.703093771377137,u20m,228,-0.02116316782650567,13.950606142191678,43.52688666730521,4458.759,3
2019,2,12.1747546,hgap,228,-0.010132219775021456,8.893011109719291,26.955315306977184,4458.759,3
2022,2,225.85397,math,228,-0.006223548376358634,189.73517525431333,15.992100889653024,4458.759,3
2023,2,6.755051935993631,nnm,228,2.3723396024188936e-5,6.759380146874291,-0.06407368768842862,4458.759,3
2023,2,7.930011011534122,pnm,228,-0.01647669592592913,5.082400219902564,35.90929177134478,4458.759,3
2023,2,4.483791379586655,q5_19,228,-0.029147741982682773,2.0410817666521672,54.47866339311425,4458.759,3
2023,2,19.049682118331248,u20m,228,-0.014151545098286844,13.000121415580606,31.75675407690521,4458.759,3
2019,3,12.89565541506326,hgap,228,-0.01163413617300626,8.991073427508496,30.278274828853355,4458.759,3
2022,3,224.01992,math,228,-0.004125305375346278,199.5822487816552,10.908704555534527,4458.759,3
2023,3,7.537107329296323,nnm,228,-0.0034788487063068365,6.86138660286629,8.96525280731434,4458.759,3
2023,3,8.64933352173447,pnm,228,-0.013140321106984798,6.065964752456121,29.867836207110443,4458.759,3
2023,3,5.922464596461285,q5_19,228,-0.04078972198371711,1.968811745058679,66.75688452008546,4458.759,3
2023,3,21.948236960652512,u20m,228,-0.018238530257654297,13.413296601185689,38.886678573626455,4458.759,3
2019,1,9.976216899999997,hgap,229,-0.014471235555565353,6.369975657193525,36.148384492386825,6844.152,3
2022,1,237.21758999999997,math,229,,,,6844.152,3
2023,1,11.15920439549792,nnm,229,-0.012973056169513475,7.861615715691556,29.550392330269943,6844.152,3
2023,1,7.459091854459365,pnm,229,-0.057455218159102595,1.581134743233469,78.80258382542644,6844.152,3
2023,1,10.005775208432821,q5_19,229,5.810178044685533e-4,10.163978273447452,-1.5811175218217737,6844.152,3
2023,1,28.355376296760436,u20m,229,-0.02240902163342855,15.483471005511992,45.39493730054657,6844.152,3
2019,2,10.598993699999994,hgap,229,-0.010505702476416667,7.652881823688543,27.79614706546578,6844.152,3
2022,2,248.61894,math,229,,,,6844.152,3
2023,2,8.27007411967679,nnm,229,-0.007996813872841412,6.664063921662529,19.4195381416609,6844.152,3
2023,2,6.846459032118335,pnm,229,-0.058684976809837905,1.4038763264315774,79.49485537201544,6844.152,3
2023,2,5.2516713598276255,q5_19,229,-0.0043438765013635635,4.670479367293871,11.066800504303274,6844.152,3
2023,2,20.23249407718941,u20m,229,-0.027095343285505936,9.734883396011197,51.88490673037422,6844.152,3
2019,3,10.288328981077399,hgap,229,-0.012492857236958033,6.984766544908277,32.10980560832699,6844.152,3
2022,3,243.05367999999999,math,229,,,,6844.152,3
2023,3,9.74172517201407,nnm,229,-0.011025278374089486,7.233591831063106,25.7462954113744,6844.152,3
2023,3,7.168281258913223,pnm,229,-0.057928675741466915,1.5001898518706105,79.07183329329837,6844.152,3
2023,3,7.680599003523247,q5_19,229,-0.0010708986002524235,7.461700051259501,2.850024485894042,6844.152,3
2023,3,24.391431377108418,u20m,229,-0.024337357678931193,12.643247019997151,48.165210870474155,6844.152,3
2019,1,17.03179259999999,hgap,230,-0.00807454942970236,13.260248406681749,22.144141147645506,33845.617,3
2022,1,181.77107999999998,math,230,-0.010935471601540136,133.82793241346388,26.375564026211485,33845.617,3
2023,1,7.6366883951691005,nnm,230,-0.019712664051415186,4.4849265729906,41.27131629689483,33845.617,3
2023,1,8.644798531571741,pnm,230,-0.021972232667480895,4.776497475597171,44.74715103940381,33845.617,3
2023,1,7.8423577782125165,q5_19,230,-0.039314061337135844,2.7130131211508663,65.40564460489031,33845.617,3
2023,1,23.9306595605826,u20m,230,-0.027027870742513914,11.535254487368237,51.79717275169241,33845.617,3
2019,2,15.974046099999981,hgap,230,-0.008107430876762889,12.42406017460507,22.223461126701736,33845.617,3
2022,2,196.93896,math,230,-0.011830533973265566,141.4065226914402,28.197791492632955,33845.617,3
2023,2,5.746461817865676,nnm,230,-0.020200902734887193,3.3306249383105793,42.04042341400913,33845.617,3
2023,2,7.531483794980365,pnm,230,-0.024186211140945258,3.919893059617669,47.95324312813065,33845.617,3
2023,2,5.584472503672,q5_19,230,-0.028335232033673587,2.5985113266898536,53.468992371594005,33845.617,3
2023,2,18.745230102808375,u20m,230,-0.02407893349192878,9.784584345997683,47.80227133871365,33845.617,3
2019,3,16.63202693464862,hgap,230,-0.00810896947497879,12.935197915285178,22.22717071039631,33845.617,3
2022,3,189.35766,math,230,-0.011526155620318067,137.126691001731,27.583235343248862,33845.617,3
2023,3,6.700644151912779,nnm,230,-0.020009519943239917,3.903785117393032,41.740151709464385,33845.617,3
2023,3,8.108701986525912,pnm,230,-0.02290033515840286,4.369413349183286,46.11451553597773,33845.617,3
2023,3,6.729594024144303,q5_19,230,-0.034604061669073836,2.6437679502053406,60.71430251631699,33845.617,3
2023,3,21.385311391338146,u20m,230,-0.025637633387708504,10.702616040037928,49.95342436597444,33845.617,3
2019,1,4.300244200000009,hgap,231,-0.031723093481554665,1.608425763260763,62.59687384124,3242.024,3
2023,1,3.891905664635153,nnm,231,-0.0219983249970642,2.1488743584644805,44.78606257107399,3242.024,3
2023,1,2.372388531395875,pnm,231,-0.04185498325137109,0.7662956014593661,67.69940541701699,3242.024,3
2023,1,2.5174693126390757,q5_19,231,-0.027759221205254737,1.1897642560961688,52.73967193471237,3242.024,3
2023,1,8.75678347197928,u20m,231,-0.029252472966372168,3.9749488649651936,54.6072039158604,3242.024,3
2019,2,7.303888999999998,hgap,231,-0.009686582345110195,5.4093173036115125,25.939218084892662,3242.024,3
2023,2,3.67429837112198,nnm,231,0.0042870772312818325,4.125194954056835,-12.271637667715304,3242.024,3
2023,2,2.0670502451638484,pnm,231,-0.042176958696588926,0.6618903996793563,67.97898835657523,3242.024,3
2023,2,1.1804730045318346,q5_19,231,-0.020568052263959368,0.6774481898689672,42.61214044978205,3242.024,3
2023,2,6.907458120062215,u20m,231,-0.015937899432589518,4.491911927454353,34.970117091149376,3242.024,3
2019,3,5.82673965245931,hgap,231,-0.01854306222751323,3.27927604023605,43.720223730058784,3242.024,3
2023,3,3.7841447410034488,nnm,231,-0.010519823116252458,2.8484776028301355,24.7259870383605,3242.024,3
2023,3,2.2252243036495756,pnm,231,-0.041929147714640104,0.7173228454511136,67.76402072030953,3242.024,3
2023,3,1.865392128889698,q5_19,231,-0.02526587004968108,0.9429828307473983,49.44854670804942,3242.024,3
2023,3,7.855146480647557,u20m,231,-0.023714713850831303,4.1407281153182565,47.286430297390126,3242.024,3
2023,1,2.060046962218731,q5_19,232,-0.03892453890060761,0.7201946397054153,65.03989215227674,11.112,3
2023,1,8.61493758819698,u20m,232,-0.037405803087768065,3.137859696009943,63.57652433479014,11.112,3
2023,2,1.3134678972412939,q5_19,232,0.005257360076591405,1.5137948007061768,-15.251754830524142,11.112,3
2023,2,6.905016474944903,u20m,232,0.004890649066921382,7.8797462187557485,-14.116255150841237,11.112,3
2023,3,1.691004028076537,q5_19,232,-0.025172015405821913,0.85699605473117,49.32028306839839,11.112,3
2023,3,7.771792136707978,u20m,232,-0.02145538000318927,4.354481418397676,43.97069116361913,11.112,3
2019,1,10.070741900000002,hgap,233,-0.01632343978193651,6.07151246811082,39.711368552590756,46.783,3
2023,1,10.558283989554978,nnm,233,-0.01748082996559388,6.585882579641843,37.62355145820025,46.783,3
2023,1,5.9102484646818,pnm,233,-0.024978548257357236,3.0109844015168736,49.05485920753111,46.783,3
2023,1,10.093159528147154,q5_19,233,-0.00812022877506462,8.106058483538119,19.687601677824826,46.783,3
2023,1,26.333700209555722,u20m,233,-0.01564783653127666,17.259417031089512,34.45882312875052,46.783,3
2019,2,7.578769399999999,hgap,233,-0.011438920154605015,5.316123186679976,29.855060813963064,46.783,3
2023,2,8.178460180320156,nnm,233,-0.016512311989394755,5.236594943504615,35.97089393299924,46.783,3
2023,2,5.248862834869694,pnm,233,-0.02534828458980032,2.6474787349464197,49.560908367456996,46.783,3
2023,2,5.373015794961855,q5_19,233,-0.01720681498974559,3.3763841092917035,37.16035392157872,46.783,3
2023,2,18.685496626577258,u20m,233,-0.019118799808352537,11.151121174855788,40.32205085202271,46.783,3
2019,3,9.10118355879115,hgap,233,-0.010602010278736973,6.551815244588619,28.011393218632612,46.783,3
2023,3,9.376009665928443,nnm,233,-0.017015386911801843,5.922382499281303,36.8347227626834,46.783,3
2023,3,5.598995903379755,pnm,233,-0.025192099605467887,2.836016961256335,49.34775788022254,46.783,3
2023,3,7.652843590860159,q5_19,233,-0.012068795180493596,5.524649575376713,27.80919262514606,46.783,3
2023,3,22.4611532905763,u20m,233,-0.017344432498976037,14.062161649076648,37.39341222974287,46.783,3
2019,1,7.348459300000002,hgap,234,-0.017734899518156034,4.2406170407786155,42.29243345229368,179.294,3
2023,1,11.789919272224983,nnm,234,-0.00798441045043905,9.503553537316922,19.392547837832485,179.294,3
2023,1,7.028264991845834,pnm,234,-0.00609816507036951,5.961305006144799,15.180986871424428,179.294,3
2023,1,9.67578152507631,q5_19,234,0.0039957192567026565,10.778036794633252,-11.391899111201237,179.294,3
2023,1,28.229824233789724,u20m,234,-0.0035643681501155377,25.639678064122982,9.175211819301598,179.294,3
2019,2,4.836673199999979,hgap,234,-0.014081450520307936,3.125837236202148,35.37216373845226,179.294,3
2023,2,9.20183931137099,nnm,234,-0.007978963832763374,7.418459089520976,19.38069294088018,179.294,3
2023,2,6.397732056418581,pnm,234,-0.009303460686196429,4.9766159047673115,22.21281133875437,179.294,3
2023,2,4.47194375733917,q5_19,234,-0.019577106654687502,2.635943755828542,41.05597255102907,179.294,3
2023,2,19.943147084357182,u20m,234,-0.011011455311236684,14.814053431034313,25.718577071248593,179.294,3
2019,3,6.219607922957408,hgap,234,-0.014764100261927782,3.9354284656564467,36.7254573856617,179.294,3
2023,3,10.505166332189301,nnm,234,-0.00802752349732141,8.458095527853233,19.486324534087156,179.294,3
2023,3,6.72795418044736,pnm,234,-0.007563321960074787,5.48524313196216,18.470860757297377,179.294,3
2023,3,7.132166414993368,q5_19,234,-0.003878369573748386,6.42308835878646,9.941972956720019,179.294,3
2023,3,24.172203255782176,u20m,234,-0.006648092244885717,20.20044949890092,16.431078767845385,179.294,3
2023,1,3.5757044499900026,q5_19,235,-0.00824669164813272,2.861945193364402,19.961360526527756,27.545,3
2023,1,14.707345673760752,u20m,235,-0.008186274026602991,11.790777710600267,19.830688880617725,27.545,3
2023,2,1.9465280568033982,q5_19,235,-0.008012946863576231,1.5678382137892966,19.45463060193382,27.545,3
2023,2,9.947870370952572,u20m,235,-0.007416471942930114,8.142634308100721,18.146960058135416,27.545,3
2023,3,2.772526268781661,q5_19,235,-0.009130979053331023,2.166737284440437,21.84971126017239,27.545,3
2023,3,12.370019365266383,u20m,235,-0.008100116155178272,9.940055614926862,19.64397692991965,27.545,3
2019,1,6.288515399999994,hgap,236,-0.022525469132237318,3.128130289025565,50.256458161403764,101.331,3
2023,1,8.115466311613016,nnm,236,-0.05483266180380366,1.8464960082859752,77.24719766695738,101.331,3
2023,1,7.1398925239098965,pnm,236,-0.028085741189520164,3.3447190915618625,53.15448964587142,101.331,3
2023,1,10.764081861211917,q5_19,236,-0.025084738275411002,5.468076473960109,49.200716378196844,101.331,3
2023,1,25.797910917354283,u20m,236,-0.03572357927397185,9.833125865745584,61.884022713130506,101.331,3
2019,2,5.058557099999973,hgap,236,-0.016868752130714593,2.998613359993645,40.72196279066098,101.331,3
2023,2,7.695851877014721,nnm,236,-0.006046745743707805,6.536614241557032,15.063149005245219,101.331,3
2023,2,6.636610555598277,pnm,236,-0.0011804712519349891,6.428419138473221,3.1370142240670864,101.331,3
2023,2,7.493164308930433,q5_19,236,0.05734876710355739,35.24796831916965,-370.40164696723315,101.331,3
2023,2,21.667539582442828,u20m,236,0.013157395062605205,30.9095418981147,-42.653676853834625,101.331,3
2019,3,5.4721856128554975,hgap,236,-0.022254988271309294,2.7449791074751166,49.837609655884265,101.331,3
2023,3,7.900549245563255,nnm,236,-0.03414486183336059,3.142507387485934,60.22419087823945,101.331,3
2023,3,6.90092998985381,pnm,236,-0.016515880389376236,4.41817808498787,35.977062635271494,101.331,3
2023,3,9.19900210566238,q5_19,236,-9.506704349990792e-5,9.17542029143012,0.25635187340314597,101.331,3
2023,3,23.810302905257096,u20m,236,-0.01690952002061614,15.082895321952012,36.653912459795514,101.331,3
2023,1,5.458885453264117,q5_19,237,-0.016940318280768852,3.4551160508396483,36.706566195235396,42.775,3
2023,1,22.470351136978152,u20m,237,-0.01714212692417334,14.144972859911903,37.050503689573674,42.775,3
2023,2,3.1677015889365334,q5_19,237,-0.009655333690144463,2.4407668298750447,22.94833457799087,42.775,3
2023,2,15.72780411191621,u20m,237,-0.009490675025740636,12.172531329886047,22.605016928819087,42.775,3
2023,3,4.383248099939174,q5_19,237,-0.012128206220975856,3.159230410381773,27.924900933040654,42.775,3
2023,3,19.21484905767079,u20m,237,-0.013632854164805063,13.297769389591233,30.794307310560892,42.775,3
2019,1,9.26795770000001,hgap,238,-0.015685865528735254,5.699059784103356,38.507921932969666,628.892,3
2023,1,10.530397323509085,nnm,238,-0.027398186700299476,5.025450074771359,52.27672878446804,628.892,3
2023,1,7.465562873160692,pnm,238,-0.03212796899100301,3.135678778826041,57.99809294890459,628.892,3
2023,1,7.71786435295474,q5_19,238,-0.029757403392794222,3.4559168669189306,55.221850127543995,628.892,3
2023,1,25.496925569183148,u20m,238,-0.0292042423626528,11.5888489133082,54.54805371783703,628.892,3
2019,2,8.097349199999996,hgap,238,-0.006169907738775482,6.687697262317714,17.40880753521514,628.892,3
2023,2,7.589499123846259,nnm,238,-0.027520523208395264,3.6100133522249385,52.43410278706994,628.892,3
2023,2,6.654354574035182,pnm,238,-0.02971081923132992,2.9834470024774413,55.165493974146806,628.892,3
2023,2,6.662270130254666,q5_19,238,-0.01743095794891869,4.161287086653764,37.53950222227483,628.892,3
2023,2,20.761060674977628,u20m,238,-0.02494170095004682,10.587279396984341,49.004149822919636,628.892,3
2019,3,8.74054141642955,hgap,238,-0.010148201110265731,6.381338683142412,26.991494243738234,628.892,3
2023,3,9.062638664621621,nnm,238,-0.027545309567323616,4.3078414830586365,52.46592474358024,628.892,3
2023,3,7.093899329767339,pnm,238,-0.03086310252492839,3.0830870906629526,56.53889423372929,628.892,3
2023,3,7.197255403020075,q5_19,238,-0.02439797103229595,3.724581667328707,48.24997226351287,628.892,3
2023,3,23.17368392825103,u20m,238,-0.027368582423205147,11.068083387325558,52.23856758556864,628.892,3
2019,1,7.749123400000002,hgap,239,-0.016349379802821407,4.668085140328917,39.7598296043535,1502.938,3
2015,1,172.26367,math,239,0.0015968363687341263,182.16548661219235,-5.748058550123983,1502.938,3
2023,1,11.191542099819953,nnm,239,-0.021416872538423483,6.277066570982644,43.912407110690964,1502.938,3
2023,1,6.315098177382739,pnm,239,-0.02982730820008215,2.822451916111353,55.306286033369254,1502.938,3
2023,1,9.499869832713115,q5_19,239,0.00490668824193965,10.845591447621768,-14.165684778907353,1502.938,3
2023,1,26.770195028785526,u20m,239,-0.014991610979795534,17.859144007709574,33.287209941855316,1502.938,3
2019,2,6.981370799999979,hgap,239,-0.011564050017751449,4.8781192043285335,30.126627791657363,1502.938,3
2015,2,154.65929999999997,math,239,-0.008295522151813136,115.68620054355719,25.199324875027102,1502.938,3
2023,2,7.306522864177169,nnm,239,-0.02213885140240692,4.018941278371196,44.9951590779865,1502.938,3
2023,2,7.257667126422618,pnm,239,-0.026329044348824104,3.5650363398886014,50.879032094079435,1502.938,3
2023,2,4.235074539647332,q5_19,239,-0.0017710235496451344,4.037328831478879,4.669237963044682,1502.938,3
2023,2,18.684780368076524,u20m,239,-0.019491354025980324,11.039091543266688,40.91934009496152,1502.938,3
2019,3,7.33333032683953,hgap,239,-0.01523963565278288,4.572229993591803,37.65138361683058,1502.938,3
2015,3,163.35003999999998,math,239,-0.0032318525553541497,145.87944238091407,10.695190291404831,1502.938,3
2023,3,9.303030910501494,nnm,239,-0.02129842793656924,5.2345595079887275,43.73275163388068,1502.938,3
2023,3,6.762593202099487,pnm,239,-0.028536619885423154,3.129639084280872,53.72131679738984,1502.938,3
2023,3,6.923547675161679,q5_19,239,0.00301246852758581,7.510221492310127,-8.473601174917144,1502.938,3
2023,3,22.815463638173107,u20m,239,-0.01678292978099045,14.502186508155974,36.437029121371815,1502.938,3
2023,1,4.258635507285113,q5_19,240,-0.010166870888907775,3.2363407438932383,24.005218611526338,46.221000000000004,3
2023,1,10.655705358093126,u20m,240,-0.017732911675193953,6.601565697922182,38.0466569216066,46.221000000000004,3
2023,2,3.09060130094585,q5_19,240,-0.016238283028943055,1.9935800169739368,35.49539966983706,46.221000000000004,3
2023,2,8.242507519072518,u20m,240,-0.01834399861933278,5.022946157272162,39.06046011302438,46.221000000000004,3
2023,3,3.6177353168797,q5_19,240,-0.013369652720890057,2.5215343960056154,30.3007496363653,46.221000000000004,3
2023,3,9.407931774278344,u20m,240,-0.018268353212111864,5.7448718374801935,38.93586842129426,46.221000000000004,3
2023,1,4.189644869011059,nnm,241,-0.03944678272190314,1.4441961079099108,65.52939084188286,85.714,3
2023,1,2.145299976292536,pnm,241,-0.04757364568492101,0.5938021821293743,72.3207854989319,85.714,3
2023,1,11.641621614440488,q5_19,241,-0.014168304151595156,7.94102638440726,31.787626780816687,85.714,3
2023,1,17.89393401928796,u20m,241,-0.02480150629215818,9.159770318032484,48.81075168736444,85.714,3
2023,2,3.2594007672467393,nnm,241,-0.030922537344105307,1.4143002084956235,56.60858208331643,85.714,3
2023,2,1.8980716976612078,pnm,241,-0.044824467569346604,0.5658523222796511,70.18804279222483,85.714,3
2023,2,2.7292656371249446,q5_19,241,-0.02423279314222313,1.4187087980167674,48.018661917010775,85.714,3
2023,2,7.866492298122529,u20m,241,-0.03216259251901561,3.3009894590669564,58.03733946507781,85.714,3
2023,3,3.7346566633641225,nnm,241,-0.03584203399154116,1.4189554076000483,62.005733444801464,85.714,3
2023,3,2.023877906207616,pnm,241,-0.046307894533004226,0.5796691751741512,71.35849087555152,85.714,3
2023,3,7.315823755818296,q5_19,241,-0.015561976835151547,4.806005421829519,34.306708550663366,85.714,3
2023,3,13.02472670885324,u20m,241,-0.026741415361442433,6.327032903331409,51.42291239761091,85.714,3
2019,1,9.459084600000011,hgap,242,-0.01182407365293412,6.556319081279427,30.687594428752448,3388.083,3
2022,1,166.50905999999998,math,242,7.649549465983619e-4,170.11394221526493,-2.164976617647683,3388.083,3
2023,1,4.0022446580211755,nnm,242,-0.04401183867212488,1.2196155962858943,69.52671062121156,3388.083,3
2023,1,3.302686921349718,pnm,242,-0.050636335533251794,0.8416048252163528,74.5175717451168,3388.083,3
2023,1,6.0612563949923315,q5_19,242,-0.0321717194172245,2.5428377459932268,58.04767889221681,3388.083,3
2023,1,13.308772868688145,u20m,242,-0.04035482648014375,4.4765072783876025,66.36423716479838,3388.083,3
2019,2,8.802747299999993,hgap,242,-0.008934572747086866,6.6731506571052375,24.192409145889684,3388.083,3
2022,2,177.39126,math,242,4.199768526887304e-4,179.48957950464953,-1.1828764870656752,3388.083,3
2023,2,3.3770895715493805,nnm,242,-0.029181899255242328,1.5358791990187883,54.52062592719033,3388.083,3
2023,2,2.8277138466168417,pnm,242,-0.036564150147912214,1.0536248986481382,62.73933800236805,3388.083,3
2023,2,3.067469753436969,q5_19,242,-0.019296395985187377,1.8218461327419198,40.607527402654284,3388.083,3
2023,2,9.243719974476594,u20m,242,-0.028300327571153305,4.305251492417015,53.4251199267772,3388.083,3
2019,3,9.125445134916617,hgap,242,-0.010456016627796227,6.599079467777595,27.68484857217989,3388.083,3
2022,3,171.88137,math,242,3.377149384554912e-4,173.51439215159672,-0.9500867671677969,3388.083,3
2023,3,3.7075422901008936,nnm,242,-0.037404267612046,1.350471750299535,63.57501426469812,3388.083,3
2023,3,3.0619825935569445,pnm,242,-0.04484747091893693,0.9122701622331671,70.20655296497192,3388.083,3
2023,3,4.5992218702232135,q5_19,242,-0.028109094667674396,2.1531708605262456,53.18401848655007,3388.083,3
2023,3,11.326311989372062,u20m,242,-0.03571658707901273,4.317949610893601,61.87682614653995,3388.083,3
2019,1,10.248672099999993,hgap,243,-0.013587015040413819,6.725798669629869,34.373950068810636,28300.861,3
2023,1,12.772307982751531,nnm,243,0.004392907249666766,14.380712286528043,-12.59290259793762,28300.861,3
2023,1,8.070877034857427,pnm,243,0.005520151539708573,9.368062017063153,-16.07241662341398,28300.861,3
2023,1,16.702822108511928,q5_19,243,-0.015781402526397016,10.907818497662358,34.69475740806924,28300.861,3
2023,1,37.096505176574254,u20m,243,-0.004847295995310752,32.545716850124684,12.267431405703705,28300.861,3
2019,2,10.3242032,hgap,243,-0.010612851047316551,7.429752754219738,28.035581920552104,28300.861,3
2023,2,9.658442728598613,nnm,243,0.002763005552186204,10.406530865748064,-7.745432241725304,28300.861,3
2023,2,7.240420876988729,pnm,243,0.010175352100776181,9.529705774784734,-31.618119121662335,28300.861,3
2023,2,7.029916922114299,q5_19,243,0.024973143284884713,13.79698040270411,-96.26093104034247,28300.861,3
2023,2,23.740543340563413,u20m,243,0.011020832350875854,31.96836274491097,-34.65724977864931,28300.861,3
2019,3,10.177879839767058,hgap,243,-0.013305852332535607,6.737812382499012,33.799450488961355,28300.861,3
2023,3,11.25127603720767,nnm,243,0.0036567009961610887,12.41881268164006,-10.376926497682375,28300.861,3
2023,3,7.6704169607880734,pnm,243,0.007670693816484641,9.435505075484217,-23.011631880241293,28300.861,3
2023,3,12.021459025035597,q5_19,243,-0.00558029827604547,10.340055653355726,13.98668304885639,28300.861,3
2023,3,30.6304211631242,u20m,243,8.919708856526487e-4,31.377054729157603,-2.437555664210947,28300.861,3
2019,1,4.0633014,hgap,244,-0.03209148093352203,1.5025443236931417,63.02158821658807,64.721,3
2023,1,2.134725314514622,nnm,244,-0.0516599706309932,0.529151114656716,75.21221531131603,64.721,3
2023,1,1.1984451634905469,pnm,244,-0.06048880503740946,0.2340611866373388,80.46959562541679,64.721,3
2023,1,2.914648226530203,q5_19,244,-0.0376279774456187,1.0552669250827504,63.794364085610006,64.721,3
2023,1,6.235552790578192,u20m,244,-0.047099445460525934,1.7481921678688201,71.96411887474824,64.721,3
2019,2,4.251144499999981,hgap,244,-0.015276891091480093,2.647470397068821,37.723349628109965,64.721,3
2023,2,0.7937413799277149,nnm,244,-0.052392254522758565,0.1928990158630103,75.6974978574788,64.721,3
2023,2,0.5402069053463965,pnm,244,-0.05859302199343426,0.11104556697889566,79.44388235694802,64.721,3
2023,2,1.9605619510657535,q5_19,244,0.0246727178240795,3.816731862739093,-94.67540215520009,64.721,3
2023,2,3.291467004171378,u20m,244,-0.015360885765307964,2.17404491303523,33.94905948381085,64.721,3
2019,3,4.393479940471167,hgap,244,-0.015734152394206523,2.6976010714029948,38.5999001257828,64.721,3
2023,3,1.4745700250342284,nnm,244,-0.051737426293256374,0.3647496427293318,75.26399990933865,64.721,3
2023,3,0.878299541351657,pnm,244,-0.060121771786096435,0.1732438016465716,80.27508913645127,64.721,3
2023,3,2.4622971898186075,q5_19,244,-0.017663808902234724,1.5283242761621731,37.93095803050639,64.721,3
2023,3,4.808081366862504,u20m,244,-0.037534956240609964,1.7451740657357742,63.70331671665156,64.721,3
2019,1,5.032831299999998,hgap,245,-0.01814098152873933,2.8679924236949543,43.014334223860125,39299.099,3
2022,1,77.55681999999996,math,245,0.03000404737748861,179.6704169504793,-131.66294975797024,39299.099,3
2023,1,3.3165278443723105,nnm,245,-0.008319318708793922,2.649303566914197,20.118156963171614,39299.099,3
2023,1,2.0848626618344968,pnm,245,-0.017601292810542502,1.296240403911386,37.82610108376118,39299.099,3
2023,1,2.8756063784782793,q5_19,245,-0.0060632973598276465,2.4413582336048996,15.101098263079255,39299.099,3
2023,1,8.254569990017945,u20m,245,-0.009950105461267622,6.309864091358744,23.55914240246176,39299.099,3
2019,2,5.631271399999974,hgap,245,-0.01209875871804591,3.8700743638795907,31.275300212317802,39299.099,3
2022,2,89.88211000000001,math,245,0.028527059759783934,199.787958386212,-122.27777962289936,39299.099,3
2023,2,2.633654669983943,nnm,245,-0.01728657429337773,1.651419108483105,37.29553356768777,39299.099,3
2023,2,1.6922613863519231,pnm,245,-0.029559816914813474,0.761816684478666,54.98232775251433,39299.099,3
2023,2,1.857199263001763,q5_19,245,-0.015917781611218828,1.2083907029653835,34.93478448767636,39299.099,3
2023,2,6.170632676348431,u20m,245,-0.020355926850788398,3.561533991082523,42.282514972352615,39299.099,3
2019,3,5.222689873555424,hgap,245,-0.016825643417262337,3.1000480912729214,40.64269243767068,39299.099,3
2022,3,83.64553999999998,math,245,0.02910529798061807,188.96020778539804,-125.90589741592686,39299.099,3
2023,3,2.984494674129648,nnm,245,-0.012257677604427752,2.143571040495697,28.176415958228663,39299.099,3
2023,3,1.8933163770934458,pnm,245,-0.02299940158836734,1.0174974634202405,46.25845549478278,39299.099,3
2023,3,2.3749427745499707,q5_19,245,-0.010211751688159776,1.8026468313442594,24.09725191438164,39299.099,3
2023,3,7.235532130851596,u20m,245,-0.014490012137563379,4.8928432644928614,32.37756151160936,39299.099,3
2019,1,9.938641700000005,hgap,246,-0.007050039347883397,7.987510559031485,19.631768604441376,55.951,3
2023,1,6.4480645364191425,nnm,246,0.0015198399758257653,6.718169309581291,-4.188927881173906,55.951,3
2023,1,6.437681213464774,pnm,246,0.0065330372626752455,7.67954592720874,-19.290559326649095,55.951,3
2023,1,27.006035064417677,q5_19,246,-0.002155066618697532,25.479483589914533,5.652630868847835,55.951,3
2023,1,39.50339836510486,u20m,246,-2.3617654523455656e-4,39.25229587092932,0.6356478292190273,55.951,3
2019,2,8.965660299999996,hgap,246,-0.0023173013704907318,8.344189388057744,6.931680335270478,55.951,3
2023,2,5.5307916440887706,nnm,246,0.007994755811438669,6.863306801606913,-24.09266599189856,55.951,3
2023,2,4.951846346995192,pnm,246,-3.004486349175828e-4,4.911838901022065,0.8079298744276211,55.951,3
2023,2,17.13856111066847,q5_19,246,-0.009469958089225638,13.271808076932428,22.56171337119457,55.951,3
2023,2,27.41462352411972,u20m,246,-0.004577977055588401,24.22708436036487,11.62714914159012,55.951,3
2019,3,9.535665808696308,hgap,246,-0.004778610032782416,8.222729035850502,13.768695329574546,55.951,3
2023,3,6.022672921162336,nnm,246,0.0046983703139556136,6.837260680373354,-13.525352777314827,55.951,3
2023,3,5.690267933148085,pnm,246,0.003207103541399081,6.204960985673537,-9.04514617891996,55.951,3
2023,3,22.226702038328217,q5_19,246,-0.004578006245386091,19.642354762447084,11.627218790374869,55.951,3
2023,3,33.64579394659928,u20m,246,-0.0017271646029311416,32.112796958686914,4.55628121109417,55.951,3
2023,1,6.401129129423588,q5_19,247,-0.005538877819825228,5.511984381384859,13.8904360474727,5.707,3
2023,1,18.506147932446094,u20m,247,-0.005149975725587152,16.103773975865515,12.98149115283247,5.707,3
2023,2,1.2771127142283678,q5_19,247,-0.0027316587658360704,1.1863092907280857,7.110055556462424,5.707,3
2023,2,8.548497975099266,u20m,247,-0.008528824134610868,6.790179250787333,20.568744701510155,5.707,3
2023,3,3.8371577621529873,q5_19,247,-0.009047317835000346,3.0055312615503866,21.67298172634904,5.707,3
2023,3,13.596755716519526,u20m,247,-0.007443406969925359,11.121267051821176,18.20646569159677,5.707,3
2019,1,6.8450611000000094,hgap,248,-0.005832927678151889,5.712784893369434,16.541506205555628,343477.333,3
2022,1,109.18489999999997,math,248,0.011888411430546331,152.31005754106448,-39.49736414198714,343477.333,3
2023,1,3.7467619555257565,nnm,248,-0.014617690896351366,2.524932511476607,32.610276781720415,343477.333,3
2023,1,2.975511657490215,pnm,248,-0.009843396821423767,2.2810692349664743,23.33858853403012,343477.333,3
2023,1,4.54935309694382,q5_19,248,6.530517611223141e-4,4.63028047450038,-1.7788765970028988,343477.333,3
2023,1,11.229946898420495,u20m,248,-0.00738720336505323,9.199319825730075,18.08224999689028,343477.333,3
2019,2,7.049328099999997,hgap,248,-0.00835655374973363,5.44054446357737,22.821801079490502,343477.333,3
2022,2,122.45439999999996,math,248,0.018671378317734178,206.5489248770569,-68.67415534032011,343477.333,3
2023,2,3.096087034848556,nnm,248,-0.016048592597808886,2.007373331517113,35.164182759632816,343477.333,3
2023,2,2.4965900105171634,pnm,248,-0.004233964315091187,2.226896180146164,10.802487762703686,343477.333,3
2023,2,2.3431693156817923,q5_19,248,-0.0031064334545042203,2.1546552158818475,8.045261541208466,343477.333,3
2023,2,7.915030223741515,u20m,248,-0.008673544181187065,6.262489682930054,20.878512072570302,343477.333,3
2019,3,6.847866509620076,hgap,248,-0.0071120895828496785,5.492933062064046,19.786212912482753,343477.333,3
2022,3,115.70540999999997,math,248,0.015364086534032761,177.9035972182589,-53.75564307516731,343477.333,3
2023,3,3.4290069624362465,nnm,248,-0.01525827211764268,2.271175086395641,33.76580709004998,343477.333,3
2023,3,2.741739519471875,pnm,248,-0.007382190559992207,2.24627532851325,18.07116202833387,343477.333,3
2023,3,3.4806130605529173,q5_19,248,-6.541173370300024e-4,3.4196810175300647,1.7506123766935806,343477.333,3
2023,3,9.620512840549654,u20m,248,-0.007919676755220895,7.768416140615808,19.251538152180558,343477.333,3
2019,1,6.687852700000008,hgap,249,-0.009076303341757175,5.04767351694781,24.524750418803265,47.544,3
2023,1,4.936363221667168,nnm,249,-0.004764453797917701,4.340495957865767,12.070976892177676,47.544,3
2023,1,6.230408031116297,pnm,249,-0.003630023307548358,5.648732568937519,9.336073324150478,47.544,3
2023,1,8.69784632304238,q5_19,249,0.0018428623174269188,9.141575351169468,-5.101596552143699,47.544,3
2023,1,19.73700266559264,u20m,249,-0.0015457621016623513,18.93022034385982,4.087663843402519,47.544,3
2019,2,2.8096890999999857,hgap,249,-0.03818825412192213,0.8600523313968443,69.3897687328876,47.544,3
2023,2,4.427424190369963,nnm,249,-0.0020328718258721514,4.190962531959834,5.3408403677346605,47.544,3
2023,2,5.607122467437442,pnm,249,-0.005753923788032034,4.800315843647875,14.38896026393183,47.544,3
2023,2,3.9017202925001326,q5_19,249,-0.016211189677130776,2.5186308370412145,35.44819596928785,47.544,3
2023,2,13.872386706970218,u20m,249,-0.007623200890391102,11.291766958310637,18.602564959949838,47.544,3
2019,3,4.722584257135452,hgap,249,-0.019714671060834445,2.5630587231152178,45.72762319184378,47.544,3
2023,3,4.683814616741193,nnm,249,-0.0036252823080899386,4.247073870083399,9.32446696538259,47.544,3
2023,3,5.930964668948491,pnm,249,-0.004530593636905689,5.248072401835824,11.5140167785511,47.544,3
2023,3,6.377108662803277,q5_19,249,-0.003710773741291673,5.769145153893555,9.533529081225833,47.544,3
2023,3,16.89659396168741,u20m,249,-0.003951462630030322,15.186738347397082,10.11952833906871,47.544,3
2019,1,5.008180299999992,hgap,250,-0.007504390777994896,3.9686918096980532,20.755812052172733,26451.126,3
2022,1,87.88013999999998,math,250,0.02206647229571255,163.01383343035042,-85.49564603601047,26451.126,3
2023,1,2.3279151842467782,nnm,250,-0.012350611676598866,1.6678019819861685,28.35641120980945,26451.126,3
2023,1,1.5916801467920072,pnm,250,-0.019560963965393884,0.93860938883798,41.03027604322863,26451.126,3
2023,1,0.6366928721061038,q5_19,250,-0.15385550189793404,0.009996038261609039,98.43000625583521,26451.126,3
2023,1,4.550089687489711,u20m,250,-0.050195237166550125,1.1733648258654463,74.21227038465712,26451.126,3
2019,2,5.6954992,hgap,250,-0.0030101738054355343,5.188065340539218,8.909383385758044,26451.126,3
2022,2,99.25088,math,250,0.01815598587535261,165.01203168359385,-66.25749986659449,26451.126,3
2023,2,2.1980115995792224,nnm,250,-0.012786817914976423,1.5562966389681923,29.195249048452574,26451.126,3
2023,2,1.5061384159855695,pnm,250,-0.006874755397547827,1.2509842470326462,16.940950861143694,26451.126,3
2023,2,0.35059817915295,q5_19,250,-0.16294356102938798,0.0043066684818273745,98.7716226900458,26451.126,3
2023,2,4.050140177416672,u20m,250,-0.03741947575009774,1.4746573341542557,63.58996801204924,26451.126,3
2019,3,5.249093507194573,hgap,250,-0.00596568244707194,4.3628226319406505,16.884265331512413,26451.126,3
2022,3,93.50918000000001,math,250,0.020151843435790795,164.40143799227042,-75.81315330994282,26451.126,3
2023,3,2.2647687346233885,nnm,250,-0.012523403211771488,1.6150093773802685,28.689876688498586,26451.126,3
2023,3,1.550041581692696,pnm,250,-0.01382266632730289,1.0672334790730287,31.148074240203616,26451.126,3
2023,3,0.4978416622197779,q5_19,250,-0.15699488467903094,0.0071808674662226625,98.55760013450771,26451.126,3
2023,3,4.3072440689813085,u20m,250,-0.04454744252454723,1.293714223455749,69.96422299882066,26451.126,3
2019,1,5.459362400000003,hgap,251,-0.009643679279075768,4.048627556421808,25.84065208014391,14.244,3
2023,1,2.9180060469093565,nnm,251,-0.03495255935398223,1.135623023618302,61.08222514408043,14.244,3
2023,1,3.971837549193613,pnm,251,-0.03731706738229521,1.4501514902794166,63.48915401704092,14.244,3
2023,1,6.610642082100826,q5_19,251,-0.020399204960099882,3.811040516174396,42.34991898149675,14.244,3
2023,1,13.443426158526005,u20m,251,-0.02868617055449958,6.196369897315,53.90780724908302,14.244,3
2019,2,3.0526410999999882,hgap,251,-0.040087469623321256,0.8809940489211551,71.1399401350798,14.244,3
2023,2,2.682443127828298,nnm,251,-0.03109074533401348,1.1586758796816308,56.80520240443297,14.244,3
2023,2,3.8296719993711204,pnm,251,-0.03718711374400807,1.403160354477637,63.36082163934526,14.244,3
2023,2,3.8099279134143904,q5_19,251,-0.011877539209833254,2.7646573684844893,27.43544152763636,14.244,3
2023,2,10.286998613000865,u20m,251,-0.026780108633537837,4.991906466500853,51.47363527208017,14.244,3
2019,3,4.5138752868515155,hgap,251,-0.012163849305047192,3.0958940125785785,31.413833660920588,14.244,3
2023,3,2.8033271545796272,nnm,251,-0.033262543095760246,1.1419282919843419,59.26525057488056,14.244,3
2023,3,3.9032571381673042,pnm,251,-0.037194495473013164,1.4298363403889822,63.3681233447937,14.244,3
2023,3,5.246533523870722,q5_19,251,-0.01736930485386574,3.282470520345359,37.43544179388644,14.244,3
2023,3,11.90704679869814,u20m,251,-0.02785335029631324,5.613025813418617,52.85963086974414,14.244,3
2019,1,9.805945699999995,hgap,252,-0.0045604246412496606,8.513181626851953,13.183471668092583,924.151,3
2023,1,11.62151489241231,nnm,252,0.022374860875800717,21.263231405363765,-82.96436912236402,924.151,3
2023,1,20.01403664280965,pnm,252,0.0349631608207774,51.44118939693539,-157.02555818701586,924.151,3
2023,1,7.471924404711561,q5_19,252,-0.011703044117154126,5.447574112287735,27.09275660159696,924.151,3
2023,1,38.640241985947284,u20m,252,0.020514890181008473,67.23515877647225,-74.00294439388963,924.151,3
2019,2,6.079741599999977,hgap,252,-0.01862340268027094,3.4131537320196204,43.86021715101127,924.151,3
2023,2,9.52702053938631,nnm,252,0.024267612377650495,18.345009264685384,-92.55767518128066,924.151,3
2023,2,16.577064152269894,pnm,252,0.030814652371504315,38.09243387380273,-129.78998889008184,924.151,3
2023,2,6.541305329543667,q5_19,252,-0.015484124423334179,4.306241051694264,34.16847502523362,924.151,3
2023,2,32.31773827077322,u20m,252,0.017787418190272943,52.24146577714651,-61.649510678757665,924.151,3
2019,3,8.087605630839391,hgap,252,-0.008995451586603531,6.119459169100357,24.335341652097416,924.151,3
2023,3,10.608676189367102,nnm,252,0.023203045263520617,19.849015260674246,-87.10171661727766,924.151,3
2023,3,18.34650839277785,pnm,252,0.03308138257304294,44.819199484838364,-144.29280234315078,924.151,3
2023,3,7.008886186131047,q5_19,252,-0.013528016090658878,4.864297783332708,30.598134223408852,924.151,3
2023,3,35.567859163001756,u20m,252,0.01927694774343558,59.854701679157714,-68.28311595829616,924.151,3
2019,1,5.465994099999989,hgap,253,-0.008162229233093598,4.244045330948165,22.355471789693784,281.126,3
2023,1,1.983569963119658,q5_19,253,-0.02660496545517711,0.9671169648990687,51.243617171030536,281.126,3
2023,1,8.3178877391437709,u20m,253,-0.025004527337498184,4.234588288560231,49.0905813908456,281.126,3
2019,2,3.8425546999999938,hgap,253,-0.026922453864742325,1.6678599908029943,56.59502281638315,281.126,3
2023,2,1.370067268262276,q5_19,253,-0.025039136704500177,0.6968418106328491,49.138131624975756,281.126,3
2023,2,7.181230944264705,u20m,253,-0.023254643489612592,3.83279934177388,46.627543780151676,281.126,3
2019,3,4.611727278023238,hgap,253,-0.018688497006062586,2.5837945140828324,43.9733887475162,281.126,3
2023,3,1.6846537631304281,q5_19,253,-0.02574837032058922,0.8405944677131616,50.10283500918511,281.126,3
2023,3,7.764265760034306,u20m,253,-0.024183285579567438,4.041367738676224,47.94913178424784,281.126,3
2023,1,5.6642656133155525,nnm,254,-0.03397328761658536,2.2634687565739195,60.039501833159825,166.525,3
2023,1,9.024568570133784,pnm,254,0.017771473366656253,14.581891929239328,-61.579933887334406,166.525,3
2023,1,6.262375719847113,q5_19,254,-0.020201206288315364,3.6296167031953606,42.040898445423004,166.525,3
2023,1,20.80842546865169,u20m,254,-0.009999839420710633,15.884794182818094,23.661719591668028,166.525,3
2023,2,7.118699487662511,nnm,254,0.011583306082159872,9.732534221757657,-36.717868743092886,166.525,3
2023,2,4.818775496190031,pnm,254,-0.0018801755513047525,4.580256997157996,4.949774049872631,166.525,3
2023,2,3.4008100247535644,q5_19,254,-0.04885989357553648,0.9091879134352979,73.26554830121154,166.525,3
2023,2,15.263501168751304,u20m,254,-0.008996937955129968,11.97171889054833,21.56636437347797,166.525,3
2023,3,6.095547954661325,nnm,254,-0.016406025817868895,3.91414127900343,35.78688399932531,166.525,3
2023,3,7.2654628935920895,pnm,254,0.014730302769576476,10.814092940002526,-48.84244952293703,166.525,3
2023,3,4.867054683236227,q5_19,254,-0.031046101541162476,2.1048500399936843,56.753104762855955,166.525,3
2023,3,18.11896533072821,u20m,254,-0.009664590582535437,13.957475631628817,22.967590163892318,166.525,3
2019,1,13.691623599999986,hgap,255,-0.0032315760226070632,12.386477744268305,9.532440372752301,132.541,3
2023,1,22.40405102335441,nnm,255,-0.0025795505810145337,20.89675588437035,6.72777944226616,132.541,3
2023,1,38.34707451651798,pnm,255,-0.006230303979284102,32.40977366606893,15.483060768798829,132.541,3
2023,1,18.103990664298575,q5_19,255,-0.004458071009361309,16.050892819430054,11.340581659254113,132.541,3
2023,1,76.91170225862021,u20m,255,-0.004687568177614487,67.76824342471163,11.888254407844405,132.541,3
2019,2,9.321286799999996,hgap,255,-0.01632784046861424,5.618909653832947,39.71959264430154,132.541,3
2023,2,17.487615407935852,nnm,255,-0.0039391268602495975,15.723187194561724,10.089587243401025,132.541,3
2023,2,32.47677846860042,pnm,255,-0.010069289450824036,24.74576863415378,23.80473125412124,132.541,3
2023,2,13.991041369759705,q5_19,255,-0.009060793959603419,10.954778850073094,21.70147624785959,132.541,3
2023,2,62.69638602479133,u20m,255,-0.008051671858361864,50.44626279457068,19.53880280336529,132.541,3
2019,3,11.615867113372872,hgap,255,-0.008933676565253323,8.805953655871082,24.19030305767575,132.541,3
2023,3,20.021620704936108,nnm,255,-0.0031474227420397404,18.390464762580848,8.146972547297917,132.541,3
2023,3,35.501295268782876,pnm,255,-0.007948916242018812,28.644127368153438,19.315261172059564,132.541,3
2023,3,16.047923981403535,q5_19,255,-0.006538732541833614,13.45073451890105,16.183959155789427,132.541,3
2023,3,69.98042571149232,u20m,255,-0.0061770557055253585,59.230408446383976,15.361463088874798,132.541,3
2019,1,18.517977400000007,hgap,256,-0.005203372717328047,15.759407008439153,14.896715402411349,38.849,3
2023,1,12.582309754169373,nnm,256,-0.02625896365228062,6.192258117536243,50.78599844925668,38.849,3
2023,1,18.65551498945528,pnm,256,-0.02890090339827247,8.549026531599214,54.174266770810625,38.849,3
2023,1,15.532883858525693,q5_19,256,-0.019952641179119414,9.063342705603601,41.65061177207663,38.849,3
2023,1,46.054411655761854,u20m,256,-0.02485328124033197,23.541974246512826,48.88226035221211,38.849,3
2019,2,15.6039557,hgap,256,-0.008963507734076614,11.818377235929294,24.260376899626205,38.849,3
2023,2,9.587374756316851,nnm,256,-0.025887300258496237,4.765917156800677,50.289654071772375,38.849,3
2023,2,14.869095183974167,pnm,256,-0.03224990282737243,6.224776473660047,58.13614482494484,38.849,3
2023,2,15.858421467574546,q5_19,256,-0.022058027638034793,8.741955760596522,44.8749941570726,38.849,3
2023,2,39.78675551872135,u20m,256,-0.026422150527100997,19.494571004191144,51.0023605844962,38.849,3
2019,3,17.021240887657143,hgap,256,-0.006638382109514618,13.85536029558607,18.59958749756484,38.849,3
2023,3,11.131620521313543,nnm,256,-0.026023368362273525,5.513274932993896,50.471946807405864,38.849,3
2023,3,16.823226418009373,pnm,256,-0.03039557904428558,7.404440014848317,55.9868016344248,38.849,3
2023,3,15.693253796599915,q5_19,256,-0.020937754005358977,8.916571996301778,43.18213347041113,38.849,3
2023,3,43.02506732769673,u20m,256,-0.02553979762157077,21.58952775927582,49.82104828601188,38.849,3
2019,1,14.210479899999996,hgap,257,-6.776078203317049e-4,13.915090115531743,2.0786756432360343,112.646,3
2023,1,10.310567264090718,nnm,257,-0.03014920586573755,4.568298238704941,55.69304654443942,112.646,3
2023,1,15.683188703451979,pnm,257,-0.03180001351824484,6.645826013398236,57.624523054195976,112.646,3
2023,1,16.68810467024251,q5_19,257,-0.015578310572404063,10.958131517102778,34.33567362120616,112.646,3
2023,1,42.08907005483154,u20m,257,-0.024933884940198416,21.468209112896727,48.99338691748471,112.646,3
2019,2,10.70267849999999,hgap,257,-0.009545381662190034,7.961259418265687,25.61432712133048,112.646,3
2023,2,7.837749971946901,nnm,257,-0.02898966999330672,3.5831084649837828,54.28396570688594,112.646,3
2023,2,11.87103457695493,pnm,257,-0.03436732606351463,4.693523407866682,60.4623895462477,112.646,3
2023,2,12.666512227394344,q5_19,257,-0.036660991963584924,4.707301883588942,62.83663727566392,112.646,3
2023,2,32.033791535073576,u20m,257,-0.033584733849387316,12.935862813180439,59.61807143866484,112.646,3
2019,3,12.458440372657577,hgap,257,-0.004278067994849977,10.911073892572679,12.420226238597962,112.646,3
2023,3,9.110388497405951,nnm,257,-0.029731237712223902,4.0823464658995965,55.19020437973656,112.646,3
2023,3,13.845388629721732,pnm,257,-0.03276211113238792,5.7166057316234165,58.71112119343731,112.646,3
2023,3,14.682756376515616,q5_19,257,-0.02525794106042043,7.423935897848772,49.43772335742755,112.646,3
2023,3,37.17719458826008,u20m,257,-0.028734782845340857,17.113307680228623,53.968265035165636,112.646,3
2019,1,14.212602799999985,hgap,258,-0.0020746169122308087,13.32731872225768,6.228866662919098,11.9,3
2023,1,10.11731983676039,nnm,258,-0.02844942254583236,4.693198729146772,53.6122332310337,11.9,3
2023,1,17.900624187675795,pnm,258,-0.03099290413623601,7.752591475293393,56.69094332123408,11.9,3
2023,1,20.8057730651483,q5_19,258,-0.021621754257391147,11.605082334635496,44.22181623198063,11.9,3
2023,1,48.06344382169014,u20m,258,-0.02607495742278303,23.7717531655721,50.54088663774786,11.9,3
2019,2,12.539135799999997,hgap,258,-0.00715734607259888,10.044014541850286,19.898670035535552,11.9,3
2023,2,8.909227639094059,nnm,258,-0.025629725014637783,4.459715512686912,49.94273697623915,11.9,3
2023,2,14.806476843471362,pnm,258,-0.03260672448324766,6.139130676796756,58.53753231307223,11.9,3
2023,2,32.42689998710902,q5_19,258,0.0075861473824468725,39.79790625212446,-22.731146880971394,11.9,3
2023,2,55.24594099049174,u20m,258,-0.009731791032794668,42.48013324486746,23.107231982565697,11.9,3
2019,3,13.716880448311258,hgap,258,-0.0015039494257572893,13.092044971558094,4.555230171376832,11.9,3
2023,3,9.535676022558626,nnm,258,-0.027174486675382692,4.578305700826186,51.98761272934136,11.9,3
2023,3,16.40051299786538,pnm,258,-0.03174484589380992,6.9601552182176665,57.561356653151215,11.9,3
2023,3,26.346923795818157,q5_19,258,-0.005708253420219522,22.583706204022295,14.283328182674472,11.9,3
2023,3,51.44750443686308,u20m,258,-0.018146889810366496,31.519169982336695,38.735279140667835,11.9,3
2023,1,4.743316129390163,q5_19,259,-0.057947698503935906,0.9921793782925239,79.08257954503897,289.881,3
2023,1,18.192217368308228,u20m,259,-0.03390771685151792,7.282582443173948,59.9686926792081,289.881,3
2023,2,2.923529665931235,q5_19,259,-0.006406446872714122,2.4591545460898536,15.884057044225798,289.881,3
2023,2,12.828596378609557,u20m,259,-0.020403312640699812,7.394876014027341,42.35631244617235,289.881,3
2023,3,3.841832488919783,q5_19,259,-0.041769086082843174,1.2438160818193214,67.62440618099286,289.881,3
2023,3,15.572046532416062,u20m,259,-0.028700897814973425,7.174644238629414,53.926131522314165,289.881,3
2019,1,6.063723799999991,hgap,260,-0.0052785325117140625,5.148418560803808,15.094771288827243,5172.839,3
2022,1,96.42563999999999,math,260,0.027173302396634114,206.3604936311339,-114.00998078014719,5172.839,3
2023,1,2.5348520922581708,nnm,260,-0.01808540121780843,1.55555042834685,38.63348346446955,5172.839,3
2023,1,3.006121783900917,pnm,260,0.02140202101276144,5.357542448152402,-78.2210713100301,5172.839,3
2023,1,4.621035483913127,q5_19,260,0.013392186510472826,6.63399937610645,-43.56088368507247,5172.839,3
2023,1,10.12881946171429,u20m,260,0.006654858076748526,12.122532860752527,-19.683571284632247,5172.839,3
2019,2,5.701169499999992,hgap,260,-0.0011060812281867172,5.508998306914498,3.3707328485057975,5172.839,3
2022,2,106.79714000000001,math,260,0.018751771909657045,180.5451275427194,-69.05427199896867,5172.839,3
2023,2,2.831154404721319,nnm,260,0.009670471747169873,3.6758606014538024,-29.83610485262923,5172.839,3
2023,2,2.4651231422465614,pnm,260,0.01326636813087383,3.5269508015612807,-43.0740209735338,5172.839,3
2023,2,2.4169103282855042,q5_19,260,-0.0036548409917191325,2.189797981836952,9.396804829315279,5172.839,3
2023,2,7.693424971072171,u20m,260,0.0063714186455559926,9.137568920519229,-18.771144904605453,5172.839,3
2019,3,5.824492746525749,hgap,260,-0.005929352051742232,4.846525225922985,16.79060414636299,5172.839,3
2022,3,101.51923999999997,math,260,0.022773265538896935,192.07766054604002,-89.203209702949,5172.839,3
2023,3,2.663424246375881,nnm,260,-0.005381824747425212,2.303208929733201,13.524518939587821,5172.839,3
2023,3,2.7582186183745527,pnm,260,0.018366340433721283,4.528887095076368,-64.19608891427501,5172.839,3
2023,3,3.5475072773946126,q5_19,260,0.0075095943745772335,4.344906456898687,-22.47773202849372,5172.839,3
2023,3,8.942596579357144,u20m,260,0.006572386259711261,10.679013081307257,-19.41736369902241,5172.839,3
2019,1,6.5898163999999895,hgap,261,-0.0031591384992255113,5.975048376414106,9.329061483198291,1.841,3
2023,1,11.296919792810831,nnm,261,-0.031188094583250957,4.866872579978328,56.91858781651682,1.841,3
2023,1,15.272599183994483,pnm,261,-0.031560582073029676,6.513810425696815,57.34969308614335,1.841,3
2023,1,12.233558231611653,q5_19,261,-0.022928462936264448,6.587107641293868,46.15542333159696,1.841,3
2023,1,38.30761481933409,u20m,261,-0.028382058465917393,17.80239712532323,53.5277849866595,1.841,3
2019,2,3.3289452999999867,hgap,261,-0.033735566975328514,1.1698235797033996,64.85903268811884,1.841,3
2023,2,9.294143317921026,nnm,261,-0.028691874831055886,4.2832147205239295,53.91490561303259,1.841,3
2023,2,12.503095091122463,pnm,261,-0.0321870426185197,5.243168914658807,58.065032086482326,1.841,3
2023,2,8.889632759403021,q5_19,261,-0.013581430579661458,6.160679707705799,30.698152843385667,1.841,3
2023,2,30.37792919085902,u20m,261,-0.025758315097117058,15.153656010329618,50.1162310468171,1.841,3
2019,3,6.109805108914287,hgap,261,0.07839312134698202,69.41351834405985,-1036.1003682880917,1.841,3
2023,3,10.332244210075284,nnm,261,-0.030055717130661817,4.589472752367711,55.581065845381616,1.841,3
2023,3,13.918380193146728,pnm,261,-0.031938630639242585,5.875947099369597,57.78282373502877,1.841,3
2023,3,10.523260988207772,q5_19,261,-0.021145944987997066,5.945577253784061,43.50061962307504,1.841,3
2023,3,34.37639496874523,u20m,261,-0.027852587517843697,16.205493230940185,52.858660002963944,1.841,3
2023,1,3.813637239128331,nnm,262,-0.02737645407160496,1.8210606931292013,52.24871745941325,45.166,3
2023,1,2.685862517001092,pnm,262,-0.029780398872459857,1.201933057782549,55.249643264519314,45.166,3
2023,1,3.560321786026388,q5_19,262,-0.01920365997135476,2.1198643714065244,40.45862989894328,45.166,3
2023,1,10.026474794300743,u20m,262,-0.025129613151325402,5.087209858834641,49.262228617716,45.166,3
2023,2,2.8284412094221554,nnm,262,-0.023911010861087312,1.4830910502560866,47.565074171752755,45.166,3
2023,2,3.072378047767832,pnm,262,-0.026465017084445198,1.5036513881378384,51.05903750255334,45.166,3
2023,2,2.3244127054542485,q5_19,262,-0.01905598433689959,1.3895164796084098,40.22075011258109,45.166,3
2023,2,8.202846181949997,u20m,262,-0.023466276013991427,4.353115244842821,46.93164849998455,45.166,3
2023,3,3.370906009503303,nnm,262,-0.025716359055424666,1.683440909625209,50.05969003943658,45.166,3
2023,3,2.85043204986124,pnm,262,-0.028633634153786214,1.3156915975609167,53.842379872729644,45.166,3
2023,3,2.970083478243457,q5_19,262,-0.019182800947759527,1.7694246442255421,40.42508713351044,45.166,3
2023,3,9.16336364386028,u20m,262,-0.02449929534334294,4.729087881608072,48.391354251484955,45.166,3
2019,1,13.157962700000013,hgap,263,-0.0023060599340304134,12.25016303556057,6.899241813775943,17.751,3
2023,1,9.765974672465841,nnm,263,0.005646037360892464,11.374197136509741,-16.46760838504033,17.751,3
2023,1,14.625089127022761,pnm,263,0.008849703088024397,18.572471743589475,-26.990485885471553,17.751,3
2023,1,12.311001208788475,q5_19,263,-0.008275105021396811,9.846001505841707,20.02273950868492,17.751,3
2023,1,36.2607167011193,u20m,263,0.0019372229434289068,38.20781172850312,-5.369709163315335,17.751,3
2019,2,10.843588699999998,hgap,263,-0.009913203644305035,7.974625506494935,26.457691017965878,17.751,3
2023,2,8.182750077377882,nnm,263,0.008102150156271337,10.183679029375485,-24.453013144436515,17.751,3
2023,2,11.438567258061694,pnm,263,0.007555367195707463,14.027022569112637,-22.629191686805417,17.751,3
2023,2,11.272251158064517,q5_19,263,0.012760654410863336,15.90894810821601,-41.13372639709377,17.751,3
2023,2,30.579848210058213,u20m,263,0.009478051690097411,39.49794449379863,-29.16331115341216,17.751,3
2019,3,11.957932397105793,hgap,263,-0.005859200558227684,9.9717853461859,16.60945207718857,17.751,3
2023,3,9.019579908691462,nnm,263,0.006785677949057156,10.833152024187704,-20.107057466708014,17.751,3
2023,3,13.073739714604349,pnm,263,0.008356295305732786,16.38269491503564,-25.309936350766865,17.751,3
2023,3,11.80000915181112,q5_19,263,4.8766994624100947e-4,11.956408318424693,-1.3254156382545539,17.751,3
2023,3,33.51609921412879,u20m,263,0.005080736999559488,38.44412144385302,-14.703448030273188,17.751,3
2019,1,20.68444020000001,hgap,264,-0.0014245167061039954,19.79088975770614,4.3199160028216355,10389.639,3
2023,1,22.65947398740764,nnm,264,-0.025874229703029838,11.268078764374662,50.272107946386676,10389.639,3
2023,1,20.60627903094625,pnm,264,-0.03539296401846444,7.924710650985649,61.54225302353512,10389.639,3
2023,1,18.278461365949905,q5_19,264,-0.021049879256636615,10.354038659026994,43.353882738100424,10389.639,3
2023,1,60.29499026085006,u20m,264,-0.027148825547863974,28.969128550805337,51.954335798914315,10389.639,3
2019,2,13.466712599999994,hgap,264,-0.006588012965826806,10.979089457158073,18.472386073212267,10389.639,3
2023,2,16.214989116932752,nnm,264,-0.025804389923733462,8.078591521123398,50.178248885241594,10389.639,3
2023,2,20.689504426815162,pnm,264,-0.037338562524634876,7.549530312045717,63.51033762673911,10389.639,3
2023,2,13.974935558578094,q5_19,264,-0.023749098135821888,7.359851516659468,47.33534558489006,10389.639,3
2023,2,50.03289940674116,u20m,264,-0.029558822788670724,22.52425124529633,54.981119398686026,10389.639,3
2019,3,17.052970646242755,hgap,264,-0.003466266077449287,15.31557327137208,10.188238817226097,10389.639,3
2023,3,19.568016006257338,nnm,264,-0.025716249290742475,9.772356808424922,50.05954203379648,10389.639,3
2023,3,20.616880078682453,pnm,264,-0.03642655592192314,7.71057799473094,62.600655553584154,10389.639,3
2023,3,16.233772899538202,q5_19,264,-0.02224620918562281,8.903515253338657,45.15436855968379,10389.639,3
2023,3,55.36943428243224,u20m,264,-0.028204828757858902,25.85482758472777,53.3048731311834,10389.639,3
2019,1,9.365550299999995,hgap,265,0.0011860394857066581,9.716304197488101,-3.745149897791978,216.67499999999998,3
2023,1,6.945106976652575,nnm,265,-0.01711521739997921,4.375087456618186,37.00475066365494,216.67499999999998,3
2023,1,10.312362738010062,pnm,265,-0.019444939798261184,6.100251908277927,40.84525473688807,216.67499999999998,3
2023,1,9.049083763767118,q5_19,265,-0.011142155025098476,6.698109519653552,25.980246238044103,216.67499999999998,3
2023,1,26.07941682659709,u20m,265,-0.01588985294774172,16.981429188513882,34.88570200237233,216.67499999999998,3
2019,2,6.5452498999999875,hgap,265,-0.01649429873360344,3.9251961311647485,40.02985079049838,216.67499999999998,3
2023,2,5.862333786405312,nnm,265,-0.016611328951584035,3.7435782286994588,36.14184444118867,216.67499999999998,3
2023,2,8.173670360568819,pnm,265,-0.021133151915863735,4.619668525541254,43.48110063469988,216.67499999999998,3
2023,2,9.17677665611183,q5_19,265,0.008785162036443906,11.633343229016925,-26.76938390201526,216.67499999999998,3
2023,2,23.0364984655953,u20m,265,-0.009021827334167032,18.056225167320598,21.619055108191354,216.67499999999998,3
2019,3,7.909370691455109,hgap,265,-0.00675501674183594,6.415023754453522,18.89337338324534,216.67499999999998,3
2023,3,6.42140790095264,nnm,265,-0.016919050488083953,4.066664090937403,36.67021074406287,216.67499999999998,3
2023,3,9.284011483654432,pnm,265,-0.02013444205029531,5.390638241069725,41.936325148234005,216.67499999999998,3
2023,3,9.113143265634282,q5_19,265,-0.0018991005705240038,8.657638293494749,4.998329981898175,216.67499999999998,3
2023,3,24.616363781668205,u20m,265,-0.012829848087546258,17.409316915119806,29.27746327796587,216.67499999999998,3
2019,1,20.71295029999999,hgap,266,0.0034561512743163103,23.05539532416281,-11.30908436623257,800.015,3
2023,1,10.687184836236478,nnm,266,-0.027284691161419784,5.115927352016479,52.13026226822453,800.015,3
2023,1,8.775057474977089,pnm,266,-0.036859284635115584,3.243693449296809,63.03507460154523,800.015,3
2023,1,12.700577417474657,q5_19,266,-0.023944171502628064,6.653578483826637,47.61200010739658,800.015,3
2023,1,31.82304842086092,u20m,266,-0.028355372811079117,14.799534897921484,53.49428910078909,800.015,3
2019,2,13.572366499999987,hgap,266,-0.006448076425064198,11.113332142561864,18.117948387542622,800.015,3
2023,2,7.979123357657399,nnm,266,-0.026953882019542963,3.8538541904345722,51.70078193193857,800.015,3
2023,2,8.211130730335082,pnm,266,-0.038419791393558535,2.910009286279613,64.56018809286623,800.015,3
2023,2,9.896610995150157,q5_19,266,-0.018906253352454928,5.940085542088823,39.97858918573473,800.015,3
2023,2,25.861767213965937,u20m,266,-0.02755865401026898,12.288723465826667,52.483048183998505,800.015,3
2019,3,17.24304411948367,hgap,266,-6.594013011491206e-4,16.894149564313945,2.023393043317065,800.015,3
2023,3,9.34531317060479,nnm,266,-0.02711057167058164,4.494657716175448,51.90468597335864,800.015,3
2023,3,8.535084037640917,pnm,266,-0.03758906379833715,3.093429914123446,63.75630397450117,800.015,3
2023,3,11.345644662256404,q5_19,266,-0.021845636104252452,6.290255973986337,44.55796773794482,800.015,3
2023,3,28.944319167120813,u20m,266,-0.028013387658608967,13.585628266271566,53.062885370252175,800.015,3
2019,1,7.726542099999989,hgap,267,-2.4155747041421094e-4,7.6688996678300825,0.7460314254924798,2.424,3
2023,1,2.652813204424078,nnm,267,-0.04699872254930111,0.7457649227894,71.88777100680542,2.424,3
2023,1,3.782937141549758,pnm,267,-0.04240949880151832,1.2037531029216149,68.17940510561927,2.424,3
2023,1,4.745385254523726,q5_19,267,-0.022509910639155306,2.5841717054475173,45.54347925736792,2.424,3
2023,1,11.14060768206404,u20m,267,-0.035477265539519555,4.274685844412255,61.62968873507378,2.424,3
2019,2,4.2858111999999835,hgap,267,-0.023533312632266656,2.0663363378514537,51.786575716367025,2.424,3
2023,2,1.69781550882057,nnm,267,-0.04523216824499372,0.5006109068444952,70.51441076820785,2.424,3
2023,2,2.571410450392997,pnm,267,-0.0437991175038846,0.7881068429162363,69.3511845689284,2.424,3
2023,2,5.5433453759468065,q5_19,267,-0.011628213749303095,4.049674087884053,26.94530444637203,2.424,3
2023,2,9.784563961667603,u20m,267,-0.02708585643876007,4.709058122758303,51.872580717886905,2.424,3
2019,3,6.140569668914253,hgap,267,0.011648266447084499,8.811113105627538,-43.49015776553314,2.424,3
2023,3,2.184439781840857,nnm,267,-0.04617687516671842,0.6278737130670682,71.25699145902065,2.424,3
2023,3,3.182597669353582,pnm,267,-0.04319178703918236,0.9915553485115909,68.84446444300369,2.424,3
2023,3,5.11986181471602,q5_19,267,-0.017413094931783113,3.199433894592484,37.50937016705509,2.424,3
2023,3,10.45250417711474,u20m,267,-0.031997958354605546,4.405689211379292,57.85039511368636,2.424,3
2019,1,8.669276200000013,hgap,268,0.012976738461368242,12.962546960353132,-49.522828218959184,104.614,3
2023,1,4.967552408354416,nnm,268,-0.016313666088777136,3.1977846118061364,35.62655511337714,104.614,3
2023,1,6.941780230715233,pnm,268,-0.019204727990784765,4.133111872471468,40.4603468403721,104.614,3
2023,1,8.898802686934438,q5_19,268,-0.012967847882787976,6.270053236602438,29.54048474624154,104.614,3
2023,1,20.667979730873085,u20m,268,-0.015764875735112448,13.503298445207628,34.66561018038504,104.614,3
2019,2,4.28181619999998,hgap,268,-0.013649392731056986,2.8045583924008612,34.50072909713233,104.614,3
2023,2,4.004363720562934,nnm,268,-0.012762857115417737,2.83711461338664,29.14942769015504,104.614,3
2023,2,5.421310291696457,pnm,268,-0.01989064184074434,3.168601133760263,41.55285413909167,104.614,3
2023,2,6.030617492344126,q5_19,268,-0.01292387318732251,4.254191927939358,29.456777297846227,104.614,3
2023,2,15.377870889839551,u20m,268,-0.015298571242960125,10.174332195106361,33.8378357576878,104.614,3
2019,3,6.6424658277717015,hgap,268,0.004292499864237786,7.58786871260526,-14.232709800039817,104.614,3
2023,3,4.504025738186426,nnm,268,-0.014814304633887887,3.0191803287422947,32.967072031919905,104.614,3
2023,3,6.211379478763268,pnm,268,-0.019487708745103704,3.67008518675036,40.91352493760209,104.614,3
2023,3,7.457622822936272,q5_19,268,-0.013411872347738552,5.191985328468832,30.380156629795813,104.614,3
2023,3,18.06534901238599,u20m,268,-0.015769426207586833,11.801435500049895,34.67363685053316,104.614,3
2019,1,12.484156100000007,hgap,269,0.004188779213910987,14.215209514492392,-13.866002640678161,9.837,3
2023,1,8.842827547640793,nnm,269,-0.032998489255579154,3.6278764385288538,58.97379634530194,9.837,3
2023,1,13.223433985780852,pnm,269,-0.03592900565359218,5.012362720932501,62.09484823441255,9.837,3
2023,1,15.602879239341782,q5_19,269,-0.019993854551992207,9.094059434422551,41.715504587817406,9.837,3
2023,1,37.209735496869236,u20m,269,-0.02848441301911695,17.244466034775783,53.656037043781986,9.837,3
2019,2,6.791149599999983,hgap,269,-0.018752822627216024,3.797271314273024,44.08499977274786,9.837,3
2023,2,6.573576820460234,nnm,269,-0.031825102945647665,2.783698173600907,57.6532190977573,9.837,3
2023,2,10.814957216620291,pnm,269,-0.037343815663139115,3.9457816855487056,63.51551276148482,9.837,3
2023,2,14.449921700107172,q5_19,269,-0.02291832570667838,7.782629022873066,46.14068377397959,9.837,3
2023,2,31.51712711738963,u20m,269,-0.029498049035376582,14.211958983785587,54.90718766703798,9.837,3
2019,3,9.630430060013765,hgap,269,-0.0013435448413528395,9.237561954432977,4.079445083267933,9.837,3
2023,3,7.736123525951044,nnm,269,-0.03241287374854616,3.2244201463162603,58.31995009516261,9.837,3
2023,3,12.07761680358832,pnm,269,-0.036528866327821596,4.504489191968916,62.703824229374376,9.837,3
2023,3,15.047462490498376,q5_19,269,-0.021313836133517672,8.463271458497346,43.75615514016782,9.837,3
2023,3,34.47102831378046,u20m,269,-0.028888697214554115,15.801808372327836,54.15916163426214,9.837,3
2019,1,15.488345900000013,hgap,270,-1.2672082061180313e-4,15.427621677977742,0.3920639583744781,320.422,3
2023,1,10.054421578328514,nnm,270,-0.01960302574867221,5.922335022351956,41.09720806697556,320.422,3
2023,1,8.816085128160012,pnm,270,-0.02317772463607346,4.715143466442604,46.51658419924205,320.422,3
2023,1,9.558326838181364,q5_19,270,-0.017448302104301573,5.967383388863866,37.568745138252005,320.422,3
2023,1,28.160669693593434,u20m,270,-0.01980297978830392,16.498110487757035,41.41435318382942,320.422,3
2019,2,9.877580299999977,hgap,270,-0.010673083424036278,7.095082842417943,28.169828774584,320.422,3
2023,2,6.320516326206138,nnm,270,-0.019821684389105476,3.7010457820098712,41.44393288465078,320.422,3
2023,2,10.185226931903157,pnm,270,-0.02425415090346501,5.29136504983059,48.04862881104335,320.422,3
2023,2,7.94819509735456,q5_19,270,-0.011566902786505785,5.816149796757166,26.82426984343922,320.422,3
2023,2,24.258883266870313,u20m,270,-0.018969715079897354,14.535596374851778,40.08134581074208,320.422,3
2019,3,12.882639571653442,hgap,270,-0.003942887028850661,11.40043072376118,11.505474787586756,320.422,3
2023,3,8.364616402542605,nnm,270,-0.01971154081083428,4.912578093959078,41.269535175984956,320.422,3
2023,3,9.365006523943563,pnm,270,-0.023768950008220012,4.929405449504629,47.36356630503576,320.422,3
2023,3,8.771849668239295,q5_19,270,-0.01455669447819168,5.921068614510815,32.49920098437682,320.422,3
2023,3,26.268303460659446,u20m,270,-0.01932275316450376,15.590296247659582,40.64977865430751,320.422,3
2023,1,1.939127933585083,q5_19,271,-0.024160905158425793,1.0099430205485644,47.917669429815824,11.394,3
2023,1,10.941716949701696,u20m,271,-0.02108602313172305,6.192012174856206,43.40913584841894,11.394,3
2023,2,2.4373751106784303,q5_19,271,-0.012071286581203666,1.7594424133176039,27.814048579995855,11.394,3
2023,2,19.39769462795915,u20m,271,-0.010640836565436195,14.553792871943804,24.971533210103836,11.394,3
2023,3,2.1812140229332533,q5_19,271,-0.017762487536679028,1.3502563314278273,38.096109908003,11.394,3
2023,3,15.068995536260621,u20m,271,-0.014826272764034875,10.097925357377548,32.98872952029984,11.394,3
