year,sex,value,ageg,lid,aapc,projected2050,pct_decrease2050,pop,tercile,aapc2,projected20502,pct_decrease20502,tercile2
2019,1,13.427872306003138,hgap,1,-0.006924172085282931,10.833933887461075,19.317568408677843,,3,-0.010526310369184966,9.68924926913378,27.84225938161438,3
2023,1,27.283604089507552,nnm,1,-0.021585929010738615,15.233026330604368,44.1678369154223,,3,-0.023338848652234477,14.528860133874794,46.74875032561349,3
2023,1,41.995412685155166,pnm,1,-0.03236855229583861,17.524667827777346,58.27004258974198,,3,-0.03232532874055609,17.54513168459734,58.22131379887757,3
2023,1,32.9549167193115,q5_19,1,-0.0185800818241769,19.954970459532632,39.44766837223088,,3,-0.019823833863092145,19.295983261691088,41.44733113410148,3
2023,1,98.8428223417288,u20m,1,-0.024317096245905036,51.26300473338591,48.13684644075158,,3,-0.02506743659197568,50.23490718923304,49.176980180152945,3
2019,2,11.786009533055164,hgap,1,-0.0017607467430114099,11.159934036498974,5.312022655338028,,3,-0.0026687346192540316,10.850188163174929,7.940103622482413,3
2023,2,20.833243271281788,nnm,1,-0.02202617877880564,11.494206410796458,44.82757071895285,,3,-0.024695019928011153,10.69508625012991,48.66336407220438,3
2023,2,38.51750144419863,pnm,1,-0.033735726594779435,15.490827939090023,59.78236552666321,,3,-0.034860311526388535,15.027536874896391,60.985172164743865,3
2023,2,30.100846624213972,q5_19,1,-0.02423466904215066,15.646030369050232,48.02129466862197,,3,-0.027560887046473682,14.302142456189168,52.4859129886263,3
2023,2,86.8867934563422,u20m,1,-0.027054465681148176,41.85182789560245,51.83177301089879,,3,-0.029168776534722874,39.52957319455488,54.50450911804312,3
2019,3,12.685737197190576,hgap,1,-0.00462369417241173,10.991736768948225,13.353582861684297,,3,-0.006938002774297125,10.230773837302968,19.352153696131218,3
2023,3,24.13193144883441,nnm,1,-0.021742225372443125,13.416641438623639,44.40295229965245,,3,-0.023899808386694678,12.657388217009407,47.54921194830111,3
2023,3,40.24339557539669,pnm,1,-0.03301385208946783,16.503490416058344,58.990810342684,,3,-0.033520329981474715,16.27934287502854,59.54779003543846,3
2023,3,31.54335042058143,q5_19,1,-0.021286636104153222,17.754227005883713,43.714834444791826,,3,-0.023509306748054293,16.720098877439604,46.993269089988424,3
2023,3,92.94754643474602,u20m,1,-0.025574727798964504,46.596138208398855,49.868350488292066,,3,-0.026955206886468196,44.89133228659181,51.70250963202364,3
2019,1,14.185351107164706,hgap,2,-0.008277879386881227,10.974732213300896,22.633341040407505,,3,-0.014086684970546149,9.166197985756321,35.3826499146244,3
2023,1,15.16368180386537,nnm,2,-0.0290771642028425,6.915876982618098,54.39183522793802,,3,-0.019960926043981607,8.845936584544258,41.66366256584636,3
2023,1,12.274861358079093,pnm,2,-0.03351474159028731,4.966201966040832,59.54168588004322,,3,-0.022723535937430837,6.646018201533165,45.85667399690119,3
2023,1,8.698016086725158,q5_19,2,-0.036273791065405,3.2664461998264764,62.44607773476414,,3,-0.03459568682223892,3.4178490465223765,60.70541819601058,3
2023,1,35.71338524695922,u20m,2,-0.03189924926547101,15.093222850679593,57.7379104604353,,3,-0.02418536644434015,18.588082720204625,47.95205609418589,3
2019,2,12.853315360272347,hgap,2,-0.009521644811003992,9.568063114609268,25.55957084673497,,3,-0.011752381350882768,8.928763869839829,30.53337897989116,3
2023,2,12.674304899516343,nnm,2,-0.029281445041451182,5.748722703317957,54.64269836575156,,3,-0.02393293358491544,6.641829820533032,47.59610193071427,3
2023,2,12.331654116850554,pnm,2,-0.0434885560819227,3.8113309079278053,69.09310890645382,,3,-0.030222721509921068,5.45294582638768,55.78090518338073,3
2023,2,6.381475080083798,q5_19,2,-0.04656224659267394,1.8152416809601188,71.55451273914116,,3,-0.04013374006676167,2.1593090636956735,66.16285362557086,3
2023,2,31.072561441509716,u20m,2,-0.03817146429291749,11.08613939722598,64.32177174033664,,3,-0.029448314043638922,14.030319715111212,54.84659434491242,3
2019,3,13.394884425552277,hgap,2,-0.009134704319212528,10.091535880669241,24.661269481217175,,3,-0.013117024523156662,8.91954658982815,33.41079843277265,3
2023,3,13.963268840705574,nnm,2,-0.02935980420653701,6.319976652901394,54.73855925141637,,3,-0.021823987761978803,7.746046297215687,44.52555210686415,3
2023,3,12.29676262236068,pnm,2,-0.038282650519914176,4.374116087537416,64.42871817673836,,3,-0.02633103793258318,6.039963700761456,50.881676045544985,3
2023,3,7.5896454535321345,q5_19,2,-0.04056213219688898,2.53858619186595,66.5519791746725,,3,-0.03689544876391908,2.802768731750328,63.07115070248834,3
2023,3,33.47997275074,u20m,2,-0.03475532786103956,13.099231697956359,60.87442544986291,,3,-0.02659157323947827,16.32952720886144,51.22598417138642,3
2019,1,5.4308586291368215,hgap,3,-0.011717604200963416,3.7767034204450898,30.458447211590233,,3,-0.01677315102583745,3.2288613974421936,40.5460237885922,3
2023,1,2.303915534585033,nnm,3,-0.041004032928343224,0.761474337430805,66.94868687675405,,3,-0.03951569804251207,0.7926973633387103,65.59347113905866,3
2023,1,2.1572409079494426,pnm,3,-0.04619155174990144,0.6198102789290142,71.26837912979443,,3,-0.03482375241162474,0.8424750197319334,60.946641766925104,3
2023,1,3.737667365088404,q5_19,3,-0.0152022342842981,2.479362304909689,33.66551748108685,,3,0.009617629079297575,4.845922854318126,-29.650993011881077,3
2023,1,8.17719796452121,u20m,3,-0.03150108945404693,3.4932066649995885,57.28112881508155,,3,-0.01717839855765204,5.14246627151175,37.11212210070481,3
2019,2,5.512186295379365,hgap,3,-0.003611046105547522,4.928422228344603,10.590427023921654,,3,-0.005514588062863179,4.6460114616449655,15.71381639369623,3
2023,2,1.8840506683002136,nnm,3,-0.03804611448206478,0.6744747621076305,64.2008161746446,,3,-0.03736515005085768,0.6869903856268984,63.536522813014386,3
2023,2,1.8085520669662847,pnm,3,-0.04392744036986855,0.5523826160218657,69.45719030647275,,3,-0.03599774265057563,0.6842633030648767,62.165131125437874,3
2023,2,1.7375208100843809,q5_19,3,-0.02896911908251676,0.7947664827894726,54.258592002079354,,3,-0.031481198338568016,0.7426480162191313,57.25818005120379,3
2023,2,5.420306087959514,u20m,3,-0.03720323065948041,1.9850916013381388,63.3767619554225,,3,-0.03497339990976904,2.10827586968039,61.104117821618175,3
2019,3,5.395961870374975,hgap,3,-0.009308881854849705,4.043357998778625,25.066964965457696,,3,-0.012893619695675351,3.6180986805068205,32.94803100127555,3
2023,3,2.099694654113369,nnm,3,-0.039728410276868645,0.7182948453397665,65.7905093994213,,3,-0.038577614919104095,0.7409636787185166,64.71088416275455,3
2023,3,1.9877013404765442,pnm,3,-0.04519442366721087,0.5866830386517036,70.48434658141105,,3,-0.03534580092764994,0.7653991938382211,61.49324960183811,3
2023,3,2.763503512731802,q5_19,3,-0.01958752336154872,1.628462197923962,41.07254829163649,,3,-0.004045379772235469,2.4775595160498147,10.347155173301134,3
2023,3,6.835441941918208,u20m,3,-0.033734937478987634,2.7491116271336007,59.78150863553197,,3,-0.024297583022300583,3.546943991001987,48.10951477401299,3
2019,1,11.382950255291803,hgap,4,-0.013260012014184275,7.546291660528543,33.70530933296173,,3,-0.013672497605855228,7.4504111475875,34.54762622612807,3
2023,1,9.22066985471405,nnm,4,-0.020871266006917688,5.248401243075026,43.08004379538878,,3,-0.027439412934633544,4.395509879953807,52.329820401208586,3
2023,1,8.144479546811079,pnm,4,-0.026252676654909334,4.00890473999933,50.77764371611699,,3,-0.01806187310106333,5.001159411208117,38.594487438226906,3
2023,1,10.029233959207184,q5_19,4,-0.02093955518827397,5.698119647538786,43.184896566225625,,3,-0.023773530099585116,5.278378305407456,47.37007505382082,3
2023,1,27.145879828577524,u20m,4,-0.022293804280342888,14.869208981189733,45.22480363470725,,3,-0.023120583860815457,14.540960292029368,46.4340062512119,3
2019,2,11.094297999331303,hgap,4,-0.009991756587557844,8.139158761039607,26.636559054658658,,3,-0.01098380710527902,7.892660384055428,28.858406502771523,3
2023,2,7.159340401370805,nnm,4,-0.021319963675945953,4.026022173446415,43.76545955720238,,3,-0.02703480300019483,3.4503586184232105,51.80619407672574,3
2023,2,7.10119334787962,pnm,4,-0.0263386322034874,3.4872720311399354,50.89174649523918,,3,-0.0193560999321436,4.210781032608312,40.70319133240288,3
2023,2,4.939246702908906,q5_19,4,-0.015514392724076486,3.248925176539208,34.22225347387902,,3,-0.019078894581998674,2.950818756939286,40.25771672426407,3
2023,2,19.078755408036272,u20m,4,-0.02162233015973456,10.64161778047824,44.22268354047968,,3,-0.022037486065139868,10.522999707337792,44.84441211031334,3
2019,3,11.276204209988549,hgap,4,-0.011897295749990988,7.798087528535383,30.844747192253077,,3,-0.01264713660599508,7.61891101788022,32.43372613692709,3
2023,3,8.209012110807901,nnm,4,-0.021083836738262994,4.645825138965202,43.40579504263909,,3,-0.02728258712244793,3.929855812856365,52.127542756547314,3
2023,3,7.636283031087654,pnm,4,-0.02627608185254804,3.7563838797043383,50.80873948212855,,3,-0.018647567406528953,4.615529752126178,39.557900966528514,3
2023,3,7.533593293474472,q5_19,4,-0.01909937891466331,4.498252078424452,40.29074967026962,,3,-0.022164081892744124,4.141019087281836,45.032616893869914,3
2023,3,23.197302339661885,u20m,4,-0.02199162396648404,12.810461558313396,44.776071929663374,,3,-0.022657155318317822,12.582321835396588,45.75954716129297,3
2019,1,6.671418411488332,hgap,5,-0.006832718067002808,5.397944498277296,19.088503143770534,,3,-0.014596518035825356,4.243296457668067,36.39588771165941,3
2023,1,3.707308944400138,nnm,5,-0.014158183006931857,2.529534567304715,31.76898377661355,,3,-0.015551624973715983,2.436134074729357,34.28834469247244,3
2023,1,2.897496109281472,pnm,5,-0.010360851515209667,2.190443341837477,24.402199028986153,,3,-0.013372722880258037,2.019365666637168,30.306527067677923,3
2023,1,4.408502309296902,q5_19,5,3.918370305293628e-4,4.455390089190826,-1.0635761672403783,,3,-0.014007149422128506,3.0202571747877704,31.490175962515,3
2023,1,10.973495507153984,u20m,5,-0.007513069846386511,8.958743475840805,18.360166366311407,,3,-0.014308268068526609,7.457048019669587,32.04491663747353,3
2019,2,6.913395403257169,hgap,5,-0.00866726855203892,5.284487104801425,23.561624982252606,,3,-0.010699735056449366,4.961802617378087,28.22915039633942,3
2023,2,3.055608195709498,nnm,5,-0.01612531318877284,1.9770289723353534,35.29834829244865,,3,-0.015248101848275252,2.0244132489587994,33.747616863923874,3
2023,2,2.4246788825362797,pnm,5,-0.0060453522075632595,2.0595233786505887,15.05995315568256,,3,-0.0017234934011150838,2.314433095088843,4.54682012704777,3
2023,2,2.3020705964112986,q5_19,5,-0.00408783175793479,2.0615075175310236,10.449856718351262,,3,-0.023349937663966515,1.2255143829701405,46.76469153984258,3
2023,2,7.762349853987605,u20m,5,-0.009549685601693624,5.998105044004873,22.728231053337787,,3,-0.013577015554545113,5.380093130998283,30.689891177289958,3
2019,3,6.692198746454039,hgap,5,-0.007905480342378767,5.23764825442259,21.7350163547095,,3,-0.01261662743745826,4.52594787898594,32.36979279218088,3
2023,3,3.3891320291395757,nnm,5,-0.015035288535087621,2.2583197415091707,33.36583756276656,,3,-0.01540484938808273,2.235897954052112,34.027416612041634,3
2023,3,2.6667702718541353,pnm,5,-0.008461397496705958,2.122108928449761,20.424006865266488,,3,-0.008268499272879381,2.133190238691668,20.00847387545996,3
2023,3,3.3868070149413176,q5_19,5,-0.0011998195033642745,3.27884906975896,3.187602503068163,,3,-0.017274369964283574,2.1243791712979694,37.27486798255678,3
2023,3,9.413191717083102,u20m,5,-0.008361145893001343,7.5109438765878735,20.208319321097225,,3,-0.014049976914080808,6.441508185186557,31.569350983296342,3
2019,1,10.57333235170006,hgap,6,0.0021193901501638025,11.291340561057194,-6.790746620592957,,3,-0.00458579327202564,9.172183981430374,13.251719738521215,3
2023,1,10.759989391646602,nnm,6,-0.019933205940626218,6.281683441118596,41.61998481155278,,3,-0.02494874515840486,5.486104547886683,49.013847986265134,3
2023,1,9.788514993817277,pnm,6,-0.02624895212498064,4.818622272571508,50.772693553464485,,3,-0.022344341547221626,5.354367254907424,45.299493760908526,3
2023,1,7.757451778147351,q5_19,6,-0.02635306652177687,3.8080646914059786,50.91088155864209,,3,-0.039766298393778675,2.6510713585192645,65.82548710148221,3
2023,1,28.042044862548465,u20m,6,-0.023667444013593865,14.800840915410163,47.21910977620103,,3,-0.027949437768438657,13.184872720254356,52.98177153313308,3
2019,2,8.260836944044598,hgap,6,-0.0015970976501862744,7.861802298259948,4.830438471156631,,3,-0.002390262358687423,7.670852635738884,7.1419435137385925,3
2023,2,7.95430857217813,nnm,6,-0.01967989273461037,4.6755959791644095,41.21932866021452,,3,-0.01990103385887112,4.647762060492166,41.56925120118305,3
2023,2,9.585805985796615,pnm,6,-0.027213059754780167,4.597583538845058,52.03759031157794,,3,-0.024473746642665974,4.9505184172391505,48.35574155606337,3
2023,2,5.722559408796846,q5_19,6,-0.02642276243491226,2.803872699864204,51.00317009284292,,3,-0.03196102624527124,2.4144425825514695,57.808343958125896,3
2023,2,23.086487496787434,u20m,6,-0.02429195106633166,11.981512187627207,48.101623560992216,,3,-0.024598956937637872,11.882606024485026,48.530039374164076,3
2019,3,9.350507340739739,hgap,6,1.361364966871559e-4,9.3900520305786,-0.4229149114355166,,3,-0.00396797551765875,8.268253996888314,11.574274041111078,3
2023,3,9.407536773581707,nnm,6,-0.019748846797299803,5.519527666225057,41.32866233672322,,3,-0.022736551656644278,5.091763619660227,45.875697940836716,3
2023,3,9.680707327683557,pnm,6,-0.026785902538899276,4.696960517491496,51.4812259217901,,3,-0.023529575708481333,5.1286190172819275,47.02226971973621,3
2023,3,6.774900897194125,q5_19,6,-0.02638858127623096,3.322551608377518,50.95793047314424,,3,-0.036617286520732685,2.520753848148085,62.792756877195444,3
2023,3,25.643369427326036,u20m,6,-0.02394176629147533,13.434920792894395,47.60859788348289,,3,-0.026506198226482702,12.536165215189229,51.113424268534445,3
2019,1,5.186047353920372,hgap,7,-0.007069712273887707,4.165393453114274,19.680767088147373,,3,-0.018042265647189647,2.964361261544282,42.83968002522413,3
2023,1,2.3657448088824,nnm,7,-0.01291599543863282,1.669227634745439,29.44177121394604,,3,-0.012603598623813795,1.6833666378434837,28.844115750645063,3
2023,1,1.8177427276026004,pnm,7,-0.010530198680260162,1.3679046375869035,24.747071364107892,,3,0.020578634086296656,3.1683742203970366,-74.30267618651229,3
2023,1,1.3130846673191643,q5_19,7,-0.08759555846775047,0.12335350744390385,90.60582226614935,,3,-0.16748926794370358,0.014266642523100502,98.91350170494127,3
2023,1,5.4867842617205564,u20m,7,-0.035742878645559514,2.0902519643141457,61.90387912830601,,3,-0.05370020076128838,1.2871582979412184,76.54075253293104,3
2019,2,5.696461319387538,hgap,7,-0.0026796178568689877,5.242387410837553,7.9711575852288075,,3,-0.0034788612415070476,5.114095047311581,10.223298982017324,3
2023,2,2.3092316943883535,nnm,7,-0.008062282222041495,1.8575032539218135,19.56185001116527,,3,0.019408385298454123,3.8998624077006605,-68.88138237395955,3
2023,2,1.6545976975228527,pnm,7,-0.003316742062657185,1.5128659930398871,8.565931446366468,,3,0.042714601819013445,5.242781328125555,-216.8613939191792,3
2023,2,0.7031296834743017,q5_19,7,-0.10019400079567417,0.047007319556470015,93.31455908329775,,3,-0.18710873137800504,0.004497877411237978,99.3603061402538,3
2023,2,4.660353826387964,u20m,7,-0.027184800046296954,2.2369241444071233,52.00098044613782,,3,-0.02249437369070075,2.53893140042995,45.52063008491,3
2019,3,5.346377995998637,hgap,7,-0.005987474183793662,4.440680461703025,16.9403946928829,,3,-0.011997791637196276,3.6858006721812426,31.059856318805213,3
2023,3,2.3373892507145273,nnm,7,-0.0106214895811797,1.7546236386231322,24.93233045857667,,3,0.0019891097536202996,2.4663530585475018,-5.517429661899528,3
2023,3,1.7392265811779772,pnm,7,-0.007256844085589187,1.4297587596901895,17.793416041179945,,3,0.030691733054896142,3.983326655705999,-129.02862104419393,3
2023,3,1.0168933888988763,q5_19,7,-0.09194558338702266,0.08494269138445133,91.6468439748212,,3,-0.17421641439319985,0.009213449999728377,99.09396106806192,3
2023,3,5.085302621512744,u20m,7,-0.03200549826887937,2.142998651125677,57.85897495932718,,3,-0.04038674433593723,1.7090069028606276,66.39321137682377,3
2019,1,9.576600533695284,hgap,8,-0.016391307900708262,5.761467022821905,39.83807716997097,,3,-0.018359068296574854,5.420518968262561,43.39829724346905,3
2023,1,19.006274159927017,nnm,8,-0.004096831496780995,17.016010469755216,10.471614128181363,,3,-0.011055861425696456,14.101213889126617,25.80758453512298,3
2023,1,19.093533710126675,pnm,8,-0.024667751045540955,9.809197346431684,48.62555305187347,,3,-0.02472971571165781,9.792799828918904,48.71143300349333,3
2023,1,13.38078665660447,q5_19,8,-0.006355499879189264,11.270868067427497,15.768270157237454,,3,0.011308188551504016,18.158539343845035,-35.70606728777316,3
2023,1,50.61274803599891,u20m,8,-0.012562242746768603,36.05418435503766,28.764618097018364,,3,-0.010656210199169625,37.95820957962246,25.00267017190167,3
2019,2,9.078497059882807,hgap,8,-0.008039515602238945,7.0758223727408405,22.05953996495339,,3,-0.00868558591323385,6.935516259203846,23.605017290236635,3
2023,2,15.089707601828309,nnm,8,-0.007110976022502724,12.453684750712661,17.46901212848061,,3,-0.01495084901319128,10.077850262467596,33.21374722167223,3
2023,2,16.584686833061024,pnm,8,-0.024328511738328906,8.598690917219924,48.152829150329694,,3,-0.024728017868916652,8.50643815864304,48.709081791730085,3
2023,2,6.843913734606688,q5_19,8,-0.026052254588737056,3.3870145766308744,50.51056006880656,,3,-0.006901118231988379,5.680444911519217,17.000050967976357,3
2023,2,38.052986016085534,u20m,8,-0.01801331978807421,23.39728343406882,38.51393574165649,,3,-0.017638269230546032,23.635416543868537,37.8881422501837,3
2019,3,9.373978387053398,hgap,8,-0.012466628386004874,6.369188795979859,32.05458202489051,,3,-0.013910154220433135,6.090455130718777,35.02806514755321,3
2023,3,17.077868685694696,nnm,8,-0.005449524373480142,14.74119917016891,13.68244222116019,,3,-0.012794684523629307,12.089374353848283,29.210286269650457,3
2023,3,17.866594750849508,pnm,8,-0.024484837204888477,9.224307780154659,48.37120386515697,,3,-0.0246969481047846,9.171631205299844,48.66603662757976,3
2023,3,10.170425658027282,q5_19,8,-0.01325845221909967,7.110025665253148,30.0911691966268,,3,0.005163652032661226,11.691974524298848,-14.96052296563067,3
2023,3,44.45746890245428,u20m,8,-0.014876976745890013,29.750757831862067,33.0804056858494,,3,-0.013605210640867949,30.790071676318,30.742634620347832,3
2019,1,14.126804508065078,hgap,9,-0.01196632910188904,9.748542820158463,30.992583534422376,,3,-0.012266258759991011,9.658322704717646,31.631228426756728,3
2023,1,7.371227549170599,nnm,9,-0.0362690796759169,2.76853722015346,62.441300289732986,,3,-0.039546942008360994,2.5340449446244824,65.62248380312707,3
2023,1,7.837124542168117,pnm,9,-0.03057696491358546,3.432517465219686,56.20182572382483,,3,-0.029297137071198343,3.5532024611968773,54.66191149472412,3
2023,1,9.073843925254344,q5_19,9,-0.013145263235416805,6.362833986866737,29.877193841105402,,3,-0.023790284490582802,4.773397424209059,47.3938777928092,3
2023,1,24.08695276398598,u20m,9,-0.026039276336434013,11.924675846560698,50.49321529624918,,3,-0.030186547630342186,10.661440370471126,55.73769552779727,3
2019,2,13.522252030604193,hgap,9,-0.009290684584539433,10.138351438681246,25.024682162884886,,3,-0.010061897806625275,9.898842143008725,26.795905588764338,3
2023,2,5.773109960948513,nnm,9,-0.033346230762633565,2.346354137898217,59.35718956039571,,3,-0.03673625664182638,2.1411262893547693,62.91208198288005,3
2023,2,6.761199951494601,pnm,9,-0.03227703586970496,2.8284261138604414,58.16680272508134,,3,-0.029619674734031598,3.0388196412075557,55.055024803166674,3
2023,2,4.994818132939005,q5_19,9,-0.01169538522566962,3.6423373348104486,27.077678548683057,,3,-0.014758931658185004,3.353182338953636,32.86677813471084,3
2023,2,17.42768325964894,u20m,9,-0.02703205331133902,8.399687430156792,51.80261595868598,,3,-0.027748505860290873,8.23876353013801,52.725996867216594,3
2019,3,13.881923476643209,hgap,9,-0.01108953671557562,9.843505388584408,29.09119975235112,,3,-0.011469388887148924,9.728273786358935,29.921283583452432,3
2023,3,6.58722987543113,nnm,9,-0.03502796306557108,2.558389360996572,61.16137724996083,,3,-0.03834278021090896,2.339361062111887,64.48642135843518,3
2023,3,7.3101496384322395,pnm,9,-0.031342145807910525,3.136243691169314,57.097407764666166,,3,-0.02944035326747798,3.3014910696247535,54.83688798560897,3
2023,3,7.068037452566012,q5_19,9,-0.012520991858628627,5.040554385474851,28.685233782329405,,3,-0.020613758099735202,4.0511929149213435,42.68291669209279,3
2023,3,20.819376483144136,u20m,9,-0.02641798430502109,10.20215057269729,50.996848628213264,,3,-0.029167459257962224,9.472214416832058,54.502890975140446,3
2019,1,11.9005015826109,hgap,10,-0.006649007167236353,9.68386721165865,18.626394489045836,,3,-0.011245193404916077,8.397882187081905,29.43253585753939,3
2023,1,10.050675455915822,nnm,10,-0.041223733536446,3.3022334293002538,67.14416415310117,,3,-0.043820313513626453,3.0786505778997513,69.36871963080195,3
2023,1,9.234978005683292,pnm,10,-0.04325617145313996,2.872209524642125,68.89857752910142,,3,-0.03295465551131764,3.7932475791240137,58.925212634078676,3
2023,1,7.3247385776712415,q5_19,10,-0.018228672007586755,4.477582682518262,38.87040970762095,,3,-0.022022967914996406,4.041586575169729,44.82278743039218,3
2023,1,26.376991768463974,u20m,10,-0.035791433917449565,10.035445646314944,61.953790127374546,,3,-0.033923025545923566,10.554691114476146,59.9852355904542,3
2019,2,9.903119774840377,hgap,10,-0.00689400287884343,7.997554016768757,19.24207523888435,,3,-0.00884518129615266,7.528149159808115,23.982044739740033,3
2023,2,7.196915715198431,nnm,10,-0.040981220612157435,2.38014070296021,66.92832322693687,,3,-0.04323326062070172,2.2397282120431345,68.87933247136296,3
2023,2,8.433307506689802,pnm,10,-0.03289387737159895,3.469652190256711,58.85775317093115,,3,-0.01546664326536229,5.554395945240145,34.13739578648037,3
2023,2,4.827742452227168,q5_19,10,-0.02334963868075255,2.5700843331473604,46.76426179359028,,3,-0.035997134680873885,1.826600010127135,62.164510054083884,3
2023,2,20.322106192654175,u20m,10,-0.0334470849622726,8.237014617489454,59.46771196153436,,3,-0.030242030917154494,8.981567609054693,55.80395297658046,3
2019,3,10.956635108398672,hgap,10,-0.007025713529405397,8.81229670831489,19.571140034042628,,3,-0.010701492424450176,7.863241716711183,28.23306025146613,3
2023,3,8.679500916363224,nnm,10,-0.04099252900224006,2.869580195833641,66.93841934593613,,3,-0.0433420875552506,2.6931935019184063,68.97064096345676,3
2023,3,8.83876732043909,pnm,10,-0.038709648548452644,3.1080232486217554,64.8364626429904,,3,-0.025363235318264808,4.456394673450982,49.58126498990587,3
2023,3,6.103268069429069,q5_19,10,-0.0201423402378919,3.5430260925099333,41.94870596858174,,3,-0.027487375574796236,2.9056735906544575,52.391512914059675,3
2023,3,23.43836974886959,u20m,10,-0.03480459876685926,9.158205428947046,60.92644016169795,,3,-0.03241963613891805,9.767340679986289,58.32755953319937,3
2019,1,15.701515262002602,hgap,11,-0.002653604127639131,14.461580224717894,7.896913237955635,,3,-0.0060701216013812065,13.008245837291778,17.15292683393742,3
2023,1,23.138620251716226,nnm,11,-0.02875267458697577,10.64596428565394,53.99049653851199,,3,-0.030940268661368987,10.035369874521303,56.62935056044681,3
2023,1,31.627660226082767,pnm,11,-0.0391242079094428,10.997615183305273,65.22785718358092,,3,-0.03889383834651818,11.06623329032553,65.01090118199954,3
2023,1,26.023683367926154,q5_19,11,-0.02659626221144782,12.69118861040162,51.232158680337534,,3,-0.02675705195922653,12.636211482065915,51.44341673923116,3
2023,1,78.65196774678739,u20m,11,-0.031284730511050095,33.79608354832216,57.030848030241955,,3,-0.031834778641901276,33.29787645693442,57.664280486746634,3
2019,2,13.107345387020445,hgap,11,-0.0022081770928581435,12.24012267807079,6.616310803928477,,3,-0.0031233178142288766,11.897757504858937,9.228320811316244,3
2023,2,17.131315873364198,nnm,11,-0.02991937070197448,7.63761298105175,55.417242682876896,,3,-0.03333411236237538,6.964926765235586,59.34388918679232,3
2023,2,28.45752650898603,pnm,11,-0.04023768167142552,9.602229130540863,66.25768185612067,,3,-0.04254619356743321,9.021994699025159,68.29663078350718,3
2023,2,17.591366399976827,q5_19,11,-0.046075066664985266,5.070205940858487,71.17787313630643,,3,-0.04756814138136471,4.869875728146957,72.3166716136765,3
2023,2,61.89929992943044,u20m,11,-0.038271968615656335,22.02472569089146,64.41845753344353,,3,-0.040578070254033,20.695183107371136,66.56636968275069,3
2019,3,14.538109188797392,hgap,11,-0.0024828433135657413,13.461116616254097,7.4080649591845935,,3,-0.004686645774017606,12.57219214793562,13.52250843167862,3
2023,3,20.207095244887366,nnm,11,-0.029183167183071346,9.189745828055269,54.52218284376927,,3,-0.031907922601484805,8.537941035959777,57.74780624087979,3
2023,3,30.026426758577585,pnm,11,-0.039644553174893946,10.295170997820742,65.71296651247474,,3,-0.040600690901477686,10.032795043692918,66.5867832880685,3
2023,3,21.843823839270414,q5_19,11,-0.034802831245747345,8.535566912548369,60.92457540697024,,3,-0.03527814557530826,8.426725726203951,61.42284524811749,3
2023,3,70.38656044353375,u20m,11,-0.03435263142466001,27.840207637535197,60.44669967945163,,3,-0.03564670060583382,26.884271843881486,61.80482229210664,3
2019,1,8.406975274282985,hgap,12,-0.030767299247194214,3.239035092195601,61.472051641404974,,3,-0.03391226146866764,2.9381544482018587,65.05099215422102,3
2023,1,2.7032055312443952,nnm,12,-0.06365797130578676,0.48465066658179484,82.07126091671282,,3,-0.054762233593144895,0.6162256889302746,77.203890647316,3
2023,1,4.932351858637163,pnm,12,-0.04417898674553451,1.4962818775212443,69.66392665395377,,3,-0.017647035993392502,3.062850299727772,37.902842548340516,3
2023,1,4.8580200047889655,q5_19,12,-0.052661517989816,1.1720682963026834,75.87353911372792,,3,-0.04637804405931769,1.3887773543455977,71.41268761807153,3
2023,1,12.44321531605841,u20m,12,-0.051679409863124096,3.082778971089133,75.2252219961934,,3,-0.037295233738888545,4.54580217809174,63.46762422229228,3
2019,2,7.342553252376405,hgap,12,-0.03392078051340177,2.565471906314904,65.06022063258997,,3,-0.03834945619507959,2.236368834794353,69.54235457440426,3
2023,2,2.4172136720195354,nnm,12,-0.061720143263173155,0.4566544201044178,81.10823112617545,,3,-0.053163984262797406,0.5753296641795733,76.198642642175,3
2023,2,4.06166491444937,pnm,12,-0.04994931823924276,1.0543889180820438,74.04047501971283,,3,-0.030228616966451183,1.795745594920198,55.78794330049646,3
2023,2,3.255102288452827,q5_19,12,-0.05744999986999855,0.690094802225232,78.79959703038276,,3,-0.050931531099559856,0.8228942009396584,74.71986659654908,3
2023,2,9.703105508753529,u20m,12,-0.055258423613778127,2.1824946387137967,77.50725644748593,,3,-0.04297267109915266,3.040992280248045,68.65959792455463,3
2019,3,7.579869473941443,hgap,12,-0.03449155595251896,2.60194110463326,65.67300909892474,,3,-0.03825996272705643,2.3150635421411065,69.4577386840238,3
2023,3,2.5649010155774423,nnm,12,-0.06295194315006322,0.4687045916240999,81.72621131273641,,3,-0.05425875549746353,0.5927002366158337,76.89188654781682,3
2023,3,4.520740161140235,pnm,12,-0.046815659539629365,1.2771779601555924,71.74847669560688,,3,-0.023230626082182803,2.4143952186535835,46.5929221190935,3
2023,3,4.11410389028144,q5_19,12,-0.05439246400528501,0.9472658615654007,76.97515943136284,,3,-0.04808962738749347,1.1229971122732583,72.70372498550503,3
2023,3,11.15904645610577,u20m,12,-0.05322519193008657,2.651618817952238,76.23794444818911,,3,-0.03975582977477643,3.814627833033953,65.8158262174207,3
2019,1,5.655958894226956,hgap,13,-0.014564953726147144,3.600944223643977,36.33362103604634,,3,-0.017616636936826868,3.2759041780580618,42.080481147029175,3
2023,1,2.3800163915496757,nnm,13,-0.06743618465131909,0.38532443520226145,83.81000918437502,,3,-0.057304323598525705,0.5065615905982166,78.7160461416661,3
2023,1,2.7461617118914594,pnm,13,-0.0640300068549583,0.48743126688490784,82.2504528857777,,3,-0.055598673693711256,0.6120385586428922,77.7129454542813,3
2023,1,6.313110868801153,q5_19,13,-0.013338239542263786,4.4039245808823475,30.241608734512152,,3,0.029753156277124892,14.09702497861279,-123.29759878412823,3
2023,1,11.40043219357767,u20m,13,-0.03995339506502034,3.8764105119014594,65.99768810444571,,3,-0.013359634022608535,7.948165503715246,30.281893100572336,3
2019,2,5.204277571260462,hgap,13,-0.0071799586344412965,4.165774362138874,19.95480054439266,,3,-0.010905115712105529,3.711448791438171,28.684649490375513,3
2023,2,1.9159074451369313,nnm,13,-0.06276501079502148,0.35188040509082325,81.63374718418748,,3,-0.05240511661097456,0.4654517794230532,75.7059360772103,3
2023,2,2.380775620044906,pnm,13,-0.0587171405718153,0.48775772085466157,79.51265475217436,,3,-0.05004452166964226,0.6164514196581975,74.10711809764878,3
2023,2,2.4170281557724937,q5_19,13,-0.03710120057178873,0.8876358803545076,63.27573271190071,,3,-0.03679656230404145,0.8949670012507369,62.97242135498826,3
2023,2,6.698775696174719,u20m,13,-0.05256629473769623,1.6203380816820496,75.81142950334446,,3,-0.04595165925654347,1.9371735502553578,71.08167763608559,3
2019,3,5.413418720816082,hgap,13,-0.011920961541141306,3.740917909703791,30.895463613059643,,3,-0.014533297237921471,3.4499115916810257,36.27111129580338,3
2023,3,2.1547983823327437,nnm,13,-0.0654365503718437,0.3682144746830775,82.91188272173959,,3,-0.05515901018968332,0.48597596354802863,77.44680117023661,3
2023,3,2.568220593425985,pnm,13,-0.0616839334822898,0.4856568759383107,81.0897522906921,,3,-0.05316312445690312,0.6112855518607107,76.198090092983,3
2023,3,4.412250073233537,q5_19,13,-0.020228926634298205,2.5553872070024495,42.08426166720594,,3,0.009677942750571855,5.729849323420654,-29.86229765579693,3
2023,3,9.108920327971614,u20m,13,-0.04466952591856051,2.72693151373381,70.06306548362306,,3,-0.025694808784121736,4.551670698434757,50.03062344878003,3
2019,1,19.879074444917592,hgap,14,3.142499157722245e-4,20.073677715425333,-0.9789352670666963,,3,-0.0035101566579598398,17.82947143349278,10.310354323104942,3
2023,1,20.709217861085328,nnm,14,-0.023449491419207956,10.99502216731586,46.907593318738535,,3,-0.02911961107915646,9.434275707499099,54.44407523846163,3
2023,1,19.13698958524579,pnm,14,-0.03211864769467541,8.039923771190397,57.98752078859359,,3,-0.03174077913196136,8.122370565605621,57.556696525205844,3
2023,1,16.81680859151802,q5_19,14,-0.020183123329407415,9.751631143019404,42.01259359080839,,3,-0.022548568968036788,9.148295113144108,45.600289951814744,3
2023,1,55.60328261210179,u20m,14,-0.024987114616077388,28.320619530569452,49.06664103243861,,3,-0.027523818249789576,26.445847365257226,52.43833435204163,3
2019,2,12.869958750256274,hgap,14,-0.005642173196176303,10.804778040073439,16.046521595430228,,3,-0.0061562676201574185,10.633947948692112,17.373876987132043,3
2023,2,14.829324722509293,nnm,14,-0.023401588602143607,7.8834350449745125,46.8388804447156,,3,-0.026771136540515262,7.197875650619052,51.46187850554339,3
2023,2,19.054375904662855,pnm,14,-0.03413930352635179,7.580169692403191,60.21822110401303,,3,-0.036424379780619895,7.126630395376948,62.5984580600566,3
2023,2,12.866214321428536,q5_19,14,-0.022003696865195987,7.102913240531876,44.794070244096176,,3,-0.01642397573861709,8.25779403493864,35.81799720850775,3
2023,2,46.035031989559826,u20m,14,-0.027084674759694803,22.15617975132554,51.871045171967545,,3,-0.02758495703017729,21.858914657677428,52.51678186596077,3
2019,3,16.370968078008588,hgap,14,-0.0020089455038584613,15.382526407272382,6.0377716578899046,,3,-0.004447011243465049,14.262763334160276,12.877703589687531,3
2023,3,17.88404629604556,nnm,14,-0.023310479230252888,9.530775679891882,46.707945606250846,,3,-0.028020375047523593,8.392671803772991,53.071739667612356,3
2023,3,19.074899340760897,pnm,14,-0.033182022258167576,7.78702353676397,59.17659434184283,,3,-0.03414314448795315,7.587547365662247,60.22234649779505,3
2023,3,14.928281755184681,q5_19,14,-0.021011647689977007,8.465025521911002,43.29537946340644,,3,-0.020104110279416255,8.675010538615105,41.88875397128526,3
2023,3,50.999450035288604,u20m,14,-0.02591122913181194,25.335628912637553,50.32176053838464,,3,-0.027563367590741183,24.230300193773402,52.48909512356022,3
2019,1,14.610471008482278,hgap,15,-0.0035482601735663975,13.088610160757405,10.416233993013227,,3,-0.006362235576244757,11.99523108423723,17.899764646374106,3
2023,1,12.789467353692256,nnm,15,-0.011818100862388459,9.295526341834998,27.31889386189781,,3,-0.021804954028367705,7.09853347878966,44.49703586177615,3
2023,1,20.33181216489499,pnm,15,-0.00507750458482592,17.727092824526466,12.811053531499011,,3,-0.006066236643165812,17.26011540287528,15.107835627772126,3
2023,1,13.216593615064664,q5_19,15,-0.01065856186145413,9.911462958381646,25.007431967309124,,3,-0.019104817494575065,7.890370246563794,40.299516831855094,3
2023,1,45.643526345440335,u20m,15,-0.00843034932878326,36.351750313306646,20.3572702989937,,3,-0.014009050478505536,31.26869456669045,31.49369238029062,3
2019,2,10.924020978963284,hgap,15,-0.012985992475683883,7.3038262692519815,33.139763432190584,,3,-0.012281890848961474,7.4650005729214435,31.66435154878392,3
2023,2,10.785448166261467,nnm,15,-0.0052323210222725795,9.364492712355947,13.174746491763658,,3,-0.01422543999864434,7.345669483037058,31.89277469233558,3
2023,2,16.071584538861373,pnm,15,-0.010425188420658094,12.128677500215668,24.53340570814089,,3,-0.0148312568086995,10.768323803421014,32.99774656703564,3
2023,2,10.646629214938862,q5_19,15,-0.01994774104344299,6.213064970692751,41.64289142356096,,3,-0.03123723830020797,4.580636225356669,56.975713788084875,3
2023,2,37.04623128768103,u20m,15,-0.01164077466662694,27.054834419684386,26.970076363257714,,3,-0.019195636943788674,22.062612403467494,40.44573054640523,3
2019,3,12.816331328454595,hgap,15,-0.0074683733326252446,10.167543828128284,20.66728326885182,,3,-0.009110027928815346,9.663050420708872,24.60361570666376,3
2023,3,11.809554333253935,nnm,15,-0.009092982099937964,9.238674069738556,21.769494351502882,,3,-0.018725813237319942,7.122878558907387,39.68545841860917,3
2023,3,18.286707962005266,pnm,15,-0.007320587497875941,15.007027518413784,17.934777820074306,,3,-0.009707625539312125,14.070333383767716,23.057045516328106,3
2023,3,11.954133419290747,q5_19,15,-0.01484915716122166,8.005668618300838,33.03012156965014,,3,-0.024628647231951108,6.147857432355191,48.57128311422217,3
2023,3,41.477244697602615,u20m,15,-0.009857061348642393,31.785312114739074,23.36686694963548,,3,-0.016326167954867722,26.691320069770903,35.64828072749572,3
2019,1,14.291745682476801,hgap,16,-0.0041753896362890066,12.556582962258783,12.141013132814917,,3,-0.0067618197156128265,11.58910849753132,18.910476333616828,3
2023,1,27.037683240496527,nnm,16,-0.027146917163077378,12.99110386491137,51.951860115538516,,3,-0.026853056519533514,13.09458835913855,51.56911839426491,3
2023,1,53.71206111601767,pnm,16,-0.03777164445051904,19.371505117172624,63.93453404193462,,3,-0.03582621445499292,20.41622214028255,61.989501582924454,3
2023,1,39.02379316823146,q5_19,16,-0.02295870417731778,20.99504649177234,46.199370211750676,,3,-0.02472824537118603,20.015538888630374,48.70939684837031,3
2023,1,115.22679879965303,u20m,16,-0.029456555010981857,52.01724844158984,54.85664013626448,,3,-0.029034857498728073,52.61289265459512,54.339708121134095,3
2019,2,12.394802174734991,hgap,16,1.099576486348841e-4,12.437124267517406,-0.3414503288215645,,3,-7.012283370260164e-4,12.128270432262106,2.150350919001933,3
2023,2,20.3249006224368,nnm,16,-0.02886267907761848,9.323652311983876,54.12694760390892,,3,-0.028772271505051794,9.346439188973932,54.01483449982367,3
2023,2,47.61227383993716,pnm,16,-0.03984789450930189,16.23545498369502,65.90069392973052,,3,-0.0389637111205106,16.627706686908752,65.07684816144732,3
2023,2,31.981566402871863,q5_19,16,-0.03506052579284642,12.410284084105912,61.19550891356122,,3,-0.03813004236993125,11.423224763089992,64.28184717661543,3
2023,2,96.80923790777985,u20m,16,-0.03484736135037343,37.783166252598654,60.97152805955278,,3,-0.03542570856553784,37.197750588181144,61.57623859861845,3
2019,3,13.473705239550043,hgap,16,-0.002188819670040498,12.589795643702532,6.5602562927748105,,3,-0.0038865874157602677,11.94431957715457,11.350891497211848,3
2023,3,23.71847654954515,nnm,16,-0.02782637019812375,11.189125289322954,52.82527836073212,,3,-0.027635145709129904,11.247044820375407,52.58108252913448,3
2023,3,50.66581173111362,pnm,16,-0.038715148503418596,17.813246193484442,64.84168399783987,,3,-0.037267156814824086,18.523461620527392,63.43991937041793,3
2023,3,35.51589030617686,q5_19,16,-0.02856525703815609,16.42358268531791,53.75708578967665,,3,-0.03084413037395519,15.443507530996401,56.516625662878305,3
2023,3,106.09931850527477,u20m,16,-0.03190399746175121,44.834040836814765,57.74332816795065,,3,-0.031926767152245,44.80648616243375,57.76929881014629,3
2019,1,9.318759637319005,hgap,17,-0.02545950853107697,4.232465861756188,54.581231553539,,3,-0.03286546983272505,3.3642328869858646,63.898275973198615,3
2023,1,14.669720640897745,nnm,17,-0.020752623526643133,8.376789393968535,42.89741707408616,,3,-0.02023150717420279,8.495485080579874,42.088296781226404,3
2023,1,15.092898556686052,pnm,17,-0.02694845181484089,7.290820855868493,51.69369999748187,,3,-0.019323665223956697,8.957448115576833,40.65124017143318,3
2023,1,14.094526865710332,q5_19,17,-0.016048646368124198,9.138288412583242,35.164276888107565,,3,-0.007081512258185718,11.641609727763313,17.403330819955105,3
2023,1,43.21936807147031,u20m,17,-0.021125056936878515,24.432450627809885,43.46874626346498,,3,-0.015542940341630906,28.40682236795381,34.2729344839599,3
2019,2,9.285553061792257,hgap,17,-0.013053561308949791,6.195352149016051,33.279664573687214,,3,-0.01478955175977612,5.870757394616585,36.77536108459395,3
2023,2,10.606424911334495,nnm,17,-0.020534812755997712,6.0922653840537695,42.560613637651784,,3,-0.018340995177055675,6.4640307054351664,39.05551814610579,3
2023,2,14.690004209110041,pnm,17,-0.028099875305291587,6.878981777057359,53.17236347154113,,3,-0.021281559425056516,8.269426604564043,43.70711888948448,3
2023,2,8.77350371330532,q5_19,17,-0.017251662276953315,5.506566869741882,37.23639893841973,,3,-0.005325516180905066,7.59847296104459,13.392947568697737,3
2023,2,33.693553078146365,u20m,17,-0.022787027993125885,18.21156369035262,45.94941160371526,,3,-0.016189929194462847,21.762285039652348,35.411130464102456,3
2019,3,9.29922413202678,hgap,17,-0.019637692621535453,5.058967943433532,45.59795665091768,,3,-0.02386320725306392,4.437856746600452,52.27712889168514,3
2023,3,12.691976957685574,nnm,17,-0.020668859759689618,7.263856198990732,42.7681264848804,,3,-0.019475766378272308,7.50166027472483,40.894469791940246,3
2023,3,14.88857296316648,pnm,17,-0.027492237556627153,7.087293901437681,52.39776223704407,,3,-0.02023823959089368,8.620659023053241,42.098822738886504,3
2023,3,11.490578674556495,q5_19,17,-0.016584157117348574,7.343056785661079,36.094978385024625,,3,-0.006488556591394889,9.644004490505251,16.07033236837845,3
2023,3,38.56741801375663,u20m,17,-0.021858227268018338,21.375292327708582,44.57681268659411,,3,-0.015830839280507457,25.152949513352322,34.78186819667185,3
2019,1,6.671418411488332,hgap,18,-0.006832718067002808,5.397944498277296,19.088503143770534,,3,-0.014596518035825356,4.243296457668067,36.39588771165941,3
2023,1,3.707308944400138,nnm,18,-0.014158183006931857,2.529534567304715,31.76898377661355,,3,-0.015551624973715983,2.436134074729357,34.28834469247244,3
2023,1,2.897496109281472,pnm,18,-0.010360851515209667,2.190443341837477,24.402199028986153,,3,-0.013372722880258037,2.019365666637168,30.306527067677923,3
2023,1,4.408502309296902,q5_19,18,3.918370305293628e-4,4.455390089190826,-1.0635761672403783,,3,-0.014007149422128506,3.0202571747877704,31.490175962515,3
2023,1,10.973495507153984,u20m,18,-0.007513069846386511,8.958743475840805,18.360166366311407,,3,-0.014308268068526609,7.457048019669587,32.04491663747353,3
2019,2,6.913395403257169,hgap,18,-0.00866726855203892,5.284487104801425,23.561624982252606,,3,-0.010699735056449366,4.961802617378087,28.22915039633942,3
2023,2,3.055608195709498,nnm,18,-0.01612531318877284,1.9770289723353534,35.29834829244865,,3,-0.015248101848275252,2.0244132489587994,33.747616863923874,3
2023,2,2.4246788825362797,pnm,18,-0.0060453522075632595,2.0595233786505887,15.05995315568256,,3,-0.0017234934011150838,2.314433095088843,4.54682012704777,3
2023,2,2.3020705964112986,q5_19,18,-0.00408783175793479,2.0615075175310236,10.449856718351262,,3,-0.023349937663966515,1.2255143829701405,46.76469153984258,3
2023,2,7.762349853987605,u20m,18,-0.009549685601693624,5.998105044004873,22.728231053337787,,3,-0.013577015554545113,5.380093130998283,30.689891177289958,3
2019,3,6.692198746454039,hgap,18,-0.007905480342378767,5.23764825442259,21.7350163547095,,3,-0.01261662743745826,4.52594787898594,32.36979279218088,3
2023,3,3.3891320291395757,nnm,18,-0.015035288535087621,2.2583197415091707,33.36583756276656,,3,-0.01540484938808273,2.235897954052112,34.027416612041634,3
2023,3,2.6667702718541353,pnm,18,-0.008461397496705958,2.122108928449761,20.424006865266488,,3,-0.008268499272879381,2.133190238691668,20.00847387545996,3
2023,3,3.3868070149413176,q5_19,18,-0.0011998195033642745,3.27884906975896,3.187602503068163,,3,-0.017274369964283574,2.1243791712979694,37.27486798255678,3
2023,3,9.413191717083102,u20m,18,-0.008361145893001343,7.5109438765878735,20.208319321097225,,3,-0.014049976914080808,6.441508185186557,31.569350983296342,3
2019,1,4.692068588259133,hgap,19,-0.013189419277344938,3.1174069522537438,33.56007284176606,,3,-0.017773729410056126,2.7044212590117436,42.36185579684488,3
2023,1,2.4692823344587502,nnm,19,1.130184236518561e-4,2.4768288514102377,-0.305615799626315,,3,-0.006195972101686631,2.088897278563023,15.404680565987402,3
2023,1,1.6508852998244894,pnm,19,-0.02305047537375845,0.8859886439071043,46.33251359126546,,3,-0.002262030522301628,1.5530750444860322,5.924715384458007,3
2023,1,2.3416782218833587,q5_19,19,-0.013071823327579658,1.645309695611207,29.738010960023292,,3,-0.029244710494747573,1.063176024447483,54.59768919094296,3
2023,1,6.448130793295648,u20m,19,-0.010984456015636579,4.793256224902414,25.664407584813038,,3,-0.013875166942383155,4.433373390076151,31.24560384715384,3
2019,2,5.328679949510445,hgap,19,-0.005623263054528671,4.476235435318052,15.997292430195746,,3,-0.005530874962238785,4.489073887832148,15.756361230804133,3
2023,2,1.975680854356329,nnm,19,-0.005488753553341696,1.7035541232165061,13.77382032830808,,3,-0.014437702309212463,1.3378918287765265,32.28198644398932,3
2023,2,1.3939411745133024,pnm,19,-0.02197544063277359,0.7701255043955,44.751936561139964,,3,-0.00496137414383635,1.2191794012489459,12.537241632551313,3
2023,2,1.4429646054847645,q5_19,19,-0.011589330796074581,1.0552606727393863,26.868568450792242,,3,-0.024091908069115608,0.7529309413076609,47.82055370965156,3
2023,2,4.804974380042015,u20m,19,-0.012304955127182705,3.4467023109844157,28.26803977767979,,3,-0.014698468529320908,3.231004437254473,32.75709334320695,3
2019,3,4.913203920715688,hgap,19,-0.011499021390514463,3.4399488275859014,29.98562886669648,,3,-0.013323745726888792,3.2507643104701236,33.83616143502961,3
2023,3,2.2292370019720105,nnm,19,-0.0023232747633435526,2.0936960659904034,6.080149210770587,,3,-0.00979447477936013,1.711223405121983,23.237259941037504,3
2023,3,1.5257728733130138,pnm,19,-0.02257709841971664,0.8293769079083144,45.64217765207529,,3,-0.003463816174609302,1.3895473507095226,8.928296274378997,3
2023,3,1.9038179641803765,q5_19,19,-0.012538372561372534,1.3570663382144663,28.71869245131823,,3,-0.02751630654852799,0.9056712005939235,52.42868711012352,3
2023,3,5.648284150337135,u20m,19,-0.011530614513424808,4.137224767195805,26.75253834478454,,3,-0.014270939815076123,3.842166629139705,31.97639270838785,3
2019,1,7.495774331578048,hgap,20,0.0011371038571924342,7.764714270932154,-3.5878873543607273,,3,-0.0065360298609300925,6.120981831345227,18.34090034489329,3
2023,1,5.3417787106236565,nnm,20,-0.01489160722959273,3.5732848335697565,33.10683524828057,,3,-0.023452838452520906,2.8358225924747864,46.91239105740301,3
2023,1,7.659666898548578,pnm,20,-0.014713088323433699,5.148549951660778,32.783631196333474,,3,-0.017566739597869675,4.7667585652515845,37.76806970346409,3
2023,1,6.658420388491848,q5_19,20,-0.010134857512981599,5.064427621319714,23.939503278091728,,3,-0.009959156988574547,5.088509908206801,23.57782159562077,3
2023,1,19.532653099134766,u20m,20,-0.01314335244488798,13.697551127242722,29.873576017947713,,3,-0.016544854717203884,12.495599041910937,36.027128631775824,3
2019,2,4.738316016801406,hgap,20,-0.01922496735002528,2.6109334837909595,44.89743878346327,,3,-0.021972530495517128,2.3977561355610164,49.396449560162125,3
2023,2,4.521165756082808,nnm,20,-0.01338691146904849,3.1497505573665388,30.33322095902274,,3,-0.0204239244185211,2.6047166870714924,42.388383271126735,3
2023,2,6.282185472574198,pnm,20,-0.01685242163842062,3.985658490560683,36.55617924748226,,3,-0.020977121353887008,3.56561178761555,43.24249414185953,3
2023,2,5.57401952550185,q5_19,20,0.0018975080114704834,5.867033549832003,-5.256781448101802,,3,-0.005120050607152704,4.854349298236046,12.911153683140528,3
2023,2,16.288908179409532,u20m,20,-0.009800829164739256,12.501667169095924,23.250428872212442,,3,-0.015476602077135393,10.72541480269118,34.155103064249865,3
2019,3,6.126526283056563,hgap,20,-0.0074829799044368265,4.858139459836694,20.703197286979783,,3,-0.01398902067384782,3.9708027312605187,35.18671841428125,3
2023,3,4.94349201898856,nnm,20,-0.014260605802642434,3.363679994961882,31.957410226585296,,3,-0.022175681384986358,2.7164573064745277,45.04982922921123,3
2023,3,6.996417577017966,pnm,20,-0.0156243082412453,4.588448368431306,34.417173961949125,,3,-0.018987537276398257,4.190142474763576,40.11017168947325,3
2023,3,6.1268066324007275,q5_19,20,-0.004979095866135874,5.356110640655446,12.57908137119209,,3,-0.007818326569246015,4.96085872583817,19.030271012579558,3
2023,3,17.959187882884752,u20m,20,-0.011682109554103226,13.100951822696237,27.05153535822437,,3,-0.0160620068208873,11.639769731443065,35.187661004783756,3
2019,1,10.293857019993283,hgap,21,-0.014689670094002016,6.528436874338743,36.579293245876045,,3,-0.014638915706221755,6.538716710611701,36.479429450867116,3
2023,1,9.077483450545559,nnm,21,-0.017319141258174086,5.686984752492282,37.35064587586229,,3,-0.025031264508925587,4.617959123964499,49.12731982246733,3
2023,1,7.066338329208333,pnm,21,-0.02462191930434856,3.634787347378025,48.56194003117817,,3,-0.011659993003852875,5.157864400641323,27.007961403127766,3
2023,1,10.135777857120164,q5_19,21,-0.02556693203825904,5.082302269173835,49.857797390423,,3,-0.02795781167074072,4.7645858172091256,52.99240093485171,3
2023,1,26.052475031414723,u20m,21,-0.022315013029817442,14.262125008087734,45.256160917954595,,3,-0.02247776983689116,14.199588550818376,45.4962012872245,3
2019,2,10.164002663796396,hgap,21,-0.01131047464344057,7.157978534971773,29.57520012791724,,3,-0.012190743362051126,6.96529027997411,31.470991199322672,3
2023,2,6.974168527585215,nnm,21,-0.018981518465955728,4.177496378187473,40.10043832947182,,3,-0.02500277108470721,3.550677015157672,49.08816726877859,3
2023,2,6.212499094066737,pnm,21,-0.023756440034263047,3.271142671430463,47.34578433090516,,3,-0.01366855152507931,4.295261139579472,30.860977610738445,3
2023,2,4.710344772683395,q5_19,21,-0.015818454176378994,3.073026303713716,34.7600557493147,,3,-0.023169521295492147,2.5198113321248234,46.50473683502079,3
2023,2,17.79177571295687,u20m,21,-0.019728158657954697,10.444505265011495,41.29588056011026,,3,-0.020522832571454864,10.222792973293862,42.54203100228435,3
2019,3,10.256163825450017,hgap,21,-0.01317261128783458,6.817739216708926,33.52544545172786,,3,-0.013746065174300348,6.697610716156546,34.696726474504516,3
2023,3,8.045473383524694,nnm,21,-0.018059336231677436,4.940702573346443,38.59028129452417,,3,-0.02504095255039811,4.091877461647581,49.14062521135402,3
2023,3,6.65233083940453,pnm,21,-0.024201043534262133,3.4609361636344365,47.974082360217736,,3,-0.012574897499163785,4.737194405747647,28.788953524571138,3
2023,3,7.479822029414329,q5_19,21,-0.02252044969803224,4.072091937632579,45.558972905784174,,3,-0.026355245233020776,3.671562708445509,50.91376915109579,3
2023,3,22.014568470508088,u20m,21,-0.021262071455487374,12.399157268767343,43.67749117872591,,3,-0.02166843549737596,12.263859423537781,44.292074405332485,3
2019,1,16.763881530877086,hgap,22,-0.011192871011450079,11.849049599679939,29.317982963221308,,3,-0.014313081392937388,10.756617429043624,35.83456546605147,3
2023,1,11.794092100065578,nnm,22,-0.026779468413188255,5.723343081388654,51.47279644054306,,3,-0.03415961073906999,4.689327803254178,60.24002726561628,3
2023,1,13.26847329944869,pnm,22,-0.024136348076981885,6.9151136109674365,47.88312524806632,,3,-0.016767324222980218,8.437390165407962,36.410241216232926,3
2023,1,12.923522857944626,q5_19,22,-0.015847965243068883,8.424583734486836,34.812018154106525,,3,-0.014562547518961999,8.722102708945584,32.50986743460785,3
2023,1,37.50772442139105,u20m,22,-0.02192735490712776,20.74921290861725,44.68016061037349,,3,-0.021311253407460918,21.097257470514226,43.75223291743544,3
2019,2,14.90798222842443,hgap,22,-0.01064854666143127,10.716577515229654,28.115171114191423,,3,-0.011529425841265617,10.427896683878231,30.0515889803263,3
2023,2,8.999413996413995,nnm,22,-0.026301730640738975,4.423860523153253,50.84279348726448,,3,-0.03291745544967819,3.700204789253885,58.88393632376165,3
2023,2,11.10756144402625,pnm,22,-0.02608275924324186,5.492544284715651,50.551304060806316,,3,-0.019413207816699706,6.5762815822470895,40.794551392881324,3
2023,2,7.808080433070463,q5_19,22,-0.02211057462608612,4.298102453935196,44.95314833424426,,3,-0.020600110201997434,4.477013411820831,42.66179184247616,3
2023,2,27.658877955855754,u20m,22,-0.024798378594085513,14.159567411820195,48.806428682974015,,3,-0.023952894705561167,14.486520592783114,47.6243374156249,3
2019,3,15.837470202335567,hgap,22,-0.011074536600796225,11.235383388792416,29.05821924049762,,3,-0.012844535266202061,10.63550647499034,32.845925901588046,3
2023,3,10.445876827590588,nnm,22,-0.026559200632228296,5.099328791338703,51.18333409915482,,3,-0.033654143923686416,4.210348623331667,59.69367921119924,3
2023,3,12.220924011003609,pnm,22,-0.025017056701498275,6.219496995515036,49.10780076927851,,3,-0.01794699553641239,7.527633273130868,38.40373063155408,3
2023,3,10.425908649454252,q5_19,22,-0.018293781768155614,6.362121028267288,38.97777889507678,,3,-0.016906740499522056,6.604900879801534,36.64915834316974,3
2023,3,32.7300601796211,u20m,22,-0.02315712270645922,17.51489416516305,46.48682566105257,,3,-0.02245325789747703,17.8509363592034,45.46011751509694,3
2019,1,14.074522847434594,hgap,23,0.003006449736255945,15.449338927433093,-9.768118570705871,,3,0.00889652772695344,18.54422893959456,-31.757425389200133,3
2023,1,15.253367446341654,nnm,23,0.0038209368362058793,16.911021842949726,-10.867465183929868,,3,0.00841125724235221,19.142370719055936,-25.496030869216455,3
2023,1,27.13467529523861,pnm,23,-0.02479287111126447,13.893275153617308,48.798815528648696,,3,1.6665751662365836e-4,27.257049751339842,-0.45098920392353925,3
2023,1,15.444521967443503,q5_19,23,-0.02009229425376784,8.977867934996802,41.87021162634995,,3,-0.011476852366893641,11.329153525521003,26.646136737657205,3
2023,1,56.77039889201785,u20m,23,-0.016415288593223477,36.44492626326372,35.80294136635347,,3,-8.817690496742969e-4,55.43478469367089,2.3526595275249202,3
2019,2,11.62595718364463,hgap,23,0.005383556978020065,13.737516939044665,-18.162459417712057,,3,0.007048421509169955,14.465136185983518,-24.421034393047982,3
2023,2,12.316342874084574,nnm,23,0.003111322844266784,13.395686956090861,-8.763511157824196,,3,0.011736687335365304,16.90851984026829,-37.285231607560576,3
2023,2,23.854596118890736,pnm,23,-0.025990099357367447,11.825334547330584,50.42743759570106,,3,0.001796017904343117,25.039870927673803,-4.968748172786852,3
2023,2,11.583481737332257,q5_19,23,-0.028448592910297645,5.373438856578512,53.611194126024095,,3,-0.013834876977042932,7.972821272985416,31.17077012095671,3
2023,2,47.04503717711395,u20m,23,-0.01962415466277272,27.69503637254015,41.13080138873185,,3,3.616869733661154e-4,47.50670832602119,-0.9813386843954555,3
2019,3,12.930711010430258,hgap,23,0.004040885584941423,14.656334536970421,-13.345155770229718,,3,0.007825586247561134,16.480837694263272,-27.45499981377193,3
2023,3,13.80160740985664,nnm,23,0.0035163324670776765,15.176164028155826,-9.959395144927283,,3,0.00992872532502762,18.044855821677825,-30.74459579824594,3
2023,3,25.50850106826308,pnm,23,-0.025380482493013324,12.85507589362442,49.60473820385187,,3,8.124374630114062e-4,26.074232948605754,-2.2178170282476595,3
2023,3,13.527119616316696,q5_19,23,-0.02378243227011443,7.117601918967771,47.38272358897182,,3,-0.012618796682940215,9.621392650948994,28.87330840673969,3
2023,3,51.958179572535236,u20m,23,-0.017893050665483523,32.050948844145175,38.31394958824327,,3,-4.0022925534985985e-4,51.39973239494809,1.0748012770684896,3
2019,1,16.995604267017683,hgap,24,-0.006524491347651829,13.883422553060402,18.311686157560747,,3,-0.011627895616105732,11.851921116688136,30.264785349889408,3
2023,1,20.395586666316888,nnm,24,-0.04058070755764196,6.8184995035232845,66.56875031310587,,3,-0.03489562395707564,7.949719863246067,61.022352564268466,3
2023,1,14.705812895791315,pnm,24,-0.04571791108669374,4.279598733605094,70.89859116302316,,3,-0.04635430666524139,4.206691916427079,71.39435986139195,3
2023,1,9.353957824875913,q5_19,24,-0.04211675701920092,3.0001044688011924,67.92689763019119,,3,-0.04199053787081493,3.0103460171027536,67.81740870054985,3
2023,1,43.82989226147749,u20m,24,-0.04186625114893792,14.153009334680492,67.70923083669155,,3,-0.0395927133402151,15.049018846436113,65.664942189094,3
2019,2,15.340744002977459,hgap,24,-0.009576343910802709,11.400367986238535,25.685690446135748,,3,-0.009134448031544284,11.557613607903862,24.66067091882464,3
2023,2,17.43714744716559,nnm,24,-0.03958144484637956,5.988876491078382,65.6544941813182,,3,-0.03886357577746171,6.106087933074131,64.98230027832518,3
2023,2,15.642901899609708,pnm,24,-0.05783835189189288,3.2817662236236775,79.0207325681333,,3,-0.05341770590998145,3.6978042656950496,76.36113625575246,3
2023,2,7.4376301890586305,q5_19,24,-0.05691979552629043,1.5995427320330688,78.49391954999149,,3,-0.05253329890742844,1.8006598924397985,75.7898706084,3
2023,2,40.00090351967089,u20m,24,-0.04934432736692207,10.555058281107241,73.61295032769279,,3,-0.04641643925966212,11.423334871157634,71.44230788302049,3
2019,3,16.08188270137734,hgap,24,-0.008100170522627348,12.510747240059985,22.20595391490763,,3,-0.010433804200527063,11.637648582689684,27.635036277854628,3
2023,3,18.96341295978776,nnm,24,-0.04036786617292831,6.37624331852792,66.3760772807677,,3,-0.036762597594423595,7.028134824200743,62.93844974475839,3
2023,3,15.150683267150079,pnm,24,-0.051655548823797526,3.755967140746813,75.20925575092345,,3,-0.04979026212083051,3.949972250971678,73.92875171817457,3
2023,3,8.432358894883919,q5_19,24,-0.048675857933103875,2.2655745475251665,73.13237522539825,,3,-0.046567299379607616,2.398298364467452,71.55839315707318,3
2023,3,41.97390684540725,u20m,24,-0.045353210350282905,12.335872487791294,70.61061641646762,,3,-0.04275863144759011,13.231033732307992,68.47795517096183,3
2019,1,7.718878350138283,hgap,25,-0.0047671120136802084,6.658462417293799,13.737953686308414,,3,-0.012946607416280554,5.167165257967947,33.05808145201073,3
2023,1,1.97734751964492,nnm,25,-0.023536996301091295,1.0473439729885077,47.03288306263011,,3,-0.03167200979812048,0.8408113550120605,57.47781577802528,3
2023,1,1.7613875484996377,pnm,25,-0.02574591096796045,0.8789408131506048,50.099521601632034,,3,-0.031970432666619385,0.7429698575003665,57.819058154848804,3
2023,1,1.9373915171082556,q5_19,25,-0.026303730732420427,0.9523161202086416,50.845448026423405,,3,-0.03153579220393765,0.8268566800550994,57.32113655120866,3
2023,1,5.665407064040062,u20m,25,-0.025119956760212215,2.875250829069476,49.248998411438,,3,-0.03165318628741276,2.410279505353978,57.45619903196891,3
2019,2,7.558812692963102,hgap,25,-0.001227963770953755,7.276480152583409,3.735144021263163,,3,-0.00414318380631098,6.6477299046492,12.053252611512345,3
2023,2,1.673480490583916,nnm,25,-0.020087084138219934,0.9729275227745684,41.862033752476464,,3,-0.03046511376746497,0.7351707543021316,56.06935614495192,3
2023,2,1.4754719788265813,pnm,25,-0.021568015854122324,0.8241864471879705,44.14082686657103,,3,-0.0268705037828882,0.7142475429740183,51.591927652733354,3
2023,2,1.1650836282244281,q5_19,25,-0.02625013104360747,0.5735210320989592,50.774260473216195,,3,-0.04193853922442493,0.3754808939358979,67.77219378594087,3
2023,2,4.30790100788947,u20m,25,-0.022253597449901342,2.362224238699052,45.16530824703526,,3,-0.03237513328901378,1.797365859276675,58.27745679427203,3
2019,3,7.527678919874148,hgap,25,-0.004199291318061826,6.608843782097111,12.206088324930827,,3,-0.010463186261083113,5.442442645615213,27.700919452789275,3
2023,3,1.830008067791989,nnm,25,-0.022043531525844984,1.0091869677703926,44.85341428095258,,3,-0.031137988121934267,0.7894606376697383,56.86026463138667,3
2023,3,1.622620390008711,pnm,25,-0.023907139443034093,0.8509087373597434,47.5595929522878,,3,-0.029721083691325544,0.7272922465235199,55.17791770633331,3
2023,3,1.5618724842613174,q5_19,25,-0.026270490425674014,0.7684207612830173,50.80131258945641,,3,-0.03557397498173057,0.5977325220609006,61.72974886976152,3
2023,3,5.00614360610796,u20m,25,-0.023932761740476184,2.62342656469285,47.59585878655127,,3,-0.03201784844454312,2.1089368783558307,57.87302474138513,3
2019,1,12.6597633389907,hgap,26,-0.01080086567435572,9.05757919230182,28.453803204950475,,3,-0.01552929326434338,7.822628565276506,38.20872984897232,3
2023,1,37.90638825395007,nnm,26,-0.01679525276614724,24.08641114848048,36.458174313216105,,3,-0.019748657356377475,22.240298805150207,41.328362237643056,3
2023,1,60.13914912518714,pnm,26,-0.028785246058436,27.64540101736105,54.0309408771087,,3,-0.03168503043637276,25.56349117041042,57.4927621320401,3
2023,1,48.3913592707158,q5_19,26,-0.015605296535398726,31.75271596434738,34.38350060242543,,3,-0.018429449511023675,29.42151276672456,39.20089617212077,3
2023,1,139.52299763584264,u20m,26,-0.02042333657333355,80.38273045670583,42.38746886265582,,3,-0.023112055277764477,74.75409196497525,46.421670096219785,3
2019,2,11.363720943988795,hgap,26,-7.465398945202927e-4,11.103753128097173,2.2876997523345612,,3,-0.001657541287858688,10.79455810122067,5.0085957370257566,3
2023,2,29.881791490850425,nnm,26,-0.01658246354252988,19.096838523175876,36.09205616395797,,3,-0.02106489113798924,16.920015223776097,43.376837935045245,3
2023,2,56.1782710456673,pnm,26,-0.029804674964539313,25.12350398939729,55.27896547586094,,3,-0.033113515476071775,22.976343154148683,59.10101409943496,3
2023,2,54.64260736805382,q5_19,26,-0.01562767706031547,35.832906690968,34.42313898088746,,3,-0.021144253287550364,30.874144757261536,43.49803890340753,3
2023,2,134.41314526395965,u20m,26,-0.020656637657974118,76.95255118715309,42.749237036277826,,3,-0.024750765533225482,68.89940628526806,48.740574331503176,3
2019,3,12.03865008214936,hgap,26,-0.006525535043620545,9.833852086246894,18.3143291054841,,3,-0.009592753606448401,8.941889786597622,25.72348456363512,3
2023,3,33.98931275797422,nnm,26,-0.016685188745506885,21.661707023731932,36.269064402751454,,3,-0.020312673908888447,19.640700101681617,42.21507142101978,3
2023,3,58.130880324189896,pnm,26,-0.02927161428404341,26.3735981583427,54.63065755883985,,3,-0.032366068526361855,24.259618440037126,58.26724401085319,3
2023,3,51.47630941974668,q5_19,26,-0.015619917405917371,33.76362098379671,34.40939848954139,,3,-0.01985512597871919,30.115298219597367,41.49678063741507,3
2023,3,136.98037463486367,u20m,26,-0.020528016690620987,78.69512536721577,42.550072901328875,,3,-0.023896254371363668,71.8541806545591,47.54417861237833,3
2019,1,10.866841289321911,hgap,27,-0.016088791511013677,6.599299666748686,39.271224350783896,,3,-0.020464072042126257,5.762260443541952,46.97391550933826,3
2023,1,11.93755605263122,nnm,27,-0.02054310669923156,6.8553236144385785,42.57347497080392,,3,-0.01685553763121561,7.573004506918499,36.56151666614127,3
2023,1,11.371365795275201,pnm,27,-0.02237774165519397,6.214587795161765,45.348800601033126,,3,-0.009169346788629084,8.8775539233034,21.930627480192207,3
2023,1,9.829308146426353,q5_19,27,-0.01788120523560983,6.065251496964494,38.29421759282579,,3,-0.018618103471603042,5.945768297957307,39.50979855973878,3
2023,1,32.7747073947281,u20m,27,-0.020150685983230065,19.021854982634533,41.96178549043507,,3,-0.014611942211097694,22.090213054243353,32.59981610759819,3
2019,2,10.795645102891513,hgap,27,-0.009866662050193042,7.950829779829381,26.35150837165047,,3,-0.012039153751792231,7.432996354472236,31.148196484512287,3
2023,2,8.480681239602948,nnm,27,-0.025745213059574244,4.231980254682946,50.09858129178924,,3,-0.02364979419357489,4.478312665022308,47.19395130535556,3
2023,2,11.269787350005501,pnm,27,-0.021204486304377657,6.35730362407883,43.5898528815122,,3,-0.008356536647678148,8.993471900060479,20.198388658539425,3
2023,2,7.099624841620078,q5_19,27,0.007926621749816221,8.793921381368897,-23.86459253193713,,3,0.046905551714499436,25.19112726184608,-254.82335790714353,3
2023,2,26.6149755896532,u20m,27,-0.0157212905287889,17.40920701696668,34.58867937592752,,3,-4.891443281214158e-4,26.265785287806924,1.3120068461833385,3
2019,3,10.764637084345338,hgap,27,-0.012050791712317998,7.408973306729957,31.17303213589443,,3,-0.015201468147759023,6.719548099075668,37.57756953230046,3
2023,3,10.253467868647975,nnm,27,-0.022653696597401442,5.562046793698612,45.75448165487815,,3,-0.019711271851239866,6.021953070554697,41.2691086791424,3
2023,3,11.322741237188904,pnm,27,-0.021846947467761436,6.277335585278341,44.55993072895822,,3,-0.008711701871570287,8.949496302826207,20.959985613447635,3
2023,3,8.49653530969119,q5_19,27,-0.008403979573502428,6.771692267134747,20.300545807054768,,3,0.005315041972588652,9.80766872903642,-15.431389049248642,3
2023,3,29.774310454898533,u20m,27,-0.01832047082980055,18.155857647508828,39.02173595250537,,3,-0.00865994899250131,23.56652643164466,20.849463609433663,3
2019,1,3.9656935159015916,hgap,28,-0.006962739304015408,3.195794832642444,19.41397337368651,,3,-0.015184128844503774,2.4768132524807625,37.544007307945876,3
2023,1,2.34823298919139,nnm,28,-0.010715166933262854,1.758310875933826,25.121958339436443,,3,-0.028673097864117002,1.0827341728941564,53.89153555555004,3
2023,1,1.8460775097243198,pnm,28,-0.004715463960912625,1.6253864391015105,11.954593968037983,,3,0.014989658371174209,2.7670558893964152,-49.888391728992346,3
2023,1,2.1389619929160775,q5_19,28,-0.017010125882221717,1.3512732045783118,36.82574963680857,,3,-0.02318395451395745,1.143797525898983,46.525579711698036,3
2023,1,6.319975273422429,u20m,28,-0.011186761756186537,4.672399392595105,26.069340615238186,,3,-0.014923331391938133,4.2240118345311215,33.164108215826765,3
2019,2,4.584043526789031,hgap,28,-4.7724244431157636e-4,4.516724030092906,1.468561463317529,,3,9.050210146997806e-4,4.714472940131328,-2.845291773083537,3
2023,2,1.9476473982569589,nnm,28,-0.01059762181078755,1.4629960072624935,24.883939024497078,,3,-0.026992481709499548,0.939718586715223,51.75109275137679,3
2023,2,1.4461516383362794,pnm,28,-0.008679117359328964,1.1440445299585051,20.890417046813457,,3,-0.0035853217257128867,1.3127212846439573,9.226581096697894,3
2023,2,1.296640173085617,q5_19,28,-0.022174934647566275,0.7125203550198929,45.04872131762609,,3,-0.02330651320538203,0.6910801850823759,46.702238645143076,3
2023,2,4.683225732140861,u20m,28,-0.013343323420114217,3.2664945249010118,30.25118344214883,,3,-0.018986689251344523,2.8048400711539525,40.10880039575275,3
2019,3,4.158527244592705,hgap,28,-0.006194238697706101,3.4319876537241734,17.4710792580052,,3,-0.01070677391571837,2.9839591496766067,28.244809420050768,3
2023,3,2.153479343260404,nnm,28,-0.010644881927929705,1.6155460665727446,24.979727730901725,,3,-0.027879337777056156,1.0144460635438597,52.89269587290439,3
2023,3,1.6507337283934165,pnm,28,-0.006447934298044367,1.386975735430656,15.978227646651654,,3,0.006800527264378575,1.9834427731031057,-20.155221825721082,3
2023,3,1.7292257683104717,q5_19,28,-0.01886302866033588,1.0391177145854031,39.908499304826684,,3,-0.023513073530532426,0.9165128328738081,46.99865976614027,3
2023,3,5.523311822795307,u20m,28,-0.012061612352144114,3.988096760703541,27.795190844662564,,3,-0.01669764687895183,3.5188744591230363,36.290497947259475,3
2019,1,7.029783598426832,hgap,29,-0.009697765223723166,5.204508144293637,25.964888229869064,,3,-0.016616848444093703,4.199786207412879,40.2572476291769,3
2023,1,2.7330583400587884,nnm,29,-0.019591951836240185,1.6103290768457208,41.07959375608929,,3,-0.02442341226903131,1.4133872408814052,48.28550784426347,3
2023,1,2.4879598937265213,pnm,29,-0.012934914169904655,1.7545639636277965,29.477803558972493,,3,-0.007413842062349007,2.036615413909255,18.1411477313339,3
2023,1,3.318113143696788,q5_19,29,-0.011561432750813094,2.428412148367685,26.813461651216215,,3,-0.01816816161667445,2.031665555833757,38.77045574249977,3
2023,1,8.515030271024958,u20m,29,-0.014549331089919048,5.748856294404418,32.48577971628954,,3,-0.017099325349346196,5.366366685775101,36.977714523977276,3
2019,2,7.192223036170361,hgap,29,-0.006123730754179335,5.948652093655126,17.29049469491144,,3,-0.008918149134960852,5.45502763467984,24.15380325045544,3
2023,2,2.286682176866905,nnm,29,-0.019223051321146444,1.3608092373630363,40.48979560300997,,3,-0.023219315429894326,1.2216231427027102,46.57660976845869,3
2023,2,2.107991461516301,pnm,29,-0.012151300061336866,1.518389871739723,27.96982817721999,,3,-0.0062549351301780295,1.7804254126895256,15.539249318930045,3
2023,2,1.838165466731767,q5_19,29,-0.011941136112817007,1.3315682331194427,27.559936402953284,,3,-0.02131491231205327,1.0338248932748804,43.75778938372687,3
2023,2,6.2199495218122625,u20m,29,-0.014711737923257907,4.1809766489774285,32.781180388755836,,3,-0.017029269845626603,3.9273759490215756,36.858395148562494,3
2019,3,7.001031944445572,hgap,29,-0.007805304920084621,5.49639875686251,21.491591518544592,,3,-0.012779778689729949,4.7109256597134275,32.71098179389186,3
2023,3,2.515583046629249,nnm,29,-0.019430560408469612,1.4886645953237119,40.82228383123962,,3,-0.02388248043941077,1.3200605839875512,47.524666865744535,3
2023,3,2.3027531989042727,pnm,29,-0.012590842151651127,1.6391088532037188,28.819603682076657,,3,-0.006899801563690189,1.9113519288613343,16.997100263683496,3
2023,3,2.599365970146428,q5_19,29,-0.011829254828772473,1.8886790649281908,27.34077899689525,,3,-0.019446534109793422,1.5375821292786993,40.84780108158129,3
2023,3,7.399399887023983,u20m,29,-0.014664333158737764,4.980159433522266,32.69509001323523,,3,-0.017136336923208973,4.6586131830729265,37.04066202392249,3
2019,1,14.843939767021794,hgap,30,-0.0047530707085818415,12.810261039499721,13.700397330095734,,3,-0.008246473574684731,11.495446548356895,22.55798171657983,3
2023,1,26.188612321969412,nnm,30,-0.025511969077646947,13.151048732777108,49.78333112463236,,3,-0.02771331647671458,12.392173787820942,52.681059861177715,3
2023,1,41.94903073238032,pnm,30,-0.0346240223716995,16.47109000607601,60.73546940534664,,3,-0.03633821841551974,15.72612638331107,62.51134744056882,3
2023,1,31.367242282441143,q5_19,30,-0.02308986692940298,16.816115824298876,46.38956248406875,,3,-0.028938548293276956,14.359666010530926,54.2208209404203,3
2023,1,96.30346811697676,u20m,30,-0.027679793217114577,45.611045586829675,52.63821077406331,,3,-0.030673566239487294,42.06929094821577,56.31591284218805,3
2019,2,12.706902230725092,hgap,30,-0.0027072283258490425,11.684010117632583,8.049893628827734,,3,-0.003833662844547181,11.283052039891697,11.205328922658643,3
2023,2,19.57138574878426,nnm,30,-0.026092959544614214,9.675130053497966,50.56492075887387,,3,-0.02894591366185235,8.957838149186847,54.229923909484576,3
2023,2,38.354763828215674,pnm,30,-0.03666774432202273,14.25132155583651,62.84341204741683,,3,-0.03967056064204488,13.141479509026555,65.73703447142849,3
2023,2,23.47974228198746,q5_19,30,-0.03697934903987661,8.6511788488118,63.154711219089606,,3,-0.03941555081735171,8.100438101056001,65.50031084766091,3
2023,2,79.31277012390825,u20m,30,-0.033281455407695934,32.291364943565455,59.28604574885292,,3,-0.036035443366412956,29.977352514714177,62.20362437488774,3
2019,3,13.864651352532746,hgap,30,-0.0039014135642982508,12.285242095714008,11.391626205805872,,3,-0.006154542023315645,11.456436710378815,17.36945690822587,3
2023,3,22.96750482731736,nnm,30,-0.025730119348561065,11.465782451299182,50.078240812376464,,3,-0.028230836949356332,10.717177046091688,53.33765192749729,3
2023,3,40.136466017093866,pnm,30,-0.03559057976609812,15.353441400539037,61.74690269442232,,3,-0.03790259368877926,14.424314195162694,64.06182300898273,3
2023,3,27.471051272463963,q5_19,30,-0.02918276249287608,12.493370978347754,54.52168592153341,,3,-0.033423602784327586,11.14170744208465,59.44200558042454,3
2023,3,87.94497898349563,u20m,30,-0.030192115860366808,38.92062251338125,55.744349520300226,,3,-0.03306112862206199,36.01951616703104,59.04312379926691,3
2019,1,15.722812234246419,hgap,31,-0.008041026949104158,12.253858057640072,22.06319152658005,,3,-0.013073539087181629,10.483818304898087,33.320972427166005,3
2023,1,22.328141325857924,nnm,31,-0.02947799796308841,10.07383915397896,54.882768758219115,,3,-0.02721730063793624,10.707888453916814,52.043081877504285,3
2023,1,22.76835729275262,pnm,31,-0.03370695744409038,9.164010249045024,59.751113656486694,,3,-0.033868953736585806,9.12401531623533,59.92677381631046,3
2023,1,16.789315782071323,q5_19,31,-0.020207807110968458,9.729202469943443,42.05122712425904,,3,-0.019033893298847283,10.042515188533462,40.185083663400476,3
2023,1,60.62883521539752,u20m,31,-0.02799855174011485,28.46882735249763,53.044080013485754,,3,-0.026939433409825676,29.29467932344,51.68193612929543,3
2019,2,14.099286192398125,hgap,31,-0.008607485957023675,10.797256853074908,23.419833417549633,,3,-0.008740488317436146,10.752830622240719,23.734929020461376,3
2023,2,18.291113513914905,nnm,31,-0.029311445831802806,8.289638024778926,54.67942387174728,,3,-0.030493524923210825,8.029242330467529,56.10304247273241,3
2023,2,22.24279825557407,pnm,31,-0.0406996352010176,7.412206230363216,66.67592743864542,,3,-0.038587115481076316,7.847273638899802,64.71993519550416,3
2023,2,15.760636000345718,q5_19,31,-0.022930666208849714,8.485742916691018,46.15862636187474,,3,-0.022925821890005693,8.486852895676735,46.151583632217815,3
2023,2,55.25527413759246,u20m,31,-0.031623117146741465,23.526786718960473,57.42164510780298,,3,-0.031054735922444187,23.89062029045222,56.76318566267245,3
2019,3,14.87548222542523,hgap,31,-0.008432440637937688,11.453652899514761,23.00314890001929,,3,-0.010991175114914053,10.580238205347936,28.874653977508355,3
2023,3,20.367208310853137,nnm,31,-0.029519257639373596,9.178889387260659,54.93300187650423,,3,-0.02870447760341639,9.383053813503642,53.930584544060146,3
2023,3,22.498236978264362,pnm,31,-0.03702669215796219,8.278950932144282,63.20177914321638,,3,-0.03612370847809458,8.48327705832544,62.293591864459565,3
2023,3,16.289828293746368,q5_19,31,-0.0215015783153917,9.115700599621507,44.040536000486846,,3,-0.020883461822987302,9.269110430146798,43.09878371336062,3
2023,3,58.0062409876132,u20m,31,-0.029685733136240434,26.024432630287613,55.1351161750941,,3,-0.02885982716406037,26.61128235543774,54.12341516644669,3
2019,1,10.246251228065631,hgap,32,-0.013579870109910842,6.725699476354935,34.359412758370695,,3,-0.01589072701506211,6.260746125417275,38.897202634770565,3
2023,1,12.84223608591761,nnm,32,0.0035519475335060056,14.134830739366164,-10.065183701660583,,3,0.0016380491199154078,13.422961151548762,-4.521993379859728,3
2023,1,8.114050987225507,pnm,32,0.0044417292306079496,9.14789627771534,-12.741419694274589,,3,-0.007367071737328335,6.650461905404277,18.03771117688879,3
2023,1,16.462731090430395,q5_19,32,-0.01590236170407864,10.715971995508362,34.90768975909812,,3,-0.0010639436233612187,15.996542842097833,2.831779525351978,3
2023,1,36.97153334514114,u20m,32,-0.005271098595357371,32.06703596133792,13.265604480123017,,3,-0.00150575964157591,35.498581472262,3.984016186531019,3
2019,2,10.319720188033216,hgap,32,-0.010623056744927206,7.4241773729602265,28.05834617910155,,3,-0.011636945538926469,7.194460352623456,30.284346653447273,3
2023,2,9.692743807931024,nnm,32,0.001740160340881891,10.159018912300802,-4.810558430196531,,3,7.429108380489601e-4,9.889129634499652,-2.026111805492441,3
2023,2,7.263986197744821,pnm,32,0.008926247373410546,9.243655462915306,-27.25320796706765,,3,-0.0032735142353778725,6.649514582241208,8.459151749137154,3
2023,2,6.966210205260559,q5_19,32,0.0239249456603583,13.290438676710098,-90.78434737260403,,3,-0.01077076875519598,5.208336896019096,25.234284603039946,3
2023,2,23.734898584714227,u20m,32,0.009882209438060573,30.99314757260511,-30.580492947904773,,3,-0.0038503227335045407,21.391374186494183,9.873749364698456,3
2019,3,10.17474848853135,hgap,32,-0.013301786909171387,6.736588356871922,33.7911068321228,,3,-0.0157582526299473,6.2426400692328725,38.64575545754889,3
2023,3,11.303410841936245,nnm,32,0.0027381343809106174,12.170733214406043,-7.673103142035566,,3,0.0011540009742198264,11.661147050303763,-3.164851860823265,3
2023,3,7.704213806672189,pnm,32,0.006517008388542589,9.186423184710032,-19.23894397575239,,3,-0.0054231057663769455,6.654834420700433,13.620849736321532,3
2023,3,11.866368748606915,q5_19,32,-0.005863939776547778,10.128790055848427,14.64288469008243,,3,-0.0037771288959189244,10.71586938934521,9.69546272861924,3
2023,3,30.56239138982564,u20m,32,2.3171048137680117e-4,30.754194655762074,-0.6275793784915925,,3,-0.002374739851042662,28.66429402365847,6.21056559991262,3
2019,1,10.316992258383692,hgap,33,-0.017891815607824935,5.924794399427978,42.57246442524535,,3,-0.021791291986089867,5.25017924630702,49.11133870396508,3
2023,1,6.996980705264933,nnm,33,-0.024139916828054962,3.6462563139618607,47.888146794256464,,3,-0.01603990074050512,4.537614385476991,35.14896529495032,3
2023,1,8.057444157514748,pnm,33,-0.02301335180251831,4.328564252055843,46.27869374659182,,3,0.008104641280393742,10.02840652792004,-24.46138417933782,3
2023,1,7.661333220205013,q5_19,33,-0.028925391014778867,3.508541629067862,54.20455515738584,,3,-0.02093638032104188,4.353167537154341,43.180026086401554,3
2023,1,22.544475265337315,u20m,33,-0.025169106962204556,11.426373502960905,49.316303136452966,,3,-0.009465093484083465,17.460348542266665,22.551541622650316,3
2019,2,9.514770072758154,hgap,33,-0.016299417345280842,5.740598068600267,39.66645515653354,,3,-0.020204662709942055,5.086046408615248,46.5457770421887,3
2023,2,5.50737913052608,nnm,33,-0.026338380601253774,2.704596077849818,50.89141288895672,,3,-0.017434087749041538,3.4396457412525776,37.54478019885271,3
2023,2,7.109638430028764,pnm,33,-0.024530233725545948,3.6661243850604848,48.43444682677551,,3,0.0031950899671625344,7.750201305354333,-9.00978132193112,3
2023,2,5.029847327506776,q5_19,33,-0.027599927061925534,2.387368230878739,52.53597027045105,,3,-0.01528705062787199,3.32889116252518,33.81725237820957,3
2023,2,17.544444687746296,u20m,33,-0.025803340918317996,8.741197141494101,50.17683775651626,,3,-0.008683028572263751,13.877871405169293,20.898770795167298,3
2019,3,9.769906289004354,hgap,33,-0.017977806878749548,5.595679941766016,42.72534683302199,,3,-0.02192021611606121,4.951943742230369,49.31431688547937,3
2023,3,6.277327662660712,nnm,33,-0.025219066033985382,3.177292997363268,49.384624029382934,,3,-0.01680108194433374,3.9881008733324315,36.46817423511659,3
2023,3,7.598820147194929,pnm,33,-0.023782607607659843,3.9982732725012697,47.38297268455268,,3,0.0057579823527987625,8.8769543092218,-16.820165989830517,3
2023,3,6.40724944282689,q5_19,33,-0.028357948374333718,2.9795296981533665,53.497523005147855,,3,-0.018822829380948525,3.854393557737433,39.84324175091164,3
2023,3,20.147094656063235,u20m,33,-0.025492209230805862,10.122598938179813,49.756532587027706,,3,-0.009243253682810159,15.697355250120697,22.086258499824915,3
2019,1,12.915188222061175,hgap,34,-0.00797054571794482,10.087702251361746,21.89271981239606,,3,-0.013209234160411665,8.575572386014324,33.60087179088961,3
2023,1,18.009867885031795,nnm,34,-0.020209370852783026,10.43605680555926,42.05367372942926,,3,-0.01594655853372151,11.709058149834421,34.985319022989884,3
2023,1,20.924805797382984,pnm,34,-0.023837563154380303,10.993686244908519,47.46098792332174,,3,-0.017458903032618434,13.059880236611185,37.58661197111539,3
2023,1,14.71744414497489,q5_19,34,-0.01877034748013453,8.866091750125364,39.7579385198306,,3,-0.01832887986534777,8.97240459022189,39.035579127470854,3
2023,1,52.70779226703581,u20m,34,-0.020837891038307133,30.028299312383037,43.02872873094487,,3,-0.016871556573901623,33.42256524416146,36.58894860397255,3
2019,2,11.74108721278239,hgap,34,-0.007668673793998782,9.256865848301109,21.158358842413985,,3,-0.00955812443802353,8.730237374059666,25.64370559691308,3
2023,2,14.410160343484536,nnm,34,-0.021044978797131186,8.163876436479278,43.34638725813677,,3,-0.019188999082659742,8.58340391877708,40.435056139690964,3
2023,2,19.86018720392513,pnm,34,-0.029470389408283594,8.96220751181709,54.873499329121046,,3,-0.02276993652113548,10.739502852618578,45.92446313650033,3
2023,2,12.34066717329374,q5_19,34,-0.023480724030272303,6.546434394054092,46.952346237639915,,3,-0.02319923846367846,6.596377563907634,46.54764226862257,3
2023,2,45.90543904245348,u20m,34,-0.024923217460494706,23.4215546267031,48.978693777347864,,3,-0.021433823316386658,25.735474687893657,43.93807090246231,3
2019,3,12.265528382743724,hgap,34,-0.008026092155022369,9.56378816849002,22.027100096680392,,3,-0.011583151247588842,8.565264978344967,30.16799023191393,3
2023,3,16.263874669033903,nnm,34,-0.020681124168714104,9.305038407500257,42.787075055264246,,3,-0.017432896969295973,10.157965256758867,37.542772165482596,3
2023,3,20.39339574189858,pnm,34,-0.026501018619735507,9.971027198072637,51.106587033041336,,3,-0.019994236271098576,11.886065302211751,41.716105288970454,3
2023,3,13.566875340979113,q5_19,34,-0.020881037401168534,7.720222425613066,43.095058872591494,,3,-0.020511960829158227,7.797539558174652,42.5251624843786,3
2023,3,49.39964530344232,u20m,34,-0.0227157813285749,26.752211643988982,45.845336581546654,,3,-0.01897274670642446,29.59717989585151,40.086250186518875,3
2019,1,8.742182899999989,hgap,35,-0.019738575788387093,4.741075784770518,45.76782665150458,46164.222,3,-0.023554543816996,4.212132535232229,51.81829774766856,3
2015,1,224.09832,math,35,,,,46164.222,3,,,,3
2023,1,12.771631780407345,nnm,35,-0.01950243690338733,7.543306757057832,40.93701661028281,46164.222,3,-0.023673986084785527,6.7397903555721435,47.22843195407893,3
2023,1,10.089996680446633,pnm,35,-0.02197773481136709,5.574182475704954,44.755358676111946,46164.222,3,-0.023339548661560537,5.372947773416436,46.749756778130056,3
2023,1,5.670167735198128,q5_19,35,-0.0331725641550034,2.315346767840655,59.166167987096564,46164.222,3,-0.03889490029178844,1.9838837082494964,65.01190439333317,3
2023,1,28.274031895971664,u20m,35,-0.02297590381507959,15.204544744943924,46.22434889765337,46164.222,3,-0.02640070643589052,13.861631626152763,50.97398320425714,3
2019,2,8.014034899999984,hgap,35,-0.018543057055674605,4.510281635034853,43.72021470689051,46164.222,3,-0.021207842092307683,4.152669009012381,48.18254398901621,3
2015,2,217.52096,math,35,,,,46164.222,3,,,,3
2023,2,9.726630538916057,nnm,35,-0.0225322309779163,5.29359343594504,45.5762875461808,46164.222,3,-0.027433977766149552,4.63738273070519,52.32282431052445,3
2023,2,9.946567795852456,pnm,35,-0.021570535585014296,5.555692544108189,44.14462698957508,46164.222,3,-0.022324667286915557,5.443713898026497,45.2704288579179,3
2023,2,4.136817288277306,q5_19,35,-0.03264603896910743,1.7134067996758024,58.58152100332872,46164.222,3,-0.0420917447559833,1.3277019794727536,67.90523035099652,3
2023,2,23.632284828944748,u20m,35,-0.023756940926718782,12.443225936843485,47.34649642677351,46164.222,3,-0.027726844551319553,11.178462942697323,52.69834032718674,3
2019,3,8.401026077433897,hgap,35,-0.017960556362158365,4.8142323479107665,42.69471010401531,46164.222,3,-0.019622897028856202,4.572426572125983,45.57299870300324,3
2015,3,220.98721,math,35,,,,46164.222,3,,,,3
2023,3,11.304533948359218,nnm,35,-0.020636611886043443,6.475432227828024,42.71827341658882,46164.222,3,-0.025033359641312636,5.7505940889984,49.13019753606859,3
2023,3,9.998672760415662,pnm,35,-0.02191732627146119,5.532747628924845,44.665179454329504,46164.222,3,-0.023065975764438206,5.36379107180477,46.354969301127646,3
2023,3,4.920496963110255,q5_19,35,-0.0331050786299123,2.0128918333449937,59.09169646001283,46164.222,3,-0.04017122753865969,1.6632714077981663,66.19708496381615,3
2023,3,26.006407137734723,u20m,35,-0.02334121605721453,13.847851614194894,46.752154033219114,46164.222,3,-0.026967138692598792,12.55639617765135,51.71806658585953,3
2019,1,15.318220499999995,hgap,36,-0.005796146827439142,12.798941223148278,16.446292027534913,36749.91,3,-0.00766791958191666,12.077418812027592,21.15651545799595,3
2023,1,27.589935253108358,nnm,36,-0.03523971481788464,10.654461678683294,61.382795642904114,36749.91,3,-0.03267925823091593,11.417086730087997,58.61865341346999,3
2023,1,43.48151451000237,pnm,36,-0.046912674323135485,12.25205511314794,71.822381876028,36749.91,3,-0.03912037550027865,15.121018891358792,65.22425894829308,3
2023,1,21.064529730618233,q5_19,36,-0.039915941038262306,7.169673828755902,65.9632855779616,36749.91,3,-0.03419309242700166,8.367683424886003,60.275954261047644,3
2023,1,89.46451076595984,u20m,36,-0.040471797875715775,29.99718296972242,66.47029899018239,36749.91,3,-0.03494769964641904,34.82216566572937,61.077118325919706,3
2019,2,12.264311399999997,hgap,36,-0.003229026468821017,11.096100187241678,9.525289880998285,36749.91,3,-0.0031770857247309437,11.113981109685852,9.37949349780979,3
2023,2,19.833909802823403,nnm,36,-0.03734894267129581,7.235298644833231,63.520562931050186,36749.91,3,-0.03465119017075793,7.781981167402434,60.764260578140515,3
2023,2,39.713592842377075,pnm,36,-0.04837215438781981,10.75795358735539,72.91115505450837,36749.91,3,-0.0404610609966304,13.319709707708073,66.4605774638072,3
2023,2,16.225807160103688,q5_19,36,-0.0488412282608651,4.340067262376613,73.25207171789856,36749.91,3,-0.041968601277549575,5.224978979524109,67.79834169130653,3
2023,2,74.03220836806935,u20m,36,-0.044394806420248845,22.327977161762263,69.84018489526447,36749.91,3,-0.03828159415090617,26.334956592541793,64.42770359947785,3
2019,3,13.940589949665764,hgap,36,-0.00463838815429094,12.073520815578286,13.393042481191712,36749.91,3,-0.005648893994410908,11.701172041176818,16.064011039523027,3
2023,3,23.75054479814935,nnm,36,-0.03604031431455992,8.975664607376606,62.20859486104928,36749.91,3,-0.03347037648924518,9.62058721502317,59.49319353814229,3
2023,3,41.57542799080927,pnm,36,-0.04751858836055907,11.52487143744458,72.27960842641887,36749.91,3,-0.03966760925451842,14.246109751963008,65.73430403383394,3
2023,3,18.651989565665605,q5_19,36,-0.04386458701315425,5.706517656837034,69.40531391170444,36749.91,3,-0.03756624276814078,6.764337083870734,63.7339648938982,3
2023,3,81.79048162993674,u20m,36,-0.04218627762662006,26.183550744761003,67.98704418537453,36749.91,3,-0.03639589933556735,30.614433883544773,62.56968625999708,3
2019,1,15.342108599999989,hgap,37,-0.002415102513565204,14.23541773888443,7.213420853477471,14111.037,3,-0.006384295853006794,12.587296268327819,17.955891223923235,3
2023,1,32.4705821830775,nnm,37,-0.019249830790556154,19.309343240311932,40.53280864679024,14111.037,3,-0.021612658740350364,18.11594935039252,44.20811660151291,3
2023,1,53.63286271716383,pnm,37,-0.028655920533134573,24.74076124264065,53.870146046254206,14111.037,3,-0.03103493982974461,23.201539058330926,56.74006964594515,3
2023,1,45.77332663163924,q5_19,37,-8.798468093410339e-4,44.69875592866458,2.34759145128836,14111.037,3,4.84303710995615e-4,46.375798249552204,-1.3162067567458018,3
2023,1,126.27375395103635,u20m,37,-0.01666560935160737,80.51799888543742,36.2353645424536,14111.037,3,-0.01747024954573213,78.7875872958641,37.6057297493392,3
2019,2,11.96079229999998,hgap,37,0.0015635675156461914,12.554819115431922,-4.966450386668305,14111.037,3,0.001265505404245193,12.439347817357897,-4.001035260497897,3
2023,2,23.564930560886562,nnm,37,-0.02039301780476328,13.587471201188222,42.34028754686459,14111.037,3,-0.02039780239989275,13.585716029750419,42.347735782000555,3
2023,2,50.29740941872185,pnm,37,-0.030462613773209846,22.097467325331564,56.06639073322456,14111.037,3,-0.033393724049429176,20.416084046159124,59.40927319696153,3
2023,2,43.28354868939832,q5_19,37,-0.011174870058921815,32.01008896717836,26.04559945654648,14111.037,3,-0.016776543738363524,27.51705361675397,36.42606844874096,3
2023,2,112.81491156062728,u20m,37,-0.02082241731082952,64.29894718468944,43.00492169411942,14111.037,3,-0.023843952912962152,59.26161510696936,47.470051354760955,3
2019,3,13.701505239848615,hgap,37,-9.403503066314656e-4,13.30786000934144,2.8730071887453783,14111.037,3,-0.0032525714923536952,12.387352371626678,9.591302891305224,3
2023,3,28.03825824031633,nnm,37,-0.019766824791944602,16.442437974020148,41.357134836651525,14111.037,3,-0.020979029274778592,15.912996302225247,43.24541786499462,3
2023,3,52.03790617267967,pnm,37,-0.029470296350339088,23.48294508046573,54.87338594573494,14111.037,3,-0.03218930140102998,21.82074843102569,58.06758950174332,3
2023,3,44.548635323109934,q5_19,37,-0.005934212907433967,37.95334994225456,14.80468555999519,14111.037,3,-0.007967077858269889,35.926328776490344,19.354816335185706,3
2023,3,119.66346242471492,u20m,37,-0.018595351035080386,72.42915017743115,39.47262705773767,14111.037,3,-0.020426138681116333,68.9359338724105,42.39182748386471,3
2019,1,10.626150300000006,hgap,38,-0.0035401896609198237,9.521687514216685,10.393818594710826,2480.243,3,-0.005988661442199739,8.825713662058499,16.94345164627971,3
2023,1,12.88470704614549,nnm,38,0.013781875565272017,18.693049084884688,-45.07934885858958,2480.243,3,0.031219188021981294,29.93292916903915,-132.31361847682598,3
2023,1,27.81930833795887,pnm,38,-0.05085275502179458,7.047732532916493,74.66603968977903,2480.243,3,-0.05354116771341531,6.554283437818733,76.43980447610357,3
2023,1,13.905064673964574,q5_19,38,-0.04338388853865669,4.309785557603595,69.00564176682249,2480.243,3,-0.0341505675205739,5.530000001191777,60.23031801106267,3
2023,1,53.68962863547255,u20m,38,-0.03631950321405188,20.13769155484153,62.492399246105734,2480.243,3,-0.031027838077536708,23.23054992347292,56.73177387536524,3
2019,2,8.29921779999998,hgap,38,-4.19323066501498e-4,8.192034292103568,1.2914892762112151,2480.243,3,-9.784030658543941e-7,8.298966084432998,0.0030330035076572425,3
2023,2,9.015601745936683,nnm,38,0.017613201367802044,14.50528463724404,-60.890920495479385,2480.243,3,0.03716640277278138,24.59269576442183,-172.77930478135548,3
2023,2,26.05965781310737,pnm,38,-0.04512778182332542,7.705530606728797,70.43119037866606,2480.243,3,-0.05096946033071559,6.581173098861443,74.74574245732701,3
2023,2,10.22909327676258,q5_19,38,-0.05660251250416413,2.2188035400458825,78.30889327125077,2480.243,3,-0.05443405164613395,2.352589291690159,77.00099873920854,3
2023,2,44.71302449653236,u20m,38,-0.037903912361236934,16.068473766963514,64.06310253467717,2480.243,3,-0.03677472153020087,16.565916365893784,62.95057971938686,3
2019,3,9.572048260675615,hgap,38,-0.0026407481105105825,8.819666173269184,7.860199477863128,2480.243,3,-0.003404590488605752,8.613277488963217,10.016359566961965,3
2023,3,11.028774504997955,nnm,38,0.01551792022748133,16.76832294598449,-52.04157940109774,2480.243,3,0.03386397934479888,27.51785767109293,-149.50965910693478,3
2023,3,26.889444245605354,pnm,38,-0.04828417459310987,7.301363330758045,72.84673024824106,2480.243,3,-0.05251496352811502,6.513192836801754,75.77788228975305,3
2023,3,12.078939051353155,q5_19,38,-0.04917365403237879,3.2019970808217395,73.49107345265533,2480.243,3,-0.042953464498623806,3.7875516977454224,68.64334125999983,3
2023,3,49.24617043296531,u20m,38,-0.03703842621856013,18.115974153802252,63.21343569554914,2480.243,3,-0.033629562263996694,19.862497892544724,59.66691883263922,3
2019,1,11.888765299999989,hgap,39,-0.008194075123830701,9.221867196052745,22.432086399646952,23025.778,3,-0.011561599203833239,8.307712385440269,30.121318944362738,3
2023,1,33.20511675846637,nnm,39,-0.023294817010092884,17.703173618820454,46.68540469954335,23025.778,3,-0.024211664458364,17.270313466190128,47.98899943097871,3
2023,1,49.94600039912211,pnm,39,-0.04058942604848794,16.693641968643938,66.57661907811669,23025.778,3,-0.03791800392607678,17.942215137672235,64.07677292617088,3
2023,1,35.13487278655614,q5_19,39,-0.015735893726784765,22.97312451400048,34.614465082706026,23025.778,3,-0.009635693932918077,27.08636399796523,22.907465290924737,3
2023,1,113.76429312449775,u20m,39,-0.02776437432688379,53.75789806478114,52.746247009198854,23025.778,3,-0.025032667269293186,57.87275305263002,49.129246564827625,3
2019,2,9.035153499999979,hgap,39,5.030332070346422e-4,9.177152238207409,-1.571625077619663,23025.778,3,-7.592392153350502e-4,8.824981422427841,2.3261594567501005,3
2023,2,26.431765458049902,nnm,39,-0.024781038514754085,13.537701326656558,48.78245515554999,23025.778,3,-0.024586273789306202,13.609078837173815,48.51241072499335,3
2023,2,47.47558553557452,pnm,39,-0.04169198338314799,15.402533961422163,67.5569373443942,23025.778,3,-0.038136407503038774,16.9544881705029,64.28798512069214,3
2023,2,31.595533885094508,q5_19,39,-0.024568990101098497,16.275372002414443,48.488377940995946,23025.778,3,-0.022106863418722256,17.39408951638501,44.947632220290366,3
2023,2,101.95252720774039,u20m,39,-0.03148107612092286,43.57650940923846,57.258039008247295,23025.778,3,-0.029045459627820947,46.53849760068987,54.35277685087477,3
2019,3,10.53390802137514,hgap,39,-0.004569879831695234,9.142493084650615,13.208914810164476,23025.778,3,-0.007303560988497626,8.399641268314959,20.260920721249715,3
2023,3,29.893778205036277,nnm,39,-0.023929082422431237,15.66713406526254,47.59065261739628,23025.778,3,-0.024351057390094688,15.489646336267024,48.184380609148135,3
2023,3,48.70596413399664,pnm,39,-0.04111594228646722,16.049393290918445,67.0484024363743,23025.778,3,-0.038030147591674626,17.443856165245663,64.18537960309075,3
2023,3,33.39025391335804,q5_19,39,-0.019949475244721883,19.484674369432597,41.64562383984269,23025.778,3,-0.015547019634877035,21.944016998329392,34.2801733246164,3
2023,3,107.95814199538367,u20m,39,-0.02949516468725948,48.68515369364727,54.90367581934758,23025.778,3,-0.026897411992136355,52.22250091863483,51.62708439270113,3
2019,1,16.44570189999999,hgap,40,-0.0020582600931837725,15.429142596198359,6.1813068848197394,13689.456,3,-0.004500615833058585,14.304083694956692,13.02235817033324,3
2023,1,20.00963095854245,nnm,40,-0.034803768471613594,7.818650402327744,60.92556420192332,13689.456,3,-0.0324279263168326,8.336635310840133,58.33688623187184,3
2023,1,33.61836848200728,pnm,40,-0.049221608922564955,8.900337146914605,73.52537452351946,13689.456,3,-0.042552333747994456,10.656388669895074,68.30188628696116,3
2023,1,44.02869413511723,q5_19,40,-0.02338163682225023,23.418758970357413,46.81023493795006,13689.456,3,-0.02067158034799359,25.196595631578905,42.77233034835314,3
2023,1,94.6524493572154,u20m,40,-0.033905165817069524,37.89322280571188,59.96593531066055,13689.456,3,-0.02975056294711802,42.39144427019354,55.213579196234484,3
2019,2,15.286116299999975,hgap,40,-0.0010439811920859743,14.799324947968637,3.1845325684937933,13689.456,3,-0.0016535399130310324,14.522297802784713,4.996812023569798,3
2023,2,15.690054344277078,nnm,40,-0.034799856151433196,6.131447858285119,60.92143644791419,13689.456,3,-0.03107352200383575,6.780439590859226,56.78511086016486,3
2023,2,29.244561904452237,pnm,40,-0.05158965801706104,7.262854055198736,75.1651124782518,13689.456,3,-0.0460756905263386,8.42876275539471,71.17835861951653,3
2023,2,35.23304095155522,q5_19,40,-0.039909465092786076,11.994266551380555,65.95733372015077,13689.456,3,-0.03576736219304903,13.413551830208723,61.92905446721981,3
2023,2,78.14179189764259,u20m,40,-0.042019941305385264,25.128096586416778,67.84294808681646,13689.456,3,-0.037614803280581734,28.301797900243635,63.78148336127745,3
2019,3,15.993899733042127,hgap,40,-0.0016579798992034434,15.192623378058341,5.009887321779394,13689.456,3,-0.003272603816934616,14.450899540077067,9.647429449475316,3
2023,3,17.871312491870516,nnm,40,-0.03475834151694897,6.991684764581723,60.87760891785551,13689.456,3,-0.031799566325199445,7.573145344117258,57.62401140060526,3
2023,3,31.449799812154676,pnm,40,-0.050306326303061956,8.085900028965941,74.28950239027941,13689.456,3,-0.04418361665302824,9.53944176187273,69.66771865369414,3
2023,3,39.651396386359615,q5_19,40,-0.031016822808111844,17.161559149435885,56.71890346000629,13689.456,3,-0.027479565600976662,18.881411018030104,52.38147268749039,3
2023,3,86.4770945515797,u20m,40,-0.037605537542256595,31.32855751837534,63.772421262731875,13689.456,3,-0.03330383127758445,35.18698012980797,59.310635594006314,3
2019,1,7.49457910000001,hgap,41,-0.009784972243596446,5.533640033990287,26.16476575728876,522.335,3,-0.015617502785025206,4.618349481626243,38.37746696640727,3
2023,1,6.681559611565809,nnm,41,-0.05903270558039342,1.3572605738449999,79.68647063335966,522.335,3,-0.04904971057162699,1.7771469648235376,73.4022134331139,3
2023,1,6.223513472989994,pnm,41,-0.057356559244936545,1.322742872908015,78.74604307279625,522.335,3,-0.05088993424325787,1.5750805120704792,74.69145814649043,3
2023,1,3.402388887204455,q5_19,41,-0.06725503494035028,0.553547261083117,83.73062928917763,522.335,3,-0.06995948986870552,0.5145675562480271,84.87628624161134,3
2023,1,16.22211259902151,u20m,41,-0.05973816880166223,3.2331106686691395,80.0697310604036,522.335,3,-0.05394437496672895,3.7805789627552446,76.69490370210299,3
2019,2,7.262802599999986,hgap,41,-0.0026862707252182983,6.6824948270136595,7.990135557124022,522.335,3,-0.002993852656631146,6.619079785315203,8.8632839158369,3
2023,2,4.4230439986589065,nnm,41,-0.05792519821049329,0.9257489391260035,79.06986818565007,522.335,3,-0.04722390651109891,1.2358792631554067,72.05817388363913,3
2023,2,6.266499675859016,pnm,41,-0.05875721580493334,1.2824510203974118,79.53481071198472,522.335,3,-0.050423892899278754,1.606042093070194,74.37098577923351,3
2023,2,1.905628587531849,q5_19,41,-0.04928873763634452,0.5035944513609432,73.57331566833841,522.335,3,-0.09614607473410933,0.14211309475139916,92.54245577122336,3
2023,2,12.547137776566796,u20m,41,-0.056798972031003814,2.707214723655648,78.42364711486887,522.335,3,-0.05669379665110199,2.714913422715619,78.36228890555401,3
2019,3,7.072427446755853,hgap,41,-0.00912236920840337,5.330314916375108,24.632455313201667,522.335,3,-0.017782957889853578,4.075249904438787,42.37834272434822,3
2023,3,5.599464490137645,nnm,41,-0.05839056234076001,1.1573417530529873,79.33120649141686,522.335,3,-0.04823458142015036,1.5224749512161375,72.81034724128213,3
2023,3,6.21739178563907,pnm,41,-0.05823427758968482,1.2904938787125837,79.24380635472633,522.335,3,-0.050748148250490566,1.5795665737235147,74.59438574593294,3
2023,3,2.6832457589470726,q5_19,41,-0.06111017294459501,0.515330156215913,80.79452265982029,522.335,3,-0.07965220431769773,0.3123651725439974,88.35868196185756,3
2023,3,14.433673855403729,u20m,41,-0.05846193441557181,2.9775228891649155,79.37099785547544,522.335,3,-0.0551694015898553,3.254341971366209,77.45312798412833,3
2019,1,11.655048599999986,hgap,42,-0.00834475980781355,8.998445933051809,22.793578629506367,28372.69,3,-0.010046745043454841,8.535981494114123,26.761510937722445,3
2023,1,29.151625703035098,nnm,42,-0.025282580455783778,14.729923090734466,49.471349417055414,28372.69,3,-0.02613857907299657,14.393389612966196,50.62577380901388,3
2023,1,45.232681791268604,pnm,42,-0.043068110036544385,14.139621655267945,68.74025351731996,28372.69,3,-0.038534543946996715,15.980786988626335,64.66982200531132,3
2023,1,23.855106324378372,q5_19,42,-0.03545566933628934,9.158617359337041,61.60730857871915,28372.69,3,-0.036607821943792904,8.878095857834444,62.78324759021675,3
2023,1,95.17781753673526,u20m,42,-0.034922988152842296,37.070674987425775,61.051139911757474,28372.69,3,-0.03329857904846811,38.732741319008355,59.304865018512444,3
2019,2,9.950025299999993,hgap,42,-0.001343948099232728,9.544000171877956,4.080644178081008,28372.69,3,-0.0014852874347341504,9.502274427797888,4.499997323646058,3
2023,2,22.186895580776024,nnm,42,-0.026338889018716748,10.895521376714965,50.89208701123803,28372.69,3,-0.026941254154637485,10.719751380536211,51.68431139224179,3
2023,2,40.826565942561956,pnm,42,-0.04358295125952849,12.586103538534402,69.17178007025737,28372.69,3,-0.039345981657905774,14.111520080700101,65.43544685939713,3
2023,2,19.125921843456627,q5_19,42,-0.04559638765265546,5.584205201443164,70.80294875640917,28372.69,3,-0.04462631415765017,5.732398888245203,70.02811715344129,3
2023,2,80.04570261334243,u20m,42,-0.038495902857030105,28.309809699608508,64.63294246243561,28372.69,3,-0.03628650994973022,30.049979704143954,62.45897190846187,3
2019,3,10.930894927332872,hgap,42,-0.005096785351786126,9.333339021970911,14.615051338269183,28372.69,3,-0.00602774975114091,9.06782954114329,17.044033435276727,3
2023,3,25.701043437061585,nnm,42,-0.02565703196209599,12.855757028126458,49.9796299725788,28372.69,3,-0.026425725648524256,12.591689076579641,51.00709001401051,3
2023,3,43.02479936756565,pnm,42,-0.043267073712155255,13.377386258233466,68.90773122740454,28372.69,3,-0.03889031208069325,15.055422913158113,65.00756974009813,3
2023,3,21.501886386715576,q5_19,42,-0.040063583383918376,7.289419540934909,66.09869752898285,28372.69,3,-0.04017907564596497,7.26672441243505,66.20424700539475,3
2023,3,87.6679880941471,u20m,42,-0.03651490491268854,32.709134587291906,62.68976247958902,28372.69,3,-0.034627834898520504,34.41888080611321,60.73951101837698,3
2019,1,14.772040099999998,hgap,43,-0.001939625240196996,13.909997540717136,5.835636468945562,5152.417,3,-0.004190665040191455,12.972420388999245,12.182607810553895,3
2023,1,35.56608594308195,nnm,43,-0.023373812514565228,18.9215144219645,46.79899707759389,5152.417,3,-0.030220505306903612,15.72794235803456,55.77825914494861,3
2023,1,68.1752599819102,pnm,43,-0.03781817013319468,24.556857633576804,63.97981079926532,5152.417,3,-0.052360880163751136,16.582335093410745,75.67690229885336,3
2023,1,33.424575629327215,q5_19,43,-0.057713670767705325,7.035876794375319,78.94998915647582,5152.417,3,-0.08920339995289864,3.006569199831585,91.00491436847571,3
2023,1,131.35472941204918,u20m,43,-0.03752375424821741,47.69183250694001,63.69233698671435,5152.417,3,-0.05380212432976439,30.730147154633904,76.6052221399384,3
2019,2,10.710253799999975,hgap,43,0.0014366864030050496,11.198041088049328,-4.554395228704603,5152.417,3,0.0013147458700924375,11.155790646967777,-4.159909328832174,3
2023,2,26.88586770890696,nnm,43,-0.024439460528640745,13.897866655016669,48.307911035311406,5152.417,3,-0.032195465954166204,11.27201611013159,58.07456827440496,3
2023,2,62.53273131686521,pnm,43,-0.04152889621894564,20.37706335215726,67.41376408316019,5152.417,3,-0.056912098768772346,13.451134527423983,78.48944985424588,3
2023,2,28.55288868595318,q5_19,43,-0.050299074562867266,7.3425272670771715,74.28446785950109,5152.417,3,-0.07147945957984661,4.144626608831261,85.48438774648311,3
2023,2,113.78508611669514,u20m,43,-0.03841565820188668,40.32972088960478,64.556232924723,5152.417,3,-0.05300994408813544,27.195267502031115,76.09944463711146,3
2019,3,12.876720754758196,hgap,43,-8.139218408481419e-4,12.555885394733098,2.4915921229909683,5152.417,3,-0.0019281514167981406,12.129595733216005,5.802137328062454,3
2023,3,31.288962358692835,nnm,43,-0.02402844721293973,16.35440565892608,47.73107055631576,5152.417,3,-0.031376729062750464,13.411247363260818,57.13744927199592,3
2023,3,65.25366512098863,pnm,43,-0.03967093616283659,22.357614100163044,65.73738186397779,5152.417,3,-0.05471209785003399,14.89544666225388,77.17301145516375,3
2023,3,30.985891609036752,q5_19,43,-0.05442991492979683,7.127241608549098,76.99842980645262,5152.417,3,-0.08146946312427845,3.434448937875993,88.91608806611082,3
2023,3,122.5586047244912,u20m,43,-0.03802219429962683,43.90332578488464,64.1776879856145,5152.417,3,-0.05364406740913186,28.79493493760327,76.50517072845795,3
2019,1,11.943943399999995,hgap,44,-0.0033096721953724817,10.77926610002354,9.751195739729107,19319.075,3,-0.006769228316748066,9.683062678224085,18.92909775322538,3
2023,1,34.90971575078071,nnm,44,-0.023448003367692483,18.535152936802422,46.90546016150846,19319.075,3,-0.025990558652475924,17.30542602035542,50.428052339645866,3
2023,1,73.7623639509497,pnm,44,-0.03434222276473884,29.18364977721688,60.43558230234684,19319.075,3,-0.03536367401833136,28.38978591129166,61.511827454214696,3
2023,1,73.92083972072427,q5_19,44,-0.010065412654311334,56.33007844263048,23.79675521078001,19319.075,3,-0.020550200923261385,42.44203922535056,42.58447362651968,3
2023,1,172.17511275225849,u20m,44,-0.02153483211241518,96.26180252296288,44.09075679742793,19319.075,3,-0.025943665696964758,85.4586883927785,50.36524906143411,3
2019,2,8.23702369999998,hgap,44,0.0025470763585651924,8.913780449165767,-8.216034988047783,19319.075,3,0.002405991563637766,8.874880013716766,-7.743771742659751,3
2023,2,25.378004990712995,nnm,44,-0.024259517154351595,13.1823114657581,48.05615543624439,19319.075,3,-0.026595223558887948,12.376652285222827,51.23079103439366,3
2023,2,69.43031598153215,pnm,44,-0.03559338786021282,26.55723272501137,61.74980287850718,19319.075,3,-0.03746267950558284,25.250128761779372,63.632415602867646,3
2023,2,66.13737584315582,q5_19,44,-0.0268893267627087,31.999561781633076,51.616523374740865,19319.075,3,-0.039904858269291486,22.51772682056153,65.95309908581477,3
2023,2,153.02985460111185,u20m,44,-0.02859908292234632,70.70086386477902,53.79930011103511,19319.075,3,-0.03481764182149512,59.77315823775726,60.9401979806083,3
2019,3,10.166503974003149,hgap,44,-0.001194315822968628,9.79698418163563,3.6346790726922613,19319.075,3,-0.003134494090572293,9.22510964462723,9.25976453442763,3
2023,3,30.307684005175464,nnm,44,-0.023727528181243063,15.970735511692972,47.30466534834617,19319.075,3,-0.026174750941736224,14.949576960332013,50.673971136233426,3
2023,3,71.53223827392574,pnm,44,-0.03496673140845239,27.828105104948488,61.09711400559917,19319.075,3,-0.03639588508732992,26.774751511486325,62.56967186046238,3
2023,3,70.08951763657178,q5_19,44,-0.018239920645778618,42.83242421951368,38.88897275394532,19319.075,3,-0.029768506420938933,31.375382074949787,55.235271788233106,3
2023,3,162.77550483849112,u20m,44,-0.024840355012905668,83.23620381765659,48.864416731347205,19319.075,3,-0.030065709816544484,72.28363937496077,55.59304856914316,3
2019,1,16.057481200000012,hgap,45,-0.0017152559282823444,15.22596091027776,5.178398027470536,850.392,3,-0.003983374366822989,14.1921678699,11.616475254537495,3
2023,1,23.106784615548772,nnm,45,-0.031031826967417065,9.996819101922956,56.736433613545685,850.392,3,-0.031554732151656585,9.856671273814735,57.34295602867182,3
2023,1,26.771736419634706,pnm,45,-0.03635747817119035,10.03114556382594,62.53083697451549,850.392,3,-0.034397816731686605,10.576194441024844,60.49492541220397,3
2023,1,17.287195122960952,q5_19,45,-0.026249358472662764,8.509927152970663,50.77323364235226,850.392,3,-0.02552981194723376,8.676872377504628,49.80751755396133,3
2023,1,65.69554169545,u20m,45,-0.031189177747367226,28.301739395314993,56.919847732566694,850.392,3,-0.030434330526958143,28.884471733138206,56.03282812243147,3
2019,2,13.82229719999998,hgap,45,-9.85801828419941e-4,13.406278884897882,3.009762480740893,850.392,3,-7.145019149159104e-4,13.519505142097037,2.1906058994516737,3
2023,2,19.111876271584393,nnm,45,-0.030858327620783353,8.307303688905348,56.53329076195058,850.392,3,-0.031643806507021296,8.132978051243624,57.445423276751924,3
2023,2,25.18138385526314,pnm,45,-0.039380532495438825,8.695717023020602,65.46767614916796,850.392,3,-0.03802069839968079,9.020918235374408,64.17624111834127,3
2023,2,13.085503592131786,q5_19,45,-0.03746553404045749,4.758514798170816,63.63521843338094,850.392,3,-0.03563789446485437,4.9992198532293095,61.79573970515508,3
2023,2,56.32419818705425,u20m,45,-0.03537593478718861,21.670979418214973,61.52456649938444,850.392,3,-0.03466052844975298,22.093644381192522,60.77415197670653,3
2019,3,14.99784913460482,hgap,45,-0.0016134070466691686,14.26617258386191,4.878543210937493,850.392,3,-0.0035968395745095806,13.415419749937232,10.551042155880998,3
2023,3,21.168579232925694,nnm,45,-0.030941019364010548,9.18076420391401,56.63022962998759,850.392,3,-0.03160168468060522,9.018450047615092,57.39699888036058,3
2023,3,25.932951248960446,pnm,45,-0.03777343253472445,9.352388176561416,63.93627517833584,850.392,3,-0.036085008058242884,9.788607324346314,62.25417141931079,3
2023,3,15.237446749763572,q5_19,45,-0.031028212612537586,6.5929062445694635,56.732211420710875,850.392,3,-0.02979581084602847,6.815974901818101,55.26826105611258,3
2023,3,61.08067124149541,u20m,45,-0.03305370786754915,25.021747767436526,59.03491684217463,850.392,3,-0.03232059118708648,25.521966374106956,58.21596938055831,3
2019,1,12.550533900000005,hgap,46,-0.0030732602460646686,11.410022534813278,9.087353368980795,6182.89,3,-0.005070587987259056,10.724973338610562,14.545680494034139,3
2023,1,16.797452111073337,nnm,46,-0.02976400335840914,7.520248060418368,55.22982884135853,6182.89,3,-0.03206190336112984,7.067846411516451,57.92310426140679,3
2023,1,26.388526527783227,pnm,46,-0.03744245961635739,9.602110372888344,63.612555771999105,6182.89,3,-0.026951229158481027,12.746364926955955,51.69732226793371,3
2023,1,16.0627115412727,q5_19,46,-0.0297811377029523,7.187977325866223,55.25053595467422,6182.89,3,-0.019506927010268526,9.48596656874602,40.94417655218369,3
2023,1,58.118866209682096,u20m,46,-0.03252683437399249,24.149551359168903,58.447999876594636,6182.89,3,-0.025895885101850168,28.884393530567955,50.30117513586997,3
2019,2,11.581273299999992,hgap,46,-6.543582052967345e-4,11.348712695064494,2.00807457790931,6182.89,3,-0.0014646882130643136,11.067181290393732,4.438993850583431,3
2023,2,12.84616813783595,nnm,46,-0.030367882799475998,5.658239106562003,55.95387631665248,6182.89,3,-0.032369062299757,5.360626675864384,58.27061721171409,3
2023,2,24.42804775962837,pnm,46,-0.036889447234021766,9.022458836054845,63.06516621862006,6182.89,3,-0.0339767055351512,9.760668783999064,60.04318936967906,3
2023,2,13.449166220773524,q5_19,46,-0.035360715337235324,5.176751826163172,61.50875272723461,6182.89,3,-0.030203382595525508,5.9502056561948775,55.75781012354346,3
2023,2,49.9124886240172,u20m,46,-0.034210002644886696,19.81820922809666,60.29408716246536,6182.89,3,-0.032012068606252074,21.02990331242899,57.86645007656523,3
2019,3,12.173302205786513,hgap,46,-0.0019856945999070508,11.44655346690053,5.970021335217705,6182.89,3,-0.003378961840497574,10.96268675078483,9.94484022935226,3
2023,3,14.837413984783888,nnm,46,-0.029951747220786105,6.609148250251581,55.45619838450679,6182.89,3,-0.032128117047992524,6.231971918076339,57.998260852818625,3
2023,3,25.415157801088938,pnm,46,-0.03717647544109988,9.314580078934256,63.350296103472694,6182.89,3,-0.030322408824042312,11.208144725022548,55.89976339024611,3
2023,3,14.764781474516099,q5_19,46,-0.0323317820917091,6.16745700621677,58.22859270310398,6182.89,3,-0.02439916143500085,7.6405329309484475,48.25163552785424,3
2023,3,54.05150534488556,u20m,46,-0.033281069700348234,22.006734337276264,59.28562174751979,6182.89,3,-0.028689343603320604,24.911389720406472,53.911755904937756,3
2019,1,15.185767099999993,hgap,47,-0.003470355516563961,13.636875989642187,10.199623767164233,105789.734,3,-0.006010719641677031,12.604152274788147,17.000226647831617,3
2023,1,24.296440152623767,nnm,47,-0.027176775858433276,11.664579953094965,51.990580184499535,105789.734,3,-0.026422449624753153,11.904585999287583,51.00275627002909,3
2023,1,57.00372977679091,pnm,47,-0.034926888892586924,22.199964733024917,61.05524178864583,105789.734,3,-0.03387884937122827,22.83713107794434,59.93747923624028,3
2023,1,44.71191098891214,q5_19,47,-0.020004155580977522,26.052864675794993,41.7317128711951,105789.734,3,-0.019771364625633225,26.217131897920634,41.36432257520356,3
2023,1,121.05393269522679,u20m,47,-0.027101861561671648,58.234962748547666,51.893373926839885,105789.734,3,-0.026392172416427506,59.36159781119559,50.96268540019416,3
2019,2,14.060485199999988,hgap,47,3.2229219465351733e-4,14.201668434144079,-1.0041135290558163,105789.734,3,1.6330117371410325e-5,14.06760489254393,-0.05063617963867727,3
2023,2,18.973568139362396,nnm,47,-0.02816254169981387,8.86985309487326,53.25152849625611,105789.734,3,-0.027815895898622857,8.953259633095604,52.81193517564442,3
2023,2,48.71939749397725,pnm,47,-0.038032627372709585,17.44749905163524,64.18777745806048,105789.734,3,-0.038441553830075303,17.255920521084974,64.58100590587523,3
2023,2,36.086828953363906,q5_19,47,-0.03336063959440927,14.66099668401649,59.37299810143103,105789.734,3,-0.034924993111068225,14.054647666236155,61.0532483072996,3
2023,2,100.44594727859479,u20m,47,-0.03336543884149083,40.80288934035223,59.37826219391193,105789.734,3,-0.034093351625371505,40.008792837862586,60.16883316666323,3
2019,3,14.764796822380049,hgap,47,-0.0015977093271830611,14.051325952898901,4.8322430580263,105789.734,3,-0.003004523343205623,13.451700519088902,8.89342616148157,3
2023,3,21.653841752696756,nnm,47,-0.02756941107220654,10.286257570483098,52.49684703545941,105789.734,3,-0.026998532134977625,10.446035403741869,51.75897412088122,3
2023,3,52.888491262446216,pnm,47,-0.03632747144849522,19.8329367842179,62.500467850743185,105789.734,3,-0.03594205210965891,20.04040231790925,62.108198136218995,3
2023,3,40.40501821340936,q5_19,47,-0.026182418943823914,19.926065105333922,50.68418234564491,105789.734,3,-0.02666658778422377,19.66727565531036,51.32467073413344,3
2023,3,110.83650128854494,u20m,47,-0.029947425252428595,49.376552820618834,55.45100012488219,105789.734,3,-0.029868601187126486,49.48175036107787,55.35608776366901,3
2019,1,15.548848200000009,hgap,48,-0.0040342629739774875,13.720957561149575,11.755794482902166,31165.653,3,-0.006899200841478237,12.554903910009138,19.255087267434188,3
2023,1,31.883280705874782,nnm,48,-0.02406689086498215,16.64776050600782,47.78529643927038,31165.653,3,-0.022537056417147205,17.34980441342399,45.58337777885219,3
2023,1,44.722053019245145,pnm,48,-0.03664132273304945,16.629047612163156,62.81689571584021,31165.653,3,-0.03598362544170097,16.926980854926363,62.15070706248165,3
2023,1,22.963191949198936,q5_19,48,-0.03300109389824213,9.42026338806459,58.97668142606275,31165.653,3,-0.030169020273193504,10.168849090933843,55.71674393773214,3
2023,1,96.41627981013856,u20m,48,-0.03074744495345918,42.034640464670964,56.402963744872835,31165.653,3,-0.029399534403610872,43.592609807457215,54.787085860085966,3
2019,2,11.708830799999987,hgap,48,7.667839620508765e-4,11.990487524793076,-2.4055068315880845,31165.653,3,-5.475971315336281e-5,11.68897132231317,0.16961110828261897,3
2023,2,24.609390726843824,nnm,48,-0.024336590684124148,12.756489958947226,48.16413741997887,31165.653,3,-0.025288729957885357,12.432728592129054,49.4797383237632,3
2023,2,35.607868361371416,pnm,48,-0.039727313333386596,12.181631163951478,65.78949618571801,31165.653,3,-0.038778314776455235,12.497793839091843,64.90159502878342,3
2023,2,18.220374636662484,q5_19,48,-0.038655622736936526,6.416280828020869,64.78513227104439,31165.653,3,-0.0375047593046415,6.6187858860603,63.6737113366364,3
2023,2,76.48013105389828,u20m,48,-0.03386340207192795,30.652650235813134,59.920766592030134,31165.653,3,-0.033414099360887836,31.02676749737159,59.431597370687136,3
2019,3,13.51935249581362,hgap,48,-0.003958818801746711,11.957979478099869,11.54917011149198,31165.653,3,-0.007892583706939061,10.585150071431148,21.703720095256582,3
2023,3,28.270106590648727,nnm,48,-0.024247579569920186,14.689314045543302,48.039410468999506,31165.653,3,-0.02366143910398666,14.923633336491646,47.210551581619676,3
2023,3,40.1820974373982,pnm,48,-0.03803217299618193,14.390278697548496,64.18733810506566,31165.653,3,-0.037168968501414046,14.729604932586174,63.342866918447456,3
2023,3,20.64520295071681,q5_19,48,-0.03545883118718982,7.925572427369596,61.61058602189998,31165.653,3,-0.03366384050215494,8.319143428549282,59.704230331819346,3
2023,3,86.57169711983848,u20m,48,-0.03214240852858996,36.34759024943361,58.01446493636507,31165.653,3,-0.031180454893495836,37.304003634272284,56.90970042711127,3
2019,1,13.015322800000007,hgap,49,-0.00218513485893701,12.162873542274525,6.5495821411780994,1152.952,3,-0.005190626523870989,11.08084473518106,14.863081727169655,3
2023,1,21.852718765477828,nnm,49,-0.02484325576284978,11.17364004424982,48.868421526105244,1152.952,3,-0.027168873541308168,10.493602196235868,51.98033567881128,3
2023,1,33.962789670875516,pnm,49,-0.034848774367027914,13.254652143050201,60.97301702393249,1152.952,3,-0.03429146254876345,13.455608594976518,60.38132107117439,3
2023,1,34.87381445452964,q5_19,49,-0.028715194121593023,16.06151445916773,53.943912616414245,1152.952,3,-0.030202188810093844,15.429436524907942,55.756384077154294,3
2023,1,88.02652653771182,u20m,49,-0.02912480663091248,40.0956731882653,54.45046537069965,1152.952,3,-0.030029397610380572,39.12824057009685,55.549489331112305,3
2019,2,10.53721539999998,hgap,49,-2.3944531691801884e-4,10.459289279681082,0.739532384607966,1152.952,3,-8.341959883563455e-4,10.268215383946282,2.552856763786927,3
2023,2,16.387219644514385,nnm,49,-0.024813669296281305,8.385740216721834,48.82755953338944,1152.952,3,-0.025949736165212033,8.132422621510454,50.37338366162207,3
2023,2,29.41681980352473,pnm,49,-0.03926610839097644,10.189743613922383,65.36082526262257,1152.952,3,-0.0401008846796266,9.962646274992299,66.13282352907989,3
2023,2,22.895289921009756,q5_19,49,-0.04264206426892998,7.23981369867068,68.37858911746254,1152.952,3,-0.042838002548595,7.201613803545015,68.54543520352416,3
2023,2,67.1796096198497,u20m,49,-0.036206211451380366,25.2746537125185,62.377492433283585,1152.952,3,-0.036844598207926,24.84274160621305,63.02041386249331,3
2019,3,11.881434618030823,hgap,49,-0.0012461044002935572,11.431215662532132,3.7892642595150567,1152.952,3,-0.0031303691016953293,10.782620484811138,9.24816041618548,3
2023,3,19.15616968405965,nnm,49,-0.024797059136194476,9.807076763266487,48.80460486092263,1152.952,3,-0.0266024266730005,9.340495668649439,51.24027494691744,3
2023,3,31.7304707852335,pnm,49,-0.03689139837123321,11.718979262227434,63.06711192044106,1152.952,3,-0.036978889284320714,11.691328720600966,63.15425384094272,3
2023,3,28.958138142112013,q5_19,49,-0.03437938483695504,11.44562869999336,60.47526037819159,1152.952,3,-0.035219072573821376,11.189057762903884,61.36126670853766,3
2023,3,77.78096371371102,u20m,49,-0.03218902472336538,32.615676641812875,58.067276253015265,1152.952,3,-0.03294626181679607,31.95560672722678,58.915902810299414,3
2019,1,9.2128534,hgap,50,-0.041447902169736664,2.5490344755767675,72.33175906634129,114535.772,3,-0.056187208436117686,1.6141300715855318,82.4795858405222,3
2023,1,10.029437979877247,nnm,50,-0.029923761226047275,4.470869967944917,55.42252739470416,114535.772,3,-0.02340943142439711,5.330632601174867,46.85013644961879,3
2023,1,8.955754051447439,pnm,50,-0.04116195190833838,2.9474003217448494,67.08931146597882,114535.772,3,-0.04098517966828243,2.9615014473029024,66.93185821885918,3
2023,1,8.884372731383984,q5_19,50,-0.02223376995999571,4.874327136240052,45.135945062035425,114535.772,3,-0.022041037159055678,4.899758201242163,44.84970014896154,3
2023,1,27.611870065344156,u20m,50,-0.031035718086282537,11.944624765560404,56.74097865413259,114535.772,3,-0.02851618805219207,12.785461149796346,53.695779679032086,3
2019,2,9.476710499999996,hgap,50,-0.018411047681046712,5.3553431613636,43.48942957196379,114535.772,3,-0.02283905393518202,4.6684475704592385,50.737678749823154,3
2023,2,7.063105455344553,nnm,50,-0.027349586771356328,3.375170961031014,52.214065295074,114535.772,3,-0.018219870114870675,4.318673642381384,38.85588046666493,3
2023,2,9.44459373332518,pnm,50,-0.04414928542398111,2.8674174447687313,69.63958931710243,114535.772,3,-0.04482944403492199,2.81523994830643,70.1920481939538,3
2023,2,5.716371201426984,q5_19,50,-0.00899585471384039,4.483688894026356,21.56407035101066,114535.772,3,-0.005572102195117346,4.917928668194748,13.967646695738019,3
2023,2,22.063379420944827,u20m,50,-0.03052904116231825,9.675869280137166,56.14511677684409,114535.772,3,-0.026794430700561023,10.702416589175728,51.49239658628226,3
2019,3,9.311981020435951,hgap,50,-0.03073950139109165,3.5908082257398855,61.43883650686631,114535.772,3,-0.04010627160814169,2.6858773462080054,71.15675665238562,3
2023,3,8.570801489040223,nnm,50,-0.02870399329415201,3.948569778433204,53.929982120314236,114535.772,3,-0.021252928571725692,4.828482226406727,43.66358580838592,3
2023,3,9.209026658036578,pnm,50,-0.042776827834647646,2.901447672882211,68.493438225090145,114535.772,3,-0.04293125145439118,2.889375452149505,68.62452939445028,3
2023,3,7.336560636456602,q5_19,50,-0.017537931649825245,4.569235938028,37.71964596976546,114535.772,3,-0.016005890893011722,4.762206449051275,35.08938745238373,3
2023,3,24.90759632231587,u20m,50,-0.030839571993827742,10.831996426820671,56.511273562291585,114535.772,3,-0.02778068826866642,11.764590875678158,52.76705659013064,3
2019,1,15.605140299999988,hgap,51,-0.006005724092620434,12.954237044286062,16.987372139896287,1847.556,3,-0.009062891035752241,11.78291668919288,24.493362682597027,3
2023,1,27.310125743608477,nnm,51,-0.031420707893847946,11.691924930568788,57.18831527787781,1847.556,3,-0.0282361145033458,12.741730184595054,53.34430055644447,3
2023,1,50.463634775239406,pnm,51,-0.0359501582046136,19.11739592386511,62.116490401430035,1847.556,3,-0.03663499641639989,18.767151297719312,62.810543906901366,3
2023,1,22.14916041260906,q5_19,51,-0.03215296914546828,9.296792277113887,58.026434844810574,1847.556,3,-0.030430346697715115,9.739406975336896,56.02809861003827,3
2023,1,96.8526544914271,u20m,51,-0.03266221422508249,40.09738072798688,58.599605825428256,1847.556,3,-0.031928848059936496,40.89925714353481,57.77167145464764,3
2019,2,12.31164769999998,hgap,51,-0.0037480836613292823,10.961127915971634,10.969447932045268,1847.556,3,-0.0049906148406868136,10.546950032771774,14.333562088754453,3
2023,2,20.77495655164673,nnm,51,-0.032553523826382325,8.626191566821605,58.47793209397664,1847.556,3,-0.029957310809211,9.252565436091666,55.46288911319884,3
2023,2,44.99136452498609,pnm,51,-0.03869626143500664,15.826274678096715,64.82375041257629,1847.556,3,-0.04100751658116923,14.86883815930762,66.95179549166559,3
2023,2,17.879739070226886,q5_19,51,-0.042692760312528666,5.646092132075555,68.42184267958721,1847.556,3,-0.044618884508724845,5.359969552246524,70.02210417504428,3
2023,2,81.55219392164592,u20m,51,-0.03691238390454092,30.10251930406315,63.088032514508214,1847.556,3,-0.03803442706000624,29.20423406137139,64.18951758743565,3
2019,3,13.853600966144597,hgap,51,-0.0050552731745758805,11.844122203992855,14.50510063818427,1847.556,3,-0.008506126417375004,10.642498496604494,23.178828936876336,3
2023,3,24.124875336033856,nnm,51,-0.03187094633697622,10.203470716079172,57.70560231314907,1847.556,3,-0.028961309909667055,11.037384617914984,54.24894651609198,3
2023,3,47.66348245499186,pnm,51,-0.03717262635682213,17.470340702157685,63.34648707497453,1847.556,3,-0.038614808702586066,16.80313880765793,64.74630483929711,3
2023,3,20.04416009612886,q5_19,51,-0.03697161583913435,7.386870862310436,63.14701725148829,1847.556,3,-0.03699611608822595,7.3819860134131465,63.171387685938335,3
2023,3,89.26675326830724,u20m,51,-0.034559695255147814,35.11110080930712,60.667214249660894,1847.556,3,-0.03469274416404513,34.98519675992802,60.808256737226976,3
2019,1,13.178024499999992,hgap,52,-0.0023098505204913965,12.267399119020487,6.910181271703553,3470.392,3,-0.004600400037472596,11.426534408632998,13.290991311838853,3
2023,1,17.45782200385597,nnm,52,-0.025989446573807883,8.654442241844249,50.426563863850184,3470.392,3,-0.027248894045149984,8.365094750268314,52.08397274058192,3
2023,1,22.655734714198573,pnm,52,-0.04010235563676505,7.672552928484415,66.13416856582475,3470.392,3,-0.03947406701915899,7.803818760986116,65.55477516209004,3
2023,1,26.81874822300212,q5_19,52,-0.03134696037425817,11.504442595170206,57.10298445136607,3470.392,3,-0.03218711354942298,11.24641192371218,58.06511239750457,3
2023,1,65.47159712460349,u20m,52,-0.03221263471700135,27.43652842009586,58.09399858097318,3470.392,3,-0.03262542097259722,27.132439747255123,58.55845750086482,3
2019,2,12.780909899999983,hgap,52,-0.002814952023447459,11.712880466908809,8.356442862422307,3470.392,3,-0.003075784265425696,11.618554328911074,9.094466514382601,3
2023,2,10.315100586292736,nnm,52,-0.027700546057150312,4.882679535863942,52.6647414146178,3470.392,3,-0.029512717337280937,4.6495271666024935,54.925042875674556,3
2023,2,20.64547433695885,pnm,52,-0.03970019629571144,7.068093867256647,65.7644394510056,3470.392,3,-0.03853109478582839,7.29476214134203,64.66653164619625,3
2023,2,18.434205261022463,q5_19,52,-0.04744373318190207,5.120372163089022,72.22352637075377,3470.392,3,-0.04628679170388992,5.282843764121583,71.34216696994417,3
2023,2,48.615012197717135,u20m,52,-0.03958137693135182,16.69710246066451,65.65443120170897,3470.392,3,-0.038958435020898644,16.980313279110394,65.0718728403245,3
2019,3,13.06671612311635,hgap,52,-0.0029295614479108332,11.932333760794167,8.681464812075818,3470.392,3,-0.004091628016029425,11.510132962248576,11.9125811428169,3
2023,3,14.003400105944326,nnm,52,-0.026645622193125672,6.820060655773928,51.29710924364098,3470.392,3,-0.028143452790094427,6.549750383332929,53.22742809760456,3
2023,3,21.597662969624842,pnm,52,-0.03992485587352394,7.349365657518176,65.97147724800413,3470.392,3,-0.03901379891415724,7.532391158279957,65.1240452780767,3
2023,3,22.6677563808545,q5_19,52,-0.03811178961524009,8.100495003601125,64.26424006196345,3470.392,3,-0.03797660531511395,8.130115641215117,64.13356706055865,3
2023,3,57.16623816827837,u20m,52,-0.03535917734818339,22.004911840382302,61.507154317890965,3470.392,3,-0.03530791683554746,22.035388468518754,61.4538420323305,3
2019,1,14.376540000000006,hgap,53,-0.0010398203214796009,13.920509850328331,3.1720438274555223,1230.509,3,-0.0022846129422848804,13.393569586459146,6.837322565379846,3
2023,1,18.42127085578419,nnm,53,-0.014004458643754259,12.621297165522021,31.485198473377885,1230.509,3,-0.013917977406702597,12.650802244784996,31.32502994052278,3
2023,1,35.04440176940904,pnm,53,-0.04505930351308431,10.381389008140046,70.3764696100415,1230.509,3,-0.04443484254369965,10.557907769624194,69.87276929680563,3
2023,1,18.787365930693856,q5_19,53,-0.0463379703171519,5.376617292590815,71.38173966257416,1230.509,3,-0.04344400590359836,5.8135794155053455,69.05591003575753,3
2023,1,70.61512539993242,u20m,53,-0.03739781898238217,25.726028199938668,63.56867164897326,1230.509,3,-0.03597389596612803,26.73434775039211,62.140762904574984,3
2019,2,11.439825299999995,hgap,53,0.0013500889323307063,11.928774084277364,-4.274093104178515,1230.509,3,0.0018786635954350039,12.125846954657295,-5.996784362234094,3
2023,2,18.257509661008125,nnm,53,-0.016148702894669232,11.805452553010332,35.33919591332442,1230.509,3,-0.01651940687050235,11.687881060161255,35.98315828843503,3
2023,2,28.501532943056684,pnm,53,-0.042484503195804414,9.051009396499925,68.24378037987302,1230.509,3,-0.03982298196196439,9.725364410612475,65.87774969843616,3
2023,2,14.990203426620052,q5_19,53,-0.06150206144155916,2.848638679703846,80.99666429712923,1230.509,3,-0.053639319093240004,3.522374257927868,76.50215839184189,3
2023,2,60.53575186433691,u20m,53,-0.03972482643542765,20.710976318153154,65.78719900172828,1230.509,3,-0.03597460314808334,22.917936228564013,62.141485778645254,3
2019,3,12.92159153251427,hgap,53,-0.0023139721927998734,12.027149305233293,6.922074769430032,1230.509,3,-0.0035254874020081315,11.583823105486534,10.352969474863402,3
2023,3,18.43246522800177,nnm,53,-0.014903230940543332,12.326190271702245,33.12782571819611,1230.509,3,-0.015148095581101906,12.244966367139877,33.568482480911584,3
2023,3,31.70224760416973,pnm,53,-0.04402236541734461,9.657972252508001,69.53537057341731,1230.509,3,-0.04246262685729078,10.073383573062141,68.22501767433926,3
2023,3,16.89352448083681,q5_19,53,-0.05332011053067216,4.003974117852694,76.29876392937065,1230.509,3,-0.048139703362935916,4.605072396607293,72.74060601249276,3
2023,3,65.6068064785964,u20m,53,-0.03844776637748648,23.23337344740937,64.58694654648517,1230.509,3,-0.03599124500800688,24.826604310758682,62.15849293189095,3
2019,1,14.938910499999992,hgap,54,-0.0043537083247696005,13.052821195194104,12.625347108183615,128691.697,3,-0.008534414613625608,11.466186490313243,23.24616651051461,3
2023,1,24.90794419428909,nnm,54,-0.03290262560437109,10.2452676390139,58.867469916032086,128691.697,3,-0.029176018900583855,11.329775794872356,54.51340461301477,3
2023,1,25.81581611620132,pnm,54,-0.05493466636328477,5.857666640361436,77.30977547254328,128691.697,3,-0.050868681200394936,6.53735689608907,74.67693112368275,3
2023,1,33.64706398110373,q5_19,54,-0.030650248397085456,14.70766952153894,56.28840147895578,128691.697,3,-0.025759860435615158,16.783723354840053,50.11831236072832,3
2023,1,82.04273547422247,u20m,54,-0.03797525586859836,29.426874850843983,64.13226024126195,128691.697,3,-0.03366866471324368,33.055445841639425,59.709478663073924,3
2019,2,13.20988029999998,hgap,54,-0.004617502905268989,11.448085000095734,13.336951281112285,128691.697,3,-0.005387156429006268,11.178174903861803,15.380195353762442,3
2023,2,16.838646252242675,nnm,54,-0.03567353810894898,6.4268921650375885,61.83248897350275,128691.697,3,-0.03273421706555331,6.95772641168,58.68001318245327,3
2023,2,22.390824744065508,pnm,54,-0.05659955601163928,4.857205405077343,78.30716170307795,128691.697,3,-0.050774703209480784,5.6844494426519585,74.61259463361853,3
2023,2,16.042745370448586,q5_19,54,-0.07615116659137385,2.052739510427777,87.20456216796278,128691.697,3,-0.07169549527994637,2.3151590122878836,85.56881033247274,3
2023,2,54.27188539055627,u20m,54,-0.05572327503638976,12.054980601006633,77.78779838906371,128691.697,3,-0.05083274987006385,13.756646400621792,74.65235213108046,3
2019,3,14.145977786980495,hgap,54,-0.004213328251846615,12.413904220714436,12.244283091269976,128691.697,3,-0.006746703213510674,11.476282664315812,18.872467940122064,3
2023,3,21.100236649750926,nnm,54,-0.03387729003708673,8.453642596961714,59.93579248760936,128691.697,3,-0.030538556155544416,9.251107183245797,56.15638186050866,3
2023,3,24.016407802095795,pnm,54,-0.055890238212795394,5.3105787587811655,77.88770576123488,128691.697,3,-0.05094687474760127,6.068865209866757,74.73033744314935,3
2023,3,25.022023428306504,q5_19,54,-0.0472650228226529,6.983852914696632,72.08917602244728,128691.697,3,-0.04130912397176845,8.202262468162255,67.21982739859746,3
2023,3,68.51568621518788,u20m,54,-0.045210528045967105,20.214061127252876,70.49717773567008,128691.697,3,-0.040465495737173465,22.977014116970718,66.46459316658293,3
2019,1,13.300909999999988,hgap,55,-0.0055248164242243545,11.207275266563972,15.740537552964556,2484.792,3,-0.008365736737526408,10.26248091482453,22.843768472799677,3
2023,1,18.044038340808914,nnm,55,-0.03003282864104957,8.019924205006244,55.5536069391509,2484.792,3,-0.029921418247913324,8.044085104286475,55.41970731632873,3
2023,1,23.406279975407006,pnm,55,-0.04240991012766857,7.447934815039934,68.1797584970124,2484.792,3,-0.028898167388848605,10.72689181082024,54.170881395544306,3
2023,1,15.02907929361208,q5_19,55,-0.027484398116044507,7.1556925075534386,52.387685447937756,2484.792,3,-0.01539839146138915,9.916800851949356,34.01591236421005,3
2023,1,55.44044111447533,u20m,55,-0.033978155499224005,22.151364847303984,60.04475360943632,2484.792,3,-0.025234561571972236,28.04964985539147,49.405796037095755,3
2019,2,10.316019899999986,hgap,55,-8.83661958019033e-4,10.037263289312286,2.702172091464279,2484.792,3,-5.45889571827729e-4,10.142915082540572,1.6780194216125401,3
2023,2,14.008487001663777,nnm,55,-0.03146675802105618,5.989817197874204,57.24151225494376,2484.792,3,-0.030679584765772372,6.118485335359825,56.32301093877492,3
2023,2,19.936351919799698,pnm,55,-0.04429014221418019,6.029782588682792,69.7548347213196,2484.792,3,-0.03859421499886029,7.032209764700331,64.72669727646449,3
2023,2,10.516594830787817,q5_19,55,-0.039161928048033444,3.653122978546201,65.26325262763271,2484.792,3,-0.03569910548881543,4.0111525598419515,61.858827649239494,3
2023,2,43.828108562892766,u20m,55,-0.03852128287645962,15.490093985368565,64.65716980886711,2484.792,3,-0.03489710508359343,17.082482484153868,61.02391126543659,3
2019,3,11.91475352553232,hgap,55,-0.003289289221605296,10.759719207132324,9.694152010151559,2484.792,3,-0.004142770957882203,10.478772294687646,12.052127035338883,3
2023,3,16.046895265664876,nnm,55,-0.03062003500563586,7.0200788089444,56.252728688489164,2484.792,3,-0.030229303654626793,7.094530895423425,55.78876301010446,3
2023,3,21.674086850128617,pnm,55,-0.043251897912886014,6.741727171236665,68.89498866617,2484.792,3,-0.03335079523597369,8.807872477046137,59.362198103428426,3
2023,3,12.781141045827503,q5_19,55,-0.03247151435419902,5.3187581258434635,58.38588975137074,2484.792,3,-0.02399854755166846,6.685960932358276,47.68885729071149,3
2023,3,49.67664947103201,u20m,55,-0.03598397006440339,18.802085629130993,62.15105924143481,2484.792,3,-0.02950683265597087,22.39528647354195,54.91788050922931,3
2019,1,15.427347300000008,hgap,56,-0.005772676617971317,12.899502672401109,16.38547819299367,2697.848,3,-0.008540671655668408,11.838783886938783,23.261052877582028,3
2023,1,22.022736085039103,nnm,56,-0.032905118538477975,9.05789884485845,58.87023842141108,2697.848,3,-0.030577280181780075,9.645474225954464,56.20219854286403,3
2023,1,27.189191712493454,pnm,56,-0.04097748512860773,8.992828553831215,66.92498751370013,2697.848,3,-0.03943961221792458,9.3740946913431,65.52271656153833,3
2023,1,33.93878316908028,q5_19,56,-0.021436450884405645,19.025386765496403,43.942048037746495,2697.848,3,-0.025408796328498972,17.090468422003593,49.6432493267061,3
2023,1,80.90205950424934,u20m,56,-0.03018283833731452,35.8127023972523,55.73326239566094,2697.848,3,-0.0305021004074014,35.50532091388283,56.11320511313074,3
2019,2,8.633021299999996,hgap,56,-0.0028682740637560045,7.898540855283469,8.507802994955284,2697.848,3,-0.002730889526094682,7.932251849444723,8.117314045724324,3
2023,2,16.522361209828734,nnm,56,-0.03555661387464735,6.326113797902632,61.71180548855579,2697.848,3,-0.03367883079357892,6.6551184932140535,59.720536255707245,3
2023,2,23.172319860907507,pnm,56,-0.044665444156970976,6.937846783740239,70.05976602521949,2697.848,3,-0.04280976090797699,7.294312335803834,68.5214411867774,3
2023,2,28.64405386718516,q5_19,56,-0.03680091423238809,10.604953395651721,62.97677191634933,2697.848,3,-0.04073824185432109,9.535420584764177,66.71064567544322,3
2023,2,66.82982361995582,u20m,56,-0.03816985780316058,23.8447312647741,64.32022415565092,2697.848,3,-0.038793114921385555,23.44683081805381,64.91561768681306,3
2019,3,12.141263836064724,hgap,56,-0.004858453999139423,10.443688361068272,13.981867933335982,2697.848,3,-0.006595365808879183,9.896226721538138,18.49096720769603,3
2023,3,19.310776024085285,nnm,56,-0.03406260362394655,7.698095691384384,60.135751759623915,2697.848,3,-0.031908319161940035,8.159139140636393,57.748258638286,3
2023,3,25.205588701972538,pnm,56,-0.042631846896565496,7.972561848564056,68.36986454539688,2697.848,3,-0.040952363115530674,8.34240830019667,66.90254530915276,3
2023,3,31.318180270208273,q5_19,56,-0.028674302089620296,14.439862507936175,53.89303470587581,2697.848,3,-0.03248097636257432,13.029452950865974,58.39651972608265,3
2023,3,73.96887777753803,u20m,56,-0.03380860104089587,29.69005692427275,59.86142034820937,2697.848,3,-0.03422857053615776,29.355297666297645,60.313988060513864,3
2019,1,13.477726899999993,hgap,57,-0.0029725729901731055,12.291263199099806,8.803143955233194,33787.916,3,-0.005365393934025508,11.412522891131141,15.323088412400262,3
2023,1,22.409870635208502,nnm,57,-0.03182632313788343,9.489546178312473,57.65461419753447,33787.916,3,-0.02819814404637109,10.466206370175719,53.29644449739885,3
2023,1,23.483540663049695,pnm,57,-0.044987722610842516,6.970111821827498,70.31916131456846,33787.916,3,-0.041909249266183224,7.57421751911573,67.74669702583041,3
2023,1,39.205005003083215,q5_19,57,-0.013293529973241468,27.381815029935222,30.157348461550196,33787.916,3,-0.010173090667398733,29.788754880025337,24.017979649071215,3
2023,1,82.79353392126343,u20m,57,-0.026855062215773183,40.09546700997741,51.57174103945344,33787.916,3,-0.023328345941837726,44.1010955776061,46.733647558097715,3
2019,2,11.506110499999977,hgap,57,-0.003836820901257676,10.215812797711862,11.214021473964788,33787.916,3,-0.004305503636692532,10.068458628681197,12.494681598258442,3
2023,2,16.92303139927366,nnm,57,-0.031088434595242374,7.310325236525814,56.80250739923834,33787.916,3,-0.030288766945017986,7.469878928596196,55.8596875916876,3
2023,2,19.8510601491938,pnm,57,-0.04888595153706406,5.303339530518299,73.28435110941075,33787.916,3,-0.044846496950022366,5.914470623180981,70.20576947160586,3
2023,2,27.609401915884458,q5_19,57,-0.03512367221925254,10.69543712842147,61.26161239925995,33787.916,3,-0.0364236801999291,10.326537089735583,62.59775158767767,3
2023,2,63.041517782118085,u20m,57,-0.037575710740815185,22.856815215428412,63.74323458641121,33787.916,3,-0.03661697903002938,23.45620552794898,62.792447972116555,3
2019,3,12.574024184852334,hgap,57,-0.0032288532882279062,11.37637300655214,9.524804157311708,33787.916,3,-0.004757309556063127,10.849907093326012,13.711736721512993,3
2023,3,19.71958936028167,nnm,57,-0.031515395414977165,8.42073274856648,57.29762626027524,33787.916,3,-0.029095370265985476,8.989322896699038,54.414249037026416,3
2023,3,21.688810502198397,pnm,57,-0.04673812282678904,6.140260488967998,71.68927042658419,33787.916,3,-0.043201676230631404,6.755461063780538,68.85278211501826,3
2023,3,33.4820645634567,q5_19,57,-0.02275522043404008,18.112801574355366,45.902972798982645,33787.916,3,-0.021262578261548003,18.857680721486343,43.678261877351005,3
2023,3,73.09065136420234,u20m,57,-0.031533535144700496,31.196160344344246,57.31853559643715,33787.916,3,-0.02905931605136729,33.35137286480405,54.36985135264703,3
2019,1,13.083177500000005,hgap,58,-0.0035686117245160355,11.713011070120988,10.472734394064567,14405.469,3,-0.007114845083887289,10.493615735606184,19.793064524224484,3
2023,1,38.311970128503255,nnm,58,-0.01642404377273148,24.589344568624558,35.818115105673904,14405.469,3,-0.019424032107200163,22.676145580232916,40.81185200297917,3
2023,1,63.96031934185953,pnm,58,-0.02503509498787775,32.534963663979696,49.13258095212974,14405.469,3,-0.027168942489766403,30.71347347020871,51.980425072537216,3
2023,1,40.35256088328276,q5_19,58,-0.0223043168539387,22.096921593149396,45.24034879207952,14405.469,3,-0.021650667027622018,22.490361726064883,44.26534218951596,3
2023,1,136.14633748719785,u20m,58,-0.02090344980113761,77.42712516706808,43.12948361585656,14405.469,3,-0.022431248446120655,74.29819144243389,45.42769727505867,3
2019,2,11.609050999999994,hgap,58,0.0033940639064380385,12.89708134688236,-11.095052876263239,14405.469,3,0.004729380866360345,13.442157619112866,-15.790322732778698,3
2023,2,30.507384380336138,nnm,58,-0.015528766079927526,20.059283839653563,34.24777558910298,14405.469,3,-0.019057931543222394,18.23612676109702,40.22389289836558,3
2023,2,57.47565395433752,pnm,58,-0.025577393244978985,28.811419847664396,49.87195818501847,14405.469,3,-0.02758818905778231,27.288908677529992,52.52092529610865,3
2023,2,40.14539131778938,q5_19,58,-0.021760043996006083,22.30891689502744,44.42969376377251,14405.469,3,-0.023805225297622724,21.110415919708256,47.41509491687599,3
2023,2,122.91327648997108,u20m,58,-0.021088011530784368,69.55395109515948,43.41217394783661,14405.469,3,-0.02335645440841514,65.421749770897,46.77405758015492,3
2019,3,12.404488109011254,hgap,58,-6.189073573318549e-4,12.16876257256921,1.900324579059414,14405.469,3,-0.0017531537345574222,11.748323923756876,5.289732067038755,3
2023,3,34.50810823919632,nnm,58,-0.016017753247479984,22.392251417779214,35.11017392618239,14405.469,3,-0.019239317293467905,20.526828768409263,40.51592563079509,3
2023,3,60.726998727532845,pnm,58,-0.025285125730037362,30.68242435410148,49.47482174812229,14405.469,3,-0.027365927999080063,29.006163235875416,52.23514442724404,3
2023,3,40.249237756537546,q5_19,58,-0.022039997334899607,22.198198521761594,44.84815176864805,14405.469,3,-0.022720247128679195,21.794211205161474,45.85186597323445,3
2023,3,129.63997566499143,u20m,58,-0.02098513991540738,73.56448826121934,43.254780877681824,14405.469,3,-0.022858057968025314,69.93691527964648,46.05297099069684,3
2019,1,15.61245199999999,hgap,59,-0.00445389405752925,13.599024812447613,12.896290650260308,2153.345,3,-0.006776023027537903,12.654489926923961,18.94617240825484,3
2023,1,35.38275531383114,nnm,59,-0.027681928881698868,16.756939711734088,52.640941715514764,2153.345,3,-0.028806424030344148,16.255821887344215,54.05721871244492,3
2023,1,41.35242544559426,pnm,59,-0.04395366800418974,12.621251751621328,69.47881142249659,2153.345,3,-0.03969376054857836,14.15969489997345,65.75848998602802,3
2023,1,23.957179913197347,q5_19,59,-0.03708913435371155,8.800965566991984,63.2637664412923,2153.345,3,-0.03460313879966472,9.411979746159595,60.713323603773595,3
2023,1,97.4258926435948,u20m,59,-0.03540955803059846,37.4510200305646,61.559479708778646,2153.345,3,-0.033471961296494435,39.46242915146809,59.494926779033705,3
2019,2,11.6418568,hgap,59,-8.180669214718605e-4,11.350330630188587,2.5041209045915447,2153.345,3,-5.347865767300064e-4,11.450444664838134,1.6441718743857543,3
2023,2,26.056786642567722,nnm,59,-0.02861694522819298,12.032613281944126,53.82157651670286,2153.345,3,-0.030349369687257433,11.48274273345508,55.93185418075967,3
2023,2,38.345777793880266,pnm,59,-0.04391827102676897,11.714777832172594,69.44962781784493,2153.345,3,-0.040219114406569376,12.945242370622951,66.24076204632645,3
2023,2,19.20405905487932,q5_19,59,-0.045016245722250804,5.695537829293055,70.34201044155846,2153.345,3,-0.04345680526296345,5.940468032960834,69.0666019304315,3
2023,2,81.38985316647418,u20m,59,-0.03837751211801184,28.877356736103657,64.51970901454003,2153.345,3,-0.03683236651880488,30.10757241174956,63.00819912997292,3
2019,3,13.73569503411531,hgap,59,-0.0029985282865612195,12.516447063433564,8.876492726822363,2153.345,3,-0.004224099091226297,12.049833586327336,12.273579484698832,3
2023,3,30.821281768604045,nnm,59,-0.027994643884990823,14.473943501524374,53.039125334923,2153.345,3,-0.029383888252244007,13.941087777045569,54.76798180649777,3
2023,3,39.809051185000996,pnm,59,-0.0439240362683075,12.159920320175392,69.4543829651561,2153.345,3,-0.039934548594727295,13.542887355385405,65.98038146538894,3
2023,3,21.60561272925632,q5_19,59,-0.040633083627759525,7.212819086098318,66.61599383232772,2153.345,3,-0.03852082354476014,7.636129721011543,64.65673148592818,3
2023,3,89.50947743048543,u20m,59,-0.03671456213896196,33.21665261634903,62.890351312635424,2153.345,3,-0.03495270493696623,34.834959973647,61.08237811945621,3
2019,1,13.327127499999989,hgap,60,-0.005829680869260123,11.12373943756136,16.533105595625393,55339.008,3,-0.009562181930931857,9.90831179094128,25.65305771298963,3
2023,1,19.977777467678276,nnm,60,-0.015677886463140566,13.083051248115527,34.51197827544939,55339.008,3,-0.016677664799322933,12.734611221232745,36.256116368120196,3
2023,1,24.384885065564465,pnm,60,-0.021862876890196725,13.513183977158691,44.5837700656561,55339.008,3,-0.013919379305152546,16.7456786608124,31.32762932534754,3
2023,1,17.75520044671641,q5_19,60,-0.013777439570480832,12.239734522624877,31.063946254189133,55339.008,3,-0.007846555619085916,14.365384438075596,19.091961359792574,3
2023,1,60.85168875592606,u20m,60,-0.017240233554434957,38.20449832377489,37.21702863989237,55339.008,3,-0.012826986841920273,43.03918273113951,29.271999494100932,3
2019,2,10.927400399999982,hgap,60,-0.0019076933806914554,10.29990774390734,5.742378178918407,55339.008,3,-0.0031433024112452303,9.9128417034947,9.284538493760003,3
2023,2,14.890406477223301,nnm,60,-0.018642556950631172,9.00129186263511,39.54972366668641,55339.008,3,-0.017305315943141598,9.332226400529581,37.32725553997224,3
2023,2,23.550395934471723,pnm,60,-0.018901540076177746,14.137078840622031,39.970950467422995,55339.008,3,-0.016100544184035746,15.247688836391097,35.2550637415297,3
2023,2,15.125159841517299,q5_19,60,-0.014186143182990784,10.312262343892424,31.820473621798516,55339.008,3,-0.012382799927690247,10.82679385067338,28.418648370546567,3
2023,2,52.6391680190813,u20m,60,-0.017190679163888323,33.09268114065859,37.132970778218336,55339.008,3,-0.0151177953433848,34.99761819184184,33.514112192739326,3
2019,3,12.345733182678714,hgap,60,-0.0033982065492872858,11.111338895860053,9.998549851624356,55339.008,3,-0.006034405621225503,10.239409355686467,17.061148137782997,3
2023,3,17.452518559574266,nnm,60,-0.016918534575092535,11.05279718416418,36.66932857607114,55339.008,3,-0.016911225315617083,11.05497866900393,36.656829034344234,3
2023,3,23.965193025368592,pnm,60,-0.020421083928219376,13.80779407794285,42.383964680249086,55339.008,3,-0.0149906406119662,15.988267796075197,33.28546204843558,3
2023,3,16.440860895694186,q5_19,60,-0.013955431077477255,11.279344301528706,31.394442340408503,55339.008,3,-0.0098849731914191,12.589655415793136,23.42459743643759,3
2023,3,56.76625310879058,u20m,60,-0.017207353868385233,35.67119353577442,37.16126821438822,55339.008,3,-0.013862423792001265,39.04272547055008,31.221943791629094,3
2019,1,15.857995399999993,hgap,61,-6.093343092487214e-4,15.561259359708544,1.8712077586518252,2311.476,3,-4.937362741967988e-4,15.61712377723974,1.5189285700023134,3
2023,1,34.694428959084576,nnm,61,-0.014974899741112279,23.156067293914855,33.25710210932425,2311.476,3,-0.016009332906320495,22.51827353866881,35.09541959827384,3
2023,1,43.84680202246716,pnm,61,-0.019553726428359442,25.86139128776051,41.01875143708519,2311.476,3,-0.019257663669146118,26.06894781554225,40.54538389781657,3
2023,1,25.02844883715605,q5_19,61,-0.030532348243484407,10.975216976147943,56.14903245679909,2311.476,3,-0.026878036720756705,12.113325648828516,51.60177233658345,3
2023,1,100.12074915107571,u20m,61,-0.02003055442654187,58.29707843832902,41.77322989227487,2311.476,3,-0.019314916321146035,59.434460924841254,40.63721912911527,3
2019,2,13.640441999999979,hgap,61,-6.23070112289792e-5,13.614120677869614,0.19296531688903087,2311.476,3,-3.3976766059815586e-4,13.497523971493932,1.0477521806554906,3
2023,2,30.010778712115478,nnm,61,-0.015070799122190736,19.978266970346084,33.42969483733931,2311.476,3,-0.0143693625817777,20.360236709715558,32.15691966867876,3
2023,2,37.392419713639825,pnm,61,-0.01797475873968497,23.015076851439904,38.449886293278375,2311.476,3,-0.01388071105738815,25.705084270572044,31.255894998430744,3
2023,2,21.737433033772625,q5_19,61,-0.03305298632270977,8.90493100026092,59.034118764503305,2311.476,3,-0.022236120394754266,11.925280378713165,45.13942671986472,3
2023,2,86.57767653163539,u20m,61,-0.02021707400650481,50.1581496852489,42.065724451589816,2311.476,3,-0.015601218584944654,56.815495906427,34.37627552217034,3
2019,3,14.905299873086761,hgap,61,-5.921146529580312e-4,14.634200533758477,1.8188117088324083,2311.476,3,-5.955193945270665e-4,14.632656019471833,1.829173890739484,3
2023,3,32.283239539833716,nnm,61,-0.015007461498584451,21.52783470803998,33.31575450636803,2311.476,3,-0.015282929650510636,21.36831239147265,33.80988805319036,3
2023,3,40.675371995180456,pnm,61,-0.018766593328000392,24.50616647542057,39.75183194802924,2311.476,3,-0.016737185240221296,25.886427513549673,36.358473828790295,3
2023,3,23.38730526937627,q5_19,61,-0.031698057859499064,9.937801340467423,57.507711016710644,2311.476,3,-0.024725493169774283,11.996381344812587,48.70558533085533,3
2023,3,93.35718934402537,u20m,61,-0.020091391609059706,54.269659209111545,41.86879490434802,2311.476,3,-0.01759935404202597,58.046843017844566,37.82284639703603,3
2019,1,18.306782,hgap,62,0.0017008579189874862,19.297936783234007,-5.414139870316963,5493.035,3,-0.002909192395909077,16.728044594985967,8.623784371355008,3
2023,1,33.78977915428534,nnm,62,-0.019335195995545406,20.047572477767673,40.66971439431509,5493.035,3,-0.02331078641091757,18.00711813697011,46.708387602212596,3
2023,1,44.57805247701696,pnm,62,-0.03016419016474172,19.743187725008603,55.71096845204808,5493.035,3,-0.02846171829820916,20.671899106971455,53.62763073234472,3
2023,1,21.76531914506974,q5_19,62,-0.020735186223965352,12.434412246486342,42.87052643883251,5493.035,3,-0.0213469191858227,12.230722452383802,43.80637209652727,3
2023,1,96.9539520822702,u20m,62,-0.02374105598487386,51.07155218057939,47.32390884154711,5493.035,3,-0.024357917997715715,50.22798588198653,48.19397785933924,3
2019,2,13.819803199999996,hgap,62,0.0027455370897265575,15.047535562525816,-8.883862850708475,5493.035,3,-1.8426503782142944e-4,13.741086534006719,0.5695932485730083,3
2023,2,24.186749721226708,nnm,62,-0.020890139721483302,13.760073561792307,43.10904226326769,5493.035,3,-0.02454668502594668,12.46649262796022,48.45734639152688,3
2023,2,42.24497356705914,pnm,62,-0.031301804238779284,18.143940776383207,57.050651842445255,5493.035,3,-0.030845807620149122,18.36870813711009,56.51859479104222,3
2023,2,18.388665399612147,q5_19,62,-0.027017169523817986,8.86641804570688,51.78324335656306,5493.035,3,-0.02939324537509185,8.315463375758906,54.77940788495561,3
2023,2,82.59581831473362,u20m,62,-0.02670608811892583,40.16093167948708,51.37655573984054,5493.035,3,-0.0279482432603654,38.83634307788594,52.980255090034944,3
2019,3,16.16723704181277,hgap,62,0.0019151733334734633,17.15615777198309,-6.116819637225021,5493.035,3,-0.00207155072103653,15.16164247824502,6.21995311237792,3
2023,3,29.060860698552325,nnm,62,-0.01984802622764952,17.004798476294066,41.48556488851287,5493.035,3,-0.023721955770480817,15.316021997886448,47.29673647054294,3
2023,3,43.368705194006594,pnm,62,-0.0307138979110003,18.924603707166288,56.36345696163047,5493.035,3,-0.02959569136881397,19.50467997645459,55.02591122054049,3
2023,3,20.09653359727659,q5_19,62,-0.023589536386916965,10.62946497946701,47.10796800843566,5493.035,3,-0.024997780063239095,10.23289243672818,49.08130605113458,3
2023,3,89.83551268749834,u20m,62,-0.025048343085331215,45.68066385888543,49.150772904485876,5493.035,3,-0.025946722457929994,44.58595303274572,50.36934537476027,3
2019,1,7.389884599999988,hgap,63,-0.02278011827830113,3.6470858538975346,50.64759395704852,7305.661,3,-0.029205493919119262,2.9884109989133694,59.56078936721996,3
2023,1,9.657849258473341,nnm,63,0.020167547585804524,16.648077831422718,-72.37872932026228,7305.661,3,0.07816618361295044,79.69907159115984,-725.2258806093461,3
2023,1,23.546738795071185,pnm,63,0.10157520146279864,365.5919315709797,-1452.6223599486548,7305.661,3,0.23895660766765517,14925.340287903651,-63286.01883598348,3
2023,1,30.513826179713543,q5_19,63,0.12044012149172198,788.4454157195381,-2483.8956120282255,7305.661,3,0.24487011184910798,22689.848894537052,-74259.23886078208,3
2023,1,62.48474352647626,u20m,63,0.09019781146905329,713.5577217130345,-1041.9711139738988,7305.661,3,0.20460607949151086,15666.60364942145,-24972.686171438218,3
2019,2,7.799550299999993,hgap,63,-0.013121877008801252,5.1928770626449285,33.42081449689563,7305.661,3,-0.015814760188804476,4.776979831197853,38.753137713621044,3
2023,2,7.329163688442616,nnm,63,0.024810281662853706,14.321172260377166,-95.39981461950799,7305.661,3,0.08423431476225503,71.24950798306158,-872.1369451116935,3
2023,2,24.936143770662554,pnm,63,0.11794780284305198,602.3923545753872,-2315.7398197395046,7305.661,3,0.2706641566062489,37206.9383034569,-149108.86984631108,3
2023,2,31.884685166521542,q5_19,63,0.152990823868914,1984.015400469609,-6122.471352964138,7305.661,3,0.3351867980065955,271622.7276780985,-851790.8882415385,3
2023,2,62.94428965551746,u20m,63,0.11388478161241813,1362.5853237718259,-2064.7481149267155,7305.661,3,0.2603803931955217,71148.22531019896,-112933.6456246947,3
2019,3,7.562169157054427,hgap,63,-0.018247043079990144,4.295206953790818,43.20139017541017,7305.661,3,-0.021845162110066773,3.8418654740108096,49.19625051726202,3
2023,3,8.522170283385641,nnm,63,0.022524975076700614,15.655861186340372,-83.70744382874145,7305.661,3,0.081375635796996,76.69321193975155,-799.9258333205153,3
2023,3,24.226849373525372,pnm,63,0.10905041714345032,460.27436588934887,-1799.852344780447,7305.661,3,0.2535941664395444,22799.730398810763,-94009.34970242505,3
2023,3,31.18180581670171,q5_19,63,0.13527412476991874,1202.5939725849905,-3756.716893352125,7305.661,3,0.28480246087773864,68152.37059760108,-218464.54048308218,3
2023,3,62.70962452820095,u20m,63,0.10104051153809909,959.6884961556837,-1430.3687486186514,7305.661,3,0.22990454159294477,31130.320537293785,-49542.0139197202,3
2019,1,18.620518900000008,hgap,64,-0.0025869290355926113,17.185557300360678,7.706345925941565,31195.938,3,-0.00446692642124411,16.212611390690167,12.931473726598668,3
2023,1,25.586609060758608,nnm,64,-0.002067650385099107,24.197336634195633,5.429685595554979,31195.938,3,-0.0012607346434533539,24.730302057994283,3.3466998332249367,3
2023,1,46.659101115350765,pnm,64,-0.002788254548417024,43.27543396267258,7.251890996170444,31195.938,3,-5.569680001054067e-4,45.962684733379376,1.4925627912327464,3
2023,1,37.39007031912634,q5_19,64,-0.003144868501731457,34.34628014677257,8.140637731822506,31195.938,3,-6.536778590603198e-4,36.73595102319068,1.7494465518591251,3
2023,1,105.78529819950766,u20m,64,-0.0026445538118157865,98.49527706332681,6.89133675497337,31195.938,3,-7.250326625873882e-4,103.73459534267774,1.9385518514702955,3
2019,2,17.29740509999999,hgap,64,-0.0013161838694329298,16.605845901046376,3.9980517017180595,31195.938,3,-0.0019293341585862934,16.29318850127295,5.805591028951743,3
2023,2,22.17975938680221,nnm,64,8.448963853799451e-4,22.691543818205968,-2.3074390595431282,31195.938,3,-3.381880478288579e-4,21.978156117800044,0.9089515602325616,3
2023,2,38.633616673296565,pnm,64,-0.005566335217476093,33.24258533727289,13.954249692988068,31195.938,3,-0.0028869234840585454,35.73661743805692,7.498648805619186,3
2023,2,31.912337523419044,q5_19,64,-0.006155753082333515,27.025675484578397,15.312767468865431,31195.938,3,-0.006209600065216758,26.98641225398112,15.435802112029583,3
2023,2,89.95547746039767,u20m,64,-0.004159697624836589,80.39910282047339,10.623449410439092,31195.938,3,-0.003333861777744929,82.21194312872066,8.608185460508565,3
2019,3,18.040761757175062,hgap,64,-0.0019359803188365276,16.989888107332504,5.824995995108747,31195.938,3,-0.003214847746975913,16.329502801720654,9.485513851840633,3
2023,3,23.906877389033248,nnm,64,-7.602472349247158e-4,23.421150908019715,2.0317437242404104,31195.938,3,-8.667314199792386e-4,23.353910096935824,2.3130050951408894,3
2023,3,42.71009184898189,pnm,64,-0.004021535465529214,38.315471790281244,10.28941842185573,31195.938,3,-0.0015906942769179366,40.91458045652174,4.203951138313813,3
2023,3,34.682690297018205,q5_19,64,-0.004522397637944975,30.69611156848551,11.494433374089885,31195.938,3,-0.0031927015019339146,31.818178685727958,8.259196696562261,3
2023,3,98.00355217202672,u20m,64,-0.0033274538193915682,89.58272244603309,8.592371949143692,31195.938,3,-0.0019061482288416087,93.08729627371675,5.016405823413841,3
2019,1,18.107325599999996,hgap,65,-0.002382139092463653,16.818345317375375,7.118556937114012,21104.48,3,-0.0038943500659561537,16.04812039910363,11.372221643246782,3
2023,1,19.084315574735314,nnm,65,-0.046351563467386114,5.45959499348077,71.39224106779899,21104.48,3,-0.04236288496327134,6.080390552955285,68.13933133130128,3
2023,1,24.932632382450915,pnm,65,-0.053985912524287596,5.8040609988290495,76.72102604410799,21104.48,3,-0.0383991458907972,8.841004875270416,64.54042742196268,3
2023,1,16.443300219079248,q5_19,65,-0.04386840820765636,5.030257074861747,69.40847027152667,21104.48,3,-0.031172260821077824,7.08703508596407,56.90016607650971,3
2023,1,59.26846614947057,u20m,65,-0.04768919537413652,16.353944487852537,72.40700569741566,21104.48,3,-0.03690965766511596,21.878767357441664,63.08531538126012,3
2019,2,14.22021239999998,hgap,65,-0.002397918504663021,13.201479244987784,7.163979878473528,21104.48,3,-0.0028281980303802357,13.026558331158322,8.394066384280308,3
2023,2,13.81753170449306,nnm,65,-0.048095159657554024,3.771108116910974,72.70780196086166,21104.48,3,-0.04325463847042279,4.297626787848442,68.8972901979955,3
2023,2,21.428474314669764,pnm,65,-0.055856621865373726,4.742629945599558,77.8676266170159,21104.48,3,-0.04316298855895066,6.681349058053968,68.82022975625489,3
2023,2,11.257782315728049,q5_19,65,-0.05594054437264369,2.485975040043789,77.91771975755228,21104.48,3,-0.04297918488219432,3.5276137789761304,68.66510934353596,3
2023,2,45.81424114967281,u20m,65,-0.052581158197071654,11.077363631362099,75.82113475333377,21104.48,3,-0.04242424945579613,14.572559145178722,68.1920756963519,3
2019,3,16.33841940141602,hgap,65,-0.0036781783428988745,14.577741699133105,10.776303747780641,21104.48,3,-0.004071541011320878,14.401056638198163,11.857712276928991,3
2023,3,16.469075755364575,nnm,65,-0.04703634361480051,4.6251238461799,71.91631203303362,21104.48,3,-0.04267244521756819,5.203484018971768,68.4045170702624,3
2023,3,23.173584560256533,pnm,65,-0.05476100075467323,5.282851522736233,77.20313182883024,21104.48,3,-0.0405776914282062,7.747849840037836,66.5660277118903,3
2023,3,13.83762521262566,q5_19,65,-0.04889975116184453,3.6954342287074025,73.2943032353873,21104.48,3,-0.03605554795762611,5.227282538467964,62.224135585790314,3
2023,3,52.55535882806184,u20m,65,-0.049785156618065776,13.703726994507115,73.92515758604233,21104.48,3,-0.039297115716107986,18.189507986335503,65.38981296684965,3
2019,1,8.766996799999987,hgap,66,-0.010281648754719352,6.3742293419831455,27.292897586284564,23769.13,3,-0.015315721113513004,5.453223780107419,37.79826884267339,3
2023,1,40.019872283358026,nnm,66,-0.021844045137821143,22.188783625568572,44.5555861136628,23769.13,3,-0.021475421882008926,22.4107274225456,44.00100214246576,3
2023,1,59.14933120434285,pnm,66,-0.03412330518764763,23.540822541712505,60.20103344806019,23769.13,3,-0.03380025575586707,23.747051565854804,59.85237519623679,3
2023,1,31.638813919582343,q5_19,66,-0.01725754208879775,19.85450669827279,37.24636217799506,23769.13,3,-0.016347942886095358,20.348154046599472,35.6861034730341,3
2023,1,125.37816652775935,u20m,66,-0.02538227674047384,63.18159437052193,49.60717952712029,23769.13,3,-0.024872885525473443,64.05656961780704,48.90931061460003,3
2019,2,8.372008599999987,hgap,66,-0.0015027685924600576,7.990936847842198,4.55173627219864,23769.13,3,-0.0015769163196416081,7.972590137641542,4.770879742747103,3
2023,2,33.11131403842837,nnm,66,-0.021587640737938153,18.48590847716554,44.17041723046345,23769.13,3,-0.022904574992241057,17.84014960482281,46.12068375142748,3
2023,2,55.22097598634501,pnm,66,-0.03608883809292331,20.84145959009652,62.2580745489718,23769.13,3,-0.03572645294087238,21.04638163335368,61.88697997920572,3
2023,2,33.56243030698314,q5_19,66,-0.023645058809793795,17.72525941560115,47.18719933725074,23769.13,3,-0.025145643650700843,17.021460277172636,49.28418436482807,3
2023,2,117.16300178565697,u20m,66,-0.027722967899797713,55.42584546407957,52.69338902268995,23769.13,3,-0.028230982566713792,54.67079275755119,53.33783538802779,3
2019,3,8.606538145186505,hgap,66,-0.006241722418632767,7.092435325050188,17.592472078719943,23769.13,3,-0.008864353917751444,6.538626920328755,24.027212683816416,3
2023,3,36.641779731542854,nnm,66,-0.02175093623631481,20.36695701991753,44.41602681655565,23769.13,3,-0.02211351737812519,20.168543595236468,44.95752186983838,3
2023,3,57.16011494782847,pnm,66,-0.035048776822533156,22.187729033854485,61.18319731493576,23769.13,3,-0.03471429092430718,22.389016618682348,60.831050393937474,3
2023,3,32.591292890489676,q5_19,66,-0.020556326410464943,18.709367801289837,42.593968689258915,23769.13,3,-0.020869325807680993,18.5519214637727,43.07706194378605,3
2023,3,121.30987498467161,u20m,66,-0.026492937944567706,59.32548026231111,51.09591839097409,23769.13,3,-0.026466469615444056,59.36789206629452,51.06095684807516,3
2019,1,18.238041899999985,hgap,67,-0.003402543814967007,16.412295321267337,10.010650204354722,5022.442,3,-0.006954953476738623,14.70086108280913,19.394520730818464,3
2023,1,22.712439449689033,nnm,67,-0.027331032986661664,10.858789857552955,52.190120829571974,5022.442,3,-0.029687736842189415,10.189358313091182,55.137543302374375,3
2023,1,19.528495237784327,pnm,67,-0.033936452601709854,7.811448960197806,59.99973953403242,5022.442,3,-0.03227555633616843,8.169720290256048,58.16513156400794,3
2023,1,14.490886660409096,q5_19,67,-0.02761161375987653,6.87578881802687,52.55094474782982,5022.442,3,-0.02023219263359328,8.391763965345621,42.089368566569746,3
2023,1,55.68260026973804,u20m,67,-0.029076307400358735,25.396399585447714,54.39078013163484,5022.442,3,-0.027666817748215243,26.381516595274707,52.621615248790135,3
2019,2,10.299474899999979,hgap,67,0.0018175524068492876,10.896449889422964,-5.796169175799311,5022.442,3,0.00106889590319863,10.646473242274084,-3.3690877024624424,3
2023,2,17.622585598777643,nnm,67,-0.027652391116112972,8.352549251726353,52.60315686986527,5022.442,3,-0.02991085885416984,7.858440388902328,55.40699550100405,3
2023,2,16.77867889363349,pnm,67,-0.03748060355439087,6.0990478629784635,63.650011412443874,5022.442,3,-0.036559720866633685,6.252594537012521,62.7348817111876,3
2023,2,11.11207252655011,q5_19,67,-0.027629075433509433,5.270088183858998,52.573310052943235,5022.442,3,-0.029456858224642078,5.016321821344591,54.85700971300289,3
2023,2,44.83866962665428,u20m,67,-0.030838785522791047,19.500180448679714,56.510350081645015,5022.442,3,-0.03175780892389728,19.02226409215852,57.57620765614607,3
2019,3,14.479763119203994,hgap,67,-0.0012377818508984896,13.934681301011251,3.764438780561409,5022.442,3,-0.004287595662068178,12.67759880174104,12.44608977803517,3
2023,3,20.188734985993776,nnm,67,-0.02745598247958956,9.61970162360743,52.35114220736844,5022.442,3,-0.02972957095089477,9.046938011712978,55.18818777902915,3
2023,3,18.176574964269165,pnm,67,-0.03554957847502416,6.9608044973778656,61.70453173350229,5022.442,3,-0.034241928571885086,7.210956487661591,60.32829891309765,3
2023,3,12.802916461281843,q5_19,67,-0.02723652851853382,6.13669745398566,52.06797238313585,5022.442,3,-0.02392124089076626,6.711345748102561,47.57955526462435,3
2023,3,50.31477468286716,u20m,67,-0.029758922467759418,22.529101164906628,55.22368666677527,5022.442,3,-0.029383267345186148,22.75876957455374,54.76722350839942,3
2019,1,10.776291399999991,hgap,68,0.0025643982120518325,11.667939010175102,-8.274160163997719,1273.593,3,0.0021901033811017713,11.533336698009657,-7.025100472038711,3
2023,1,8.916999737811661,nnm,68,-0.0060534066846413825,7.572456786478081,15.078423134097203,1273.593,3,-0.005353679320476079,7.716880453955936,13.45877895192413,3
2023,1,6.345928770327025,pnm,68,1.1246181703965519e-4,6.36522727151851,-0.30410838019050573,1273.593,3,-0.017612319754621318,3.9443368266224024,37.84460920731169,3
2023,1,6.566228476500902,q5_19,68,0.012801541559498152,9.277399094156682,-41.289617431962164,1273.593,3,-0.004056438709922805,5.885053138860942,10.373920738179262,3
2023,1,21.67272202449444,u20m,68,0.0010869536502820854,22.318192851307447,-2.978263764392391,1273.593,3,-0.008546572859264768,17.206667482467335,20.606800276308558,3
2019,2,11.41837529999998,hgap,68,-9.970399658062678e-4,11.070851764050287,3.043546273607709,1273.593,3,-0.0010586419762779187,11.049730349338788,3.228523682009233,3
2023,2,8.406063550939026,nnm,68,0.002617999914291946,9.021758713823113,-7.324417179968965,1273.593,3,-0.027058063195514494,4.048658495072946,51.83645150266943,3
2023,2,4.878955155185549,pnm,68,-0.01259423616534574,3.4725413830226435,28.82612623869094,1273.593,3,-0.03599469710709098,1.8460980832156264,62.16201984858338,3
2023,2,3.2320660292068926,q5_19,68,4.033596347897017e-4,3.2674578949464297,-1.0950229797199356,1273.593,3,-0.019074683838955987,1.9311295805897866,40.25092423425332,3
2023,2,16.43326642667786,u20m,68,-0.0025182593944408803,15.353058689206458,6.573298998656696,1273.593,3,-0.028069826468367864,7.70155615372828,53.134355923144234,3
2019,3,11.059900041778064,hgap,68,2.5436336287087968e-5,11.068624504500402,-0.07888373935914099,1273.593,3,1.255679766057227e-4,11.103035789935078,-0.39001933104341474,3
2023,3,8.63258216562898,nnm,68,-0.0023819056747028887,8.094883660007628,6.228709965393933,1273.593,3,-0.015786215317350562,5.636796202131048,34.703242969708306,3
2023,3,5.661387192442802,pnm,68,-0.004886599251118473,4.961612404243542,12.36048276530822,1273.593,3,-0.025737579728551195,2.8256948431151483,50.088295552597515,3
2023,3,4.889945381364225,q5_19,68,0.007900025914103636,6.052563090499097,-23.775678836120637,1273.593,3,-0.010607911516148816,3.672114018379835,24.904805023499712,3
2023,3,19.065384603200176,u20m,68,-6.251921506275959e-4,18.74625835867844,1.673851596301764,1273.593,3,-0.017373098263465538,11.926952001743992,37.44184945662192,3
2023,1,5.347467503236003,q5_19,69,0.02443423615119895,10.343387855720488,-93.42591328439526,316.029,3,0.007143524566333248,6.485041701779593,-21.27313906732843,3
2023,1,17.894057440342227,u20m,69,0.03192481018806892,42.369914480194424,-136.7820413087044,316.029,3,0.015192288076957716,26.96825542322815,-50.71067874426348,3
2023,2,3.080956640325483,q5_19,69,0.008157113325308885,3.8400377836817206,-24.637839215940595,316.029,3,-0.028433491980634207,1.429801842213554,53.59227638911189,3
2023,2,12.98686949815886,u20m,69,0.019068173223824526,21.731862149572226,-67.33718740034415,316.029,3,-0.00758822273771056,10.580966718420873,18.525656087320122,3
2023,3,4.180556111293754,q5_19,69,0.018410118861830395,6.872428161301554,-64.3902863242457,316.029,3,-0.006146213290602098,3.5413093081405975,15.290951398217906,3
2023,3,15.426725532962982,u20m,69,0.026474668340805873,31.529306384647676,-104.38106788947259,316.029,3,0.005577584495925603,17.933961592396837,-16.252548566295104,3
2019,1,7.43057300000001,hgap,70,-0.028216058925934418,3.0984597985146185,58.30119967175325,37712.517,3,-0.034012442993430536,2.5888590120122763,65.1593623800981,3
2022,1,217.68113999999997,math,70,0.006074058782729264,258.0375139923917,-18.539214739683814,37712.517,3,0.006074058782729264,258.0375139923917,-18.539214739683814,3
2023,1,9.957739820379146,nnm,70,-0.04124011145327979,3.27025221185227,67.15868991516035,37712.517,3,-0.0331825004674335,4.0650360345951375,59.177121435973014,3
2023,1,8.619876894803147,pnm,70,-0.046317021111366374,2.4682545310002184,71.36554777843395,37712.517,3,-0.03657612378664297,3.2107850175226953,62.75138198947538,3
2023,1,6.466728698651836,q5_19,70,-0.032712561015113016,2.6736142868559614,58.65584576923185,37712.517,3,-0.01508044199078502,4.303800356357618,33.4470246563017,3
2023,1,24.838929583636205,u20m,70,-0.04051245548695914,8.319281272149102,66.50708620861901,37712.517,3,-0.02961131256384908,11.166371583623867,55.044876044174494,3
2019,2,9.180354999999992,hgap,70,-0.012938494375274301,6.147051581846609,33.04124315621112,37712.517,3,-0.0137956555799569,5.985863176565659,34.79704023901402,3
2022,2,213.9219,math,70,7.101918430674203e-4,218.21839358333398,-2.008440268777523,37712.517,3,7.101918430674203e-4,218.21839358333398,-2.008440268777523,3
2023,2,7.199670862904202,nnm,70,-0.039593809104631526,2.4719380180248116,65.66595799870105,37712.517,3,-0.0334285008011427,2.9196559671236724,59.447368876721924,3
2023,2,8.186275505382422,pnm,70,-0.04491534175238865,2.4345082997773826,70.26109983500177,37712.517,3,-0.03595999132919277,3.1004252121483225,62.12654692466906,3
2023,2,4.7272805000684315,q5_19,70,-0.023151895583957294,2.530074905606148,46.47927269030212,37712.517,3,0.005763919227526726,5.523302217169265,-16.838893251401316,3
2023,2,19.98183331365222,u20m,70,-0.037958817288956226,7.170213705304718,64.11633711104075,37712.517,3,-0.025808871277462054,9.954094777692791,50.1842767805903,3
2019,3,8.216426952936047,hgap,70,-0.020847539004674998,4.305364176581915,47.60052999627238,37712.517,3,-0.024718052939306824,3.818569195074872,53.525185376225494,3
2022,3,215.8272,math,70,0.0034537129833585034,237.74104879112406,-10.153423104744933,37712.517,3,0.0034537129833585034,237.74104879112406,-10.153423104744933,3
2023,3,8.595519422950664,nnm,70,-0.040537757177146624,2.8769238807929436,66.5299589328907,37712.517,3,-0.033307221302067445,3.4971421102135256,59.31435974798799,3
2023,3,8.421721165656425,pnm,70,-0.04565122495755238,2.4552562815891976,70.84614613457313,37712.517,3,-0.03623627037966015,3.165892230017626,62.40801413696694,3
2023,3,5.617696172734998,q5_19,70,-0.028992012111285236,2.568025508970413,54.286856568817264,37712.517,3,-0.007006050327732138,4.649493492554549,17.234870851142457,3
2023,3,22.467356665952344,u20m,70,-0.03942951433506696,7.74824645479356,65.51331529562859,37712.517,3,-0.0280177692560347,10.544281457277279,53.06843784940497,3
2019,1,19.48563200000001,hgap,71,0.0030222848715332875,21.399513850186587,-9.822015781610656,33635.165,3,1.9738119061010195e-4,19.60522652994458,-0.6137575108909531,3
2023,1,27.925232651352182,nnm,71,-0.03417028388946184,11.09986572277605,60.25148344739546,33635.165,3,-0.03101949481225743,12.085474975538377,56.72202582364813,3
2023,1,42.19661618665149,pnm,71,-0.03394980439205555,16.87267271548114,60.01415696261765,33635.165,3,-0.028160370463889438,19.72742954806374,53.2487878629843,3
2023,1,21.487301122085857,q5_19,71,-0.03500900373612788,8.349644927233758,61.14149059580347,33635.165,3,-0.028798883410316202,9.873873843021132,54.047863959647266,3
2023,1,88.94938992299939,u20m,71,-0.03304885044415782,36.442970748272444,59.0295439015153,33635.165,3,-0.02824710192196811,41.48765045461512,53.358139397549955,3
2019,2,14.940221199999996,hgap,71,0.0011334245390091536,15.474494403239675,-3.576072911421675,33635.165,3,0.0012519170351343867,15.531440884546306,-3.9572351482072445,3
2023,2,21.36199815860005,nnm,71,-0.03552934122246047,8.18514841698907,61.68360114901591,33635.165,3,-0.03388705570078336,8.556258919826274,59.94635494160624,3
2023,2,39.21282751071753,pnm,71,-0.038781973845528436,13.761717346206883,64.9050623996814,33635.165,3,-0.03353147735802899,15.85768176749489,59.55996347582761,3
2023,2,15.619807459699707,q5_19,71,-0.05462981869189698,3.573461425893585,77.12224407942679,33635.165,3,-0.05348900676833077,3.6852436212861917,76.40660020429571,3
2023,2,74.42388582192872,u20m,71,-0.04010502742937101,25.202449589241184,66.1366115046154,33635.165,3,-0.03683287997540248,27.53035397800775,63.00871195589193,3
2019,3,17.375206924526935,hgap,71,0.0020884118092558525,18.537302749594325,-6.6882416429065294,33635.165,3,5.782893341232054e-4,17.689500474910965,-1.8088622008890767,3
2023,3,24.645965053021445,nnm,71,-0.03465673086710756,9.668580110014117,60.770129758709494,33635.165,3,-0.03221725257044117,10.326850811724404,58.099223181125154,3
2023,3,40.6876669441667,pnm,71,-0.03624585780556289,15.291343168549254,62.41774395781241,33635.165,3,-0.030693937391210735,17.764262483696104,56.33993340519387,3
2023,3,18.557014831349417,q5_19,71,-0.043706354770458145,5.70176796924998,69.27432552558152,33635.165,3,-0.039504123890318966,6.386820246647466,65.58271734601489,3
2023,3,81.69407156283171,u20m,71,-0.036248543021611915,30.700249271688033,62.4204686039229,33635.165,3,-0.032128036415572936,34.31300553844878,57.998169411769,3
2019,1,14.036687900000004,hgap,72,-0.0025941908081273278,12.952056144219737,7.727120268737088,2963.102,3,-0.004957052923024996,12.037247798616304,14.244386678880984,3
2023,1,16.576133347897155,nnm,72,-0.015399521300591834,10.937276700985057,34.017925221550186,2963.102,3,-0.0193105521548838,9.841213262514673,40.6302238527592,3
2023,1,24.317142767598998,pnm,72,-0.027680537288181206,11.516802529408572,52.639162259005374,2963.102,3,-0.024601611278743718,12.51512685144826,48.53372795045704,3
2023,1,16.333312076352023,q5_19,72,-0.028461771917590983,7.574132824427919,53.627697866656014,2963.102,3,-0.027204391837288,7.835683653781894,52.026364174314104,3
2023,1,56.16216505012439,u20m,72,-0.024000199342111818,29.377760079389567,47.691190228919965,2963.102,3,-0.02336140568466938,29.888845690063743,46.78117258587142,3
2019,2,10.105089099999987,hgap,72,0.0017624289899743407,10.672544048412574,-5.615536318354561,2963.102,3,0.0015739913902579339,10.610381422625744,-5.000374738167906,3
2023,2,11.89892160579499,nnm,72,-0.015620171160365981,7.804520782655245,34.40984787348879,2963.102,3,-0.0200125906654125,6.9317189465782905,41.74498180404502,3
2023,2,21.61038361827572,pnm,72,-0.03439439215033291,8.53798758450505,60.49127245809489,2963.102,3,-0.043189058865591524,6.733326715399808,68.84216942032675,3
2023,2,10.79934869874588,q5_19,72,-0.05859105360462578,2.2200448076688986,79.44278984225492,2963.102,3,-0.06943151337559642,1.6567120832461142,84.65914816290257,3
2023,2,43.69241193784224,u20m,72,-0.03582689740962266,16.607397308522415,61.99020248150078,2963.102,3,-0.04344706613089535,13.519102180254936,69.0584667207489,3
2019,3,12.195200387844721,hgap,72,-0.0014892717379195286,11.644978297101641,4.511792125133928,2963.102,3,-0.003448610572174804,10.958720541192388,10.139069530048603,3
2023,3,14.246873648211025,nnm,72,-0.015421513767867889,9.394802565572807,34.05709352414655,2963.102,3,-0.019546973494949695,8.404516207938554,41.00799645265397,3
2023,3,22.95602080562564,pnm,72,-0.030905335499501342,9.965570357323873,56.58842426697185,2963.102,3,-0.03356734189386712,9.274438016432434,59.59910432665393,3
2023,3,13.580351896645858,q5_19,72,-0.04139642793786793,4.441181658481125,67.29700605491652,2963.102,3,-0.04490052177996127,4.040263637279914,70.2491977525428,3
2023,3,49.95540789917907,u20m,72,-0.029271114239531305,22.664746076902375,54.63004501405577,2963.102,3,-0.032300509287820134,20.884703785211443,58.19330746460656,3
2019,1,13.521792699999992,hgap,73,-0.0034421287498942466,12.153250522618345,10.121011375818886,26159.863,3,-0.006684086386926591,10.99121129188376,18.71483659201663,3
2023,1,36.74021956072944,nnm,73,-0.0066625732804000744,30.691402830051278,16.46374682296012,26159.863,3,-0.006526169990103625,30.804644254748855,16.155524863343366,3
2023,1,85.8788709661098,pnm,73,-0.013523527579701078,59.60876229436712,30.58972291579101,26159.863,3,-0.014831778943108276,57.539967587245656,32.99869113329106,3
2023,1,21.062631111450347,q5_19,73,-0.030282118385751743,9.298780258465118,55.85176320440806,26159.863,3,-0.031846618668901795,8.914166286734186,57.677812237388764,3
2023,1,138.01028938667216,u20m,73,-0.013794856911725172,95.09411700903124,31.096357067551658,26159.863,3,-0.014652474523039772,92.91744688398038,32.67353666388766,3
2019,2,10.54627579999999,hgap,73,0.002500743961184826,11.396381077477113,-8.06071539943156,26159.863,3,0.0019290160014517888,11.196175971755281,-6.162366546068254,3
2023,2,28.653448769827477,nnm,73,-0.006668616202438793,23.932112452728987,16.477375393883232,26159.863,3,-0.006535015613932149,24.018596638829514,16.175547202815366,3
2023,2,86.28290778667535,pnm,73,-0.0145466681962648,58.25742087925618,32.480925395686704,26159.863,3,-0.01573304076033466,56.42088673734457,34.60942823480315,3
2023,2,24.69389883842432,q5_19,73,-0.03343782212833588,10.01150573474949,59.45757370978074,26159.863,3,-0.03183395760086656,10.454571504622606,57.663341973544355,3
2023,2,134.38077655245328,u20m,73,-0.015856352376150618,87.58028119583138,34.82677847032244,26159.863,3,-0.016120574159584677,86.95770786318214,35.29006894134173,3
2019,3,12.069945533407633,hgap,73,-8.268265598531333e-4,11.764504433401882,2.5305921982857367,26159.863,3,-0.0029182672345911876,11.025957198253742,8.649486712796692,3
2023,3,32.847102761292064,nnm,73,-0.006654819368194209,27.44498408450479,16.446256207269766,26159.863,3,-0.00651909306086651,27.545743765525927,16.139502574374397,3
2023,3,85.97939996621984,pnm,73,-0.014038117253620896,58.85510444250593,31.54743523956981,26159.863,3,-0.015286695801981586,56.90407444181147,33.81661832465879,3
2023,3,22.848729207320282,q5_19,73,-0.031969567543588574,9.638034304973676,57.818072867326734,26159.863,3,-0.03183579425053438,9.67290866089952,57.665441376930005,3
2023,3,136.20055195652503,u20m,73,-0.014796197431195068,91.34386448097908,32.93429199160964,26159.863,3,-0.015362375464792776,89.95812719721259,33.9517161237885,3
2019,1,12.231928600000003,hgap,74,-0.01688966816554598,7.2461472826526645,40.760386038775096,227882.95,3,-0.022919700901012873,6.010686110607037,50.860683485292455,3
2023,1,43.746550981485875,nnm,74,-0.013069257551934088,30.73932627801731,29.733143325912476,227882.95,3,-0.018110254579742868,26.827725902314782,38.674649085664754,3
2023,1,69.52483095973894,pnm,74,-0.027155077566813367,33.398028605515755,51.96244543930472,227882.95,3,-0.032662859368785394,28.78305269362965,58.6003269676447,3
2023,1,65.7238428684288,q5_19,74,-0.011909706675601317,47.65081265223905,27.49843805142341,227882.95,3,-0.016836777348942712,41.715333722671865,36.52937518248754,3
2023,1,168.7090199384329,u20m,74,-0.0172399561784796,105.92132892769887,37.21655844699186,227882.95,3,-0.022005246233679186,93.13348690917991,44.79637962263833,3
2019,2,12.223937699999993,hgap,74,-0.0013148237836219322,11.735713149222127,3.9940039188670515,227882.95,3,-0.0023399286683635444,11.368636129762793,6.996939866907216,3
2023,2,34.764364294607034,nnm,74,-0.012708131061708627,24.667172446913224,29.044661257505517,227882.95,3,-0.01982634502681444,20.35408302622847,41.45130095364355,3
2023,2,65.47800679097871,pnm,74,-0.027901924719763382,30.82611883183152,52.92141538419796,227882.95,3,-0.03413128312938074,26.05395727940195,60.209605398386145,3
2023,2,79.82459813471965,q5_19,74,-0.009707403075289545,61.41977312808789,23.05658335488268,227882.95,3,-0.016519640403459768,51.100864422908636,35.983561938306394,3
2023,2,169.97056578597946,u20m,74,-0.01616249754880812,109.86340767842829,35.363274711479065,227882.95,3,-0.02224130179871331,93.23378267422837,45.147101062412865,3
2019,3,12.235768414641711,hgap,74,-0.009685019194835266,9.062344890579833,25.935629185858552,227882.95,3,-0.013063692665860849,8.161182126361904,33.30061627681697,3
2023,3,39.36679120089844,nnm,74,-0.012881554001526796,27.802352514294515,29.376127273334887,227882.95,3,-0.018850902224523125,23.663842207632033,39.88882129897351,3
2023,3,67.4630819399028,pnm,74,-0.027511841380559156,32.09694315408283,52.42295158902568,227882.95,3,-0.03336593839901329,27.404306628297714,59.37881009837364,3
2023,3,72.69504308006658,q5_19,74,-0.010719956347530424,54.42558618724745,25.13164050635074,227882.95,3,-0.016673824719540063,46.343448406576286,36.24950692231733,3
2023,3,169.2961727934471,u20m,74,-0.016696920854360364,107.85986300097933,36.289249059058335,227882.95,3,-0.022117050066127675,93.17592110178852,44.962771712819816,3
2019,1,17.759220400000004,hgap,75,-0.002745567278087835,16.310225698534374,8.159112105313076,13954.474,3,-0.006482998301638787,14.525880098088178,18.206544144876002,3
2023,1,17.0772387243842,nnm,75,-0.030695115113422045,7.455696715880906,56.341321707735524,13954.474,3,-0.02932820455147196,7.736001756532632,54.69992613333576,3
2023,1,23.000066189918677,pnm,75,-0.039171477293110525,7.987415230150081,65.27220763542367,13954.474,3,-0.030538863944480178,10.083977390899921,56.15674621267002,3
2023,1,14.614504017137264,q5_19,75,-0.028467874603553912,6.775965373231108,53.63533811831402,13954.474,3,-0.02274250589593816,7.908726754283752,45.88439850569121,3
2023,1,53.719061626892106,u20m,75,-0.03308168317816551,21.989442632504048,59.06584745423775,13954.474,3,-0.02757210367976013,25.51639289623441,52.50030040833636,3
2019,2,13.641887799999978,hgap,75,-0.004816586286119096,11.749737145315713,13.870152594894293,13954.474,3,-0.0066035179182753366,11.116561119288463,18.511563192240295,3
2023,2,13.413579807078154,nnm,75,-0.029984841420218532,5.969581914545625,55.495982426737704,13954.474,3,-0.02907777436799721,6.117586795480128,54.392586591597535,3
2023,2,20.70519574982166,pnm,75,-0.0411392420808514,6.818402009883208,67.06912558437446,13954.474,3,-0.0376856117666156,7.48479143796246,63.850660827358126,3
2023,2,10.829790625467073,q5_19,75,-0.038613956241222436,3.8179892492179297,64.74549341480676,13954.474,3,-0.033346388586698604,4.401512518930508,59.35736274919279,3
2023,2,44.30434395744365,u20m,75,-0.03668158979894298,16.455829731500213,62.85729961985942,13954.474,3,-0.03358250320789367,17.892026082799823,59.615639270077146,3
2019,3,15.930570936293265,hgap,75,-0.003701615297604688,14.20352096813352,10.841105287853521,13954.474,3,-0.006127532877686992,13.174543493680948,17.300242744806425,3
2023,3,15.25280694426942,nnm,75,-0.030328159929886578,6.7254795394592755,55.90661073707432,13954.474,3,-0.02916662006137267,6.93974344584806,54.50186007595562,3
2023,3,21.868843638104487,pnm,75,-0.04009853949553364,7.406828852402717,66.13067899256919,13954.474,3,-0.03392774411397852,8.749651472568079,59.990333200231035,3
2023,3,12.718894459219365,q5_19,75,-0.03281893279428525,5.243438341067404,58.774417400195766,13954.474,3,-0.02711829019985492,6.115917539069111,51.91470800643406,3
2023,3,49.0390799659135,u20m,75,-0.034682063312233155,19.224813628738165,60.79695287492932,13954.474,3,-0.03022768742691806,21.681729991295775,55.78683367149935,3
2023,1,1.6691225831091394,q5_19,76,-0.0614123719404299,0.3179580085934537,80.95058974031848,874.883,3,-0.04249308091791981,0.529927488598149,68.25113422100897,3
2023,1,8.604540269954386,u20m,76,-0.021113497534616065,4.865772882414074,43.451099887293935,874.883,3,-0.01829141523637077,5.25101709874408,38.97387967280771,3
2023,2,1.0562660988752137,q5_19,76,-0.060897088051582206,0.2040314283875114,80.68370947389315,874.883,3,-0.04143285598294962,0.34509105458913814,67.32915550763057,3
2023,2,6.9707432322005936,u20m,76,-0.02902863519145642,3.183396478944885,54.332036442835395,874.883,3,-0.017607307003591633,4.333279141978263,37.83619626152417,3
2023,3,1.3669776222795527,q5_19,76,-0.06076226325521674,0.2650123314693045,80.61326482964851,874.883,3,-0.042294371150376583,0.43633462852045457,68.08033859450975,3
2023,3,7.800551980882142,u20m,76,-0.02453760998131558,4.021596762933857,48.444715543334326,874.883,3,-0.017981010250407083,4.800438275831489,38.46027450882237,3
2023,1,5.3241410772093545,q5_19,77,-0.006509027890307051,4.46606472207324,16.116709581742995,5.316,3,-0.006079438667053072,4.518167785706851,15.13809044152816,3
2023,1,21.908970215405944,u20m,77,-0.00658907830298241,18.338286589025746,16.297815877577698,5.316,3,-0.00615419293024253,18.55488214286649,15.309200019729488,3
2023,2,2.8276606520080128,q5_19,77,-0.007408931648256667,2.3149974605372505,18.13029406858647,5.316,3,-0.010118811233921577,2.151664743365841,23.906542963779096,3
2023,2,14.104430826658687,u20m,77,-0.0070125699066620585,11.671495691148289,17.24943860132182,5.316,3,-0.009525431201576673,10.905882784022952,22.67761160975161,3
2023,3,4.051181968560358,q5_19,77,-0.009952312825766496,3.0965736819007446,23.563698053258424,5.316,3,-0.013880919690536819,2.7849330984348364,31.25628223941518,3
2023,3,18.05521374093577,u20m,77,-0.007467918501610704,14.758227050676028,18.260579672810145,5.316,3,-0.008902499469031256,14.197515823830027,21.36611602863143,3
2019,1,13.41243080000001,hgap,78,-0.006709283546245448,10.893803688426186,18.77830461256749,230.882,3,-0.011474182271795818,9.39786276643398,29.931696151349595,3
2023,1,5.779694321691401,nnm,78,-0.06733026490755341,0.9384118472848944,83.76364224379479,230.882,3,-0.05833061470191914,1.1965282023724102,79.29772517757908,3
2023,1,8.687234692776657,pnm,78,-0.07267521425801089,1.2209434584704528,85.94554537031613,230.882,3,-0.061427393495068386,1.6541959287228927,80.9583142711876,3
2023,1,11.875371327710994,q5_19,78,-0.04492382607341261,3.530795907761796,70.26791154291959,230.882,3,-0.04003081132684505,4.0294694344506645,66.06868683720263,3
2023,1,26.120886884317017,u20m,78,-0.05909276228364004,5.297477036641029,79.71938295930667,230.882,3,-0.05083779815152898,6.620128018897566,74.65580687127323,3
2019,2,10.550747999999999,hgap,78,-0.002107536672064203,9.883464627104285,6.324512469596599,230.882,3,-0.0024801857290364104,9.769946599552219,7.400436447233695,3
2023,2,5.1819944694013875,nnm,78,-0.06481254152044098,0.9005508870561064,82.62153901603573,230.882,3,-0.055727444125390144,1.1509054995777994,77.79029857377,3
2023,2,7.788357405787982,pnm,78,-0.0741494312146084,1.0518971417361438,86.49397957835862,230.882,3,-0.06280231898834901,1.428989234928452,81.65223858542383,3
2023,2,9.386839333941577,q5_19,78,-0.07102477313243334,1.3793877796915215,85.30508800013402,230.882,3,-0.06476111038665158,1.633555057890383,82.5973898159345,3
2023,2,22.19546022053209,u20m,78,-0.06999338584081452,3.353707182732612,84.89012100037358,230.882,3,-0.06149515380564141,4.218664550104061,80.99311972724244,3
2019,3,12.19611353721109,hgap,78,-0.0035680140678147508,10.91904925931818,10.47107567502146,230.882,3,-0.005491212980654314,10.287090257654764,15.652718169044416,3
2023,3,5.48430293619934,nnm,78,-0.066155632574358,0.9191443653769891,83.24045232238825,230.882,3,-0.05715648814164807,1.1719450687123834,78.63092024007432,3
2023,3,8.24421584003221,pnm,78,-0.07332673013940724,1.138475549687459,86.19061446500154,230.882,3,-0.06204276759742004,1.5439701507877501,81.27207995585765,3
2023,3,10.619443706257448,q5_19,78,-0.05744192983714944,2.2518554641914004,78.79497715248014,230.882,3,-0.05138662224816546,2.651824336567395,75.02859462398372,3
2023,3,24.157439618197497,u20m,78,-0.06429388567315328,4.257395031153854,82.37646415166112,230.882,3,-0.05583013119845903,5.35044025953688,77.85179081848368,3
2019,1,7.6051809999999875,hgap,79,-0.002245417192320032,7.093804465425228,6.7240547539205275,18077.574,3,-0.00829633256590947,5.8805095482190035,22.677585869172436,3
2023,1,18.65575601703348,nnm,79,-0.037565288931121855,6.7658772698959035,63.73303090092744,18077.574,3,-0.03695755454284155,6.877813247135355,63.133023176034115,3
2023,1,21.073162246538658,pnm,79,-0.05163382480478522,5.227258899653652,75.19471051141247,18077.574,3,-0.04515688109321481,6.22618950931658,70.45441288556846,3
2023,1,17.42081465514156,q5_19,79,-0.027070071900100735,8.387762467752106,51.85206528056051,18077.574,3,-0.018652521583385085,10.528097684544118,39.565985328723606,3
2023,1,56.07133576925838,u20m,79,-0.039161691482990334,19.47748266175297,65.26303075442037,18077.574,3,-0.03399916903956228,22.390733025141813,60.06741641168867,3
2019,2,6.437119299999978,hgap,79,0.0010453305546538117,6.649132357315431,-3.2936014921372396,18077.574,3,0.0024616915632738935,6.947581162586575,-7.92997362324167,3
2023,2,14.026967533775606,nnm,79,-0.04005024654764262,4.757037366125407,66.0864876555042,18077.574,3,-0.04018492387669816,4.7397708208752025,66.20958300885573,3
2023,2,17.860123386390093,pnm,79,-0.05643499275409627,3.891620607933769,78.21056146286598,18077.574,3,-0.049033487352904095,4.7524787566011275,73.39056033497144,3
2023,2,13.968121233491338,q5_19,79,-0.03251231235673946,5.806309927900249,58.43170437282239,18077.574,3,-0.0367126223535708,5.183792207862894,62.88840767336895,3
2023,2,45.16278537182716,u20m,79,-0.043847578712584975,13.823759159411274,69.3912608675491,18077.574,3,-0.04193301548171595,14.557145856678078,67.7673869385414,3
2019,3,7.116904303942533,hgap,79,-0.0019447916517225216,6.700514408919305,5.850716508757356,18077.574,3,-0.004305428463183603,6.227684284358535,12.494477677484007,3
2023,3,16.378356814839886,nnm,79,-0.03867522332054789,5.764565182411205,64.80376360351288,18077.574,3,-0.03837672207442635,5.811212615223775,64.51895217010764,3
2023,3,19.501963187594672,pnm,79,-0.053714668939929267,4.573226966983752,76.54991488296515,18077.574,3,-0.046892739205540136,5.49814728512626,71.80721124207808,3
2023,3,15.758630128447804,q5_19,79,-0.029185942583039193,7.166143975295903,54.525590632656375,18077.574,3,-0.026280242692398304,7.750997983763679,50.81426544956202,3
2023,3,50.759148793206535,u20m,79,-0.0411259795213335,16.721418229305122,67.05733128538382,18077.574,3,-0.03737593678123359,18.503160963280454,63.547140952535315,3
2019,1,7.884801699999997,hgap,80,-0.016003788896175885,4.800977847043497,39.11098807921195,127.961,3,-0.018422000615846024,4.454233766107757,43.50861396922945,3
2023,1,7.4576643219427705,nnm,80,-0.004440960887354528,6.614977046603674,11.299613913429273,127.961,3,-0.016283668535428574,4.804645301935399,35.574395755536536,3
2023,1,7.9781471963509265,pnm,80,0.004180284535138324,8.93140650677171,-11.948379579368861,127.961,3,0.0057366114121514935,9.31470851650379,-16.752778399027097,3
2023,1,7.422446152037909,q5_19,80,0.010889597773218341,9.959509394598816,-34.18095854914798,127.961,3,-0.009295001925020595,5.775030980374389,22.195043762105374,3
2023,1,22.68462947007488,u20m,80,0.003326803129690381,24.816562271232026,-9.39813808274695,127.961,3,-0.006491072938928255,19.03784061652963,16.076034472399144,3
2019,2,7.895643199999995,hgap,80,-0.011665258116079968,5.499670118994645,30.345508533178794,127.961,3,-0.011944669333106806,5.452239078238269,30.94623274974897,3
2023,2,6.191065417787465,nnm,80,-0.0031613606348563916,5.68454139097209,8.181532460634129,127.961,3,-0.01279776857578967,4.382272561673755,29.21618064181477,3
2023,2,7.113690085783331,pnm,80,0.0024862983200273137,7.6076259845921905,-6.943455405739251,127.961,3,0.0018816509332146847,7.4844361456029,-5.211726338212333,3
2023,2,2.9666006237226705,q5_19,80,0.017083148390636384,4.705169193268291,-58.604739567672546,127.961,3,-0.04621367148043047,0.8518435431502359,71.28553347092299,3
2023,2,16.187975563644486,u20m,80,0.0027295497972799954,17.426056080352183,-7.648149157626733,127.961,3,-0.013144814702730212,11.351600196932033,29.87634462195601,3
2019,3,7.277469455317231,hgap,80,-0.0159402393021169,4.439917437544922,38.99091621331466,127.961,3,-0.017034303717771503,4.291858192387766,41.0254042460879,3
2023,3,6.832409008007924,nnm,80,-0.003822740764824495,6.16238156520279,9.806606162187137,127.961,3,-0.014570220561275526,4.610246683288262,32.52384806171846,3
2023,3,7.5565930445988805,pnm,80,0.0033393607661627465,8.269575468711748,-9.435236486930787,127.961,3,0.0037179172019775387,8.354532430065937,-10.559512478145013,3
2023,3,5.247588347318088,q5_19,80,0.010700470224094927,7.005400171426328,-33.497517483562014,127.961,3,-0.023810369780916617,2.759056089188275,47.4223985081002,3
2023,3,19.509724037628963,u20m,80,0.0026338581220409106,20.947664892288586,-7.370380287728441,127.961,3,-0.01025052022975439,14.792924078949646,24.176661594914876,3
2019,1,17.353886399999993,hgap,81,-0.0024008837036284094,16.10917662778154,7.172513081671743,8460.523,3,-0.005088738637200674,14.821303679185412,14.5937495638705,3
2023,1,33.15854060354998,nnm,81,-0.028536559733022538,15.345360883133488,53.721241635433735,8460.523,3,-0.029157722767053508,15.090143824365597,54.49092888379401,3
2023,1,73.39435017829233,pnm,81,-0.04091682180227156,24.314983638272363,66.87076923604407,8460.523,3,-0.03840954573140785,26.01801609689213,64.55038291954601,3
2023,1,27.3799938647582,q5_19,81,-0.0488833064651006,7.315265442414036,73.28244309130477,8460.523,3,-0.033372715761392155,11.12004427328681,59.386242640471046,3
2023,1,128.64845091974996,u20m,81,-0.0377715693558355,46.397757346017954,63.93446091709214,8460.523,3,-0.033660704490569945,51.844273052968504,59.70081825135336,3
2019,2,13.025611699999985,hgap,81,-0.001647122841937776,12.377208311742388,4.977911235121477,8460.523,3,-0.002358950870796317,12.107075975877324,7.051766514141228,3
2023,2,25.52184734913465,nnm,81,-0.030589604646308288,11.174289048953206,56.216770298439684,8460.523,3,-0.03141021304605749,10.929429356467159,57.176182401867806,3
2023,2,66.49493510826775,pnm,81,-0.04382743687038486,20.36433294262159,69.37461039782329,8460.523,3,-0.04151189641798059,21.678144295680514,67.39880374289571,3
2023,2,20.6748069351772,q5_19,81,-0.08387674206264614,2.1473700634682635,89.61359073290976,8460.523,3,-0.06715767535876686,3.37251470075538,83.68780559194869,3
2023,2,109.12717326584287,u20m,81,-0.047550516341110516,30.224413387728138,72.3034946446391,8460.523,3,-0.042576605943925296,34.56859354546271,68.32265281787264,3
2019,3,15.292394614640244,hgap,81,-0.0021616157650513833,14.301229778777941,6.481423353497608,8460.523,3,-0.004300315264447985,13.38381107169631,12.480606151222007,3
2023,3,29.35664751596641,nnm,81,-0.029561430545781107,13.215103592934197,54.98428904136004,8460.523,3,-0.030431815675148854,12.9081641183177,56.029842606185724,3
2023,3,69.88140908454542,pnm,81,-0.042374619740098485,22.25763100715987,68.14942443385526,8460.523,3,-0.04005418453922296,23.696720590315948,66.09009334421594,3
2023,3,24.054544842634474,q5_19,81,-0.06532382135512793,4.12299885846841,82.85979266936378,8460.523,3,-0.048479970824166684,6.497157289681289,72.98989720160627,3
2023,3,118.9033387774715,u20m,81,-0.04238300989445572,37.86281957408038,68.15663886029228,8460.523,3,-0.037906961263826665,42.72665352060636,64.06606075160798,3
2019,1,12.565013300000004,hgap,82,-0.0029560401765690524,11.464771478541785,8.756392016379472,18358.622,3,-0.005904300869328338,10.463394233834324,16.7259597422446,3
2023,1,35.36075538264256,nnm,82,-0.024038315605662587,18.477764288210494,47.74499557981551,18358.622,3,-0.04387046675732522,10.816794771834756,69.410170527227,3
2023,1,76.37927130739408,pnm,82,-0.03531681934635591,29.43419868898668,61.46310617375943,18358.622,3,-0.059214010894507396,15.439560007103836,79.78566731153249,3
2023,1,48.229058776877885,q5_19,82,-0.0253761621821873,24.3079957556796,49.59885933471004,18358.622,3,-0.046265105323782765,13.829498383482797,71.3253819705207,3
2023,1,152.00939885046304,u20m,82,-0.02829469210509785,70.80896851652886,53.41803266639708,18358.622,3,-0.049139917683812054,40.332781540225554,73.46691596359622,3
2019,2,10.503935899999988,hgap,82,-0.002188013472281547,9.815096081228349,6.55792100532182,18358.622,3,-0.002684615719202821,9.665153042515579,7.985414852773521,3
2023,2,27.578245097696318,nnm,82,-0.024044108296060518,14.408759450541432,47.753167761406864,18358.622,3,-0.046756225703432006,7.803787141483061,71.70310469778612,3
2023,2,71.53830575150022,pnm,82,-0.037319451526472223,26.117559340905693,63.49150421365971,18358.622,3,-0.06450819502397902,12.534837719913286,82.47814567561181,3
2023,2,38.82358525154706,q5_19,82,-0.0364808397687725,14.49850086562228,62.65543027084409,18358.622,3,-0.06165402529648363,7.347567060531856,81.07447570098111,3
2023,2,132.19577039656616,u20m,82,-0.03289010473429146,54.39385049524797,58.85356215855082,18358.622,3,-0.05738944542148481,28.071895243077282,78.76490665407366,3
2019,3,11.603002611212617,hgap,82,-0.002382161208938349,10.77702887506961,7.118620617604822,18358.622,3,-0.0043802857323184344,10.12973393346515,12.697305405445364,3
2023,3,31.55820264076097,nnm,82,-0.023993990201705805,16.510487884834376,47.68242008970047,18358.622,3,-0.045115184117692574,9.334559357683863,70.4211311906996,3
2023,3,73.96124528237391,pnm,82,-0.0362664880412785,27.780825888837434,62.43867206024717,18358.622,3,-0.061712851917580025,13.975338517768412,81.10451160683886,3
2023,3,43.59601741529451,q5_19,82,-0.030401286718548404,19.185044843019067,55.99358386280372,18358.622,3,-0.05316207189472762,10.376979689285962,76.19741365263913,3
2023,3,142.28291044817453,u20m,82,-0.030400182319845027,62.61547675228682,55.99227162625829,18358.622,3,-0.05291729683784574,34.091578467562314,76.03958313744228,3
2019,1,14.1565607,hgap,83,0.0039475100224596995,15.999396152223754,-13.01753647143797,63212.389,3,0.010964581748551172,19.88727747775031,-40.48099604977012,3
2023,1,14.299758456129018,nnm,83,0.008041188583706305,17.76721202641963,-24.248336647983233,63212.389,3,0.014484008304632302,21.143042047670455,-47.85593835403799,3
2023,1,26.326901893468204,pnm,83,-0.021999214900788867,14.535769877472987,44.78738920252762,63212.389,3,0.009717899974332766,34.225623934566464,-30.002474552685445,3
2023,1,14.88509671913918,q5_19,83,-0.017128574358040716,9.373522735294193,37.02746503997003,63212.389,3,-0.007756509626410768,12.072555455478952,18.895015039061697,3
2023,1,54.53616072970458,u20m,83,-0.013515330161277993,37.86207937155756,30.574358618290177,63212.389,3,0.005976834746187443,64.08680672539349,-17.512501554747136,3
2019,2,11.782493099999982,hgap,83,0.006448222054649922,14.389656903265399,-22.12743755619446,63212.389,3,0.00840019425595706,15.287275506586543,-29.74567756450938,3
2023,2,11.546268173655369,nnm,83,0.007126499024129452,13.996086524339852,-21.21740387317635,63212.389,3,0.018666254775060055,19.112664188214698,-65.5310954220105,3
2023,2,23.142624112320043,pnm,83,-0.023480247222668726,12.276777158449462,46.951663308078,63212.389,3,0.012873005892194467,32.76127822218426,-41.562504161935976,3
2023,2,11.07947092782724,q5_19,83,-0.023851530525492624,5.818849756058683,47.48079764852274,63212.389,3,-0.006631557448404557,9.263128836296204,16.39376197079144,3
2023,2,45.11977825184699,u20m,83,-0.0164932549866176,28.904659425189212,35.937939978670016,63212.389,3,0.00927198149018862,57.95484615524081,-28.446655548154013,3
2019,3,13.044654733192772,hgap,83,0.0051581577157855385,15.306557633339828,-17.339691593304746,63212.389,3,0.009685860059577056,17.61305014371513,-35.021206033900235,3
2023,3,12.937875476315106,nnm,83,0.007635819170405034,15.900112911119738,-22.8958567442351,63212.389,3,0.016389767895656604,20.13949527417209,-55.66307861782041,3
2023,3,24.751505726633425,pnm,83,-0.02272687391394266,13.400080694648938,45.86155346407869,63212.389,3,0.011018347528554706,33.32746086917854,-34.648215899516394,3
2023,3,12.996008155827132,q5_19,83,-0.0201056057025363,7.551837351000056,41.89110024824066,63212.389,3,-0.007458239702168257,10.625638141809521,18.2392161161794,3
2023,3,49.87950769070193,u20m,83,-0.0148995473310368,33.35882893313164,33.12117445106604,63212.389,3,0.007339464443852872,60.81130996740879,-21.916419753967755,3
2023,1,25.85941163534755,nnm,84,-0.006622162457420577,21.625566193087078,16.372551324691297,11483.373,3,-0.05122929816874766,6.4849465173894965,74.92229672957778,3
2023,1,80.17143997112508,pnm,84,-0.00297364349827971,73.98622793601243,7.714981840591053,11483.373,3,-0.07621550140296343,10.24048317425966,87.22676906146637,3
2023,1,64.22407945623043,q5_19,84,0.023978692690592406,122.70743102483863,-91.0614088419366,11483.373,3,-0.04241083974291619,20.435744250360752,68.18055716269474,3
2023,1,161.50515943628398,u20m,84,0.005399441046703224,186.85295999946266,-15.694731147693606,11483.373,3,-0.05683252159645349,34.815371743588074,78.44318295148756,3
2023,2,20.0860360015151,nnm,84,-0.0055678028425532045,17.282495536827636,13.957659263759126,11483.373,3,-0.055883573390240394,4.442282699338571,77.88372629122298,3
2023,2,75.5865832671756,pnm,84,-0.004746933030763856,66.49399252387818,12.029371285586327,11483.373,3,-0.0841251200523466,7.798259408302731,89.68301109637639,3
2023,2,44.06611887188916,q5_19,84,-0.007357367230060951,36.12706445757174,18.016232465123977,11483.373,3,-0.07415540863117291,5.950618564559249,86.4961591424488,3
2023,2,134.07148501097953,u20m,84,-0.005433452541386785,115.77746104991228,13.64497749806314,11483.373,3,-0.07349557407039153,18.430236944148376,86.25342522115045,3
2023,3,23.13550206751788,nnm,84,-0.006185699179216364,19.576981169549448,15.38121320031596,11483.373,3,-0.05340198862139563,5.471291151976389,76.3511025781539,3
2023,3,77.77398384493827,pnm,84,-0.003814267804661586,70.16304491122678,9.785970265951388,11483.373,3,-0.08001216298328284,8.966349063028762,88.4712745576909,3
2023,3,54.29687868574329,q5_19,84,0.010280930279795531,71.66853866855679,-31.993846429656326,11483.373,3,-0.055762303462096076,12.047829859181538,77.81119255692144,3
2023,3,148.02565287392787,u20m,84,4.600563265517721e-4,149.8758237816029,-1.2498988329075609,11483.373,3,-0.06439785327757885,26.014226214493288,82.42586625397331,3
2019,1,11.708799800000008,hgap,85,-0.0027004545285846506,10.768514889323926,8.030583208674228,50042.8,3,-0.005504470989411203,9.87199615907014,15.687377633101795,3
2023,1,25.16648300146476,nnm,85,-0.026313571454863193,12.367185575201948,50.85850663168888,50042.8,3,-0.03344842642646606,10.200181926786353,59.46917999550166,3
2023,1,30.409862314288883,pnm,85,-0.03519489778267437,11.757657540548932,61.33603822657138,50042.8,3,-0.03128688118020735,13.066101206348257,57.033343093405584,3
2023,1,33.41391917494229,q5_19,85,-0.019285001629807574,19.851459103987867,40.58925264033427,50042.8,3,-0.009360674054473606,25.951628305943018,22.332881186219495,3
2023,1,86.39350367979348,u20m,85,-0.02601533303548198,42.798304706150674,50.46120034120026,50042.8,3,-0.023189736064968082,46.191214161459285,46.53392651759889,3
2019,2,9.9994959999999935,hgap,85,-7.062101743695592e-4,9.782960778497396,2.1654613542782366,50042.8,3,8.278588567645074e-6,10.00206256243368,-0.025666917949534924,3
2023,2,18.788361757071932,nnm,85,-0.02502982783386032,9.5585139570058,49.125346421393125,50042.8,3,-0.028303638550717557,8.749874713393295,53.42928336953143,3
2023,2,27.322557709839266,pnm,85,-0.03738565488102288,9.957240440014747,63.55670451588435,50042.8,3,-0.03539007790804005,10.508458951113063,61.539256087548466,3
2023,2,18.175897892473202,q5_19,85,-0.03461572718411676,7.138279570756721,60.72667434100879,50042.8,3,-0.02992599365717936,8.101867543809846,55.42521424944349,3
2023,2,62.944694423312406,u20m,85,-0.03231980928554403,26.30138564282785,58.21508725430117,50042.8,3,-0.03108554749996486,27.192649343243747,56.799139955515315,3
2019,3,10.943030578435042,hgap,85,-0.003015187241827766,9.966524947102998,8.923539273082188,50042.8,3,-0.003258959637967518,9.891492339104259,9.609204980227364,3
2023,3,22.111238193391724,nnm,85,-0.025879051338998947,10.994021319806928,50.27858130942366,50042.8,3,-0.031451265198981025,9.458386747583324,57.223622373123796,3
2023,3,28.814158765331,pnm,85,-0.036168454168260845,10.851666119384266,62.33911873755303,50042.8,3,-0.033088734684664535,11.7925862915631,59.07364019333488,3
2023,3,25.903154762749292,q5_19,85,-0.0248411357645562,13.245450051981914,48.86549467314352,50042.8,3,-0.0167143408703339,16.49533416931848,36.31920775518809,3
2023,3,74.88880988809544,u20m,85,-0.028665156887588417,34.53748454289632,53.88164854735326,50042.8,3,-0.02649025213319245,36.62634063634379,51.092371889640575,3
2019,1,16.803468699999996,hgap,86,-0.0011380283922052038,16.22099604384333,3.4663834387757566,66617.60800000001,3,-0.004124051399434591,14.786871731633333,12.001075518215258,3
2023,1,19.989847898440463,nnm,86,-0.03626120048054404,7.509524338049249,62.43330926677477,66617.60800000001,3,-0.04114367350022592,6.582044129651995,67.0730654725717,3
2023,1,22.429366887954384,pnm,86,-0.04860757600680574,6.037358427377805,73.08279606135405,66617.60800000001,3,-0.03779354160893522,8.084474536832198,63.95585048290445,3
2023,1,15.71990316451577,q5_19,86,-0.0350952050790021,6.094319390445172,61.23182613362556,66617.60800000001,3,-0.026540355235777024,7.67783829549395,51.15848860427472,3
2023,1,57.030980539611754,u20m,86,-0.039957742595894796,19.389575733546536,66.00167917491932,66617.60800000001,3,-0.03524304579784321,22.021789650992986,61.38626858134166,3
2019,2,13.47486409999999,hgap,86,-0.002266830637789141,12.560466243257153,6.785952347696318,66617.60800000001,3,-0.00328584444184834,12.169889821889338,9.684507898752413,3
2023,2,16.31482971324959,nnm,86,-0.035997259948197205,6.172774878145945,62.16463802173238,66617.60800000001,3,-0.04214859933397648,5.228175218188101,67.95446038923595,3
2023,2,19.928057512302644,pnm,86,-0.048064388023878066,5.443325543937029,72.68511724950324,66617.60800000001,3,-0.03848818528345328,7.049436336139808,64.6255721021087,3
2023,2,12.28698973934339,q5_19,86,-0.04242316409038298,3.9083509275099897,68.19114355572947,66617.60800000001,3,-0.03234866787928148,5.130109095121709,58.247632626444606,3
2023,2,47.763432897906185,u20m,86,-0.041878348797004916,15.41814291075033,67.71977645805643,66617.60800000001,3,-0.03753495153775903,17.33654416554946,63.703312107808216,3
2019,3,15.250982811871125,hgap,86,-0.0018233812908357017,14.412834979878063,5.495697177893749,66617.60800000001,3,-0.0038864041987235255,13.51993708998626,11.35038799294591,3
2023,3,18.170997243172547,nnm,86,-0.036107540678350245,6.854621981997907,62.27712827058284,66617.60800000001,3,-0.04155055822536724,5.917781859960798,67.43281735852827,3
2023,3,21.190536389592786,pnm,86,-0.04830212731664392,5.751135121418408,72.85988888774455,66617.60800000001,3,-0.03807972801887401,7.579157371659982,64.23329153960303,3
2023,3,14.013420199249671,q5_19,86,-0.03834382474223772,4.976526651128468,64.48742291054022,66617.60800000001,3,-0.029103017197009428,6.3868040321378885,54.4236600249819,3
2023,3,52.443706855202386,u20m,86,-0.0407994097733567,17.429362431607412,66.76557879531654,66617.60800000001,3,-0.03625942604997343,19.70230907096904,62.431509417579264,3
2019,1,13.646490999999997,hgap,87,-0.004161279208754065,11.994914442642765,12.102573162267376,9304.346,3,-0.007521293770164217,10.808385976274332,20.797324555636067,3
2023,1,28.119320287045973,nnm,87,-0.024919308186472033,14.348358906460163,48.973308173917076,9304.346,3,-0.025298395180624312,14.202247474060329,49.4929204223936,3
2023,1,36.378638197222976,pnm,87,-0.03644017664544448,13.600369618869058,62.61440699034395,9304.346,3,-0.035414621870847277,13.982225965697557,61.56473507915722,3
2023,1,26.583434244651926,q5_19,87,-0.042199377470364216,8.50713358930376,67.99836503060085,9304.346,3,-0.04473616008972643,7.943960278996816,70.11687727820575,3
2023,1,88.37106623835267,u20m,87,-0.03354295282761779,35.72622041935511,59.5724913819699,9304.346,3,-0.03398637331208221,35.30104375545758,60.05361793390123,3
2019,2,11.231805999999978,hgap,87,7.098135484051137e-4,11.481692324523538,-2.224809834888179,9304.346,3,0.0011636802025925875,11.644380013398306,-3.67326513116706,3
2023,2,20.407079416475305,nnm,87,-0.02742524301386995,9.731813970439775,52.31157887991085,9304.346,3,-0.028063943058652452,9.565428573181885,53.126910627596224,3
2023,2,33.62803192769259,pnm,87,-0.03902548321622605,11.724397837518545,65.13504607486847,9304.346,3,-0.0395368484061982,11.563633098474634,65.61311371614343,3
2023,2,39.11447889741903,q5_19,87,-0.0321192493961342,16.43269534868696,57.988203315240206,9304.346,3,-0.034445757640730344,15.432215599266339,60.54602787950056,3
2023,2,90.37662740897012,u20m,87,-0.03248724910312513,37.593454839431196,58.4035652610556,9304.346,3,-0.03379280639674711,36.29136792910726,59.844299384084735,3
2019,3,12.513351108616376,hgap,87,-0.00207059927606803,11.735372664168233,6.2171870484194045,9304.346,3,-0.00375214591776718,11.139302714044415,10.980658839068505,3
2023,3,24.335805973420804,nnm,87,-0.025961233058751088,12.073288738028644,50.38878617287258,9304.346,3,-0.02647314776175209,11.90756334096764,51.06978024901703,3
2023,3,34.98495243951838,pnm,87,-0.0376673003605895,12.653083355712603,63.832783887338074,9304.346,3,-0.037361851773535106,12.757866233558605,63.53327546860534,3
2023,3,32.80450196177187,q5_19,87,-0.03638625358710157,12.282026260720308,62.5599368189374,9304.346,3,-0.03874924606042063,11.522897206544897,64.87403704536378,3
2023,3,89.35581475141186,u20m,87,-0.03301572338061991,36.6422441501799,58.992882273953036,9304.346,3,-0.0338950228272223,35.782562778164454,59.95497005123656,3
2019,1,6.929012599999993,hgap,88,-0.024067728875228567,3.2858248817017577,52.578742868763705,12200.434,3,-0.024141061317287483,3.2783636812644055,52.686423441279224,3
2015,1,210.51202,math,88,0.0018051821248718822,224.2416192751595,-6.522002532282717,12200.434,3,0.006290563192704972,262.35865119734723,-24.628822238914065,3
2023,1,6.542918226467869,nnm,88,-0.0502926095244806,1.6828399636915168,74.27997866633919,12200.434,3,-0.06619395283108057,1.0954295303419932,83.25778356955945,3
2023,1,5.105694690395235,pnm,88,-0.05547467573923463,1.1417250013229696,77.63820458221352,12200.434,3,-0.07283124664900713,0.7145608385770413,86.00463047817442,3
2023,1,6.587984342406039,q5_19,88,-0.015041073990569554,4.3891625152891445,33.37624549231775,12200.434,3,-0.01885861224510137,3.959290747310792,39.901333374074255,3
2023,1,18.126670316059634,u20m,88,-0.0402943346828839,6.1070101448630085,66.30925570785939,12200.434,3,-0.05202743005106205,4.448841567973441,75.45692898694189,3
2019,2,8.675755899999984,hgap,88,-0.015777728266632353,5.319731761001143,38.68278658000103,12200.434,3,-0.017445652312272842,5.051661685530894,41.772662304492655,3
2015,2,216.59380999999996,math,88,-0.0029539691112299396,195.31914021263077,9.822381252432466,12200.434,3,0.0012990305844124232,226.66877854953893,-4.651549621634602,3
2023,2,4.904230990096796,nnm,88,-0.051310251853861844,1.2271832466556563,74.97705044616109,12200.434,3,-0.0683264808948727,0.7751360751118717,84.19454392182752,3
2023,2,4.8813800602853785,pnm,88,-0.054738055154453714,1.1134914063053534,77.18900408176256,12200.434,3,-0.07181666167449752,0.7021404062251223,85.61594472150007,3
2023,2,3.5090934150427966,q5_19,88,-0.021905913178824177,1.9423489934248677,44.64812520811222,12200.434,3,-0.021118832543051268,1.9840679140348185,43.459244899850546,3
2023,2,13.236510432404703,u20m,88,-0.04547533393918064,3.8773228830889472,70.70736352387291,12200.434,3,-0.05799656187053896,2.765086124964366,79.1101579295773,3
2019,3,7.742660264173054,hgap,88,-0.02069178489166492,4.07674958388545,47.34691378944466,12200.434,3,-0.022915930166474575,3.8051351006597245,50.85493911870447,3
2015,3,213.77544,math,88,-6.935919213653108e-4,208.6483712830705,2.3983431945828295,12200.434,3,0.003677662651726532,243.1416781487063,-13.736956007998996,3
2023,3,5.749872446550439,nnm,88,-0.05080223908974531,1.4586585557438907,74.63146236193477,12200.434,3,-0.06715930027046743,0.9378892231399851,83.68852123489002,3
2023,3,4.990601736102551,pnm,88,-0.0551496523387909,1.1258247495163145,77.44110211456112,12200.434,3,-0.07237222906936273,0.7071632786573926,85.83009993480952,3
2023,3,5.09904506635106,q5_19,88,-0.017153742323354516,3.208816692548641,37.07024254945622,12200.434,3,-0.019493964072508606,3.012337183389804,40.923503436586216,3
2023,3,15.756204082445935,u20m,88,-0.042414233160623205,5.013077020764023,68.1834723989827,12200.434,3,-0.054474886246540864,3.6197764473295577,77.0263419514706,3
2019,1,15.046354900000011,hgap,89,-0.005844991132597022,12.552765971302208,16.572711100266563,48656.606,3,-0.009917039365264646,11.064121127550202,26.466435219136073,3
2023,1,18.227176791758932,nnm,89,-0.03974322428277675,6.232930796492752,65.8041897124142,48656.606,3,-0.0362355886223293,6.852083851003929,62.407322158075694,3
2023,1,25.05267772607067,pnm,89,-0.05360075549313281,5.8929712003897405,76.4776792931108,48656.606,3,-0.03729486148373633,9.152430358866555,63.46725703758914,3
2023,1,15.893340337121309,q5_19,89,-0.043749685141315095,4.877626243199861,69.31025108795144,48656.606,3,-0.030215357805718667,7.029288657542641,55.77211266831888,3
2023,1,58.03595133968997,u20m,89,-0.04574909900688553,16.875063437600343,70.92308638342294,48656.606,3,-0.0343535316008321,22.954576215106133,60.44766100110809,3
2019,2,11.833249099999989,hgap,89,-0.001751431280867255,11.207900369577226,5.284674776454791,48656.606,3,-0.001325736504581254,11.356786080728384,4.026476711891461,3
2023,2,13.27899867349883,nnm,89,-0.04014675011064663,4.49165615168334,66.17473755270848,48656.606,3,-0.036553226930132875,4.949302279453484,62.72834721091653,3
2023,2,21.992617715667627,pnm,89,-0.053860426106833434,5.1370312448579325,76.64202001202298,48656.606,3,-0.04516810371030191,6.495879406970113,70.46336415722615,3
2023,2,11.511574609287534,q5_19,89,-0.05558385723764081,2.56661746761939,77.70402786123938,48656.606,3,-0.048365080956929506,3.11894820476085,72.90598106149194,3
2023,2,46.088481052901976,u20m,89,-0.04963209473726553,12.067265936465573,73.81717587391448,48656.606,3,-0.04283725930337079,14.497222058336071,68.54480397890386,3
2019,3,13.590511274568769,hgap,89,-0.004122761703062227,11.959981910741437,11.997557199179537,48656.606,3,-0.00608999513612396,11.25240630567988,17.20395150448876,3
2023,3,15.788024736244758,nnm,89,-0.03983836735234423,5.384991898019392,65.8919213265672,48656.606,3,-0.03631144266635502,5.922998195191258,62.48423539903786,3
2023,3,23.52765603389617,pnm,89,-0.053663570188454204,5.5248725906384255,76.51753926239499,48656.606,3,-0.040942148126090136,7.789203298403883,66.8934156161497,3
2023,3,13.707014748840729,q5_19,89,-0.04885112197482879,3.6653632143569443,73.25921594512808,48656.606,3,-0.037966752693844794,4.917525242780904,64.12402457510449,3
2023,3,52.117431229472324,u20m,89,-0.047427090099059745,14.482891158516601,72.21104183982393,48656.606,3,-0.03807392896390205,18.643608569772073,64.22769094722929,3
2023,1,9.893307820377672,q5_19,90,-0.03390481542784651,3.960730723076968,59.96555656623884,579.735,3,-0.031116477668878772,4.2704262805371185,56.8352025624722,3
2023,1,41.17975963965081,u20m,90,-0.03486970721861171,16.06213710728453,60.995068334933265,579.735,3,-0.03192699865599637,17.39039254337119,57.7695627765965,3
2023,2,6.309559180407098,q5_19,90,-0.04564848964629529,1.839615519859788,70.84399294371791,579.735,3,-0.04074917589617755,2.0997915217448564,66.72047187915629,3
2023,2,30.811162071344157,u20m,90,-0.041012682009902914,10.181115828349013,66.95640429019086,579.735,3,-0.037347151079937205,11.24028219067343,63.518798269775665,3
2023,3,8.14435297551741,q5_19,90,-0.03859096666241198,2.8730342485883087,64.72360349281418,579.735,3,-0.03490910815833272,3.173321656269719,61.03654070729765,3
2023,3,36.1253957750195,u20m,90,-0.037482189576697376,13.131014925159622,63.65156798021949,579.735,3,-0.034214800821951295,14.342060013211977,60.2992307612878,3
2019,1,16.166801300000003,hgap,91,-5.576339596156998e-4,15.88973311028956,1.7138095815555223,20723.968,3,-0.0031436275704240122,14.665640580649681,9.285452895065406,3
2023,1,23.755505174695205,nnm,91,-0.02101997782401699,13.467439714597404,43.308131670703574,20723.968,3,-0.028224873891701474,11.086661348134248,53.330138565337855,3
2023,1,34.87489277318267,pnm,91,-0.03540034285137019,13.40942621516705,61.549914139153024,20723.968,3,-0.03671933066550288,12.94028401659544,62.89512888037902,3
2023,1,18.379920667436544,q5_19,91,-0.0421091512123493,5.896221475925,67.92031052467351,20723.968,3,-0.0558419217334067,4.069527559102806,77.85884045564607,3
2023,1,75.11945308225488,u20m,91,-0.03193018785110775,31.720541957935957,57.77319900984588,20723.968,3,-0.03782277181057605,27.054807485572685,63.98428586008473,3
2019,2,13.045992999999982,hgap,91,-1.3869197395299793e-5,13.040385144605215,0.04298527060965046,20723.968,3,-9.564817580825391e-4,12.664845726758834,2.9215658266959665,3
2023,2,16.293243880089697,nnm,91,-0.022159986192047752,8.956960224982799,45.0265380491347,20723.968,3,-0.029098876486999093,7.4266944756172,54.418564343147146,3
2023,2,30.44931376240445,pnm,91,-0.0428687082231388,9.569761995852856,68.571501904688,20723.968,3,-0.050682855957882376,7.74948466643383,74.54955889350103,3
2023,2,12.988310229770539,q5_19,91,-0.06272935804293844,2.387763306347712,81.61605887057799,20723.968,3,-0.08048320007003769,1.478463448429151,88.61696847184662,3
2023,2,58.634086673288735,u20m,91,-0.041556850791681386,19.09222606581499,67.43835002974026,20723.968,3,-0.05095107689991245,14.814954873457975,74.7332043287253,3
2019,3,14.778347348765152,hgap,91,-2.7591992433984025e-4,14.652479567358759,0.8517040399440237,20723.968,3,-0.0022270464928165977,13.792495656724142,6.670919750193755,3
2023,3,20.01311699229413,nnm,91,-0.021442699766939112,11.217050811138389,43.9515053279436,20723.968,3,-0.0285319053161186,9.262986053510197,53.715425452832626,3
2023,3,32.66970356603949,pnm,91,-0.03892057410728951,11.422586316007555,65.03614949270168,20723.968,3,-0.043322139897673306,10.142660847663967,68.95392446043687,3
2023,3,15.67985536807237,q5_19,91,-0.05115491227553526,3.940052938808119,74.87187957848813,20723.968,3,-0.06638606289824808,2.611573968541101,83.34440014122299,3
2023,3,66.89304616389613,u20m,91,-0.03622074060244422,25.15697066414196,62.39224836240181,20723.968,3,-0.04362672171528033,20.597578733538263,69.20819141189702,3
2019,1,13.096639799999991,hgap,92,5.717017574447869e-4,13.330817337714208,-1.7880734393734885,16340.829,3,-0.001082523640518307,12.664432331680125,3.3001401498410816,3
2023,1,21.310442948533463,nnm,92,-0.030791896445736634,9.279577593374,56.45525709725991,16340.829,3,-0.026101024136648034,10.532540711151919,50.575683778188456,3
2023,1,28.088644933748963,pnm,92,-0.048768193749580926,7.527960600547665,73.19927458834906,16340.829,3,-0.037470660853928625,10.212960558848371,63.64025184220499,3
2023,1,19.151591284719217,q5_19,92,-0.040276993738196154,6.455335363727424,66.2934778225032,16340.829,3,-0.030341024565556474,8.441653018575293,55.92192370296265,3
2023,1,67.01749034825522,u20m,92,-0.03998032046939182,22.77093592425412,66.02239832329539,16340.829,3,-0.03123638996348461,28.834457307795944,56.97472830158487,3
2019,2,10.512146999999999,hgap,92,-7.002637576992487e-4,10.286406529487671,2.1474249790487883,16340.829,3,-1.8213861524962738e-4,10.452959547380493,0.563038669640997,3
2023,2,16.340024357024443,nnm,92,-0.03185008532218481,6.914808534965259,57.68177339348556,16340.829,3,-0.026426788247703482,8.005223750338018,51.008495609147374,3
2023,2,26.678272671836645,pnm,92,-0.04389570208554967,8.155279591904014,69.43100592673203,16340.829,3,-0.03134329802331006,11.445314472665142,57.098742435646614,3
2023,2,16.257370802806204,q5_19,92,-0.046868197562636514,4.586444291067847,71.78852382283009,16340.829,3,-0.035943098135707265,6.160036754312303,62.1092682880247,3
2023,2,58.147466772320186,u20m,92,-0.040593456913240546,19.43273427110875,66.58025645863687,16340.829,3,-0.030628318996706837,25.43224104109945,56.262512448425525,3
2019,3,12.070537466132663,hgap,92,-0.0010659619646540275,11.678186994815636,3.2504805392293252,16340.829,3,-0.002952789708557635,11.014703722402437,8.747197435844663,3
2023,3,18.851874825018744,nnm,92,-0.031171960494621943,8.12519262645846,56.899816586542705,16340.829,3,-0.026175874354138085,9.298599166908465,50.67546727730185,3
2023,3,27.374124698032908,pnm,92,-0.046419317696782335,7.816810722024795,71.44452723784623,16340.829,3,-0.034527620422889614,10.776334304704823,60.63313649813538,3
2023,3,17.705247163536054,q5_19,92,-0.043327203574062965,5.496032943918183,68.95816876684297,16340.829,3,-0.03284756179500059,7.293451400328246,58.80627176248008,3
2023,3,62.605887223445066,u20m,92,-0.04023445417190459,21.126518580892217,66.25474133847811,16340.829,3,-0.03092331054007804,27.16501505488662,56.609487925739856,3
2019,1,15.287193099999996,hgap,93,-0.004070114070339814,13.475077786162167,11.853813201573475,41454.763,3,-0.006390106595614497,12.539982267425504,17.97066874607931,3
2023,1,26.098203778619894,nnm,93,-0.027427840784910097,12.444948405697273,52.31492361979182,41454.763,3,-0.029452729737121697,11.782822945074878,54.851977381188306,3
2023,1,34.46738935144944,pnm,93,-0.03880951562924677,12.087316973197144,64.93115028252396,41454.763,3,-0.03000462807973179,15.331180298969576,55.519751894627134,3
2023,1,18.7225879666747,q5_19,93,-0.03435971191948366,7.403985866074224,60.454260494046224,41454.763,3,-0.08458772567962872,1.9076309163145069,89.81107248789539,3
2023,1,77.27154116029588,u20m,93,-0.0331075327759085,31.608382105709282,59.094407033840184,41454.763,3,-0.04273491778379288,24.37317023332599,68.45776612276299,3
2019,2,14.24807419999999,hgap,93,-0.003967404089385074,12.599186230002733,11.572707629479211,41454.763,3,-0.004365445821105851,12.444676402452773,12.657133674579118,3
2023,2,20.735191159949093,nnm,93,-0.022261414058873673,11.367678772864805,45.17687980218884,41454.763,3,-0.026199339372210417,10.221058489342814,50.70670720853914,3
2023,2,32.44146536588766,pnm,93,-0.04608994538455389,9.34656479715976,71.18944939217293,41454.763,3,-0.035355782828678795,12.488787770563338,61.50362620889699,3
2023,2,15.72391957926933,q5_19,93,-0.03950203564937334,5.412050982274619,65.58077675867818,41454.763,3,-0.029597126741762115,7.071415492681272,55.02765416070723,3
2023,2,67.40232781452914,u20m,93,-0.03699462794478636,24.824339420229624,63.16990788724878,41454.763,3,-0.030607501158399407,29.496659609338778,56.2379214995294,3
2019,3,14.759142107549195,hgap,93,-0.004130170612152107,12.98542280623457,12.017766943292592,41454.763,3,-0.005572662036412268,12.417542263780865,15.865419729041154,3
2023,3,23.49597399395947,nnm,93,-0.025058910764405296,11.944112706402501,49.16527950927598,41454.763,3,-0.028018705894467734,11.026748776265881,53.069624697828125,3
2023,3,33.452042031178244,pnm,93,-0.04244205333713143,10.635286545069588,68.20736224366452,41454.763,3,-0.032592685718815864,13.875300507175899,58.52181312505906,3
2023,3,17.260270204012997,q5_19,93,-0.03667376686443524,6.412284701500009,62.849453538629085,41454.763,3,-0.06210677260145765,3.226908248494201,81.30441638309956,3
2023,3,72.45292614596599,u20m,93,-0.0348890175999065,28.24548385411527,61.015399437131066,41454.763,3,-0.03738615618320225,26.403876579180306,63.55719777833926,3
2019,1,10.115744000000007,hgap,94,-0.007298466931346459,8.067475008751403,20.24832766871722,2943.398,3,-0.010445393228699284,7.317625074476787,27.661029436126675,3
2023,1,5.877136004272341,nnm,94,-0.04624345480329306,1.6862317226992711,71.30861491935056,2943.398,3,-0.04508315981273965,1.739894108523388,70.39554457717867,3
2023,1,4.890628427177912,pnm,94,-0.05357541784101627,1.151176572911528,76.46158177721543,2943.398,3,-0.054187389970666765,1.1323116813190561,76.84731730943531,3
2023,1,3.7595562158334594,q5_19,94,-0.05096225077555081,0.9496328448379944,74.74082603583388,2943.398,3,-0.07528644346183025,0.49241518286344027,86.90230562879677,3
2023,1,14.458203803676684,u20m,94,-0.04967200647954475,3.781488880415816,73.84537573433435,2943.398,3,-0.05601199858123298,3.1865474577575097,77.96028122838345,3
2019,2,10.51097279999999,hgap,94,-0.0023262801096252785,9.779663306093314,6.957581451515864,2943.398,3,-0.0023461906110573416,9.773628910568327,7.0149918895391314,3
2023,2,4.160167835475821,nnm,94,-0.043488636420812576,1.285775753175715,69.09317594806475,2943.398,3,-0.04269884123970304,1.3134886709933982,68.42702691481274,3
2023,2,4.69114249371172,pnm,94,-0.052030267714201626,1.1512622240281032,75.45880932904251,2943.398,3,-0.05193357793037352,1.1542716635570889,75.39465780235109,3
2023,2,2.284424173475297,q5_19,94,-0.010672339762879079,1.7125111740658776,25.03532426464247,2943.398,3,-0.01130951446637849,1.6833015935767315,26.313965106754974,3
2023,2,11.096042997951304,u20m,94,-0.04132602117202659,3.6356429991628305,67.23477910247743,2943.398,3,-0.04056768098202364,3.7108507818258967,66.55698988809756,3
2019,3,10.23934226506941,hgap,94,-0.009164245388662007,7.70712926117092,24.73023108658948,2943.398,3,-0.010899055366101074,7.303594828994703,28.671250165059377,3
2023,3,5.0606492190222125,nnm,94,-0.045393976611373385,1.4856574636145927,70.64294719281804,2943.398,3,-0.04428283792049883,1.5309036092760184,69.74886930472114,3
2023,3,4.788639283001772,pnm,94,-0.053076988349928134,1.1424414681417234,76.14267016943525,2943.398,3,-0.05342110250554608,1.131876108367433,76.36330403116283,3
2023,3,3.0339955060918467,q5_19,94,-0.037828620156384815,1.0925426165605407,63.98997248457142,2943.398,3,-0.056504920452599805,0.6598435929151217,78.251662153413,3
2023,3,12.829241212120035,u20m,94,-0.0463948988077925,3.665866625870917,71.42569412127273,2943.398,3,-0.05037864833270698,3.2920271505228285,74.33965815988566,3
2019,1,9.779992099999987,hgap,95,-0.013459371884091053,6.443669318862176,34.11375742458745,10318.211,3,-0.01798059060813184,5.6009731947740065,42.730289170949185,3
2023,1,9.883004230575793,nnm,95,-0.051971925035518306,2.429230550927841,75.42012029689973,10318.211,3,-0.04353360301076385,3.0508164891955243,69.13067708949285,3
2023,1,9.254803843397275,pnm,95,-0.062020080114056776,1.734294301592581,81.26060442837056,10318.211,3,-0.055244570074059494,2.082438075866758,77.49884156267183,3
2023,1,6.594934616299453,q5_19,95,-0.00972501633361993,5.071955436819986,23.093165711080843,10318.211,3,-0.025829021040172862,3.28352750683061,50.21137133467046,3
2023,1,25.515668039233773,u20m,95,-0.04636141213939928,7.297520030781852,71.39984726419495,10318.211,3,-0.04313345199644223,7.962073791416111,68.79535437138722,3
2019,2,8.986329299999994,hgap,95,-0.009590148621683881,6.675271306293569,25.717486156515843,10318.211,3,-0.010423960182790548,6.504938711734458,27.612949686425775,3
2023,2,7.441857785358226,nnm,95,-0.05328802028743729,1.7653411754561572,76.27821941277288,10318.211,3,-0.04480392063128411,2.219794586418836,70.17149950397791,3
2023,2,8.369154423501278,pnm,95,-0.061410372103951213,1.5943606475106298,80.94956112849903,10318.211,3,-0.05331731860959499,1.9837425796168962,76.29697721855409,3
2023,2,4.454367281625071,q5_19,95,-0.009995114441860431,3.4008212160151476,23.651980157899374,10318.211,3,7.220086985472385e-4,4.542053676252373,-1.9685488214907996,3
2023,2,20.13294680516564,u20m,95,-0.04860804568132129,5.4191576284834895,73.08313740195716,10318.211,3,-0.03912948445506821,6.999659726561711,65.23281070426431,3
2019,3,9.381977815310393,hgap,95,-0.013823551504264264,6.112039403003675,34.853401667295834,10318.211,3,-0.01748728263154984,5.455830392962419,41.84775853915278,3
2023,3,8.71985653624878,nnm,95,-0.052679198386886394,2.1027887271536922,75.88505363118855,10318.211,3,-0.04465641081835532,2.611382288064877,70.05246270727895,3
2023,3,8.847085815729017,pnm,95,-0.061800420392977395,1.6677522601646833,81.14913436015702,10318.211,3,-0.05406835957064802,2.0549312862215507,76.77278904011376,3
2023,3,5.58279052509425,q5_19,95,-0.009276792631593556,4.345823828045552,22.156781478520813,10318.211,3,-0.0159526766212414,3.6290339258153574,34.99605780472855,3
2023,3,22.974945684833827,u20m,95,-0.047309954926826235,6.404721937875615,72.12301597690616,10318.211,3,-0.04154561926704572,7.483290367224333,67.42847417409048,3
2019,1,11.0184639,hgap,96,-0.01704064249167585,6.496817780247395,41.0369917330546,1569.675,3,-0.019758153601835905,5.9719269071113485,45.80073083407436,3
2023,1,3.3328069623878296,nnm,96,-0.013827802897494634,2.2943835513159954,31.157622472315143,1569.675,3,-0.018414980148984926,2.0271085468925003,39.17713897716554,3
2023,1,3.1837987483627206,pnm,96,-0.03289038121362575,1.310009993806745,58.85386931317747,1569.675,3,-0.030813007641902913,1.3855869666290488,56.4800706281579,3
2023,1,5.035038624551902,q5_19,96,-0.009664535261239915,3.878617382060552,22.967475102423208,1569.675,3,9.119391375046693e-4,5.160552018317749,-2.4927990254894508,3
2023,1,11.50827541393995,u20m,96,-0.01768156883007328,7.139651883714337,37.96071412171722,1569.675,3,-0.013794711980800577,7.929652028641819,31.0960874377698,3
2019,2,12.070372099999986,hgap,96,-0.0098113976210906,8.904889758022245,26.22522583191735,1569.675,3,-0.012262974209928768,8.253205436367589,31.62426669209644,3
2023,2,3.12509210476852,nnm,96,-0.0059979725347535815,2.6578525848974146,14.951223970588046,1569.675,3,-0.01356963248675629,2.166436559178754,30.676073326829997,3
2023,2,3.0396083977014543,pnm,96,-0.03760503047070289,1.1011916018179886,63.771925270021384,1569.675,3,-0.03275239981296796,1.2553493440295846,58.70029359772538,3
2023,2,2.458322569769633,q5_19,96,-0.031033086766650432,1.0635218411022227,56.73790518052786,1569.675,3,-0.037052938943988575,0.9039781255001623,63.22784745108234,3
2023,2,8.598392545397516,u20m,96,-0.02515570047983151,4.359560979464305,49.2979535832211,1569.675,3,-0.027203483550493512,4.125062687330566,52.02518766675059,3
2019,3,10.970448624561612,hgap,96,-0.01470239289564903,6.954792492984498,36.60430187500726,1569.675,3,-0.02102755799461171,5.716466508282514,47.89213546395922,3
2023,3,3.2323577970256996,nnm,96,-0.010031909052956766,2.465390701741018,23.727790778311032,1569.675,3,-0.016052803145846627,2.0954873552379087,35.171553187394615,3
2023,3,3.1115994167559835,pnm,96,-0.03532243662163741,1.1989319120171102,61.46895048376555,1569.675,3,-0.031843425121067484,1.3170105029570782,57.67416281591493,3
2023,3,3.778826348845965,q5_19,96,-0.0172199163020784,2.373761271531332,37.182578599933095,1569.675,3,-0.012465372929600881,2.6989111195101714,28.578059154943556,3
2023,3,10.088791054005842,u20m,96,-0.020953351289936917,5.729822346275123,43.20605595256087,1569.675,3,-0.01967058254150329,5.931750019146214,41.20455079906763,3
2019,1,18.7009161,hgap,97,-0.010621217211822475,13.454515550952328,28.054243551457205,171466.986,3,-0.013719024193451279,12.222551902929123,34.64196172224353,3
2023,1,19.81051256226296,nnm,97,-0.03585512520207881,7.524198955219182,62.019160627110544,171466.986,3,-0.03340719708544162,8.038306389940834,59.42403628034843,3
2023,1,9.958622813697193,pnm,97,-0.053050198755582346,2.3775806187799495,76.12540746588171,171466.986,3,-0.044090455345773535,3.028285131138805,69.59132615231023,3
2023,1,11.931320649791077,q5_19,97,-0.026374961371182826,5.85351873077446,50.93989255181942,171466.986,3,-0.0238641582860601,6.264098329721233,47.498700993917886,3
2023,1,41.15033937939361,u20m,97,-0.03710573760860982,15.110309497443993,63.28023115889388,171466.986,3,-0.0328738794983038,16.939317988727446,58.83553272173022,3
2019,2,17.983603999999985,hgap,97,-0.004076934606761062,15.84850986514546,11.872448564006014,171466.986,3,-0.004307901089798172,15.735440422453165,12.501184843409712,3
2023,2,14.862052708062286,nnm,97,-0.039381564536316825,5.132069164397478,65.46863838254684,171466.986,3,-0.04089435262717389,4.926671684193248,66.8506647031291,3
2023,2,10.777733801935142,pnm,97,-0.055042100986988404,2.438408553354397,77.37549842883872,171466.986,3,-0.05013620406798216,2.783766344839057,74.17113471164753,3
2023,2,11.41160040808964,q5_19,97,-0.040576007995280605,3.8155247399885717,66.56450801340922,171466.986,3,-0.03145063714291698,4.881552062118825,57.222896985962535,3
2023,2,36.60044457361844,u20m,97,-0.04384844545166424,11.202672433350816,69.39197716350776,171466.986,3,-0.04024880573049474,12.346129738112317,66.26781482591227,3
2019,3,18.71316726476138,hgap,97,-0.005888367082605717,15.590909628999237,16.684816587097167,171466.986,3,-0.006218404055072835,15.432209978028895,17.53288067333653,3
2023,3,17.41491504181275,nnm,97,-0.037262323724412114,6.36773787467312,63.43514820839293,171466.986,3,-0.036703993718474416,6.4644581440876525,62.87976066167042,3
2023,3,10.333052907954832,pnm,97,-0.054129609908520046,2.3961141235405843,76.81116950735873,171466.986,3,-0.04696084688999393,2.907823640405174,71.85900753332439,3
2023,3,11.697415547432755,q5_19,97,-0.03326735276526738,4.764294175916306,59.2705400898412,171466.986,3,-0.027143454795605582,5.62091602581058,51.94736817703113,3
2023,3,38.942959688000876,u20m,97,-0.04018515866574033,13.158905048703067,66.20979721590705,171466.986,3,-0.0361721843432206,14.664784774052537,62.34291155181239,3
2019,1,16.7349892,hgap,98,-0.008728890463388294,12.767540925065429,23.707504244667046,786.387,3,-0.010625579159374964,12.03848661279412,28.063971425842812,3
2023,1,14.500841754948166,nnm,98,-0.030600536401584843,6.3470631951076655,56.229691335388594,786.387,3,-0.027876355967492116,6.831505601069017,52.88890316496364,3
2023,1,10.423767564924802,pnm,98,-0.04830769852710395,2.828596582115559,72.86397106902523,786.387,3,-0.044954538775514495,3.0966348653268305,70.29255644814285,3
2023,1,7.825551529395236,q5_19,98,-0.03660567889961515,2.9125846610546127,62.78109408501078,786.387,3,-0.033710904337459976,3.149361707675365,59.7554025956462,3
2023,1,32.40514148948759,u20m,98,-0.037464212714341506,11.78447933229491,63.633921067377955,786.387,3,-0.03442682322886448,12.791653283229179,60.52585270340861,3
2019,2,15.208655799999974,hgap,98,-0.00777332705588023,11.951915848352026,21.41372646258424,786.387,3,-0.008487470017001985,11.690226557743275,23.134386684303195,3
2023,2,10.091709366474692,nnm,98,-0.032558860976268325,4.189682626491117,58.483915119379944,786.387,3,-0.029952433082299112,4.495147756725154,55.457023250606845,3
2023,2,10.485921154810951,pnm,98,-0.04757493192904296,2.902319813624165,72.32174674236819,786.387,3,-0.04246956297224056,3.331275670206659,68.23096778027683,3
2023,2,5.158294750996717,q5_19,98,-0.044318414495267654,1.5589442960758995,69.77791360653303,786.387,3,-0.039231900065392414,1.7884418188578357,65.32881688251216,3
2023,2,25.524504775274124,u20m,98,-0.04084880668485127,8.471615155569319,66.80987454935514,786.387,3,-0.036657294116511266,9.486711416960915,62.83292663076151,3
2019,3,15.812358224273225,hgap,98,-0.008324077330209257,12.215985771310608,22.74406133451935,786.387,3,-0.0061450924695057195,13.069665493352156,17.34524788788821,3
2023,3,12.298437725722826,nnm,98,-0.031302353676556115,5.2820204783566425,57.05128898356724,786.387,3,-0.028592210243037552,5.683018761122888,53.79072620551993,3
2023,3,10.502215261545821,pnm,98,-0.048015876478064934,2.8724276614577846,72.64931645445066,786.387,3,-0.04384330306893194,3.214966794526976,69.3877271179284,3
2023,3,6.545356029941551,q5_19,98,-0.039991615625673924,2.223276865765158,66.03275886605955,786.387,3,-0.03603883000242982,2.473681149378736,62.20708028619146,3
2023,3,29.068455189002474,u20m,98,-0.039026363603514413,10.134462604724643,65.1358748208992,786.387,3,-0.03544488581634431,11.163412112208203,61.59612872571337,3
2019,1,17.471607699999993,hgap,99,-0.005705759281120759,14.639137729317195,16.211845064966738,458.959,3,-0.008989548614512888,13.222251620774454,24.321494347801437,3
2022,1,144.03193999999996,math,99,-0.017120794678403106,89.1796459865775,38.083423727697124,458.959,3,-0.017120794678403106,89.1796459865775,38.083423727697124,3
2023,1,5.308956912322019,nnm,99,0.0012800569890214276,5.49565025329199,-3.5165729173024287,458.959,3,-0.001992749751384659,5.03086095918478,5.23824091492967,3
2023,1,5.0715700173114,pnm,99,-0.004878651840694181,4.44565332570197,12.341675052753146,458.959,3,-0.00619735264955743,4.290150938997666,15.407833780198677,3
2023,1,5.905806622434007,q5_19,99,-0.005048910448865085,5.1531875146874055,12.743714040477984,458.959,3,-0.007355122302329287,4.842096257717545,18.011263028420437,3
2023,1,16.198262433029686,u20m,99,-0.0029595885671876766,14.954243234376314,7.67995458646668,458.959,3,-0.005231462496021244,14.064508435870898,13.172733840932688,3
2019,2,15.463701499999985,hgap,99,-0.009752873937065854,11.42902699370892,26.09125962688215,458.959,3,-0.011503563589198329,10.825288962823349,29.99548676736059,3
2022,2,132.7532,math,99,-0.02488221686070391,66.14105729865086,50.17742901967646,458.959,3,-0.02488221686070391,66.14105729865086,50.17742901967646,3
2023,2,4.672364955345488,nnm,99,0.0019718318135694356,4.9278600007233315,-5.468216798551676,458.959,3,-0.0014088515746516705,4.497970816460988,3.7324596976308895,3
2023,2,4.300467133727559,pnm,99,-0.003977273586916063,3.862587384176404,10.182143844722505,458.959,3,-0.005395890357439192,3.7174375968834172,13.557353624948727,3
2023,2,4.5779717690631605,q5_19,99,-0.011885656098045327,3.321257048096473,27.451342742200055,458.959,3,-0.015712619241221183,2.99521296338659,34.57336317302078,3
2023,2,13.48972512101454,u20m,99,-0.004741566502714445,11.868715608688374,12.016623747217267,458.959,3,-0.007564837073942776,10.997606877246819,18.474195889176826,3
2019,3,16.197868766879196,hgap,99,-0.007886054409874443,12.684895935559705,21.687870681497852,458.959,3,-0.010294216230580933,11.772413704362444,27.32121815658711,3
2022,3,138.50034,math,99,-0.020740115343678145,77.49005076365202,44.05064221239311,458.959,3,-0.020740115343678145,77.49005076365202,44.05064221239311,3
2023,3,5.007741311950174,nnm,99,0.0016146269774312215,5.230881997837238,-4.455914792454911,458.959,3,-0.0017277592122562524,4.779497802620644,4.557813495374928,3
2023,3,4.694959885789718,pnm,99,-0.004533294062980975,4.154078525638481,11.520468189479692,458.959,3,-0.005942647706945215,3.998975008902544,14.824085696529977,3
2023,3,5.267607633597682,q5_19,99,-0.008169632177815855,4.2249027010738205,19.79465831648726,458.959,3,-0.011460471653182536,3.865703043035464,26.613686669079833,3
2023,3,14.895811511348445,u20m,99,-0.003820595169317942,13.435816270553296,9.801381010244688,458.959,3,-0.006482923420424847,12.50390673728799,16.0575660630384,3
2019,1,18.43269140000001,hgap,100,-0.00864002255079468,14.101555290418135,23.49703586738219,17423.884000000002,3,-0.011060567283182365,13.082143501732018,29.027491331341825,3
2022,1,246.3634,math,100,,,,17423.884000000002,3,,,,3
2023,1,12.122841894261958,nnm,100,-0.04349618447095498,3.7460219072039793,69.09947403523373,17423.884000000002,3,-0.045366478211651094,3.5615524140153987,70.62114275612907,3
2023,1,13.461040514211042,pnm,100,-0.04746195349072644,3.7371634250196966,72.23718760021328,17423.884000000002,3,-0.03236389313542398,5.6179931576533315,58.26479274226741,3
2023,1,24.495301621754063,q5_19,100,-0.011506004812731252,17.954112524201342,26.703852022559083,17423.884000000002,3,-0.007460819662904949,20.026155571296893,18.244911287347286,3
2023,1,49.29331033999429,u20m,100,-0.029707653789167267,22.102301130014343,55.16166194242879,17423.884000000002,3,-0.023494117216844312,26.139490428929687,46.97152565198827,3
2019,2,15.611702699999995,hgap,100,-0.009184738643298518,11.743429681506981,24.77803409933636,17423.884000000002,3,-0.011286278137316507,11.00276036770746,29.522355254001457,3
2022,2,242.38864,math,100,,,,17423.884000000002,3,,,,3
2023,2,9.371373192747122,nnm,100,-0.045781302793410236,2.7225378057678595,70.94835783644876,17423.884000000002,3,-0.0451599946704027,2.7685944744180717,70.45689657775237,3
2023,2,10.942611930597646,pnm,100,-0.0459084723491245,3.1681118058586164,71.04793786024736,17423.884000000002,3,-0.03235490843668485,4.568029778272083,58.254667101014576,3
2023,2,12.275343358197798,q5_19,100,-0.0314106190534551,5.256713023805089,57.176651842536714,17423.884000000002,3,-0.024041181077498218,6.413984959704362,47.74903827499918,3
2023,2,32.238678842394506,u20m,100,-0.04010246821065886,10.917863448527195,66.13427150069815,17423.884000000002,3,-0.032689231475903927,13.337207531672272,58.629794983615845,3
2019,3,17.16820335186847,hgap,100,-0.008374607122645683,13.242696724089837,22.864982126108192,17423.884000000002,3,-0.010430421537435564,12.425066983292473,27.627447504923616,3
2022,3,244.19741,math,100,,,,17423.884000000002,3,,,,3
2023,3,10.783102255890736,nnm,100,-0.04441941362592337,3.2500037007071425,69.86021625704525,17423.884000000002,3,-0.04528222203616865,3.1751672494312637,70.55423222295151,3
2023,3,12.229584130790006,pnm,100,-0.046794768365941895,3.45699321833128,71.73253659846267,17423.884000000002,3,-0.03232773497132344,5.109027642435894,58.22402799803249,3
2023,3,18.5217634990692,q5_19,100,-0.018388600073092086,11.273493294511617,39.13380172963465,17423.884000000002,3,-0.012765911681059717,13.121693207362068,29.155270727749592,3
2023,3,40.978784012643324,u20m,100,-0.033823384034255846,16.44173798258885,59.87743809695274,17423.884000000002,3,-0.026989614140672913,19.773346369263933,51.747356966074946,3
2019,1,8.121533199999988,hgap,101,-0.03433448815292515,2.8014855255830047,65.505459910168085,1422584.931,3,-0.03797749269803852,2.5023159434828117,69.18911882940016,3
2023,1,2.670180409340621,nnm,101,-0.06884149981789542,0.41620620521797685,84.41280582532791,1422584.931,3,-0.06143672644662677,0.5083192545863295,80.96311197519967,3
2023,1,5.073732624837346,pnm,101,-0.045746279617309704,1.4753971606084622,70.92087286220053,1422584.931,3,-0.018438575931260193,3.084023928229406,39.21587603705716,3
2023,1,4.955783701561245,q5_19,101,-0.05680372513905987,1.0691401639225315,78.42641591509098,1422584.931,3,-0.05062962064897079,1.2630830047775798,74.51295131424592,3
2023,1,12.647838936155619,u20m,101,-0.05498710409325582,2.865762778299277,77.34187798591353,1422584.931,3,-0.0406545300429574,4.219911069860892,66.63531935248096,3
2019,2,6.89706769999998,hgap,101,-0.03951667529816687,2.026032436911246,70.62472741986784,1422584.931,3,-0.045071866599002954,1.705517332772963,75.27184874852007,3
2023,2,2.416620185393053,nnm,101,-0.06665425908076118,0.39959847489363864,83.46457265775732,1422584.931,3,-0.05940256888494864,0.48602295994586986,79.88831828503409,3
2023,2,4.186106682113611,pnm,101,-0.05209441909409622,1.0255425540904206,75.50128002058914,1422584.931,3,-0.03165598230870494,1.7807944533146192,57.45941065182131,3
2023,2,3.342990700623827,q5_19,101,-0.06222933684246965,0.6229267962790463,81.36618219838891,1422584.931,3,-0.056062985282135894,0.7357721574001411,77.99060113260738,3
2023,2,9.913562302169886,u20m,101,-0.0589589967932004,2.017806107378881,79.64600366775097,1422584.931,3,-0.04682846505733762,2.799764181123956,71.75824294248756,3
2019,3,7.181595305781229,hgap,101,-0.03959291038566994,2.1046334603217542,70.69406767285382,1422584.931,3,-0.04426023964720756,1.8211244076963358,74.64178458746737,3
2023,3,2.5470455532283034,nnm,101,-0.0680343828397221,0.4057596637835712,84.06939902314338,1422584.931,3,-0.06074716481250464,0.4939903141116348,80.60536006175795,3
2023,3,4.656426903400068,pnm,101,-0.04862478265296839,1.2527977665302028,73.09529833668333,1422584.931,3,-0.02427924467342222,2.417439177849973,48.08381559506954,3
2023,3,4.211774735869533,q5_19,101,-0.058767600436742784,0.8617060287099179,79.54054804091948,1422584.931,3,-0.052681482537968005,1.0156045823524074,75.886540804212,3
2023,3,11.373097609958304,u20m,101,-0.05669094789727236,2.461067292373917,78.36062454771334,1422584.931,3,-0.04332082868435814,3.53102548100904,68.95282532423472,3
2019,1,11.033833200000004,hgap,102,-0.0025117173760126122,10.207299066897479,7.490906542818908,1344.981,3,-0.006519188446876623,9.014834119361318,18.298256318019067,3
2022,1,169.96346999999997,math,102,0.018869283388979686,288.2774736525669,-69.61143100489004,1344.981,3,0.05938692652350874,896.4275488913465,-427.4236569136572,3
2023,1,2.0621358567671795,nnm,102,0.010363592063276772,2.7279741252383385,-32.288768282948965,1344.981,3,0.01942038088398259,3.483691659513658,-68.93608867143499,3
2023,1,1.7134897628252599,pnm,102,0.015535400772842078,2.6064467850189987,-52.113356120750964,1344.981,3,0.02759004807272695,3.609117872565414,-110.62967231357007,3
2023,1,1.2350482682282893,q5_19,102,-0.044232698481686754,0.37412219658173157,69.70788865455273,1344.981,3,-0.033003122012015815,0.5066300422666872,58.97892776340945,3
2023,1,5.002481723237251,u20m,102,-0.004621288304422344,4.415668992354192,11.730432280386534,1344.981,3,0.007724916540815174,6.162650004325764,-23.191854468940157,3
2019,2,9.808301499999999,hgap,102,-0.004720434347175795,8.473093347171204,13.613041491728154,1344.981,3,-0.006270799807121819,8.075496270866186,17.66672067670242,3
2022,2,154.26358,math,102,0.008945425556218823,198.17185591100846,-28.46315112809419,1344.981,3,0.05132347969637063,649.1865575872272,-320.8294385409876,3
2023,2,1.7552552711094649,nnm,102,0.012821719907915252,2.481344964277896,-41.36661516529634,1344.981,3,0.02142396198367409,3.1300884831306446,-78.32668185933848,3
2023,2,1.5772487024435788,pnm,102,0.013332384583291224,2.2606590489378586,-43.32926985043608,1344.981,3,0.026558613304963164,3.2309123570503453,-104.84482580615222,3
2023,2,0.6861816142198496,q5_19,102,-0.0277058555798333,0.3247592815662058,52.671526774228845,1344.981,3,-0.026371394569642177,0.336673858583358,50.93516765730636,3
2023,2,4.0136323103940885,u20m,102,0.004817086767080392,4.571118791525101,-13.889824428792135,1344.981,3,0.014311151809563282,5.90676168639837,-47.167483954662494,3
2019,3,10.411891085775977,hgap,102,7.391593164104649e-4,10.653222892978581,-2.3178479799149576,1344.981,3,-0.0042937646815960125,9.114274596695097,12.462831952339537,3
2022,3,162.28677,math,102,0.014133540266168776,241.07403438628904,-48.54817455932425,1344.981,3,0.055629877893000446,770.4706304328472,-374.7587436935539,3
2023,3,1.9152027411812826,nnm,102,0.011420927018629467,2.6069697111347794,-36.119777560824716,1344.981,3,0.020484628586991536,3.3297874027826766,-73.86083108511473,3
2023,3,1.6458285512296333,pnm,102,0.014542796179232714,2.4373208720804183,-48.09081239108681,1344.981,3,0.026906988283244372,3.4032559972466947,-106.78071204342945,3
2023,3,0.9686768095299447,q5_19,102,-0.03925851822966964,0.3356104237523315,65.35372577824091,1344.981,3,-0.030682071978310056,0.4230604526689703,56.32594395707042,3
2023,3,4.523109571518691,u20m,102,-7.918332755105561e-4,4.427434148051939,2.115257699464222,1344.981,3,0.010553045192053957,6.014251698558242,-32.96719001522843,3
2019,1,7.803763099999998,hgap,103,-0.008607253337596354,5.976177876951742,23.41928118048914,3807.494,3,-0.013129489215464307,5.194455986485081,33.43652389338828,3
2022,1,193.12414,math,103,0.007812984991141723,240.35013939815158,-24.45370081552289,3807.494,3,0.010680553213842314,260.44421296010876,-34.8584454331337,3
2023,1,6.197542951498336,nnm,103,-0.029664470605871206,2.7821171677854344,55.10935237467258,3807.494,3,-0.011187101623513707,4.581842324604017,26.07001903074672,3
2023,1,4.063072569139403,pnm,103,-0.016262519056045432,2.619154257833173,35.53759591382503,3807.494,3,-0.020220587018771673,2.353688396871267,42.07121933414543,3
2023,1,6.229166945256881,q5_19,103,-0.016597186087422534,3.9793503719501504,36.11745507992565,3807.494,3,-0.005713866340189444,5.338625463617953,14.296317460507604,3
2023,1,16.400843169161906,u20m,103,-0.021506599045566954,9.17657986999415,44.04812133531864,3807.494,3,-0.011355999311573672,12.069972597997827,26.406389759932015,3
2019,2,7.122205099999974,hgap,103,-0.005908054814014884,5.930257784406355,16.735649968766317,3807.494,3,-0.00772871172501417,5.6048221143135,21.304960533732437,3
2022,2,187.84109,math,103,0.014258994474350242,280.01640331344066,-49.07089993645195,3807.494,3,0.009576099659696302,245.60563256468208,-30.751813974611235,3
2023,2,4.641717245558345,nnm,103,-0.03017238936101436,2.055316562399272,55.7207719973464,3807.494,3,-0.012931726649872433,3.273722688555616,29.47173394311689,3
2023,2,3.554072879312087,pnm,103,-0.01126471421764066,2.622025083699098,26.224780055534268,3807.494,3,-0.014537135516767608,2.4002948328928415,32.46354494122153,3
2023,2,2.8827360691192627,q5_19,103,-0.014469273228834045,1.9504682851616149,32.33968568764866,3807.494,3,-0.03480719756013637,1.1263085700101232,60.929181756336284,3
2023,2,11.038450449306847,u20m,103,-0.0203288969754996,6.375767365164861,42.24037699453347,3807.494,3,-0.019280420332861148,6.558837154161956,40.58190337237222,3
2019,3,7.383424556689391,hgap,103,-0.011089024511342239,5.235580901966505,29.090073829994477,3807.494,3,-0.01486578395164031,4.657124793221363,36.924597015053095,3
2022,3,190.56921,math,103,0.010745901540869265,257.4693486932456,-35.10542898994312,3807.494,3,0.010122648763925435,253.0152088780538,-32.768147004468254,3
2023,3,5.437253954361955,nnm,103,-0.030062438503479737,2.41473199556378,55.58912613182987,3807.494,3,-0.012139958704683674,3.917662835619211,27.947767963342503,3
2023,3,3.8242427727186445,pnm,103,-0.013929182199904466,2.625503167064774,31.345802996750894,3807.494,3,-0.017461429560924335,2.3866766651840927,37.59086943407073,3
2023,3,4.60616165786798,q5_19,103,-0.015617481022109669,3.0214078867523626,34.405083642877194,3807.494,3,-0.015106313494335888,3.0633970083554463,33.4934977125102,3
2023,3,13.804300832357175,u20m,103,-0.020995748866422526,7.8310372988709105,43.27103274571488,3807.494,3,-0.014533611688771052,9.32382248538514,32.45711899055277,3
2019,1,8.947498300000007,hgap,104,-0.020916882770245192,4.678373972495535,47.71304988685461,7442.739,3,-0.029040233351941593,3.636882067625462,59.353084564146165,3
2022,1,36.15693999999996,math,104,0.10851436239220749,754.6628211790451,-1987.1866401831733,7442.739,3,0.029492140896596686,82.57020103546617,-128.36612012926494,3
2023,1,1.8572512597481161,q5_19,104,-0.0046151914729702145,1.6396575475563844,11.715900638088259,7442.739,3,-0.02677861642684256,0.901292832198117,51.471680125803125,3
2023,1,3.759796206225907,u20m,104,-0.02595135270917497,1.8657782015542363,50.375549651742716,7442.739,3,-0.03190542338137572,1.588703578423821,57.74495501130989,3
2019,2,9.743160499999988,hgap,104,-0.013085977465548116,6.494140119694663,33.346678219098706,7442.739,3,-0.017985670971876554,5.5790011307599094,42.73930794058133,3
2022,2,44.880739999999946,math,104,0.04848569131777984,174.44475589499984,-288.6851150292978,7442.739,3,0.1308069043382205,1748.6547743809933,-3796.225361660693,3
2023,2,1.2468009303678862,q5_19,104,-0.016720013694651113,0.793851109658909,36.32896075681688,7442.739,3,-0.026531861323416017,0.609096089909003,51.14728622080186,3
2023,2,2.9239653085642026,u20m,104,-0.03228693689573352,1.222861227399886,58.17798440295567,7442.739,3,-0.03483547963089806,1.1415451362807065,60.95900546640698,3
2019,3,9.407540158860257,hgap,104,-0.017095348286263377,5.537569662432567,41.13690115670519,7442.739,3,-0.025126669948438974,4.31710372716328,54.110174878208475,3
2022,3,40.24163999999996,math,104,0.07320889380313193,312.5458901626953,-676.6728447515945,7442.739,3,0.07814429973768089,358.86370804731416,-791.7720750131319,3
2023,3,1.5539892050854265,q5_19,104,-0.009640327889792355,1.1978597855037312,22.917110261529647,7442.739,3,-0.02681685352453349,0.7533466942767834,51.5217549895805,3
2023,3,3.3478966718549774,u20m,104,-0.02882664346750763,1.5372773787108311,54.082293171280334,7442.739,3,-0.03322053640982112,1.3653049447560661,59.219023805785845,3
2019,1,17.2871241,hgap,105,-0.007626358519884757,13.647342835333651,21.054868604005385,1438069.597,3,-0.012570164499385417,11.70816958469081,32.27231136328332,3
2023,1,15.613687639268152,nnm,105,-0.05537155268296261,3.5012358980274705,77.57585537178339,1438069.597,3,-0.04921740694600851,4.1341343304177025,73.52237071772572,3
2023,1,11.93510874836534,pnm,105,-0.05549119275568901,2.667714643343232,77.6481748127464,1438069.597,3,-0.05979098918167498,2.3753093070708773,80.09813436013974,3
2023,1,7.366049681395093,q5_19,105,-0.05858860327959259,1.5143544978540717,79.44142975740478,1438069.597,3,-0.058162882752215504,1.5318616008724109,79.20375686928189,3
2023,1,34.526941877402685,u20m,105,-0.05524972987293224,7.7678796412048134,77.50197608352693,1438069.597,3,-0.054059980287954265,8.02146020282031,76.76753350672445,3
2019,2,15.18303929999999,hgap,105,-0.013193956370161252,10.086181531362103,33.56941695222966,1438069.597,3,-0.012223214785873094,10.394318002742608,31.539938760860515,3
2023,2,14.703101452569472,nnm,105,-0.049377383891535676,3.876253481629461,73.63649095305632,1438069.597,3,-0.050561189616088506,3.7543168393331285,74.46581694723304,3
2023,2,13.408537930405085,pnm,105,-0.0709495461172708,1.9743789987100617,85.27521039983803,1438069.597,3,-0.06706115647145276,2.1929341427377707,83.64524041234137,3
2023,2,6.518577692408156,q5_19,105,-0.0707269925799375,0.96563188110974,85.1864635711198,1438069.597,3,-0.06936440666798287,1.0018188789268934,84.63132716675818,3
2023,2,34.25110719512836,u20m,105,-0.061330569551065174,6.539060581453573,80.9084694862546,1438069.597,3,-0.05986972092164446,6.802134269957825,80.14039595506766,3
2019,3,16.087658054781855,hgap,105,-0.010531724830953238,11.606542268676634,27.854369920382943,1438069.597,3,-0.012694533309660194,10.853871807727131,32.532928218840695,3
2023,3,15.171467437759278,nnm,105,-0.052992902749538696,3.627733769241596,76.08844507543967,1438069.597,3,-0.04992630969745369,3.9408883196170006,74.02434315741417,3
2023,3,12.640425972556324,pnm,105,-0.06316790974322725,2.2964547609124044,81.8324574986773,1438069.597,3,-0.06334440485987054,2.285537341958619,81.91882657340221,3
2023,3,6.961823207332407,q5_19,105,-0.06419251692354466,1.2302820329516604,82.32816323666637,1438069.597,3,-0.06325951696977432,1.2616677248438173,81.87733748373573,3
2023,3,34.38965641699055,u20m,105,-0.05815333693767211,7.153600070084262,79.198396217329,1438069.597,3,-0.05682206811077624,7.415407977337531,78.43709780806685,3
2019,1,17.524726700000002,hgap,106,-0.012005544746563634,12.078668353478784,31.07642384243982,281190.07,3,-0.016438376373523144,10.527839931108637,39.92579678227657,3
2022,1,218.34082,math,106,0.007177833566330083,266.9433800869056,-22.259951248193357,281190.07,3,0.013505067446012209,318.6837159680592,-45.95700243685957,3
2023,1,11.018034591700085,nnm,106,-0.04421117174115889,3.3395357542585966,69.6902770955695,281190.07,3,-0.05566688323474631,2.451077175175544,77.75395280550356,3
2023,1,11.673128541090039,pnm,106,-0.030837591986728217,5.076766335603614,56.50894858449365,281190.07,3,-0.018467111471132114,7.089944302420663,39.262689711128615,3
2023,1,10.270321838944497,q5_19,106,-0.024101460249427477,5.357615113145186,47.8340095163386,281190.07,3,-0.027280786462697205,4.916894473960172,52.12521524578151,3
2023,1,32.60114540616787,u20m,106,-0.033121686197354935,13.330596682746222,59.110035808054214,281190.07,3,-0.033892113206315244,13.056164090428036,59.95182399953987,3
2019,2,16.006049399999995,hgap,106,-0.01069824596109803,11.48820794827012,28.22583723707536,281190.07,3,-0.01214091547181866,10.985743191364286,31.3650550687149,3
2022,2,211.95427999999998,math,106,0.0019751587402494055,224.00649248960465,-5.6862321863020044,281190.07,3,0.018105591982434888,351.89300507777165,-66.0230711442919,3
2023,2,8.253872305493253,nnm,106,-0.04190775519245995,2.662253834920166,67.74539590165044,281190.07,3,-0.05055421035516607,2.10795604933484,74.46100483124849,3
2023,2,10.213046546958871,pnm,106,-0.034419631162326644,4.0322959760016595,60.51818664037762,281190.07,3,-0.025913739842307583,5.0733177921971375,50.32512807152715,3
2023,2,8.656833791020336,q5_19,106,-0.027612239216472247,4.107516483025621,52.551746028827374,281190.07,3,-0.031877510371748574,3.6607068699748413,57.71309744017422,3
2023,2,26.880320160979853,u20m,106,-0.03431088761934955,10.644043720286524,60.40209470519,281190.07,3,-0.035229957147920654,10.383163326077861,61.372620326337035,3
2019,3,16.74728055142529,hgap,106,-0.011421522470763978,11.753707154702472,29.817219466702237,281190.07,3,-0.014493090593655023,10.6861667885219,36.19162970544227,3
2022,3,215.06817,math,106,0.0045611208705572896,244.36583642091068,-13.622502307482632,281190.07,3,0.01576428039129829,334.4056906619354,-55.48822992353326,3
2023,3,9.684223841827244,nnm,106,-0.043135531118661016,3.0217580966437634,68.79710603556629,281190.07,3,-0.05348709184660096,2.284955783869226,76.40538032588377,3
2023,3,10.956018486414031,pnm,106,-0.03251823701930885,4.553501690190101,58.43835335038314,281190.07,3,-0.021887235576506826,6.067420634873692,44.62020448032674,3
2023,3,9.48478220020621,q5_19,106,-0.025675692848470044,4.741933356498401,50.0048260845114,281190.07,3,-0.029337041608709136,4.2955882907925025,54.71073346629813,3
2023,3,29.824162130436925,u20m,106,-0.03362076720702891,12.031860344564087,59.657339938193864,281190.07,3,-0.03446862020822587,11.759555323250696,60.57037487987122,3
2019,1,8.159461399999998,hgap,107,-0.013353327540633586,5.39366441419876,33.896808259932925,90608.709,3,-0.015268105351526895,5.082823407110618,37.70638577798015,3
2023,1,6.389357640525525,nnm,107,-0.03748216465490939,2.3224328812044033,63.651543521777526,90608.709,3,-0.03407734951797363,2.5460555046182702,60.15162011796764,3
2023,1,5.805664757287388,pnm,107,-0.036117540030535064,2.1894722704114633,62.287311411441834,90608.709,3,-0.03636681395846,2.1747857334271554,62.54028049591874,3
2023,1,9.87401364867857,q5_19,107,-0.016764926106356402,6.279268025568473,36.406123700175144,90608.709,3,-0.01648985872913551,6.326076618130821,35.932065285554536,3
2023,1,21.91189403170224,u20m,107,-0.028095279956833696,10.262095278080357,53.16655299978585,90608.709,3,-0.026802346069108297,10.62666333780123,51.50276227866692,3
2019,2,9.177508899999992,hgap,107,-0.016205797654159016,5.553209666430051,39.49110017828415,90608.709,3,-0.01506327991686005,5.75341809057739,37.30958854665459,3
2023,2,4.73240009685688,nnm,107,-0.03505793256038381,1.8365123568513446,61.19279183365959,90608.709,3,-0.029523191996012742,2.1325241178329746,54.93778898260664,3
2023,2,6.401068669618315,pnm,107,-0.03891047835553378,2.2386702259420717,65.02661756203969,90608.709,3,-0.03814061574468686,2.2856908750065825,64.29204257946394,3
2023,2,5.734422328732003,q5_19,107,-0.025341113679329896,2.8929505961886472,49.5511416783225,90608.709,3,-0.02357946352547513,3.033877495798792,47.09358115118731,3
2023,2,16.773928374842374,u20m,107,-0.03316765716599459,6.8503452677888585,59.16075760724576,90608.709,3,-0.030686032787676076,7.325071480424607,56.330614291814975,3
2019,3,8.608427509820302,hgap,107,-0.015204602676112521,5.373067548302764,37.58363484883519,90608.709,3,-0.015750894984155737,5.282840475567574,38.63175975471679,3
2023,3,5.598129533821662,nnm,107,-0.03646467418367858,2.091510071160896,62.63912689899675,90608.709,3,-0.032161347703861455,2.34920304799192,58.03592907597129,3
2023,3,6.080012794740797,pnm,107,-0.03759549076380404,2.2032389986575045,63.76259272738203,90608.709,3,-0.037378470172195886,2.2161868983178543,63.54963429953876,3
2023,3,7.8605450036189906,q5_19,107,-0.01989199298354425,4.594096604095648,41.55498630208811,90608.709,3,-0.019070291966602947,4.6971599486167666,40.24383873568313,3
2023,3,19.413121616662643,u20m,107,-0.030262109801315384,8.575182235591786,55.82790648036971,90608.709,3,-0.028471961194541696,8.999835120042514,53.64045361814563,3
2019,1,9.988704899999988,hgap,108,-0.016398984580695684,6.007967005076691,39.85239262522714,45074.056,3,-0.021086540518218833,5.195392569816573,47.98732546582111,3
2023,1,13.987906662286315,nnm,108,-0.027159587649379358,6.718630102414089,51.96829472326539,45074.056,3,-0.027534787152410443,6.650911369780201,52.45241814694013,3
2023,1,11.187137349328303,pnm,108,-0.0421565074343004,3.5842131523170466,67.96130198104478,45074.056,3,-0.039497700482372625,3.8509765071087094,65.57674776970599,3
2023,1,9.275013429025037,q5_19,108,-0.05683203834018933,1.9994237642692785,78.44290167804692,45074.056,3,-0.03770700583940032,3.350919878369547,63.87153610060286,3
2023,1,34.061525333368145,u20m,108,-0.04015295539817001,11.519470172011925,66.1804042559217,45074.056,3,-0.03379975682146252,13.675077612139619,59.851834354749464,3
2019,2,11.612464699999975,hgap,108,-0.006864973357394666,9.386428695217166,19.169367247099697,45074.056,3,-0.0095256312663607,8.643300351887628,25.56876963520374,3
2023,2,10.149184467619829,nnm,108,-0.0339744880393464,4.055533225433674,60.04079698844245,45074.056,3,-0.0346076449644487,3.986792170294057,60.718103183427175,3
2023,2,10.518797369129306,pnm,108,-0.036919179834272155,3.881982693999914,63.09480487386511,45074.056,3,-0.032684755172419686,4.352174009677045,58.62479467044533,3
2023,2,6.101305636004861,q5_19,108,-0.045949090161906715,1.76451762472729,71.07967163102656,45074.056,3,-0.033658276104767015,2.4589374657271703,59.69817589178692,3
2023,2,26.537079942208553,u20m,108,-0.03755391765681071,9.627149898719614,63.72189434675837,45074.056,3,-0.033317567280436666,10.793765311823213,59.32572334511006,3
2019,3,10.781426830436772,hgap,108,-0.011787880098639158,7.481255553923965,30.609782252532444,45074.056,3,-0.015275097620145405,6.7146848023507335,37.71988709885154,3
2023,3,12.131051626547695,nnm,108,-0.029826662651009306,5.421912017267401,55.3055070229687,45074.056,3,-0.030167750336522303,5.372208855527882,55.715225514568786,3
2023,3,10.849976432317664,pnm,108,-0.0399018799995519,3.694377790226133,65.95036115265573,45074.056,3,-0.036622147173718214,4.0364473413922415,62.79763954722236,3
2023,3,7.727566764112237,q5_19,108,-0.052743917065066134,1.8602451386936483,75.92715539731273,45074.056,3,-0.03611377700466099,2.91456929937117,62.28347954356363,3
2023,3,30.400402884986466,u20m,108,-0.03905515645622728,10.590598110315998,65.16296790413173,45074.056,3,-0.03358965161944845,12.274639043149932,59.623432986765174,3
2019,1,7.798830699999996,hgap,109,-0.0019516606621898358,7.340979875005994,5.87076245922357,9256.311,3,-0.012977424963222095,5.215701724877791,33.1220034706255,3
2022,1,117.16201000000001,math,109,0.00796163307109854,146.4206149082723,-24.97277479984536,9256.311,3,-0.010933784987780415,86.26394277254131,26.372087016481448,3
2023,1,1.6946729978701613,nnm,109,-0.016131452207300424,1.0962996900920978,35.309071928926095,9256.311,3,-0.0319489986533535,0.7152428361072507,57.79464020456119,3
2023,1,2.717900330009293,pnm,109,0.01840370203289251,4.467190107201744,-64.3618074540088,9256.311,3,0.09335400041446404,33.7985416769121,-1143.5533894944756,3
2023,1,3.837127355474812,q5_19,109,0.0388570813096777,10.955758380064584,-185.51980075492963,9256.311,3,0.06408747623581257,21.65174086100107,-464.26953955824195,3
2023,1,8.228180798855345,u20m,109,0.018499901249879457,13.55915925715186,-64.78927224154006,9256.311,3,0.048268121680089406,30.289594282755544,-268.12018383175604,3
2019,2,8.138665099999997,hgap,109,-0.004938150375414008,6.983453130646142,14.194120966518893,9256.311,3,-0.00717689426445931,6.515229600217057,19.94719625191287,3
2022,2,128.37469,math,109,0.006876068756165754,155.63027755096678,-21.231278183391755,9256.311,3,0.03143361428220848,309.5422066760073,-141.12401492537768,3
2023,2,1.2112865114761961,nnm,109,-0.03421006342339316,0.48095157720790416,60.294152320596055,9256.311,3,-0.08954898656758856,0.10794433407973661,91.08845569920656,3
2023,2,2.230029516962273,pnm,109,0.01522560770490553,3.363917541337832,-50.84632359127388,9256.311,3,0.05230671746128444,9.154963517567845,-310.5310466938867,3
2023,2,1.7485970109407667,q5_19,109,0.01483622811329332,2.610108829053686,-49.26874589871427,9256.311,3,0.07374910020306122,12.807609210187897,-632.4505949656888,3
2023,2,5.181199083102439,u20m,109,0.0012032313615503386,5.352286000558068,-3.30207187007344,9256.311,3,0.01470401100918286,7.706351122269489,-48.73682710634273,3
2019,3,7.934432076658453,hgap,109,-0.0036974419527703085,7.075167222516749,10.829569726477256,9256.311,3,-0.010499357343746496,5.730092661120619,27.781943234759922,3
2022,3,122.69677000000001,math,109,0.007253569239452595,150.32745765059894,-22.519490652116534,9256.311,3,0.010694156870731275,165.52999538343403,-34.909823122021876,3
2023,3,1.4578877492503917,nnm,109,-0.02393411798132162,0.7639655790628155,47.59777771261012,9256.311,3,-0.057745041313608636,0.3066257058572266,78.96781106673777,3
2023,3,2.481854096860747,pnm,109,0.017064490022461208,3.934355693700536,-58.52485843857752,9256.311,3,0.07478652979678817,18.69474007839096,-653.2570146664788,3
2023,3,2.8187187902812827,q5_19,109,0.030963780400520856,6.5032660688635415,-130.7170935705358,9256.311,3,0.06697611661486244,17.195325964243988,-510.0404915712805,3
2023,3,6.743747546209322,u20m,109,0.011673546540309521,9.242399543097097,-37.05138692939764,9256.311,3,0.03506146810193815,17.379223219612616,-157.70868646145453,3
2019,1,11.719567299999994,hgap,110,-0.003386006919279083,10.551770325129057,9.964505898361432,124370.947,3,-0.004149779925842712,10.304870895940894,12.071234098029377,3
2022,1,40.53277000000003,math,110,0.012670858497026006,57.79456965492084,-42.58726865921279,124370.947,3,-0.0445400552853098,11.646308172813383,71.26693247756475,3
2023,1,0.8306479242285818,nnm,110,-0.021395315442744547,0.46616167261680336,43.87975229701258,124370.947,3,-0.014439848537381225,0.5624656791359552,32.285910464615434,3
2023,1,1.5160882023509403,pnm,110,-0.030010421173356762,0.6742543231563056,55.526708663073485,124370.947,3,-0.027996316176706483,0.7119361345400277,53.04124565865921,3
2023,1,1.9988930101533242,q5_19,110,-0.01775120604952949,1.2377694994258015,38.07725110155551,124370.947,3,-0.011553074848424428,1.463250764263128,26.79694426712263,3
2023,1,4.339681444051502,u20m,110,-0.022841079609015113,2.342202663928359,46.02823515677935,124370.947,3,-0.017956906349535597,2.6723666725033057,38.42021109253588,3
2019,2,11.857467299999996,hgap,110,-0.0022104790295377264,11.072150272712161,6.622974429689849,124370.947,3,-0.0031927881485729337,10.74006765502864,9.42359457294356,3
2022,2,49.44597999999996,math,110,-0.008033690935929672,39.4856539311879,20.14385409857803,124370.947,3,-0.04228782504653228,15.13215060128147,69.39660089398274,3
2023,2,0.8288466848877062,nnm,110,-0.01721950177968211,0.520665942121523,37.18187553684143,124370.947,3,-0.013214235793187984,0.5801291967743533,30.00765915436456,3
2023,2,1.3592409828659946,pnm,110,-0.021903820172887688,0.7524078851972215,44.644997121058694,124370.947,3,-0.029056062022762185,0.6202781754425525,54.36584216768686,3
2023,2,1.3790061405293264,q5_19,110,0.0029355459816550744,1.492754085284128,-8.24854519582776,124370.947,3,-0.001451448191891458,1.326009359925154,3.843114185396581,3
2023,2,3.562951373162093,u20m,110,-0.011833919118820192,2.588486708706215,27.34992882013565,124370.947,3,-0.015053869449573298,2.372952033173518,33.399258517874735,3
2019,3,11.751859295208618,hgap,110,-0.002926337602370621,10.732698329544904,8.672338053598367,124370.947,3,-0.0035418197824015783,10.529860231621628,10.39834661809825,3
2022,3,45.01414,math,110,0.0018556444815422068,47.41481383876598,-5.333154957011247,124370.947,3,-0.04373716015662332,13.228005068045658,70.61366702097239,3
2023,3,0.8283724085872982,nnm,110,-0.01966368999371605,0.48713592565703207,41.19360801891132,124370.947,3,-0.014243096156276943,0.5639125723257273,31.92523477605673,3
2023,3,1.4410035023573187,pnm,110,-0.02621178040616528,0.7100795141567616,50.72326243516051,124370.947,3,-0.028265840190415302,0.6717708876282057,53.38173109716496,3
2023,3,1.697966395933448,q5_19,110,-0.01005589566988685,1.2942380119687737,23.777171617270238,124370.947,3,-0.007596070634987373,1.3831138774302554,18.542918120008142,3
2023,3,3.9622973221408175,u20m,110,-0.018164053559822202,2.426365704052014,38.763663935722626,124370.947,3,-0.016683344026908298,2.5253349317852636,36.265890051359584,3
2019,1,8.943425300000001,hgap,111,-0.02271618327995979,4.422552319594507,50.54968123237406,11439.221,3,-0.030098261843376762,3.5179292731556258,60.66463178089467,3
2022,1,227.11705999999998,math,111,0.010004839030984947,300.5460720669388,-32.33090991356564,11439.221,3,0.05268384359458156,992.8833531690462,-337.16810756930647,3
2023,1,8.318198912727375,nnm,111,-0.03465572127568199,3.2633075930618487,60.76906037833767,11439.221,3,-0.03658319025554881,3.097823033875529,62.758488148971026,3
2023,1,6.666486057437138,pnm,111,-0.02701007676162446,3.214978983231208,51.77400874266325,11439.221,3,-0.03002580678577198,2.9635744075226595,55.54517954452941,3
2023,1,4.019900769791751,q5_19,111,-0.049925050462344966,1.0442311319476165,74.0234599870058,11439.221,3,-0.032719038294500756,1.6617033392199394,58.663075673233024,3
2023,1,18.8891185524237,u20m,111,-0.03528776061083314,7.284993022125746,61.4328588075329,11439.221,3,-0.03326783231013808,7.69333635644722,59.271067439724064,3
2019,2,10.898802599999982,hgap,111,-0.006110344914223909,9.018087093107784,17.256166350716374,11439.221,3,-0.006275296705074584,8.972090756496298,17.678197451742882,3
2022,2,212.13342,math,111,0.013820135589375226,312.36713564944654,-47.25031805429174,11439.221,3,0.044124709889914904,729.7538556639518,-244.00701957473353,3
2023,2,6.302160677243407,nnm,111,-0.02925113526524894,2.8608302705183575,54.60556439240617,11439.221,3,-0.031874994067113915,2.6651696108220544,57.710224360896305,3
2023,2,6.153949595024244,pnm,111,-0.02958617365648395,2.768394079926537,55.01435237355676,11439.221,3,-0.02976463028793739,2.7550871306863436,55.23058666398633,3
2023,2,2.945833091833272,q5_19,111,-0.03802623641009708,1.0551503593689078,64.18159731133107,11439.221,3,-0.027811775196080513,1.3902362966438968,52.80668478814884,3
2023,2,15.326580811890423,u20m,111,-0.03093667754633995,6.6478821831063,56.625145133813234,11439.221,3,-0.030101871201661724,6.799425385956418,55.63638446559851,3
2019,3,9.950497422943982,hgap,111,-0.013597701926651018,6.5279553798926,34.39568794982693,11439.221,3,-0.013542436661773039,6.539148810255728,34.28319678594483,3
2022,3,219.36541,math,111,0.011775014017249763,305.0388881612932,-39.055144638023464,11439.221,3,0.04829324962956072,848.0587107688843,-286.59636939519515,3
2023,3,7.325577091819079,nnm,111,-0.03239606563589263,3.0546901497320302,58.30103060217071,11439.221,3,-0.03464361524609725,2.874832247988707,60.75623514768264,3
2023,3,6.42443005038551,pnm,111,-0.028272690291414392,2.9944042019217303,53.39035247582709,11439.221,3,-0.029880765461139224,2.8671750769323197,55.37074799716638,3
2023,3,3.4869381822525414,q5_19,111,-0.04538591665642191,1.023885075899742,70.6365578514983,11439.221,3,-0.030791596924540966,1.5183905459237943,56.45490494635259,3
2023,3,17.14210134651928,u20m,111,-0.033457112330072244,6.946205030895276,59.47868414448671,11439.221,3,-0.031911336679296465,7.242246253555332,57.75170087285782,3
2019,1,8.285466899999989,hgap,112,-0.013157100544170542,5.510376148110654,33.49347460297425,20330.109,3,-0.018531696521671838,4.6646854854692075,43.70039079548777,3
2022,1,155.25729,math,112,0.004414699534002952,175.68546458746331,-13.157626664399013,20330.109,3,-0.0025029624908838866,144.74893030652612,6.76835187157646,3
2023,1,4.158520135411788,nnm,112,-0.07349213980922183,0.5717070892195605,86.2521505101971,20330.109,3,-0.08378441580903813,0.4329989601256077,89.58766710209206,3
2023,1,6.563523123853998,pnm,112,-0.021815824658869755,3.64188081115693,44.5133239811232,20330.109,3,0.03135503391012388,15.303987814784886,-133.1672719970342,3
2023,1,6.183066360864742,q5_19,112,-0.04038960203322388,2.077769719945489,66.39580430356403,20330.109,3,-0.030815174035082292,2.690708722067771,56.48261614822039,3
2023,1,16.81168873603567,u20m,112,-0.04309889003395288,5.250925630648662,68.76622144809663,20330.109,3,-0.024737610716250823,8.620636425721008,48.72236477206024,3
2019,2,8.6166001,hgap,112,-0.007890495235204043,6.746914131351817,21.698650824565746,20330.109,3,-0.009621469996403943,6.39441540860298,25.789576696231027,3
2022,2,155.04696,math,112,0.003954008417730304,173.19883581306527,-11.707340674764122,20330.109,3,-0.004893015522046129,135.19573322963046,12.803364071355896,3
2023,2,3.5033812675700884,nnm,112,-0.05565076412679413,0.7797031155592292,77.7442688645754,20330.109,3,-0.05001755963430634,0.9077869799046421,74.08826186553556,3
2023,2,4.778583908460865,pnm,112,-0.03179949108617952,2.0249762859029503,57.62392531566584,20330.109,3,0.004587941589517364,5.408753567134438,-13.187372467349736,3
2023,2,3.571547442816736,q5_19,112,-0.04146606548344454,1.16580891206836,67.35843690350274,20330.109,3,-0.03641841705727411,1.3360288894243353,62.59243616904993,3
2023,2,11.80725177794617,u20m,112,-0.04204217268466075,3.7945857104279033,67.86224447660625,20330.109,3,-0.025214152122956524,5.9770778389757115,49.37790815861298,3
2019,3,8.440447188322366,hgap,112,-0.012478629717685407,5.732763899444256,32.07985582356677,20330.109,3,-0.017907890626932144,4.844725959167511,42.60107490666671,3
2022,3,155.15431999999998,math,112,0.004185044601857512,174.44360054960015,-12.432319351211211,20330.109,3,-0.0036676728992270924,140.01161638564378,9.759769250612042,3
2023,3,3.8529522704290904,nnm,112,-0.06561984504475867,0.6551466742389913,82.9962421474266,20330.109,3,-0.06886086383296441,0.6002532403500791,84.42095312322073,3
2023,3,5.686334012658056,pnm,112,-0.026252301987537675,2.798975901552453,50.77714577930533,20330.109,3,0.019477080606895125,9.620987699593247,-69.19490972877182,3
2023,3,4.905684726616788,q5_19,112,-0.04041124605595601,1.647552803300914,66.41543647593613,20330.109,3,-0.03290871088666973,2.017500738105922,58.874227543413824,3
2023,3,14.376372584635755,u20m,112,-0.04256817302126139,4.555090481362576,68.31543941598544,20330.109,3,-0.024982740467727017,7.323234292632496,49.06062534537435,3
2019,1,8.819884900000005,hgap,113,-0.02103108458175589,4.595351265356845,47.89783180326036,4838.783,3,-0.026808913105967936,3.841767371697534,56.44197837890683,3
2023,1,4.762403269630654,nnm,113,-0.014603343126962298,3.210613900055298,32.58416563483723,4838.783,3,-0.010912030225066482,3.5470902281004184,25.51890238443601,3
2023,1,4.545612251758979,pnm,113,-0.011177218816467627,3.361467112735029,26.05028923366112,4838.783,3,-0.0064137664710064435,3.822829031553709,15.900679164299167,3
2023,1,4.52551332147999,q5_19,113,-0.02950091160116457,2.0405235124778396,54.910672723187965,4838.783,3,-0.02142083392431542,2.537980017593157,43.91840577406245,3
2023,1,13.769855224468053,u20m,113,-0.018574776397006998,8.339162870803921,39.43899383934101,4838.783,3,-0.012907975131968286,9.71787011301189,29.426490296398136,3
2019,2,10.25925509999999,hgap,113,-0.009198661140448294,7.7138833623308924,24.810492700089895,4838.783,3,-0.01127249579504488,7.233571265038013,29.49223706272768,3
2023,2,3.7958469975529576,nnm,113,-0.013494968713701061,2.6367402974670586,30.536180747884,4838.783,3,-0.009304850540066311,2.952571864827132,22.215730330264996,3
2023,2,3.9593492694617316,pnm,113,-0.01357169388063637,2.7446236207861086,30.679931625248194,4838.783,3,-0.008458019449091836,3.1509788819720024,20.416748623938048,3
2023,2,2.6187350508235507,q5_19,113,-0.013800867023356611,1.8041110664712043,31.10753736221463,4838.783,3,-0.012439608533517443,1.8716529403416844,28.528358004255562,3
2023,2,10.33863278670022,u20m,113,-0.013551779902890405,7.1706017509408895,30.642649769268676,4838.783,3,-0.00974423740931174,7.9469898729108825,23.13306762250019,3
2019,3,8.92437920728193,hgap,113,-0.022637583730471,4.423900057548756,50.42904436491187,4838.783,3,-0.02691976458346277,3.873947707424706,56.59140409157286,3
2023,3,4.290454460401582,nnm,113,-0.014111889409211886,2.931082029219698,31.683646656271655,4838.783,3,-0.010252949851212678,3.252952404666883,24.181635426042718,3
2023,3,4.25918621254795,pnm,113,-0.01233192036778541,3.052974197470319,28.32024604897575,4838.783,3,-0.007516074764878677,3.4769104351529245,18.366789765856435,3
2023,3,3.5902526749320707,q5_19,113,-0.025069943824785244,1.824551310860028,49.18042054255835,4838.783,3,-0.02236327864984653,1.9628825065273314,45.32745507767166,3
2023,3,12.090989740821456,u20m,113,-0.01680362829565225,7.6810984303066965,36.47254199237418,4838.783,3,-0.01291707092893395,8.530940476749313,29.443820070847856,3
2019,1,12.117589399999986,hgap,114,-0.007461607944424698,9.615229235406275,20.650643308591672,7073.523,3,-0.011559711532615946,8.468107169026375,30.11722967749357,3
2023,1,10.286706788758366,nnm,114,-0.0526618429764731,2.4817965129094275,75.87375081380164,7073.523,3,-0.043507310452412004,3.1776917754123835,69.10875520545541,3
2023,1,8.636292685519464,pnm,114,-0.017637913307925634,5.364213377051748,37.88754535790613,7073.523,3,-0.0019629355637021282,8.190493424055061,5.1619285924836475,3
2023,1,7.027951137089428,q5_19,114,-0.014179205574318976,4.792521428518477,31.807701348030946,7073.523,3,-0.001222860166221995,6.799696597740513,3.2478105623745765,3
2023,1,25.7297460413225,u20m,114,-0.031950649288876184,10.858847932404997,57.79652113563242,7073.523,3,-0.019157279406624105,15.339039994363741,40.38402100926714,3
2019,2,10.159279799999979,hgap,114,-0.00524253994568138,8.635389480927852,14.999983749558012,7073.523,3,-0.005889536592544609,8.463915735596556,16.687837108329532,3
2023,2,7.828991939202204,nnm,114,-0.0538302354749773,1.8301856329756518,76.62297206091961,7073.523,3,-0.045465502787066646,2.2939269702035916,70.69958702196149,3
2023,2,7.274716738777665,pnm,114,-0.016950898449146056,4.603102892409346,36.72464430301951,7073.523,3,-0.0025998126268810483,6.781578792689463,6.778792409325631,3
2023,2,3.6273072461558975,q5_19,114,-0.03809997329626236,1.2966594307356678,64.25283708431853,7073.523,3,-0.04981824892277609,0.9449699476915174,73.9484448500202,3
2023,2,18.6194830220604,u20m,114,-0.03756150510738521,6.753412069239177,63.729325560555466,7073.523,3,-0.030605824591499787,8.148641635203939,56.23594046328025,3
2019,3,11.187704803843786,hgap,114,-0.006990803228023701,9.007886666166163,19.484051249982013,7073.523,3,-0.010464558511789424,8.088263627306947,27.703994973767603,3
2023,3,9.087137802543259,nnm,114,-0.05319335544697763,2.1611476246932484,76.21751015937716,7073.523,3,-0.04437022965097093,2.742483193066393,69.82016502161063,3
2023,3,7.977996828297362,pnm,114,-0.017289908690640045,5.002109989308503,37.30117851681277,7073.523,3,-0.0022658735623471314,7.504544495283655,5.934476325365372,3
2023,3,5.375126443184608,q5_19,114,-0.022395760390516183,2.9361422724774626,45.3753822628611,7073.523,3,-0.01820693024461879,3.287722189717007,38.83451441620179,3
2023,3,22.276426342430767,u20m,114,-0.03421000089526407,8.845058844682061,60.294085286765515,7073.523,3,-0.023830086264157835,11.706177284448673,47.45038048517025,3
2019,1,21.001802699999985,hgap,115,-0.009097111366627875,15.840941528190486,24.573419936991893,7665.002,3,-0.012601002812659879,14.210444035259767,32.3370272626179,3
2023,1,18.075557500807527,nnm,115,-0.031193258040562322,7.78611986668213,56.924593521752875,7665.002,3,-0.030592708068736575,7.9133997498335225,56.220438846879325,3
2023,1,25.43537105895899,pnm,115,-0.04660258763572056,7.227338869118758,71.58547892867047,7665.002,3,-0.04388482383289327,7.777621123129214,69.42202610254535,3
2023,1,14.921611557117798,q5_19,115,-0.0317834251800003,6.3259367239371285,57.605539457166905,7665.002,3,-0.025184372354094008,7.559707875165333,49.33718890732512,3
2023,1,57.33038876822349,u20m,115,-0.03749859284544295,20.829470217200996,63.667662709543414,7665.002,3,-0.03447284235252148,22.602580577721607,60.574869517979735,3
2019,2,17.262126799999976,hgap,115,-0.007959400912257752,13.487636770968932,21.865729946040307,7665.002,3,-0.010443440861297403,12.488000617803607,27.656651103943783,3
2023,2,13.606979425463646,nnm,115,-0.03513857408010721,5.269004018995792,61.27719566375213,7665.002,3,-0.036298881760666556,5.106493916008576,62.47150997779526,3
2023,2,21.292032229934033,pnm,115,-0.047586602806181856,5.891405849174912,72.33046716464996,7665.002,3,-0.04386140386781934,6.514790311665366,69.40268434073496,3
2023,2,8.668879602792723,q5_19,115,-0.045452429772847844,2.540914235935358,70.68924298917719,7665.002,3,-0.041120416180997224,2.8561892853289073,67.05238258922442,3
2023,2,42.97814723333215,u20m,115,-0.04270686141750213,13.566540776523455,68.43386313777208,7665.002,3,-0.040373328522826935,14.448807894747935,66.38103588713565,3
2019,3,19.193073128540647,hgap,115,-0.008628553877704137,14.688491105849515,23.46983201972325,7665.002,3,-0.011905109277533655,13.269803651049763,30.86149590438862,3
2023,3,15.890166640284646,nnm,115,-0.03285280771136634,6.544824989312162,58.81210601832352,7665.002,3,-0.03297715448972616,6.522888480965109,58.95015685720799,3
2023,3,23.415380540963927,pnm,115,-0.04700698322343366,6.581117393011553,71.8940404086184,7665.002,3,-0.04386082685537902,7.1645895156139465,69.40220765116376,3
2023,3,11.852528616329018,q5_19,115,-0.03684362002101431,4.383131790717368,63.01943718002246,7665.002,3,-0.03100323253503907,5.131787051885736,56.70301909403734,3
2023,3,50.324541397363085,u20m,115,-0.0396820036177278,17.237353789849916,65.74761873388256,7665.002,3,-0.03694222275980223,18.560818825725196,63.117758631581395,3
2019,1,4.825252799999987,hgap,116,-0.05449284341756895,0.8909962870035913,81.53472317546567,5773.497,3,-0.06962708962048629,0.5573417619330975,88.44948057575141,3
2018,1,186.97463999999997,math,116,0.026788370577935854,440.627942332698,-135.66187496480703,5773.497,3,0.026788370577935854,440.627942332698,-135.66187496480703,3
2023,1,11.389484714176387,nnm,116,0.046611791136201154,40.09328632255275,-252.02019519503813,5773.497,3,0.055881709939391656,51.49561737861055,-352.1329864424369,3
2023,1,8.484769156218874,pnm,116,0.02875186275428898,18.440936193996833,-117.34163716735452,5773.497,3,0.0519805742198796,34.52722682572365,-306.9318350330966,3
2023,1,4.041188298391951,q5_19,116,-0.0011731296729604822,3.9151916493316077,3.117811884946797,5773.497,3,0.014891581042680135,6.041253177486236,-49.49199916990109,3
2023,1,23.738879946912927,u20m,116,0.030496506830853497,54.082999401702125,-127.82456258529263,5773.497,3,0.046713885096728004,83.79632110965466,-252.99189050640854,3
2019,2,6.690720099999993,hgap,116,-0.02170666403369472,3.4137620429232354,48.977658728793045,5773.497,3,-0.02599730548335404,2.9885999590696026,55.33216284044514,3
2018,2,187.28825999999998,math,116,-0.012772958781937405,124.45127156911364,33.55094891206013,5773.497,3,-0.012772958781937405,124.45127156911364,33.55094891206013,3
2023,2,9.771243477398349,nnm,116,0.04764653427022887,35.371278829042396,-261.9936286600465,5773.497,3,0.056380494723145616,44.778006410862,-358.2631321636497,3
2023,2,7.545036601679933,pnm,116,0.02350376035905897,14.231978974461288,-88.62703689591753,5773.497,3,0.0473453166154695,27.091322995372828,-259.06151852650834,3
2023,2,3.080663935847494,q5_19,116,-0.002944575374652958,2.845223439847091,7.642524498071651,5773.497,3,0.006093089884159309,3.6315464041484065,-17.881939730286224,3
2023,2,20.270101105770657,u20m,116,0.02924127534338781,44.64138674533127,-120.23267921748251,5773.497,3,0.044455230900757224,67.31870837051271,-232.10839955478994,3
2019,3,5.581143667617056,hgap,116,-0.039721793828780404,1.6290843443659975,70.81092261039113,5773.497,3,-0.05134221109781358,1.1363088629159301,79.64021479129757,3
2018,3,187.14339999999999,math,116,0.005024261318750926,219.78538117704178,-17.44222942248661,5773.497,3,0.005024261318750926,219.78538117704178,-17.44222942248661,3
2023,3,10.599134924884263,nnm,116,0.04704574838189261,37.7508349465106,-256.1690195855566,5773.497,3,0.05608099331932674,48.18073279267212,-354.5723130625986,3
2023,3,8.027746803661696,pnm,116,0.026350609159293548,16.352329080134545,-103.6976187723778,5773.497,3,0.04987308510448409,30.86050432341094,-284.4229903879696,3
2023,3,3.580507328033722,q5_19,116,-0.0016438470435232277,3.4250656243972433,4.341331811261541,5773.497,3,0.011422615189463725,4.874000765345846,-36.12598212506553,3
2023,3,22.0559128537785,u20m,116,0.02998298492609792,49.55689064480816,-124.6875519202024,5773.497,3,0.04573979411528271,75.8346387372161,-243.82906406988505,3
2022,1,21.13189,math,117,-0.06645289850952887,3.287416886942773,84.44333712250645,713.916,3,7.268543922283044e-4,21.566370861512418,-2.0560435508249353,3
2023,1,1.5072284260360114,q5_19,117,-0.010235484953493796,1.1432949392096294,24.145874675646983,713.916,3,-0.0010088912757072687,1.4667255810981488,2.6872399855398488,3
2023,1,5.620863789884911,u20m,117,-0.02368891343043713,2.965022700990797,47.2496966333442,713.916,3,-0.022167943872402774,3.0893195824507496,45.03834823376845,3
2022,2,36.59943999999996,math,117,-0.018230361464627042,21.967911462737913,39.977465604014874,713.916,3,0.09703395235419665,553.8996901607588,-1413.410287591175,3
2023,2,0.7411778955521697,q5_19,117,-0.041072489953179324,0.24451665928189856,67.00972050714812,713.916,3,-0.04242298099117806,0.23576137831843888,68.19098630258,3
2023,2,2.5877092436564775,u20m,117,-0.03717503205842739,0.9484247361583765,63.348867787857174,713.916,3,-0.031533094600746894,1.1044853371279133,57.31802791076881,3
2022,3,28.670279999999934,math,117,-0.03926764451370244,9.548336967217052,66.69604563604864,713.916,3,0.055927450760327235,137.25351186800157,-378.7309780999763,3
2023,3,1.1276121046689402,q5_19,117,-0.021148753670137112,0.6370455403836729,43.50490405823504,713.916,3,-0.013707423206709864,0.7788021759697061,30.933503396688216,3
2023,3,4.149304410672183,u20m,117,-0.028113912698571508,1.9422849037078183,53.19010823326963,713.916,3,-0.024825591719371244,2.1226169374377695,48.844029568466695,3
2019,1,14.578894200000008,hgap,118,-0.010583692389524035,10.50110422592178,27.97050255072312,35126.296,3,-0.019634237780399032,7.932065821856632,45.59212987596393,3
2022,1,177.14265999999998,math,118,0.0076407432821469,219.39992555735293,-23.854934524158637,35126.296,3,0.05207555354602045,761.3330393222204,-329.7852585719445,3
2023,1,4.403715207283533,nnm,118,-0.006503227108716758,3.6945598172403162,16.103570659390222,35126.296,3,-0.02758296768577608,2.091138014689818,52.514231364662805,3
2023,1,4.067883078891721,pnm,118,-0.002867973892450193,3.764772524655537,7.451309399943844,35126.296,3,0.016645002110678674,6.375979925864904,-56.73950804903703,3
2023,1,6.788927828163982,q5_19,118,-0.018052954142940524,4.169779941941591,38.579698481353894,35126.296,3,-0.02473403557547842,3.481537700053707,48.71741476451571,3
2023,1,15.185220861894887,u20m,118,-0.010854048065742328,11.327839238772015,25.402209544428906,35126.296,3,-0.015321459258977122,10.040663955879747,33.87870978501643,3
2019,2,13.297498099999984,hgap,118,-0.011023293888791485,9.448479170330689,28.945436959072023,35126.296,3,-0.014798620691088792,8.404931890072628,36.79313336339083,3
2022,2,166.68957,math,118,0.006431452501157242,199.57974691057822,-19.731394658093016,35126.296,3,0.04883333995756045,654.2350817746378,-292.4871134856475,3
2023,2,3.4785446939083533,nnm,118,-0.0012457804034980758,3.363486026490553,3.3076667843104572,35126.296,3,-0.020482984517309077,2.000852686490986,42.48017885195237,3
2023,2,3.6073899908277696,pnm,118,-0.0061589973001168865,3.0547311623625157,15.320185227282233,35126.296,3,0.006735899980363102,4.326910669379446,-19.945741391453257,3
2023,2,2.9242128110729126,q5_19,118,-0.02174246970712803,1.6257652661637148,44.40331907419519,35126.296,3,-0.028339143648178577,1.360521988989352,53.47390641893235,3
2023,2,9.976914941902892,u20m,118,-0.009333196541811483,7.754533281071618,22.2752391272507,35126.296,3,-0.013485302324063576,6.932155166749653,30.51804884459117,3
2019,3,13.666809964301933,hgap,118,-0.012072203502130563,9.400209296451266,31.218701942846508,35126.296,3,-0.017941353414197624,7.836468663638397,42.66058660281764,3
2022,3,171.906,math,118,0.007127118949048228,209.8739571272687,-22.086464188142767,35126.296,3,0.05063820695693577,709.6824458279826,-312.8316904750169,3
2023,3,3.955260854032814,nnm,118,-0.004209972530025352,3.530280382430955,10.744688840649925,35126.296,3,-0.0245080001718053,2.0407768616797597,48.40348242521177,3
2023,3,3.8450507224052632,pnm,118,-0.004518629905314131,3.4034301381076912,11.485429352706099,35126.296,3,0.011963807031298535,5.311156374384679,-38.12968300876658,3
2023,3,4.941780763123793,q5_19,118,-0.019466477667721426,2.921598352689215,40.87964455059278,35126.296,3,-0.026855757222928787,2.393173476444055,51.572649796562715,3
2023,3,12.68841188674752,u20m,118,-0.010452655478487083,9.568413652133252,24.589351783834882,35126.296,3,-0.015090162016923082,8.442299740634407,33.46448857439746,3
2019,1,15.915761599999996,hgap,119,-0.007506328567621212,12.611558417917443,20.760572224721898,526.009,3,-0.007073232056020373,12.782022865100268,19.689530502264677,3
2023,1,3.471491486703227,nnm,119,-0.06998328251126798,0.5246812713534298,84.88599861577929,526.009,3,-0.06801829367458212,0.5532697490017575,84.06247714790793,3
2023,1,2.2099952250249633,pnm,119,-0.08895543423166821,0.2001263485099038,90.94448955166212,526.009,3,-0.08754598268117961,0.20788896218170042,90.59323930533142,3
2023,1,2.695814856335632,q5_19,119,-0.048887279077706514,0.7201786175039522,73.28530867721099,526.009,3,-0.07196629106956509,0.3862040811264885,85.6739389866169,3
2023,1,8.35433403440755,u20m,119,-0.06909771514738275,1.2932289348891415,84.5202630208112,526.009,3,-0.07434990722437922,1.1222470333401453,86.56688817183823,3
2019,2,16.076519399999995,hgap,119,-0.008737173677203591,12.262028837355725,23.72709208837997,526.009,3,-0.010994344639475084,11.43335660898962,28.88164207365916,3
2023,2,2.74146277524415,nnm,119,-0.06951776631026503,0.41958546094768195,84.6948328193034,526.009,3,-0.07034692759463348,0.41029641891915675,85.03366806129196,3
2023,2,2.0012274271391517,pnm,119,-0.08487301648141203,0.20233900632903828,89.889254785085,526.009,3,-0.08583968841275409,0.19712625222850294,90.14973263132296,3
2023,2,1.77904068878032,q5_19,119,-0.08007864214722078,0.2047329037633961,88.49194933794587,526.009,3,-0.09116219477853482,0.15178276183263076,91.46828047329876,3
2023,2,6.5078169221570725,u20m,119,-0.07708167212589814,0.8120437267141823,87.52202564350837,526.009,3,-0.08076759533156883,0.7351203760869561,88.70404031213444,3
2019,3,14.603159154386645,hgap,119,-0.01148316776454541,10.229336146513278,29.951210978615638,526.009,3,-0.01457193091166964,9.295291926232759,36.34739012318068,3
2023,3,3.1178804429788345,nnm,119,-0.06982971900189586,0.47319439715092404,84.8232026273967,526.009,3,-0.06895770507604966,0.48446765409656706,84.46163465993247,3
2023,3,2.1049085046108695,pnm,119,-0.08731059250697276,0.19926613274405988,90.53326392536488,526.009,3,-0.08679983600733501,0.202033132702532,90.40180928244757,3
2023,3,2.274825575651618,q5_19,119,-0.06139075174803356,0.4335938910873938,80.93946649236209,526.009,3,-0.08226471703713212,0.2467834665256221,89.15154334613405,3
2023,3,7.47918566565231,u20m,119,-0.07243118233160942,1.0581075632730064,85.8526367632201,526.009,3,-0.07791676430693836,0.9124438602280839,87.80022450280349,3
2019,1,13.110391099999987,hgap,120,-0.008694630562121964,10.012873169820635,23.626434227269964,3431.939,3,-0.01108521968705931,9.297665240393417,29.081709542643416,3
2022,1,158.76533999999998,math,120,,,,3431.939,3,,,,3
2023,1,7.300513741592327,nnm,120,-0.043341206361984616,2.2653565176062163,68.96990269739406,3431.939,3,-0.0597587956514658,1.4542019157865889,80.0808276340644,3
2023,1,6.87976478293828,pnm,120,-0.06640475072985288,1.1452880679909963,83.3528019616122,3431.939,3,-0.044431027791637635,2.0728961017843197,69.86966608327842,3
2023,1,7.341822136034404,q5_19,120,-0.05171350903048659,1.817246267424159,75.24802108042182,3431.939,3,-0.024784569594683246,3.7599425580765886,48.78733796038982,3
2023,1,21.368134509479276,u20m,120,-0.05350815030150069,5.038864265536823,76.41879190108293,3431.939,3,-0.04310433353553522,6.673094966204376,68.77081168108487,3
2019,2,10.467702499999973,hgap,120,-0.009855932599366967,7.7118696407615905,26.327007853331615,3431.939,3,-0.012810848403087239,7.03683337170576,32.77576075833471,3
2022,2,153.1907,math,120,,,,3431.939,3,,,,3
2023,2,5.611369685374334,nnm,120,-0.038110585466624936,2.0053307962814264,64.26307820159863,3431.939,3,-0.05190017121262449,1.381942637602924,75.37245422976022,3
2023,2,5.79697915331856,pnm,120,-0.06438547311279566,1.019109464769756,82.41999086392516,3431.939,3,-0.048175799654511575,1.5786820534535,72.76716007250496,3
2023,2,4.283036604302626,q5_19,120,-0.050860915385343076,1.0848237480562264,74.67162090171162,3431.939,3,-0.024559842849225876,2.2068065887823156,48.47565424574201,3
2023,2,15.610133397105152,u20m,120,-0.05157866723956581,3.8779096739802883,75.15774160713173,3431.939,3,-0.04314161863765387,4.870012855834191,68.80223421577347,3
2019,3,11.781432579123788,hgap,120,-0.010014170057745585,8.637260926607418,26.687515558063055,3431.939,3,-0.013153457740082964,7.83630633039478,33.485963801376826,3
2022,3,156.00029999999998,math,120,,,,3431.939,3,,,,3
2023,3,6.474503682462359,nnm,120,-0.04109704550763786,2.1345411906304324,67.03158581232543,3431.939,3,-0.056494615193925936,1.4084887809481972,78.2456100107966,3
2023,3,6.349672297440878,pnm,120,-0.06549784219284387,1.0832453247312954,82.94013810495579,3431.939,3,-0.046246370664940084,1.8216655080085762,71.31087365338892,3
2023,3,5.865771735848013,q5_19,120,-0.05081758856040732,1.4874439329352571,74.64197381147807,3431.939,3,-0.024144561479133353,3.0563790453507615,47.89468150163362,3
2023,3,18.573854197685534,u20m,120,-0.05252738891451751,4.497471737715702,75.78600709444501,3431.939,3,-0.04300625192887999,5.815845070832256,68.6880008374516,3
2019,1,17.084891099999993,hgap,121,-0.008053082963022628,13.310443327198941,22.092313908872697,54133.801,3,-0.011108561965429243,12.107548373325718,29.133008209073555,3
2023,1,21.138091323861868,nnm,121,-0.0277855866158641,9.982822343709135,52.77330298767343,54133.801,3,-0.02902079344616961,9.655379931871163,54.32236627262734,3
2023,1,22.371326749076047,pnm,121,-0.04069913641655942,7.455137557805966,66.6754786543276,54133.801,3,-0.03420425542883008,8.884117984161628,60.287925325982066,3
2023,1,23.11246920308385,q5_19,121,-0.017370127723226946,14.459892981586297,37.43683180481235,54133.801,3,-0.008685634072758398,18.280961155551214,20.904335253318493,3
2023,1,65.15431963255037,u20m,121,-0.028234481697187074,30.399543699893773,53.34224365884331,54133.801,3,-0.02344460192425011,34.59656336075291,46.900583789583685,3
2019,2,15.647224899999998,hgap,121,-0.006629897277229624,12.740256240168573,18.578173947198934,54133.801,3,-0.00815371460274612,12.152421202914727,22.33497453650884,3
2023,2,16.36033198322902,nnm,121,-0.03163705017467842,6.963340169418195,57.43765972135335,54133.801,3,-0.032266817429672745,6.845938472761783,58.15525944229276,3
2023,2,19.381352303760924,pnm,121,-0.03999124377628913,6.5833767683694235,66.03241783550921,54133.801,3,-0.03353030622882791,7.83807379032261,59.55868472190331,3
2023,2,10.983262241511472,q5_19,121,-0.034365868304849466,4.342690362850809,60.46083333567764,54133.801,3,-0.022955710157678853,5.909541956605872,46.195020872117276,3
2023,2,46.01878351069022,u20m,121,-0.03516677686174239,17.806199355534794,61.306670891466766,54133.801,3,-0.030157542868692655,20.384931845009973,55.70301887646698,3
2019,3,16.37574122930073,hgap,121,-0.007452808819831303,12.997590225290732,20.628996005173494,54133.801,3,-0.009879543089131193,12.055671470291276,26.38091124253755,3
2023,3,18.829728971722545,nnm,121,-0.029378075241976286,8.518403303640735,54.76088202632547,54133.801,3,-0.0303418491610735,8.299597517729717,55.92290504980928,3
2023,3,20.91083934293392,pnm,121,-0.04040292646232211,7.024391827646111,66.40789156070028,54133.801,3,-0.033936366987528555,8.364409537797263,59.99964707000764,3
2023,3,17.21030583585048,q5_19,121,-0.022928761432339774,9.266741636027948,46.15585728450819,54133.801,3,-0.013205438016054848,12.048757642985429,29.99103120011454,3
2023,3,55.87995785772159,u20m,121,-0.03105209325857734,24.16243760563623,56.760100522700334,54133.801,3,-0.02615130694013512,27.58081694501848,50.64273846583205,3
2019,1,19.418618699999996,hgap,122,-0.005926827461026196,16.159379924341206,16.78409173181196,29694.614,3,-0.008733083033783196,14.813023478370168,23.717419311754803,3
2023,1,18.270082290447935,nnm,122,-0.03774679662210234,6.59361242308072,63.910329913905045,29694.614,3,-0.0367447596915154,6.774437671730586,62.920595736602486,3
2023,1,10.093685149279995,pnm,122,-0.05934600978467919,2.0331122180503356,79.85758235984444,29694.614,3,-0.057388348258621845,2.1434669593263602,78.7642775891493,3
2023,1,12.28064971179399,q5_19,122,-0.027852970306992297,5.789203000982264,52.859147220668,29694.614,3,-0.027238738334311563,5.886013211779068,52.07083216349452,3
2023,1,40.11394390559941,u20m,122,-0.04015811439792825,13.564484096686494,66.18511476057317,29694.614,3,-0.03873467112325253,14.095955071419828,64.86021144021142,3
2019,2,17.972250499999973,hgap,122,-0.005448745667739186,15.179074682604446,15.541602969508638,29694.614,3,-0.006854747109169512,14.531689813644974,19.14373876746824,3
2023,2,12.78143149321513,nnm,122,-0.04020844008560909,4.316157637843229,66.23103100670367,29694.614,3,-0.034705858511775475,5.007492412264357,60.82213158265939,3
2023,2,11.58537812609306,pnm,122,-0.058094650035923,2.413766150223895,79.16540898404074,29694.614,3,-0.059783197446270274,2.3061915068125507,80.09394702777587,3
2023,2,9.038098795252193,q5_19,122,-0.04045991577772514,3.031419876991555,66.45954037829294,29694.614,3,-0.04218694807831689,2.893310198064466,67.98762368492419,3
2023,2,33.037939406088455,u20m,122,-0.046191069745345016,9.492459028711323,71.26800521051264,29694.614,3,-0.045157663101902744,9.761047068825663,70.4550367114396,3
2019,3,18.85727264847972,hgap,122,-0.0067330730077102,15.304905426792942,18.838181363269264,29694.614,3,-0.008150701618849432,14.646873594896482,22.327720090119627,3
2023,3,15.584472062336463,nnm,122,-0.03874905841533005,5.474223617923717,64.87385908212147,29694.614,3,-0.03577041021767764,5.9326676115738755,61.932187450150714,3
2023,3,10.829354500474286,pnm,122,-0.058683901538746586,2.2206392719723187,79.49426005146417,29694.614,3,-0.05887616733123302,2.209141411329152,79.60043314463111,3
2023,3,10.689190555240756,q5_19,122,-0.03320640426079513,4.360819887698615,59.20346012018124,29694.614,3,-0.033526375226465,4.323308091997894,59.554392171648225,3
2023,3,36.65370893222275,u20m,122,-0.04284866754935659,11.52594519471153,68.55449139942581,29694.614,3,-0.04158870051694068,11.924793355576254,67.46633914284996,3
2019,1,9.094277699999992,hgap,123,-0.0172947518588888,5.320185035876963,41.49964173760641,26418.197,3,-0.022266852633304614,4.560229539740064,49.8560557509689,3
2023,1,8.44886898627665,nnm,123,-0.024282612729037378,4.3859315392543925,48.08853650851511,26418.197,3,8.049710798101906e-4,8.634508615033894,-2.1972127755652844,3
2023,1,11.540167270105538,pnm,123,-0.03314184468112358,4.716202635401395,59.13228530388309,26418.197,3,-0.008525300235679989,9.167371916783843,20.561186833646264,3
2023,1,14.436048369675047,q5_19,123,-0.008380095367836838,11.512873712067929,20.24913316131344,26418.197,3,-0.007270801986358322,11.862910684911629,17.824390850398206,3
2023,1,34.04042810482055,u20m,123,-0.020897473690469813,19.362091160535332,43.12030653400208,26418.197,3,-0.005685971445424887,29.19588139244196,14.231744376013118,3
2019,2,9.143668299999973,hgap,123,-0.014946979180141939,5.752907022007332,37.08316144837243,26418.197,3,-0.017839397806505987,5.259522897191387,42.479071586713154,3
2023,2,6.704942415412316,nnm,123,-0.025229712467671916,3.3927564115737123,49.3991715160006,26418.197,3,-0.0010644327477372872,6.514987189083707,2.8330627551993293,3
2023,2,9.451334503891239,pnm,123,-0.032059958729123615,3.977036974207717,57.92089495329661,26418.197,3,-0.007094077642747365,7.803839471524369,17.43134825763044,3
2023,2,8.572321397974147,q5_19,123,-0.013048186137631302,6.026928704761813,29.693155156476905,26418.197,3,-0.010960763302137088,6.37636357111947,25.616839650618275,3
2023,2,24.527274098943288,u20m,123,-0.02373242895023031,12.923019070489188,47.3116375739204,26418.197,3,-0.006783292757315795,20.422491590387306,16.735583791322448,3
2019,3,9.099894130933848,hgap,123,-0.016248790916876386,5.49891203618635,39.57169218602721,26418.197,3,-0.02016122441594943,4.870832283509619,46.47374778842877,3
2023,3,7.603330769706899,nnm,123,-0.024702728096864846,3.9024819643801427,48.6740471698487,26418.197,3,-2.553374132876485e-5,7.598090756185974,0.06891734267042168,3
2023,3,10.524254098860819,pnm,123,-0.03266275695332701,4.357018834110162,58.600212488391165,26418.197,3,-0.00788215421831886,8.506787240054019,19.16968974575764,3
2023,3,11.579986703689427,q5_19,123,-0.010079026628212962,8.821082588696832,23.82476064599968,26418.197,3,-0.00860194900099671,9.179986195783037,20.72541678430201,3
2023,3,29.41856161890555,u20m,123,-0.022059927250243038,16.216152071185256,44.877821420187644,26418.197,3,-0.006128688613407984,24.931977840493087,15.250860448354498,3
2019,1,12.086754100000007,hgap,124,-0.0215251153368039,6.201750401686007,48.68969493070101,5049.268,3,-0.028156435755952103,5.049355654935179,58.22405574599075,3
2023,1,5.96812891796995,nnm,124,-0.010989252533017746,4.435869478498231,25.674033864417844,5049.268,3,-0.014403054319317299,4.045280923163393,32.2186068906268,3
2023,1,5.407110799259485,pnm,124,-0.009308985414258175,4.205412120277435,22.22441380610556,5049.268,3,-0.0044997062005700085,4.788526933534638,11.440192159730904,3
2023,1,5.557750669885508,q5_19,124,-0.05034523661276855,1.4274249433651374,74.31649909918427,5049.268,3,-0.0521485681487857,1.3595885682249431,75.53707157840257,3
2023,1,16.83767865710495,u20m,124,-0.02507343120146146,8.556031817149682,49.18520544671805,5049.268,3,-0.024541740115802034,8.679745163699641,48.450464339767684,3
2019,2,11.926200999999992,hgap,124,-0.012832569546194073,8.01190121870509,32.821011328711506,5049.268,3,-0.014384479798686645,7.635579763301272,35.97642901288283,3
2023,2,4.860505186422394,nnm,124,-0.0035552334455470234,4.41563246423716,9.152808301243374,5049.268,3,-0.007594618230434414,3.9593809532599242,18.539723724186537,3
2023,2,4.532474639655226,pnm,124,-0.014723926781215346,3.0456734584128173,32.80329840644196,5049.268,3,-0.011054506579754398,3.3628754300527026,25.804870464570147,3
2023,2,3.556139668732694,q5_19,124,-0.009608424099190183,2.7435374918483397,22.850682272947463,5049.268,3,-0.009868555379087285,2.724335645477528,23.390645495979555,3
2023,2,12.893764972321087,u20m,124,-0.009198407300779277,10.058186317863587,21.99185932537631,5049.268,3,-0.00939397839988727,10.005214851795374,22.402689414042626,3
2019,3,12.007868207195116,hgap,124,-0.013808422720132274,7.826387324129834,34.82284124803884,5049.268,3,-0.021177924745611153,6.227945179943097,48.13446423228304,3
2023,3,5.430296734907662,nnm,124,-0.00756005754847715,4.427664419512345,18.463674534580772,5049.268,3,-0.01111522379556682,4.022416081069596,25.92640370438257,3
2023,3,4.974192155995594,pnm,124,-0.012030695678827686,3.5946052986486015,27.73489270381565,5049.268,3,-0.00775277306912261,4.034724830988748,18.88683218388474,3
2023,3,4.578279581765932,q5_19,124,-0.037095947822232,1.6815781024263345,63.27052395131978,5049.268,3,-0.037042726266244316,1.6839962369025032,63.217706415103784,3
2023,3,14.908246139661575,u20m,124,-0.018804804689919276,8.972683232782865,39.81395833737858,5049.268,3,-0.018237959795717983,9.111064714207277,38.88573727013805,3
2019,1,16.457280800000007,hgap,125,-0.0034104949769952152,14.806150027115875,10.032828587843815,247504.505,3,-0.009390888478965919,12.30062947954754,25.25721819398296,3
2023,1,39.34981275850574,nnm,125,-0.024461289584681235,20.328755233524724,48.33836857551369,247504.505,3,-0.025165150777418967,19.946070280281365,49.31088896739443,3
2023,1,25.2074707062917,pnm,125,-0.03761743227129823,9.129123938643776,63.7840541599234,247504.505,3,-0.039028170900558656,8.787935306007245,65.13757604481196,3
2023,1,15.096608324400297,q5_19,125,-0.016009460138129317,9.798356627895053,35.09564256192434,247504.505,3,-0.01389869911607997,10.37298912629412,31.289274362848115,3
2023,1,77.70236097931115,u20m,125,-0.026558103139090506,37.93282597712285,51.181887526914714,247504.505,3,-0.026891738132670005,37.59265603738018,51.619673374674534,3
2019,2,15.590602899999993,hgap,125,-3.8510341071225086e-4,15.405585659428134,1.1867228083389874,247504.505,3,-0.0014117628393985448,14.9230008890681,4.28207950144054,3
2023,2,30.470527370861983,nnm,125,-0.028217582362706127,14.223352796485495,53.32094970536399,247504.505,3,-0.02898461681331659,13.93181741197951,54.27772797492808,3
2023,2,24.989586461248937,pnm,125,-0.039410862626874855,8.622421016417817,65.49594356117694,247504.505,3,-0.0404670882956772,8.379999145770935,66.46603512720908,3
2023,2,7.941041771598045,q5_19,125,-0.026248091162273647,3.909251841337023,50.77154920253832,247504.505,3,-0.02408410043708544,4.144465212425445,47.809552806427085,3
2023,2,62.20534531838251,u20m,125,-0.031817103192843456,26.347651593795625,57.64407148784119,247504.505,3,-0.032321099914156014,25.99154352206273,58.21654330663787,3
2019,3,15.941185491996634,hgap,125,-0.002151537696423933,14.912628050142349,6.452201703384476,247504.505,3,-0.005757235489035395,13.335527875727585,16.345444431201397,3
2023,3,35.05883386219192,nnm,125,-0.026046606486541356,17.35306664416929,50.50301241513013,247504.505,3,-0.026741765948440223,17.030399229663526,51.423372218807835,3
2023,3,25.05382550676738,pnm,125,-0.038530166441273425,8.852607397356595,64.66564599100691,247504.505,3,-0.03978773422406397,8.557068843280243,65.84526047342008,3
2023,3,11.615256020662823,q5_19,125,-0.01971393100551344,6.8212536258785,41.27332523928951,247504.505,3,-0.017621243590045042,7.21776848687918,37.85958334418789,3
2023,3,70.16153590687124,u20m,125,-0.028877208766832217,32.17261428410394,54.14494014668066,247504.505,3,-0.029277659008234914,31.826632716813197,54.63806157399661,3
2019,1,8.737340799999998,hgap,126,-0.0194800615831185,4.776576029467225,45.331467104187745,5409.202,3,-0.025122339497537106,4.010088707542824,54.10401403201733,3
2022,1,223.50200999999998,math,126,,,,5409.202,3,,,,3
2023,1,8.983853471209313,nnm,126,-0.030472057703942033,3.9459247967596287,56.07759176610358,5409.202,3,-0.02983015527920818,4.014909131113359,55.30972155790389,3
2023,1,18.666855011388428,pnm,126,0.07024105022989176,124.36960878898132,-566.2590388852589,5409.202,3,0.176878404945984,2213.8014400817738,-11759.530910435418,3
2023,1,57.96644080122127,q5_19,126,0.2138327814315831,18645.299110209933,-32065.678714255482,5409.202,3,0.4487024528733407,10583751.056839826,-18258311.091917243,3
2023,1,83.85635682620374,u20m,126,0.1096728757823577,1620.1482613652997,-1832.0518117942252,5409.202,3,0.2494152186531676,70496.34904840558,-83967.9844874642,3
2019,2,9.083484399999975,hgap,126,-0.014624794618548442,5.7724074564489305,36.45161699788964,5409.202,3,-0.01633750133774754,5.473921784799855,39.73764313615302,3
2022,2,207.94081999999997,math,126,,,,5409.202,3,,,,3
2023,2,7.015011065225103,nnm,126,-0.024624878521599114,3.60809730415076,48.56604970964531,5409.202,3,-0.01906853892572378,4.192099741049643,40.24101028392143,3
2023,2,17.656083190259906,pnm,126,0.06715061681107373,108.21792677953765,-512.9214821509041,5409.202,3,0.16509233467669038,1523.2072396410751,-8527.095960226117,3
2023,2,37.28556317546339,q5_19,126,0.21061373903488462,10994.79391656439,-29388.07254116994,5409.202,3,0.4449755593329357,6156052.53270977,-16510452.633306878,3
2023,2,60.91754226960555,u20m,126,0.10017747861543214,910.7906844475507,-1395.120535914963,5409.202,3,0.22927432458583735,29730.476619328307,-48704.45847232112,3
2019,3,9.134316225600372,hgap,126,-0.01563863292708829,5.62511118511412,38.41781862829696,5409.202,3,-0.01935731213125429,5.012634668515258,45.12304430115357,3
2022,3,214.84677,math,126,,,,5409.202,3,,,,3
2023,3,8.029755565190731,nnm,126,-0.02776899863240905,3.7938871404493186,52.75214656725105,5409.202,3,-0.024998429679968216,4.088574948272063,49.08219913945853,3
2023,3,18.166920351120332,pnm,126,0.06853648367320879,115.59439123838087,-536.2905159720827,5409.202,3,0.1709466869678721,1835.666528484326,-10004.44529400451,3
2023,3,47.64329812546475,q5_19,126,0.21266626174333325,14849.64204660029,-31068.37547118372,5409.202,3,0.4476217483596788,8448751.001843642,-17733246.20872498,3
2023,3,72.45295208181935,u20m,126,0.10550485106894478,1250.8372339750003,-1626.4130694943397,5409.202,3,0.24063579743575164,48055.119076373194,-66225.96422310815,3
2019,1,18.549705399999993,hgap,127,-0.007220995827642618,14.829271578951987,20.056565540108295,114891.201,3,-0.009926830186565283,13.636120235503759,26.488750406226057,3
2022,1,233.05807,math,127,-0.0012265189984441704,225.1901413560456,3.3759520294467387,114891.201,3,-0.0012265189984441704,225.1901413560456,3.3759520294467387,3
2023,1,13.424514353189082,nnm,127,-0.001718843750481458,12.815734626226202,4.5348361284910075,114891.201,3,-0.008127971214695684,10.779295837329096,19.70438889829632,3
2023,1,17.1810168914176,pnm,127,-0.005682051707359382,14.737418107806393,14.222666790065565,114891.201,3,-0.002700252749417054,15.97297578786481,7.03125496696438,3
2023,1,9.846844740748706,q5_19,127,-0.01176091576104299,7.167854288641322,27.206587720643665,114891.201,3,-0.010872235499070636,7.341922391278586,25.438832594812073,3
2023,1,39.92263240642735,u20m,127,-0.005832234736100306,34.10599084419521,14.569784634982346,114891.201,3,-0.006422511380285112,33.566736250098096,15.920533725391275,3
2019,2,16.216999699999974,hgap,127,-0.007041555801370647,13.036743926045373,19.61062978841028,114891.201,3,-0.008184187282282896,12.583044718520409,22.40830639886841,3
2022,2,218.87637,math,127,-0.004168712684027298,194.76293376979723,11.016920753118656,114891.201,3,-0.004168712684027298,194.76293376979723,11.016920753118656,3
2023,2,11.231158445836774,nnm,127,7.781942457813606e-4,11.46963564147742,-2.1233534972436114,114891.201,3,-0.008002600803223282,9.048705403075855,19.4321276232188,3
2023,2,13.770206531980577,pnm,127,-0.008075470434712174,11.072555946904385,19.590487468804774,114891.201,3,-0.0017424837670755977,13.137362233085447,4.59575023385003,3
2023,2,7.097930644271111,q5_19,127,-0.011020043667136914,5.271221418939744,25.73579986732813,114891.201,3,-0.0055241603564343935,6.1144263435904795,13.856211760457796,3
2023,2,31.76828002917109,u20m,127,-0.00568203851340301,27.249993123136374,14.222636233015509,114891.201,3,-0.004734174483567788,27.95638445182001,11.999061875086795,3
2019,3,17.461559325394205,hgap,127,-0.006613714457154041,14.22465471623276,18.537317022163315,114891.201,3,-0.007752043808279918,13.731445529696806,21.361859649457106,3
2022,3,225.87370999999996,math,127,-0.002371299633516566,211.36355241236808,6.42401348418631,114891.201,3,-0.002371299633516566,211.36355241236808,6.42401348418631,3
2023,3,12.367859431614825,nnm,127,-6.265889322317087e-4,12.16038120472988,1.6775597105719613,114891.201,3,-0.008014401456806385,9.961346836038082,19.457793880040352,3
2023,3,15.538767216597416,pnm,127,-0.0067064661954218344,12.965129726292414,16.56268772439054,114891.201,3,-0.0022184726722873195,14.635341435691295,5.8140119374537305,3
2023,3,8.490201615591332,q5_19,127,-0.011811789334487876,6.171824106238212,27.306507128118977,114891.201,3,-0.008910702077828691,6.6746968755957194,21.383529180998895,3
2023,3,35.96934574636135,u20m,127,-0.005844902219224535,30.71818144439072,14.598998655686795,114891.201,3,-0.005695623481909618,30.842241716656446,14.254093098770246,3
2019,1,10.509983699999992,hgap,128,-0.018651802333392274,5.895089767734815,43.90962026197225,2979.088,3,-0.022779663530648798,5.187002952256475,50.64689822253027,3
2022,1,170.42924,math,128,-0.02175650783932852,92.67863546878318,45.62046074442203,2979.088,3,-0.011123683108199556,124.81804900162264,26.76253851649949,3
2023,1,3.0026336611596944,nnm,128,-0.04224362946243672,0.9597444720664098,68.03657787224927,2979.088,3,-0.04586694466904344,0.8702996377171395,71.01545723093614,3
2023,1,2.276349860734994,pnm,128,-0.06490236253493273,0.39463635174158757,82.6636336290518,2979.088,3,-0.07117373282478827,0.3331649506167668,85.36407094693283,3
2023,1,4.74755414457706,q5_19,128,-0.029760664365660515,2.1256797437280808,55.22579250294261,2979.088,3,-0.021447018054508993,2.6606224017097455,43.95803985197583,3
2023,1,9.99467281140165,u20m,128,-0.0422754676445237,3.1918944301743024,68.06404281155581,2979.088,3,-0.04088287628281293,3.314194383561261,66.84039141550969,3
2019,2,9.64548049999999,hgap,128,-0.011333680713852701,6.7879254286241775,29.625844677990028,2979.088,3,-0.013585919736963614,6.330162782307353,34.3717217373737,3
2022,2,162.48886,math,128,-0.018714249482105226,96.21742362886202,40.78521836582396,2979.088,3,0.013093572340142412,234.44698160746645,-44.28495689333193,3
2023,2,2.6364676509892564,nnm,128,-0.039054723010666016,0.9184778306831626,65.16256020290896,2979.088,3,-0.049971009596484525,0.6840137570800249,74.05567419636766,3
2023,2,2.0230237153210373,pnm,128,-0.06302243309820231,0.36898015654559896,81.7609574345971,2979.088,3,-0.05763794249628389,0.4267183153611698,78.90690493989325,3
2023,2,2.0479704960986167,q5_19,128,-0.027443642931174028,0.9761597201433042,52.33526449707708,2979.088,3,-0.022120199111387674,1.1270503665373945,44.967451011407384,3
2023,2,6.692596648111504,u20m,128,-0.04364331564830239,2.059848456028595,69.22198416649185,2979.088,3,-0.04420364040928657,2.028920029901513,69.68411310916179,3
2019,3,8.21224592296349,hgap,128,-0.01237608981443863,5.595527742364702,31.863612039208306,2979.088,3,1.4958927420538615e-4,8.25041673982845,-0.4648036264747682,3
2022,3,166.48721,math,128,-0.020391223195642995,94.06295011195445,43.50139562555319,2979.088,3,1.8401577123361434e-4,167.34723934861134,-0.5165738248669879,3
2023,3,2.823223744804849,nnm,128,-0.04078346859862991,0.9386860054196714,66.75127123215107,2979.088,3,-0.04785644714499373,0.7755020375466367,72.53132915966452,3
2023,3,2.152021839216034,pnm,128,-0.06404876235910198,0.3817807480590371,82.25943895633897,2979.088,3,-0.06484202569613098,0.37369067229452546,82.63536802997044,3
2023,3,3.469816943048154,q5_19,128,-0.031894515680807235,1.4666045733690674,57.73250873342359,2979.088,3,-0.02385216837758044,1.822288797805772,47.48170212677176,3
2023,3,8.421744777845518,u20m,128,-0.04375481330648086,2.5842544844981243,69.3145001105194,2979.088,3,-0.042880974255810056,2.6459514581445687,68.58190876188644,3
2019,1,13.11692339999999,hgap,129,-0.006858224478218977,10.604710617089992,19.152454476558123,33264.29,3,-0.006353949923739233,10.77179141819003,17.878674063233163,3
2022,1,190.83186999999998,math,129,-0.028264291504467742,86.48687051673792,54.67902163473117,33264.29,3,-0.028264291504467742,86.48687051673792,54.67902163473117,3
2023,1,1.8970568099160598,nnm,129,-0.10749337833425546,0.10414016183034207,94.51043525497003,33264.29,3,-0.1302641666512629,0.05631305647019782,97.03155666315077,3
2023,1,4.4279692771835855,pnm,129,-0.012027867204111465,3.200121129333152,27.72937369229914,33264.29,3,0.0049042842440484066,5.05489333371911,-14.158274759627064,3
2023,1,8.57618400362259,q5_19,129,-0.023796453167480403,4.510846474319857,47.40263883780397,33264.29,3,-0.03140378522217082,3.6732868427795506,57.16874963004584,3
2023,1,14.838637434782864,u20m,129,-0.03610004019061171,5.598693860354103,62.26948811869781,33264.29,3,-0.03749380588113249,5.391920652235669,63.66296652281153,3
2019,2,11.523484599999989,hgap,129,-0.012645249914043389,7.786444559378177,32.429774242261885,33264.29,3,-0.013501462967517596,7.582490746279718,34.19967128450256,3
2022,2,192.74870999999996,math,129,-0.010013378407131901,145.621781736806,24.44993186371725,33264.29,3,-0.010013378407131901,145.621781736806,24.44993186371725,3
2023,2,1.6978962192355966,nnm,129,-0.10146424743581786,0.10968477442699974,93.53996002910115,33264.29,3,-0.1266332021697473,0.055592527069947974,96.72579946641403,3
2023,2,4.386287915710052,pnm,129,-0.01820684058983686,2.6829007971815737,38.834366354009255,33264.29,3,4.290888804345361e-4,4.4374003218594185,-1.1652770436318323,3
2023,2,3.4351419678673167,q5_19,129,-0.028860341806081526,1.575903921177266,54.12405263251304,33264.29,3,-0.022488814603793685,1.8717246158550644,45.51245237130297,3
2023,2,9.49100418797022,u20m,129,-0.04210373047533471,3.045130323945321,67.91561500093951,33264.29,3,-0.036230177545141906,3.5684439366555907,62.401829501049335,3
2019,3,12.104595490936902,hgap,129,-0.001532016553824489,11.543155454527065,4.6382387319774905,33264.29,3,-0.0011123919992892084,11.694293890374519,3.3896349602891602,3
2022,3,191.81182,math,129,-0.019478944204857074,111.17486804782783,42.039615677580336,33264.29,3,-0.019478944204857074,111.17486804782783,42.039615677580336,3
2023,3,1.80131845243067,nnm,129,-0.1048650341388619,0.10615690416006326,94.1067108918572,33264.29,3,-0.12855317828261742,0.05599925212293244,96.89120754593016,3
2023,3,4.406478119212798,pnm,129,-0.014921792031961489,2.945231356530838,33.16133027668379,33264.29,3,0.0027523113178468785,4.7464081998599035,-7.714325850501059,3
2023,3,6.065562984072792,q5_19,129,-0.028124663650531123,2.83845941249035,53.20369403559578,33264.29,3,-0.030662177753690446,2.6505006954024974,56.30247839545492,3
2023,3,12.227816449498551,u20m,129,-0.039678635856456125,4.188699170036104,65.7445040385123,33264.29,3,-0.03781344795135366,4.405044222760935,63.97521797163073,3
2019,1,10.285868999999991,hgap,130,-0.004358906862477463,8.98579411629041,12.63942680690938,5789.092,3,-0.009174319329253323,7.73973239184919,24.753733575168066,3
2022,1,1e-12,math,130,-2.9797756702976876,5.82366432334154e-49,100,5789.092,1,-7.471941347788006,1.3783480603336623e-103,100,1
2023,1,1.0012158955528552,nnm,130,-0.024586021755265093,0.5155054360191907,48.512060354921054,5789.092,3,-0.030782947617620078,0.4360822403671366,56.44473461676924,3
2023,1,1.320932933483232,pnm,130,-0.02273644343402504,0.7149478199995725,45.87553978881487,5789.092,3,-0.02708021170033579,0.6358278291568236,51.86524515819449,3
2023,1,2.6873142843659714,q5_19,130,0.013788911552457506,3.899478785616553,-45.10691244052134,5789.092,3,0.04685042924620018,9.521038007128508,-254.29566472813374,3
2023,1,5.001903784711548,u20m,130,-0.005232639617302892,4.342878283428358,13.175493365096681,5789.092,3,0.008285826304925959,6.255968118860062,-25.07174044374056,3
2019,2,9.056492799999972,hgap,130,-0.0062555036337772485,7.460044089316952,17.627670511514406,5789.092,3,-0.007197432794799586,7.245361857155971,19.998149204557496,3
2022,2,12.105339999999956,math,130,0.07976825057894983,112.97399887375538,-833.2575448005244,5789.092,3,-0.030934369092768255,5.091051256675024,57.94375658449046,3
2023,2,0.9450106542768523,nnm,130,-0.01798514110307336,0.5814921033159074,38.46713783762778,5789.092,3,-0.019790982006115683,0.5538199797449865,41.395371868184434,3
2023,2,1.1800646746877863,pnm,130,-0.01675434872844521,0.7506632201805262,36.38795938204559,5789.092,3,-0.01766581643896444,0.7324151376653493,37.934322298129395,3
2023,2,2.0931497175795677,q5_19,130,0.033158830536056186,5.124117924436193,-144.80417628040067,5789.092,3,0.09628606443947715,28.173835082862706,-1246.0019054653085,3
2023,2,4.21266410625476,u20m,130,0.004592455929310768,4.768785031055538,-13.20116939717735,5789.092,3,0.030250033890250362,9.533826579530443,-126.31347620084588,3
2019,3,9.264917813715698,hgap,130,-0.005595195335259051,7.789556557550122,15.924169926056605,5789.092,3,-0.0075017619107208946,7.342507237917528,20.74935379299589,3
2022,3,5.929639999999949,math,130,-0.01836658721807427,3.5455704392749285,40.20597474256517,5789.092,3,-0.16745180324564074,0.0545473041362759,99.08009079579408,3
2023,3,0.9764528435188061,nnm,130,-0.021267757249166692,0.5498783170907455,43.686136945521106,5789.092,3,-0.024940130772771435,0.49797154008028366,49.00198781891377,3
2023,3,1.2500281236227373,pnm,130,-0.020257134191499947,0.7234118539125001,42.12835373527738,5789.092,3,-0.023377904261798532,0.6649540322781408,46.8048742494672,3
2023,3,2.408471215071817,q5_19,130,0.02137477029592667,4.289246144536938,-78.08998993616952,5789.092,3,0.06593378045355787,14.284917607040583,-493.11141099166633,3
2023,3,4.628372113141599,u20m,130,-0.0010317225181088352,4.501221042968125,2.7472093225271683,5789.092,3,0.01765389691648207,7.454817200933431,-61.067801349994014,3
2019,1,8.260528399999998,hgap,131,-0.018356330287536738,4.675996604793554,43.39349278438949,51748.744,3,-0.024927189086340285,3.814256262024979,53.82551723900641,3
2022,1,50.87108999999998,math,131,0.10126333173422819,866.6784872046957,-1603.675874066579,51748.744,3,-0.009007049825750624,39.53148293025525,22.29086711085753,3
2023,1,1.134019282367989,nnm,131,-0.04924000115311535,0.3000783048790435,73.53851829993238,51748.744,3,-0.04817293955192052,0.3088495052076286,72.76505699597028,3
2023,1,1.9023694444237904,pnm,131,-0.013863063607682325,1.30839012311146,31.22313192389615,51748.744,3,-0.014536722577917383,1.2848072095692722,32.462791949519136,3
2023,1,1.4831028320373418,q5_19,131,-0.02836690660177669,0.6895127591802734,53.50876929868119,51748.744,3,9.859412774774756e-4,1.5231138361401806,-2.697790283892557,3
2023,1,4.5128341580098486,u20m,131,-0.028455450899010006,2.093062277757903,53.61978294631284,51748.744,3,-0.01874969807922975,2.7201404755976553,39.72434216822113,3
2019,2,7.135800699999976,hgap,131,-0.022249566924724417,3.580089826896047,49.82917856862147,51748.744,3,-0.025169224500008802,3.270289478662141,54.170672414349355,3
2022,2,55.95110999999997,math,131,0.0429900158444819,186.45663973769254,-233.24922371994523,51748.744,3,-0.003674003666317871,50.48146155917713,9.77576394967472,3
2023,2,1.0401811025037755,nnm,131,-0.03383823448003925,0.4171799998740728,59.89352249623679,51748.744,3,-0.02500888630646474,0.5294878315320379,49.096572677822124,3
2023,2,1.4184435597820455,pnm,131,-0.03275853382758969,0.5857160122928223,58.70713302242199,51748.744,3,-0.04072381067140923,0.47237472365927646,66.69767221955166,3
2023,2,1.2092029207751986,q5_19,131,-0.018021792132008017,0.7433212282581652,38.527999272311135,51748.744,3,0.010592229991830581,1.6095451268339491,-33.107942362734136,3
2023,2,3.6633809528566763,u20m,131,-0.028418435250877328,1.7007829890978974,53.573406342803636,51748.744,3,-0.020507053421377864,2.1058012504353116,42.51754656328537,3
2019,3,7.568745730801396,hgap,131,-0.017605050217360408,4.385355996208086,42.05967339658859,51748.744,3,-0.021561967910650726,3.8791123784887787,48.7482798807399,3
2022,3,53.29093999999998,math,131,0.0686365693158594,364.1588874314398,-583.3410846786338,51748.744,3,-0.006343473686153178,44.61852235590355,16.27371865479654,3
2023,3,1.0916821856369727,nnm,131,-0.04201229795363301,0.3511252615806245,67.83631113520913,51748.744,3,-0.0371230613105891,0.4006757191663193,63.29740244570046,3
2023,3,1.6639299722988055,pnm,131,-0.02234183138035415,0.9102398072736813,45.29578633551881,51748.744,3,-0.02615435928443326,0.8212025873721194,50.6468059928276,3
2023,3,1.3503362107729622,q5_19,131,-0.024448401838882576,0.6978485036984587,48.32038879421038,51748.744,3,0.004872948825895618,1.5402168601025168,-14.061731279565016,3
2023,3,4.1004133359824335,u20m,131,-0.028574013977028724,1.8957023533954804,53.768018049300345,51748.744,3,-0.019566556023185598,2.4176373694240816,41.03917894792353,3
2019,1,15.70775359999999,hgap,132,-0.006677356065241158,12.770737389838148,18.69787548845841,22971.616,3,-0.007769443077582139,12.345624575471588,21.404263844120933,3
2023,1,3.956054091915987,nnm,132,-0.04739162288970056,1.1003994706670495,72.18441798064225,22971.616,3,-0.040440956372601054,1.3275581336382352,66.44236648960289,3
2023,1,2.9602985951184824,pnm,132,-0.04145151660080102,0.9666673853174076,67.34561213144386,22971.616,3,-0.03768780435989254,1.070065029927654,63.85280080556111,3
2023,1,3.136109112161445,q5_19,132,-0.04651070773490651,0.8933237573914167,71.51490189141643,22971.616,3,-0.04840344661856668,0.8488182734031169,72.93403248912789,3
2023,1,10.019096988432509,u20m,132,-0.04521027451149044,2.955936611578549,70.49697577544853,22971.616,3,-0.042006157918769736,3.2230454576433636,67.83097856658627,3
2019,2,14.485414299999974,hgap,132,-0.007877552198104043,11.346826651665076,21.667227345612776,22971.616,3,-0.008582025090937773,11.101713380338513,23.359365839204663,3
2023,2,3.0402591735841322,nnm,132,-0.04898933049312319,0.8099610190837125,73.35881670479898,22971.616,3,-0.043221141985929454,0.9464585829798509,68.86914802516392,3
2023,2,2.5874230547444643,pnm,132,-0.04268191604371465,0.817299789244721,68.41259539115308,22971.616,3,-0.03716712726402136,0.94852226566428,63.341044522077325,3
2023,2,1.87923578972915,q5_19,132,-0.04675473110126914,0.5317868433320855,71.70196277452067,22971.616,3,-0.048894666060779815,0.501931920879205,73.2906363521553,3
2023,2,7.488490622412303,u20m,132,-0.046149311607796714,2.1540199591418876,71.23559248782229,22971.616,3,-0.042487539729422874,2.37786656755605,68.24638385151565,3
2019,3,15.146214954407355,hgap,132,-0.008338773773738017,11.696020734154452,22.779250331773095,22971.616,3,-0.00905334643672262,11.439781924306661,24.471018279204927,3
2023,3,3.5072893594291776,nnm,132,-0.048081167093750675,0.9575780616983814,72.6974890416732,22971.616,3,-0.0416533725674082,1.1390589254951287,67.52309807479034,3
2023,3,2.7784100856640404,pnm,132,-0.04198529091338003,0.8942910458086706,67.81284913904511,22971.616,3,-0.03740956251720937,1.0118908046523285,63.580221297300454,3
2023,3,2.516653085131826,q5_19,132,-0.046432532144741176,0.7183858275647387,71.45471373035475,22971.616,3,-0.04853660719071573,0.6787119174420454,73.03116899775269,3
2023,3,8.776813441194298,u20m,132,-0.04555196941169748,2.565645833450582,70.76791194616685,22971.616,3,-0.042191299432493515,2.8093364685923943,67.99138448805725,3
2019,1,12.140380399999998,hgap,133,-0.015836980329301344,7.430482004444867,38.7953115172168,23594.624,3,-0.019970774880387055,6.536769598667069,46.15679753603873,3
2023,1,11.17547012762769,nnm,133,-0.01831511400323609,6.8155933803843025,39.01291576508285,23594.624,3,-0.03142979573234923,4.783233223472175,57.198818762468015,3
2023,1,13.954120038164874,pnm,133,-0.06557754349847515,2.3754363179652485,82.97681035086146,23594.624,3,-0.09379941294927034,1.1087027722782177,92.05465647962116,3
2023,1,12.360043505061036,q5_19,133,-0.09922489254912162,0.8482302770102361,93.13731964889192,23594.624,3,-0.1486864363885755,0.22311569940827983,98.19486315467319,3
2023,1,37.025014464286855,u20m,133,-0.06644097734502466,6.157601670328414,83.36907693508712,23594.624,3,-0.09712407644219043,2.689199825913596,92.73680276747086,3
2019,2,10.981722199999979,hgap,133,-0.011132675544554393,7.776600824642285,29.185962975440223,23594.624,3,-0.013272791401653272,7.277415163103957,33.731567503101004,3
2023,2,7.931733176651483,nnm,133,-0.024068351700458245,4.141367616063384,47.78735588012135,23594.624,3,-0.04258419485527707,2.5120478830562414,68.32914286059298,3
2023,2,13.253390706352342,pnm,133,-0.06729687259227393,2.153808912780946,83.7489970642107,23594.624,3,-0.09424407652615593,1.0404604503095563,92.14947726689394,3
2023,2,9.07321239354275,q5_19,133,-0.05585465387515205,2.0082239503927326,77.86645056582219,23594.624,3,-0.06225502891851029,1.68951346764569,81.37910373565059,3
2023,2,29.961950586692375,u20m,133,-0.05338269999799028,7.089362087549493,76.33878319424824,23594.624,3,-0.07151433062842782,4.345067683503234,85.4980480295128,3
2019,3,11.56324750019482,hgap,133,-0.013850106403034657,7.526863723904616,34.907008400729964,23594.624,3,-0.01538971114749721,7.176061563781613,37.940776899735916,3
2023,3,9.615234827138439,nnm,133,-0.02058838983743727,5.514948288434359,42.64364430425829,23594.624,3,-0.035873269291173494,3.650158279424683,62.03776251909808,3
2023,3,13.590409439942942,pnm,133,-0.06649439086091498,2.2569532911014707,83.393044182553,23594.624,3,-0.09415668311530254,1.0694386788599075,92.13093112767619,3
2023,3,10.750117093648925,q5_19,133,-0.0837834548298467,1.1193670219160694,89.58739693563541,23594.624,3,-0.11796337276466122,0.4448160657307529,95.86222120321325,3
2023,3,33.577027760780084,u20m,133,-0.061056496895884174,6.457980929687099,80.76666887939857,23594.624,3,-0.08657396390674066,3.2425015332329665,90.34309541531131,3
2019,1,10.253702500000003,hgap,134,-0.009854201310953447,7.554614882421194,26.323053722095096,23317.145,3,-0.016460240107497092,6.1556565082523695,39.96649982528391,3
2022,1,30.77319,math,134,0.053271842027306573,136.7638113302962,-344.4252004107998,23317.145,3,-0.10949608772851249,1.4344096917878422,95.33876828568036,3
2023,1,1.4851401452618456,nnm,134,-0.051472756453492516,0.36999888660322333,75.08660123533402,23317.145,3,-0.047220000930843206,0.4150190387003508,72.05522724408083,3
2023,1,3.022651369865903,pnm,134,-0.004325203351329776,2.689496207942402,11.021951298944575,23317.145,3,-0.0073860381170054,2.47616589578869,18.079672684893776,3
2023,1,2.823843911427648,q5_19,134,-0.03191151808726276,1.1930201791383939,57.7519078051577,23317.145,3,-0.04512108389524037,0.8351280444629992,70.42584255158833,3
2023,1,7.314429742444117,u20m,134,-0.026110481171562606,3.614183922382503,50.58830216920201,23317.145,3,-0.030792014667302636,3.185039459543096,56.4553960910859,3
2019,2,9.665877799999976,hgap,134,-0.00869022948976501,7.3831827819535105,23.616013623164893,23317.145,3,-0.012974691191159593,6.464893276286049,33.116335525304635,3
2022,2,36.40343999999993,math,134,0.04430714974494761,125.8717420814222,-245.76881218209715,23317.145,3,-0.08541360238084506,3.330366669888413,90.85150559977733,3
2023,2,1.272775880368159,nnm,134,-0.04500738931043228,0.37757001262720796,70.33491768260149,23317.145,3,-0.03823467681111274,0.45332950849705017,64.3826131929903,3
2023,2,2.5991271510753533,pnm,134,-0.0070723998786778155,2.147320703987901,17.383006710561414,23317.145,3,-0.011115128082463932,1.9252719284821656,25.926212279164158,3
2023,2,1.8353567198310383,q5_19,134,-0.03096101477160207,0.795560374944068,56.653637609079794,23317.145,3,-0.012388269322784695,1.3135791519024271,28.42921827080273,3
2023,2,5.696851393234503,u20m,134,-0.02438057102984379,2.94950752949291,48.225654385232836,23317.145,3,-0.017847962911452388,3.518443261242568,38.238809153052166,3
2019,3,9.884362549595636,hgap,134,-0.00821473991984556,7.66218376847602,22.481761165372507,23317.145,3,-0.014732860122835145,6.260345054365377,36.66414983309688,3
2022,3,33.499239999999986,math,134,0.047807715083417836,127.75811816469296,-281.37616902560484,23317.145,3,-0.09735927039764347,2.1934226569048803,93.45232113652466,3
2023,3,1.3823365860633354,nnm,134,-0.0486938440449529,0.37122068923105056,73.14541964860922,23317.145,3,-0.04338310356152527,0.42845543422489335,69.00498485357585,3
2023,3,2.818095423258282,pnm,134,-0.0055753379476498385,2.424262005314778,13.975162611355222,23317.145,3,-0.009059830879509966,2.2065844917670283,21.699440212149554,3
2023,3,2.3523467384581886,q5_19,134,-0.031334478470724514,1.0094266771299882,57.088525231973144,23317.145,3,-0.03322847877471704,0.9591042673479248,59.22776809780367,3
2023,3,6.5390114825354395,u20m,134,-0.02532601297969699,3.300201918859201,49.53056853205618,23317.145,3,-0.025423699240178045,3.291509009423389,49.66350773026724,3
2019,1,15.351116200000007,hgap,135,-0.003809308314674098,13.64126827658355,11.13826448279023,10389.807999999999,3,-0.006534199744659475,12.53629448492614,18.33626739841801,3
2023,1,16.20365212958108,nnm,135,-0.02212379067052388,8.916418110469298,44.972787374324994,10389.807999999999,3,-0.022686876522652978,8.781884242384157,45.8030561742799,3
2023,1,17.54956297585819,pnm,135,-0.03488898724180012,6.841632634538458,61.01536748265438,10389.807999999999,3,-0.03750621868289068,6.374853711103234,63.67514268091626,3
2023,1,6.046870230693946,q5_19,135,-0.016043186648827312,3.921110017427322,35.154718592706914,10389.807999999999,3,-0.004387803976406568,5.371300798715191,11.172216472408506,3
2023,1,39.31333654146341,u20m,135,-0.026753089057691158,19.09125561374829,51.43822098739209,10389.807999999999,3,-0.026466055617750683,19.239785794413628,51.06040980744129,3
2019,2,12.239430199999987,hgap,135,-0.003307575298085075,11.04665745531981,9.74532903239383,10389.807999999999,3,-0.005001291693565335,10.481614068591206,14.361911483500128,3
2023,2,11.805636173153125,nnm,135,-0.023808208355229475,6.207482589466448,47.41933006894864,10389.807999999999,3,-0.02524839799429488,5.970736659741952,49.42469366183043,3
2023,2,14.40693695074513,pnm,135,-0.03308996550023222,5.896038913040596,59.07500023635731,10389.807999999999,3,-0.03543235127873743,5.534694324727312,61.58312940738555,3
2023,2,4.231620470357855,q5_19,135,-0.013726131002745556,2.9211561291026724,30.968380799622157,10389.807999999999,3,-0.01109868714477682,3.135913304032182,25.893323231632174,3
2023,2,30.163908604175727,u20m,135,-0.026767592057006694,14.642395831446072,51.457233133841754,10389.807999999999,3,-0.028021079786871274,14.155128210381347,53.07263260828941,3
2019,3,14.03117223747384,hgap,135,-0.00409237962097202,12.359409484850568,11.914633534027905,10389.807999999999,3,-0.006448016616452712,11.489032994737805,18.117796572595697,3
2023,3,14.06343876055696,nnm,135,-0.022812307668921415,7.59618484355523,45.986291312620644,10389.807999999999,3,-0.023781826696503573,7.3999194368389976,47.38186326381858,3
2023,3,16.021628898610697,pnm,135,-0.03403641711060614,6.391419281765846,60.10755634016669,10389.807999999999,3,-0.036435535688448525,5.990531575108094,62.60972206373125,3
2023,3,5.130748020796716,q5_19,135,-0.01502925872472618,3.419387618099129,33.35498831283167,10389.807999999999,3,-0.007144617429835876,4.230612539505619,17.54394247471389,3
2023,3,34.83729363777988,u20m,135,-0.026729984553650166,16.92816641322116,51.407917649311514,10389.807999999999,3,-0.02708960194585508,16.764594908318784,51.87744753473576,3
2019,1,12.171238200000005,hgap,136,-0.018171996212281983,6.92919580651302,43.0690970577421,71702.438,3,-0.01777792686446462,7.014363049098896,42.36935524687296,3
2022,1,189.75909000000001,math,136,0.016149931080223466,298.25636160162753,-57.17632372795817,71702.438,3,0.02670624231340879,400.8270770673885,-111.22944733102823,3
2023,1,3.511405709485161,nnm,136,-0.035161414640560884,1.3588764913659759,61.30106846681601,71702.438,3,-0.04193662106104572,1.1317076375285025,67.7705246513815,3
2023,1,5.426051622536399,pnm,136,-0.03128446148536912,2.331545303213878,57.03053591436343,71702.438,3,-0.019511135931669088,3.204035336314659,40.950887326484036,3
2023,1,14.236023050916536,q5_19,136,0.005205825845516187,16.38445279148962,-15.091502260771929,71702.438,3,0.017102913918258,22.591060222343188,-58.689404628975666,3
2023,1,23.027464705620005,u20m,136,-0.011056981752365668,17.08411550326964,25.80982873420647,71702.438,3,-0.0016784984287626869,22.007166792332303,4.430787002959523,3
2019,2,10.943556699999988,hgap,136,-0.01953417589727806,5.972654097342935,45.42309907945246,71702.438,3,-0.02065965413885946,5.767862582261575,47.29444237939954,3
2022,2,183.76452,math,136,0.021728066488990283,337.660521692478,-83.7463084236707,71702.438,3,0.043264605416017066,617.120378027908,-235.82128804184183,3
2023,2,2.8434920213875667,nnm,136,-0.035234297114601,1.0982377610386453,61.37714638275203,71702.438,3,-0.03407789101599441,1.1330689365028603,60.15220271481734,3
2023,2,4.4096360969964055,pnm,136,-0.029544214957744352,1.9859519371652428,54.96335993534794,71702.438,3,-0.024657450886584532,2.266056269608412,48.611263610801785,3
2023,2,5.9648503255929075,q5_19,136,-0.0037064859089118276,5.396814346138604,9.523055038230831,71702.438,3,0.011613424918881865,8.161650665355973,-36.829094107146815,3
2023,2,13.16225064715615,u20m,136,-0.019987773447589462,7.672811068624016,41.70593408140414,71702.438,3,-0.011259607320557308,9.711818398202448,26.214606767872223,3
2019,3,11.507550380566244,hgap,136,-0.019485520941837153,6.289944364277208,45.34071843040063,71702.438,3,-0.020304011783162147,6.132355963584011,46.71015324043047,3
2022,3,186.6481,math,136,0.01932083157709554,320.60451081336186,-71.76950143792615,71702.438,3,0.03534863012129574,502.19408537496594,-169.05930752842698,3
2023,3,3.1877389284606417,nnm,136,-0.03527947417880497,1.2296948667507583,61.42422907434965,71702.438,3,-0.03857087857327044,1.125129504503616,64.70446514743475,3
2023,3,4.933374834130366,pnm,136,-0.030476698085775068,2.1665855651731745,56.08309447349969,71702.438,3,-0.02175866499409258,2.7415935791022865,44.42762467317036,3
2023,3,10.22044416227863,q5_19,136,0.002724749637087598,11.000693146574864,-7.634198395955808,71702.438,3,0.01538064352000843,15.481835275406677,-51.47908475980587,3
2023,3,18.242990953999726,u20m,136,-0.014223861670796678,12.425324443976068,31.889872251173543,71702.438,3,-0.005166432945959354,15.867726386492311,13.020148798498662,3
2019,1,23.651851599999986,hgap,137,-0.0026857465949088333,21.762390188695008,7.988640565058253,1384.293,3,-0.0054318939658635655,19.98641295992868,15.497470143400147,3
2023,1,23.840429091097835,nnm,137,-0.025945710405922286,11.83248434637801,50.367989178532305,1384.293,3,-0.03500695570010803,9.264547667638888,61.13934177846519,3
2023,1,27.53430626519382,pnm,137,-0.037116645046078076,10.107556490630252,63.291043568411105,1384.293,3,-0.03225074683982472,11.526659421933607,58.13709882168164,3
2023,1,15.502162574463686,q5_19,137,-0.02926274565744884,7.034913553105559,54.61979243661144,1384.293,3,-0.030852691385041008,6.739305430302442,56.52667556587282,3
2023,1,65.43422483451155,u20m,137,-0.030652222112775185,28.600821467375372,56.29073082212075,1384.293,3,-0.032135820545460804,27.477796604875007,58.00699607221056,3
2019,2,17.648875799999985,hgap,137,-0.008535809045491094,13.54560319059967,23.249484306531972,1384.293,3,-0.010248894277837017,12.84502227485451,27.21903411630036,3
2023,2,16.75901963730323,nnm,137,-0.026997012566303803,8.085054710001568,51.75699483038155,1384.293,3,-0.032264414674352614,7.013223251092735,58.15254470206429,3
2023,2,25.991381486784483,pnm,137,-0.03978019280892862,8.87909640782315,65.8383052384584,1384.293,3,-0.038880375788257024,9.09745637763559,64.99818071516799,3
2023,2,11.69827406397339,q5_19,137,-0.039802929757936534,3.993876094320812,65.8592705857306,1384.293,3,-0.04151219827210086,3.813746203898088,67.39906944355921,3
2023,2,53.51807485867954,u20m,137,-0.03529368793830012,20.63708851484038,61.439030515699756,1384.293,3,-0.036731832634319075,19.851110765819538,62.90765163313774,3
2019,3,20.740964728509795,hgap,137,-0.005122214423151261,17.695707038406994,14.682333873876647,1384.293,3,-0.007553578428208585,16.41096626074002,20.876552872287135,3
2023,3,20.408738935790844,nnm,137,-0.02637270370694016,10.01315960362946,50.93690190691125,1384.293,3,-0.03395856966376058,8.15867523713599,60.023618985942804,3
2023,3,26.784470756763824,pnm,137,-0.03838883451473825,9.50030343192192,64.53055384892072,1384.293,3,-0.035378021992866146,10.30486049233711,61.52673470415746,3
2023,3,13.62746429181505,q5_19,137,-0.033959550935533975,5.447622714781724,60.02467811965808,1384.293,3,-0.03561507701454651,5.209480351816952,61.77219591068106,3
2023,3,59.63836221315422,u20m,137,-0.03273946168933559,24.639074145429536,58.68586387840981,1384.293,3,-0.03420339684561515,23.684179970748584,60.28700472005141,3
2019,1,9.409828299999987,hgap,138,-0.012625956049764086,6.362046290175517,32.38934774000578,7364.437,3,-0.01653487587599889,5.635994142464226,40.10523930108019,3
2023,1,23.676220263621563,nnm,138,-0.0021095229444070274,22.365376264010173,5.5365425098088705,7364.437,3,-0.007914513045596382,19.120849332620086,19.240279403891126,3
2023,1,21.685380542362797,pnm,138,-0.013366361128349125,15.115891011395158,30.294554979720175,7364.437,3,-0.023273832440615826,11.568025269920245,46.65518897709961,3
2023,1,7.702994100131755,q5_19,138,-0.005011654085407891,6.7281111103095,12.655896877885182,7364.437,3,-0.018615001091703755,4.659946968750254,39.50473143072317,3
2023,1,52.20570184818396,u20m,138,-0.007150437326601544,43.03999983040923,17.55689837180797,7364.437,3,-0.015592621444288569,34.26727923618974,34.361040991575585,3
2019,2,7.534080899999992,hgap,138,-0.013121260927937283,5.016225499866849,33.419542921727135,7364.437,3,-0.014527475515556087,4.802252632271759,36.259608889098025,3
2023,2,16.8152868171861,nnm,138,-0.0023626855222529386,15.776096159864847,6.180035277537724,7364.437,3,-0.009402855913308628,13.045083149364071,22.42128670662152,3
2023,2,17.322569616092686,pnm,138,-0.011185937965896776,12.806974793453655,26.067696206248975,7364.437,3,-0.020594758517415813,9.933886322716928,42.65350613174424,3
2023,2,5.679966753106558,q5_19,138,-0.01277416828167206,4.023060115401221,29.171062256642976,7364.437,3,-0.021028160843239975,3.219367902201627,43.32065587459909,3
2023,2,39.334291803619024,u20m,138,-0.007685366627304147,31.963409788266656,18.739073915840013,7364.437,3,-0.0157973762979176,25.67627832667758,34.72291695279693,3
2019,3,8.56231098457124,hgap,138,-0.01211940552694939,5.880657393134308,31.31927345630296,7364.437,3,-0.01488567184753986,5.397383511707832,36.96347257844773,3
2023,3,20.326494576262558,nnm,138,-0.0022355696215390795,19.13587425905972,5.857479816481761,7364.437,3,-0.008542294799675254,16.139718588396203,20.597629227991458,3
2023,3,19.579115612111565,pnm,138,-0.012356624473483579,14.024904012789328,28.36804128112111,7364.437,3,-0.022049035326305866,10.795609399100664,44.861608598794206,3
2023,3,6.717836121922893,q5_19,138,-0.008244844481660052,5.377132803761942,19.95736862031687,7364.437,3,-0.019460931415735284,3.9722033819581757,40.87079068518295,3
2023,3,45.960065702810304,u20m,138,-0.007349390359119567,37.68790960357969,17.99857326732411,7364.437,3,-0.015645160994041073,30.124944084878774,34.45408829553363,3
2019,1,7.426571599999988,hgap,139,-0.021970490180866564,3.758346612538455,49.39324879681411,87270.503,3,-0.02694777478432,3.220972418462946,56.629080120052286,3
2022,1,124.55998999999997,math,139,-0.0032383409285539956,113.76260913698711,8.668418216004083,87270.503,3,-1.5148750352578233e-4,124.0327690400001,0.4232667006475082,3
2023,1,5.960887143883438,nnm,139,-0.039646429586911204,2.0437078279299543,65.71470355671747,87270.503,3,-0.023226061270319988,3.1839280340213882,46.586339295343514,3
2023,1,7.78730265108718,pnm,139,0.010882160958871446,10.446979441078152,-34.154018524240314,87270.503,3,0.06572740417671677,45.930732886590434,-489.81569029140115,3
2023,1,6.945196971885781,q5_19,139,0.07311019771591984,50.000133519599764,-619.9239088826531,87270.503,3,0.2194829381126276,2602.1405311933504,-37366.76360262838,3
2023,1,20.551806039176277,u20m,139,0.007461337709473881,25.138610731403052,-22.318256037855324,87270.503,3,0.06903144607119076,132.52851981093974,-544.8509661793768,3
2019,2,8.559170699999981,hgap,139,-0.014979987528415607,5.379652017062479,37.14750872929208,87270.503,3,-0.01567456570186625,5.265055926577451,38.486377814880335,3
2022,2,130.30304,math,139,-0.004752760544514345,114.0669457422171,12.460257456604932,87270.503,3,0.001394293578236061,135.49070427424994,-3.981230425821167,3
2023,2,4.583038481113351,nnm,139,-0.048084613616998784,1.2511681492498603,72.70002958941083,87270.503,3,-0.036068261889666386,1.7306881966867724,62.23710091418786,3
2023,2,7.931326036012543,pnm,139,0.01606371292123936,12.237934198367556,-54.2987155338296,87270.503,3,0.07828381586323907,65.65956372735545,-727.8510230095856,3
2023,2,8.291443831403456,q5_19,139,0.1483218179275471,454.8252155287531,-5385.4766525237,87270.503,3,0.3722138866914049,191951.70061731216,-2314957.600587054,3
2023,2,20.665998016058616,u20m,139,0.025766013247847087,41.43691289850213,-100.5076786821685,87270.503,3,0.10710487117325052,372.5313753759298,-1702.6294935596745,3
2019,3,7.968187952728869,hgap,139,-0.018221024089406068,4.529471933267537,43.155558576949396,87270.503,3,-0.021043462443695128,4.150005969579373,47.91782028487269,3
2022,3,127.44167999999996,math,139,-0.003974640220114534,114.01943565056548,10.532067961937164,87270.503,3,6.993752266155617e-4,129.96190311353195,-1.9775501339373305,3
2023,3,5.293295822920034,nnm,139,-0.04323409230499205,1.6472720036661774,68.88003129291452,87270.503,3,-0.028619213358543626,2.4442108744489333,53.82440437457754,3
2023,3,7.853541037909695,pnm,139,0.013336385195023693,11.257638972316972,-43.34475261509953,87270.503,3,0.07170596786001955,54.43599729121798,-593.1395281243314,3
2023,3,7.606373625644314,q5_19,139,0.10616726725178804,133.68720050602167,-1657.568153834902,87270.503,3,0.2864516206119746,17381.82305759133,-228416.55615482558,3
2023,3,20.61195582278419,u20m,139,0.01599830817411596,31.747869092460594,-54.02647553400493,87270.503,3,0.08677263144959362,214.59066641838652,-941.0980319547396,3
2019,1,9.705138599999998,hgap,140,-0.021672239106635738,4.957076172192662,48.92318001318742,10642.089,3,-0.026252191336724184,4.300957044309251,55.68371332368966,3
2022,1,152.93777,math,140,0.002554440980762873,164.27723436970774,-7.4144303069854764,10642.089,3,0.004615711969757186,174.03754325636166,-13.796312877035973,3
2023,1,3.387526535782343,nnm,140,-0.03172604217774011,1.4383503704208755,57.53980506934417,10642.089,3,-0.031209863883219578,1.4585367319738942,56.94390238519423,3
2023,1,3.185970866482868,pnm,140,-0.027451363758106816,1.5182680520261924,52.34519976316435,10642.089,3,-0.03212324712042132,1.3383391366723474,57.992737763173636,3
2023,1,1.65753064858154,q5_19,140,-0.08272289615138163,0.17760571634198202,89.28492112685994,10642.089,3,-0.1199373118632386,0.06502532389654143,96.076976075695,3
2023,1,8.209357605582056,u20m,140,-0.04270284789247451,2.591657887533821,68.43044228245593,10642.089,3,-0.05265620865140645,1.9809113992546343,75.87008028609097,3
2019,2,9.830910099999983,hgap,140,-0.010808436087622119,7.031991805622485,28.470591897463315,10642.089,3,-0.014198394643775192,6.330513027327783,35.60603277892049,3
2022,2,145.84487000000001,math,140,0.001137718043779934,150.56571415565486,-3.2368942120863387,10642.089,3,0.007962050346119076,182.2685105004875,-24.974234952856065,3
2023,2,2.489417351349023,nnm,140,-0.0299964025366788,1.107544961232663,55.509872194291525,10642.089,3,-0.028404639518187103,1.1561822582424548,53.55610992202991,3
2023,2,2.8755752421824043,pnm,140,-0.026628275399932465,1.4011443599194984,51.27429324867513,10642.089,3,-0.03222813539538656,1.204534376588423,58.111533340569196,3
2023,2,0.8663212840436252,q5_19,140,-0.08601184499675148,0.08493922685443543,90.19541266976903,10642.089,3,-0.1145401163254691,0.03931761733658117,95.46154318718075,3
2023,2,6.219513764966433,u20m,140,-0.03842589603802007,2.2038207042745728,64.56602899267855,10642.089,3,-0.04437241113860786,1.8769284360724436,69.82194256655733,3
2019,3,8.738449066082268,hgap,140,-0.013628047767598428,5.7274089643247095,34.45737428904539,10642.089,3,-0.02365381116996774,4.197397016813969,51.96633881971233,3
2022,3,149.48296999999997,math,140,0.0019568344439511165,157.9018816214631,-5.632020571616379,10642.089,3,0.006500571538460731,179.3247622803171,-19.963339155167393,3
2023,3,2.9483015924556457,nnm,140,-0.030996261155637028,1.2767658770416315,56.69486865561095,10642.089,3,-0.029974014976972985,1.3124962637403161,55.48297137922259,3
2023,3,3.0341938594711237,pnm,140,-0.027103342880738658,1.4595899159470698,51.89529794244972,10642.089,3,-0.032299512437559394,1.2685302397343197,58.192182224130164,3
2023,3,1.2931338681123616,q5_19,140,-0.0831910575737235,0.13681988487224386,89.41951113909302,10642.089,3,-0.11775405514108106,0.05381027411197907,95.83877002691702,3
2023,3,7.258959001978371,u20m,140,-0.040927142669528974,2.4041672320185468,66.879999854479,10642.089,3,-0.04939308736616841,1.912905081310684,73.64766654847705,3
2019,1,12.840222799999992,hgap,141,-0.007519225013367903,10.170452215659344,20.79224500949197,35652.311,3,-0.012029323554108285,8.843419472040408,31.127211655233793,3
2022,1,213.68613999999997,math,141,,,,35652.311,3,,,,3
2023,1,8.07375082373396,nnm,141,-0.05639207225284011,1.7612648391807788,78.18529605839103,35652.311,3,-0.05381229365505904,1.8883175202927938,76.61164480402577,3
2023,1,6.415147661711029,pnm,141,-0.06618527936925907,1.074289457232269,83.2538623601107,35652.311,3,-0.04759323035806795,1.7747237842804628,72.33541801581676,3
2023,1,8.357596121553845,q5_19,141,-0.01213763437088664,6.022212474393495,27.943246038624746,35652.311,3,-0.02754711174381832,3.972512727779437,52.468237636722904,3
2023,1,22.674040817365015,u20m,141,-0.045211133757437905,6.689372562192526,70.49766022706707,35652.311,3,-0.04242719289152337,7.211568593697782,68.19460345958815,3
2019,2,10.072893399999998,hgap,141,-0.00945115221434496,7.514708816743212,25.396720501944223,35652.311,3,-0.01264440599618082,6.806454875141426,32.42800648380308,3
2022,2,219.72787,math,141,,,,35652.311,3,,,,3
2023,2,5.822730270666284,nnm,141,-0.05184631018530113,1.4360824643569816,75.33661362279359,35652.311,3,-0.04603370806733005,1.6801098070102845,71.14567000511201,3
2023,2,6.900345854199852,pnm,141,-0.04291802579873614,2.165789234627899,68.61332344219086,35652.311,3,-0.0020008570148764447,6.537457933620335,5.258981625662253,3
2023,2,5.847678034494597,q5_19,141,-0.016845802740405612,3.710653442929521,36.54484017346852,35652.311,3,-0.04116694446343265,1.9242516997406307,67.09374749447983,3
2023,2,18.45640980688501,u20m,141,-0.038244216293654175,6.571997930185397,64.39178584052806,35652.311,3,-0.02894211660627839,8.448378899825187,54.22523129783568,3
2019,3,11.461325462012496,hgap,141,-0.008272389266019609,8.868753860453824,22.620172598287272,35652.311,3,-0.012225663980853962,7.845834712147243,31.54513639673232,3
2022,3,216.65807999999998,math,141,,,,35652.311,3,,,,3
2023,3,7.025292672825871,nnm,141,-0.05408088473109744,1.631227808847328,76.78064267476022,35652.311,3,-0.04970540245202777,1.8357828462852852,73.8689485010899,3
2023,3,6.614754714513005,pnm,141,-0.05577874658283444,1.4670837090964515,77.82104140796606,35652.311,3,-0.02736493102465789,3.1596130861771266,52.23385866077809,3
2023,3,7.142259456659916,q5_19,141,-0.013947141635190974,4.901083742762592,31.379085673056917,35652.311,3,-0.03296917232061736,2.9325182478372023,58.94130890046667,3
2023,3,20.638747403724288,u20m,141,-0.04227817683984645,6.590699419166686,68.06637878625625,35652.311,3,-0.036789371244721994,7.643512335864399,62.96523143412707,3
2019,1,14.887557299999997,hgap,142,-0.01930641349619382,8.182739241512019,45.03638792703743,100352.189,3,-0.022633950131038017,7.380735755264143,50.423460299533865,3
2022,1,105.88936999999999,math,142,0.05042239149980077,434.5112481093671,-310.34453988097874,100352.189,3,0.027031770862467854,225.71755341217536,-113.16356251073682,3
2023,1,11.67758173430853,nnm,142,-0.009617986782234666,9.006848834501685,22.870599072411363,100352.189,3,-0.00921220853426057,9.10607052925295,22.020922341314265,3
2023,1,11.861370889382105,pnm,142,-0.012863946578626351,8.380942837365883,29.34254467273916,100352.189,3,-0.014946723183898137,7.922647658280245,33.20630699296041,3
2023,1,18.567161526760188,q5_19,142,-0.01133696597777729,13.671268346686578,26.368560283257803,100352.189,3,-0.016075450053646988,12.029444583171681,35.21118149462926,3
2023,1,41.53312226392914,u20m,142,-0.011133755831722603,30.74968739817821,25.96345826645489,100352.189,3,-0.013685397439471548,28.702536678744355,30.89241763152476,3
2019,2,11.935523699999976,hgap,142,-0.023762172404059666,5.713842809108801,52.12742270279425,100352.189,3,-0.02644539680717317,5.257795524796462,55.94834665866842,3
2022,2,116.16046,math,142,0.0452870966040674,412.81981564763987,-255.387552397468,100352.189,3,0.04531230396945445,413.1112892955955,-255.63847568750631,3
2023,2,8.160376497879486,nnm,142,-0.007776808160496529,6.614845802557355,18.939453292672773,100352.189,3,-0.008717893003540844,6.4488846686230366,20.973196882535866,3
2023,2,8.60422173975417,pnm,142,-0.012044783871865227,6.215485368661292,27.762375765563732,100352.189,3,-0.01263084351050905,6.117907999837869,28.896439621363555,3
2023,2,6.193907998485515,q5_19,142,-0.005615177253551096,5.32257092002359,14.067646446717935,100352.189,3,-0.006186769611813236,5.241058326226856,15.383658790082807,3
2023,2,22.78488906526521,u20m,142,-0.008761041100443689,17.985204474115605,21.065209391194983,100352.189,3,-0.009447050591578776,17.65514407579268,22.513802787359857,3
2019,3,13.478804825862682,hgap,142,-0.02204389506995197,6.805680911820455,49.50827614357957,100352.189,3,-0.024133272694902442,6.3788446093363165,52.67499832702673,3
2022,3,111.19099999999997,math,142,0.047345063321443434,418.59807707228947,-276.4675891684485,100352.189,3,0.036575543939636725,309.6258625512921,-178.46306135504864,3
2023,3,10.009034596374118,nnm,142,-0.009142344554834158,7.819689452224483,21.873689445960643,100352.189,3,-0.009577816337212042,7.728285993397879,22.786898986266515,3
2023,3,10.313044490507629,pnm,142,-0.012633357068534901,7.332444175152004,28.901264976593872,100352.189,3,-0.014102576581590842,7.047267701578301,31.666466599026375,3
2023,3,12.497538514900652,q5_19,142,-0.01032680480022874,9.456553341966233,24.33267294442576,100352.189,3,-0.013976150944432764,8.569210722206568,31.432812053432684,3
2023,3,32.46370805774723,u20m,142,-0.010576766342954791,24.399194000409075,24.841629437379133,100352.189,3,-0.012543506806923954,23.137347953729282,28.728573111327872,3
2019,1,19.3659471,hgap,143,-0.012189251229653753,13.271905484939886,31.467821241028354,39390.8,3,-0.01606521070728544,11.769302841130216,39.226815087550165,3
2023,1,24.36911106273689,nnm,143,-0.016727981740063493,15.512728543559943,36.34265729421437,39390.8,3,-0.022006653128052455,13.452120556462024,44.798476555708966,3
2023,1,19.206894232533966,pnm,143,-0.03030592481108685,8.474056497103128,55.88013140224834,39390.8,3,-0.04638242680551219,5.490085150136242,71.41607027315871,3
2023,1,13.577126657801974,q5_19,143,-0.009250833768384847,10.57628257936413,22.102202874519367,39390.8,3,-0.10593419507631827,0.7773716308038264,94.27440245350354,3
2023,1,56.09979491240091,u20m,143,-0.019459572608740316,33.172582165302394,40.868621325441666,39390.8,3,-0.05171317924829211,13.885933052097402,75.24780068486864,3
2019,2,15.605133299999977,hgap,143,-0.009065305886908171,11.782029363449682,24.49901492703238,39390.8,3,-0.012324718562996929,10.649720443425366,31.755017796449188,3
2023,2,15.920706400798137,nnm,143,-0.020504112322363977,9.152339399061047,42.512981719189156,39390.8,3,-0.02612663204833483,7.863261630162666,50.6098446123693,3
2023,2,20.72447117418219,pnm,143,-0.02866443712930953,9.557970195567785,53.88075229888247,39390.8,3,-0.04535359728697097,6.09073069707319,70.61092345429394,3
2023,2,8.243753093626571,q5_19,143,-0.016253465245225175,5.315420642224649,35.52183596650755,39390.8,3,-0.054310246318909794,1.9023292609285005,76.92399033154895,3
2023,2,44.25960866339729,u20m,143,-0.02326864822780945,23.613509641045006,46.647721581475736,39390.8,3,-0.039833599614407154,15.09804557354024,65.88753034767267,3
2019,3,17.52178702042079,hgap,143,-0.010832323893979057,12.5239528473749,28.523541390048607,39390.8,3,-0.014394984733426508,11.214421146891032,35.9972750848919,3
2023,3,20.23702862495838,nnm,143,-0.018353211994108908,12.329284702674016,39.07561761577845,39390.8,3,-0.02419114168115577,10.531315016251508,47.96017136990552,3
2023,3,19.969733464970552,pnm,143,-0.029293455569534554,9.054795439485558,54.65740464003278,39390.8,3,-0.04527322823505679,5.881669429647094,70.54708096147458,3
2023,3,10.974559001107442,q5_19,143,-0.011874835090012503,7.964221739882295,27.43014330618091,39390.8,3,-0.08860482517943691,1.0032547815137216,90.85835903372079,3
2023,3,50.34037666779723,u20m,143,-0.021097927410276274,28.4788991420581,43.42732210767094,39390.8,3,-0.0467393889863116,14.251240699039931,71.69023824933662,3
2019,1,9.711557400000004,hgap,144,-0.008403337842765701,7.484342619775284,22.933652023976286,2811.662,3,-0.012703849709069282,6.5502113729764035,32.55241046120573,3
2022,1,221.53051,math,144,0.017166908215760036,358.2509622594302,-61.71630817779014,2811.662,3,0.10462217852534872,4146.340103600908,-1771.6790312995297,3
2023,1,4.646205289032774,nnm,144,-0.020467411184363328,2.6736129368436523,42.45598783259461,2811.662,3,-4.7563294387482636e-4,4.586919794534271,1.275998170774852,3
2023,1,5.51868534005151,pnm,144,-0.013504610625176406,3.832491761076432,30.55426202210941,2811.662,3,-0.003409168806713936,5.033381935210629,8.793822712065536,3
2023,1,3.909071320819635,q5_19,144,-0.04592349191651528,1.131297891522724,71.05967636104631,2811.662,3,-0.023256519918898943,2.0862616791216837,46.63024775193289,3
2023,1,14.008685954733814,u20m,144,-0.02559842650670121,7.018293146067772,49.900417721219945,2811.662,3,-0.008142897225284962,11.243827793186572,19.736741693555782,3
2019,2,8.132633699999985,hgap,144,-0.009441537291497682,6.0690201281699885,25.37448073961576,2811.662,3,-0.012125380187899016,5.584517482950479,31.331992944050967,3
2022,2,202.4783,math,144,0.008531538606229638,257.11303196138124,-26.983006061084694,2811.662,3,0.09070651251498396,2566.79949909894,-1167.6911546071556,3
2023,2,3.878036031503431,nnm,144,-0.01620870170021833,2.503510387901263,35.44385953189026,2811.662,3,0.0019763876822563196,4.090598596497192,-5.481191078860485,3
2023,2,4.928799258034133,pnm,144,-0.00799691538483931,3.9716383206179744,19.419758998217457,2811.662,3,0.0015985898010747236,5.146193549592895,-4.410694779350175,3
2023,2,3.442625961982859,q5_19,144,-0.03652173180139669,1.2842151872951566,62.696639092459414,2811.662,3,-0.031146564817547517,1.484795854579904,56.87025337702671,3
2023,2,12.200094353157942,u20m,144,-0.01922683249160073,7.2595599082537765,40.4958707850102,2811.662,3,-0.008006510129917288,9.828318996582798,19.440631260046118,3
2019,3,8.922152288460552,hgap,144,-0.008983330315951088,6.753453243098187,24.306904603805602,2811.662,3,-0.015162581465758152,5.576142226247127,37.50227472065211,3
2022,3,212.37174,math,144,0.013117272426328963,306.62388236214014,-44.380736515197434,2811.662,3,0.09822487112957323,3323.037726039533,-1464.7268916474166,3
2023,3,4.275109013272309,nnm,144,-0.018743110407453623,2.5773084584883197,39.713620155955674,2811.662,3,4.896604641288604e-4,4.332004789622095,-1.3308614160048344,3
2023,3,5.233835451857627,pnm,144,-0.011150122986006239,3.873238755127242,25.996168760855355,2811.662,3,-0.0012458522295818232,5.060707800809348,3.3078542999824676,3
2023,3,3.686088394400544,q5_19,144,-0.041339386374842954,1.207319252484911,67.24660064259655,2811.662,3,-0.026527099066038763,1.8009857705373191,51.14100428863407,3
2023,3,13.137689309608568,u20m,144,-0.022723258475890608,7.113235240504579,45.856268382734996,2811.662,3,-0.008055065985349951,10.569773428962874,19.546176044577237,3
2019,1,4.9397657000000095,hgap,145,-0.005073342490835753,4.220882729201833,14.552977093593233,80.869,3,-0.01647287590944262,2.964352856446928,39.99001093418414,3
2023,1,3.5277228172521125,nnm,145,0.006955956648489248,4.256568835341245,-20.660523965339777,80.869,3,0.010456190843993829,4.678463393563919,-32.619926108825226,3
2023,1,2.6093819318976363,pnm,145,-0.0023977777553960246,2.4458027354340235,6.2688866840068975,80.869,3,-5.269416245978098e-4,2.572519996117558,1.4126692351729064,3
2023,1,1.9082055941987974,q5_19,145,0.003163258708091932,2.078343757549192,-8.916133768166157,80.869,3,0.006293041950746004,2.261606618054966,-18.52007063235509,3
2023,1,8.024411874922643,u20m,145,0.0029343810559849803,8.68603590900101,-8.245140508627552,80.869,3,0.0058365633718235445,9.394041363290771,-17.06828499978176,3
2019,2,4.827268299999986,hgap,145,-0.0010886305085786364,4.667078058925344,3.318444948971296,80.869,3,-0.003738929455018436,4.298963405743257,10.94417922154296,3
2023,2,3.34931980209804,nnm,145,0.0104804280055107,4.444773169675978,-32.706741437223684,80.869,3,0.006818836860411315,4.026372619856293,-20.214636337030036,3
2023,2,2.7764545104818072,pnm,145,0.0026293850532942307,2.980729753434881,-7.35741364325919,80.869,3,-0.0032144046974222017,2.545649518435827,8.312939800549,3
2023,2,1.4468067438864196,q5_19,145,0.007474942455847539,1.7703589606228691,-22.363195230022352,80.869,3,0.0024110365375111242,1.5441241692083723,-6.72635966988501,3
2023,2,7.554432465002314,u20m,145,0.006949797508191624,9.113702089469955,-20.640460176079728,80.869,3,0.002243078730341086,8.02609090562156,-6.243466240572198,3
2019,3,4.744229634954223,hgap,145,-0.001750611650382905,4.493626703164554,5.282268167276166,80.869,3,0.005686201786999278,5.658740388606303,-19.27627505452534,3
2023,3,3.4410274504903797,nnm,145,0.008584169920652118,4.3385608516394685,-26.0832967496723,80.869,3,0.00879434385932063,4.363250854922431,-26.80081509668358,3
2023,3,2.6857548010604804,pnm,145,-1.1153585336401984e-4,2.677678902570006,0.30069381193270134,80.869,3,-0.00248431344051967,2.5115129570278185,6.487630366102736,3
2023,3,1.687629212425823,q5_19,145,0.004558578185246243,1.9086693467294114,-13.097671732398021,80.869,3,0.005062875482946016,1.9348355759444247,-14.648144373091508,3
2023,3,7.794845567932418,u20m,145,0.004642537185865469,8.835795971085128,-13.354342867742304,80.869,3,0.0040409434960110065,8.693435190522955,-11.527997761588592,3
2019,1,5.25797399999999,hgap,146,-0.004365915461292147,4.592398341739476,12.65840527664297,9130.435,3,-0.006410764316741568,4.310319742808756,18.023182640143073,3
2022,1,83.99253999999996,math,146,0.027322648095685142,180.5056595366175,-114.90677569295745,9130.435,3,0.027943936049390716,183.67321895850202,-118.67801468856888,3
2023,1,2.146870745927003,nnm,146,-0.018132631439736858,1.31578081625643,38.711689152563054,9130.435,3,-0.010467650378173609,1.6183138189759751,24.619876532101188,3
2023,1,1.7332504614928634,pnm,146,-0.0030462326835131613,1.5963986405890545,7.895674857396971,9130.435,3,0.06358533814532882,9.648501854140033,-456.670952554064,3
2023,1,2.8243698917987947,q5_19,146,-0.001111412661820288,2.7408748306499557,2.956236765987558,9130.435,3,0.0070686953966035745,3.4182887770874357,-21.028367672846983,3
2023,1,6.68982164665588,u20m,146,-0.0073416055181575015,5.486902370814607,17.981335518004286,9130.435,3,0.014008733990878408,9.76518033697008,-45.97071271476295,3
2019,2,3.4345025999999734,hgap,146,-0.0025050589490808405,3.1778831031057737,7.471809655762138,9130.435,3,-0.0012787556614576978,3.301017275233112,3.8865984485457163,3
2022,2,103.04811999999998,math,146,0.017932446456917096,170.25623456070744,-65.22012683075388,9130.435,3,0.03835212166415203,301.5860766743202,-192.66528751259145,3
2023,2,1.7121439024721283,nnm,146,-0.013108479417789665,1.201796337125192,29.80751586417802,9130.435,3,-0.016982094719759644,1.0824530108222106,36.777918651622706,3
2023,2,1.3879338350150094,pnm,146,0.0094498393379294,1.791336257239116,-29.064960594446788,9130.435,3,0.07332770705049323,10.0509210996739,-624.1642826270034,3
2023,2,1.2317583848101554,q5_19,146,-0.03213453958795907,0.5172702368369713,58.00554368325283,9130.435,3,-0.029707349703137875,0.552304523213457,55.161293803688544,3
2023,2,4.325644160177555,u20m,146,-0.012577319288178845,3.0801350618748513,28.793609741851245,9130.435,3,0.003576746366282002,4.764217093087332,-10.138904557784397,3
2019,3,4.274305569946364,hgap,146,-0.00594731137223663,3.5546442818199053,16.836917163493514,9130.435,3,-0.007092928923159736,3.430619485190204,19.738553338074677,3
2022,3,93.32594,math,146,0.02179075636294705,171.78424076841355,-84.06912458466913,9130.435,3,0.03341064016757356,237.8394869987067,-154.84820940320202,3
2023,3,1.9368442622854596,nnm,146,-0.016025279887662603,1.2565594900482064,35.12335945041461,9130.435,3,-0.013366460863471308,1.350082276804178,30.294742685656484,3
2023,3,1.563677747863812,pnm,146,0.00198074643485015,1.649580034662779,-5.493605502560913,9130.435,3,0.06790748490273897,9.78198735760148,-525.575657833908,3
2023,3,2.0489034545854157,q5_19,146,-0.011259477801342354,1.5117967576849445,26.21434873851349,9130.435,3,-0.005290376398518393,1.7761792829426146,13.310738045389519,3
2023,3,5.539230838130793,u20m,146,-0.009436128094869534,4.293405301658737,22.490948163706758,9130.435,3,0.009622656856201183,7.182642764264558,-29.668594325784266,3
2019,1,5.091081599999995,hgap,147,-0.023066249731453835,2.4903831182747185,51.083417750076514,9115.681,3,-0.02811115595910345,2.129834907166243,58.16537477682062,3
2018,1,105.72298999999998,math,147,,,,9115.681,3,,,,3
2023,1,1.2281637825728948,nnm,147,-0.06354820734825554,0.22084782172278022,82.01804801146932,9115.681,3,-0.06008210882729179,0.24251378034003315,80.25395441705763,3
2023,1,1.468903003562061,pnm,147,-0.0676370372605815,0.23652907500101972,83.89757019847865,9115.681,3,-0.0706450152176876,0.21807864055438073,85.15363914257482,3
2023,1,3.680792684628398,q5_19,147,-0.04111091469160046,1.213044646234399,67.04392911613101,9115.681,3,-0.011790348519580274,2.677246182482407,27.26441253638021,3
2023,1,6.366134713944649,u20m,147,-0.052153672210239276,1.5571283761770385,75.54044257394932,9115.681,3,-0.03637484039960039,2.3842194575813935,62.54839765864679,3
2019,2,3.432585099999983,hgap,147,-0.014461103209891912,2.192449586250291,36.1283253763963,9115.681,3,-0.01783308418850278,1.9748413004745575,42.46781236466454,3
2018,2,111.98458,math,147,,,,9115.681,3,,,,3
2023,2,0.905610999505609,nnm,147,-0.0629939481938964,0.16530185920735455,81.74692452967156,9115.681,3,-0.06190852324918038,0.17021795868219414,81.20407561578654,3
2023,2,1.222396328002917,pnm,147,-0.06470564368827206,0.2130476894755132,82.57130812691669,9115.681,3,-0.06629681651526087,0.20408863169263253,83.30421754243477,3
2023,2,2.1231324650065053,q5_19,147,-0.026632103499650707,1.0344043786317931,51.279329213750984,9115.681,3,0.005938759914512581,2.4923825332648573,-17.391758373268555,3
2023,2,4.245517085852524,u20m,147,-0.04697088009165964,1.1944070388508394,71.86662979567316,9115.681,3,-0.03230935523511826,1.7744864046464484,58.20329140684352,3
2019,3,4.239041526350235,hgap,147,-0.0196224880580393,2.307212437400664,45.572308667918456,9115.681,3,-0.022739699419088887,2.0946919596396545,50.58571739345144,3
2018,3,108.72829999999999,math,147,,,,9115.681,3,,,,3
2023,3,1.0710996426241939,nnm,147,-0.06337040394856855,0.19353148192175154,81.93151465837488,9115.681,3,-0.06086476010385924,0.20707738838139889,80.66684180063216,3
2023,3,1.349465950339357,pnm,147,-0.06636871693162086,0.22486693869045798,83.33659781234869,9115.681,3,-0.06871867598299725,0.2110425874325354,84.36102908862105,3
2023,3,2.9237583308983073,q5_19,147,-0.036283866675798616,1.0976872737159835,62.456292569888106,9115.681,3,-0.005725453512216472,2.5049847419250573,14.323125976167269,3
2023,3,5.3358055885835975,u20m,147,-0.05022429034714713,1.3749041706994172,74.23249127289907,9115.681,3,-0.034824123348582425,2.0837904012439332,60.9470328959815,3
2019,1,4.689074599999998,hgap,148,0.03509180711135029,13.916584661274378,-196.7874441851359,11712.894,3,0.02274163747986937,9.489880415466137,-102.38279884619753,3
2022,1,87.22228999999999,math,148,0.03656149199158039,242.78631474392617,-178.3535203488996,11712.894,3,0.06795799228667199,584.8080662647184,-570.4800645164423,3
2023,1,2.4135487810252254,nnm,148,-0.002863518592428027,2.233976509630818,7.440175761358702,11712.894,3,-0.030880484801716967,1.0484628068460486,56.55928667823804,3
2023,1,1.8712363650220665,pnm,148,-0.01999225692142126,1.0906877202408838,41.71299037211572,11712.894,3,-0.011439433683372191,1.3740116335871535,26.57198955349767,3
2023,1,2.1956858164148274,q5_19,148,-0.01791838046588571,1.3535058740825434,38.35612253976378,11712.894,3,-0.008183462392479957,1.7603998274994084,19.824602666795254,3
2023,1,6.466556516663058,u20m,148,-0.013177722507355893,4.530558567836508,29.938622570418435,11712.894,3,-0.01780798256637812,3.9981358478710542,38.17210384586238,3
2019,2,6.959483599999999,hgap,148,0.03400705353294271,19.971853068019918,-186.97320398915693,11712.894,3,0.041898979299456275,25.507528259959468,-266.51466870271054,3
2022,2,94.86484000000002,math,148,0.0280536617513933,208.0868770756597,-119.35089657628647,11712.894,3,0.047190265618676897,355.590781328391,-274.8393834094813,3
2023,2,1.9709815178673251,nnm,148,-0.0013563770890137716,1.900105611618415,3.595970109633525,11712.894,3,-0.02495942441361887,1.0046379139093267,49.02854720848006,3
2023,2,1.4908078883482112,pnm,148,-0.018022097098134498,0.9164218900466697,38.528505435931855,11712.894,3,-0.022612810367065295,0.8095897023579472,45.69456543089812,3
2023,2,1.3628529835782999,q5_19,148,-0.01903760153059216,0.8151077574041034,40.19107216803675,11712.894,3,-0.009478357225862766,1.0551306935737201,22.579272578369064,3
2023,2,4.816990129523968,u20m,148,-0.011830892762540101,3.4998327231427053,27.343992222617008,11712.894,3,-0.01993705688386873,2.811867188836523,41.626054585368195,3
2019,3,5.746986668444521,hgap,148,0.03305670051065266,16.01352016306868,-178.64202732530262,11712.894,3,0.03317294033259284,16.071327924461553,-179.64790683621715,3
2022,3,91.10661999999996,math,148,0.0321403472517674,224.07037846275728,-145.94302638244878,11712.894,3,0.0570311964186212,449.8454002544062,-393.7570949887136,3
2023,3,2.1965612709475364,nnm,148,-0.002237333082002879,2.067799680460645,5.8619621583033314,11712.894,3,-0.02834970895578095,1.0216826623396047,53.48717671331432,3
2023,3,1.6864132247491614,pnm,148,-0.019099410623595447,1.0069438318727182,40.29080078979505,11712.894,3,-0.01621336113338827,1.0885463373867632,35.4519804866524,3
2023,3,1.7893997911593296,q5_19,148,-0.018329343715826264,1.0908835575037554,39.03634263883614,11712.894,3,-0.008680491262654222,1.415534201384439,20.89335159319918,3
2023,3,5.661728411619604,u20m,148,-0.012618082341756565,4.027077776534296,28.871936557933505,11712.894,3,-0.0186760883942902,3.4194332878267533,39.6044274958681,3
2019,1,1.3084328999999855,hgap,149,-0.054567791312559885,0.2410450655214107,81.57757531766333,3185.073,3,-0.06804048481590662,0.15874996404276492,87.86716811823008,3
2018,1,172.94552,math,149,,,,3185.073,3,,,,3
2023,1,4.872992773750305,nnm,149,0.011454460162205037,6.639115224740511,-36.24307551827089,3185.073,3,0.004710098034394728,5.533834239858869,-13.561306096499182,3
2023,1,1.5876145741049452,pnm,149,-0.05585960755414123,0.3513484608187911,77.86941071532604,3185.073,3,-0.05434285723490937,0.3660356582193495,76.94429969404187,3
2023,1,2.726239035657829,q5_19,149,-0.023140335954808466,1.4595584317658274,46.462565729727274,3185.073,3,-0.0261798299066748,1.3445610585621008,50.68073485208298,3
2023,1,9.161517880589498,u20m,149,-0.013832983309922931,6.306124620120969,31.167250860452377,3185.073,3,-0.015892511531058508,5.965029858225496,34.89037585285293,3
2019,2,2.8908172999999806,hgap,149,-0.016723995040772998,1.7213268513741136,40.45535664346117,3185.073,3,-0.024461865803222647,1.354214288161067,53.154622114615265,3
2018,2,175.53634,math,149,,,,3185.073,3,,,,3
2023,2,3.890219046010168,nnm,149,0.011879109355799144,5.361272848789867,-37.814163813948234,3185.073,3,0.002830870956601883,4.199220790062328,-7.943042291386491,3
2023,2,1.5357121057735235,pnm,149,-0.044559262639796676,0.4611158780287057,69.97380718071203,3185.073,3,-0.0383554520150068,0.5451997605349188,64.49856985008874,3
2023,2,1.072312260586128,q5_19,149,-0.01131041792521174,0.7901251124361303,26.3157625369082,3185.073,3,-0.050241720642888454,0.27617815033474324,74.24461507287218,3
2023,2,6.486457269656132,u20m,149,-0.008157801682451926,5.204147277104427,19.769034763404584,3185.073,3,-0.01693068349801021,4.10656967878748,36.6900989543529,3
2019,3,1.9304348402980906,hgap,149,-0.0358254477095852,0.6358175705131323,67.06350521445461,3185.073,3,-0.04050964697439376,0.5498807882897745,71.51518524163893,3
2018,3,174.20903999999996,math,149,,,,3185.073,3,,,,3
2023,3,4.398306429761704,nnm,149,0.011652081414991123,6.02444743241225,-36.971980661625906,3185.073,3,0.003946583599022136,4.892861575905606,-11.244217610611,3
2023,3,1.5618886869341875,pnm,149,-0.050702725328604294,0.3972943655317867,74.56320870652883,3185.073,3,-0.047036613694074025,0.4386327466467175,71.91651682248212,3
2023,3,1.931409693503472,q5_19,149,-0.02006257168750176,1.1236257258216666,41.8235432077867,3185.073,3,-0.032769229688519454,0.797304150213836,58.71905619529279,3
2023,3,7.873236834659236,u20m,149,-0.01161386959761428,5.753997245947663,26.917005460604774,3185.073,3,-0.016277762212812786,5.073189364935576,35.56412093940077,3
2019,1,9.616098300000004,hgap,150,-0.011963071828246408,6.636491090681268,30.98561512540627,6795.805,3,-0.016885596974148154,5.697258499203903,40.75290911695547,3
2022,1,165.92971,math,150,0.014842429369037902,251.4268990078118,-51.526148637161974,6795.805,3,0.03316306898514321,419.94770706271305,-153.08771229860707,3
2023,1,2.7151353109220757,nnm,150,-0.06128875565811851,0.5189464333844558,80.8869034520339,6795.805,3,-0.05815770845146488,0.5647250306195412,79.20085130388004,3
2023,1,3.179136350591749,pnm,150,-0.05233317604904049,0.7738430673723748,75.65870154552084,6795.805,3,-0.03885072892151555,1.1136466391707576,64.9701517532122,3
2023,1,4.740825741103238,q5_19,150,-0.009558491501784738,3.662449027976609,22.74660095132879,6795.805,3,-0.028430820614720707,2.2002679995471865,53.588929024099464,3
2023,1,10.598562824225555,u20m,150,-0.03809069047755061,3.7896352198888925,64.24387643174815,6795.805,3,-0.03933773633672812,3.6641615178172096,65.42775111506731,3
2019,2,5.784810999999991,hgap,150,-0.016677201585890256,3.4495453517205403,40.3689186782326,6795.805,3,-0.022805308295842687,2.852714885454133,50.68611774085381,3
2022,2,160.26830999999999,math,150,0.013106686466912886,231.32798901186328,-44.337947415720116,6795.805,3,0.027299230835919452,344.2016961778541,-114.76591110111171,3
2023,2,2.2449334250641164,nnm,150,-0.05034829936215078,0.5765298187863985,74.31862288878644,6795.805,3,-0.050903303932368416,0.5679548572003945,74.70059241582305,3
2023,2,3.166661436073137,pnm,150,-0.025712958883993477,1.5815857268021989,50.05510507736923,6795.805,3,-0.03293793079586864,1.3012869374621083,58.906660414073585,3
2023,2,2.775059951956149,q5_19,150,-0.007310648043806456,2.2779703612846736,17.912751409967754,6795.805,3,-0.014620052392917726,1.8699859858952892,32.61457344094027,3
2023,2,8.16454809656042,u20m,150,-0.02757000122336901,3.8783559726405192,52.49760394853449,6795.805,3,-0.03206135771806773,3.435439001877539,57.92248436475219,3
2019,3,7.726620040210946,hgap,150,-0.013550482244448724,5.076421403204914,34.29958537127288,6795.805,3,-0.01868801649134495,4.329027857414769,43.97255417135043,3
2022,3,163.28954,math,150,0.01407181955057828,242.14479930423465,-48.291678269309024,6795.805,3,0.030469887967673026,383.2478114108482,-134.70444672135656,3
2023,3,2.4862172438442567,nnm,150,-0.05661795848694081,0.5390631772515053,78.3179374776602,6795.805,3,-0.0549922242638279,0.5632522646758268,77.34501013254534,3
2023,3,3.1742136920900332,pnm,150,-0.04029337595104785,1.0694439012975754,66.30838358606508,6795.805,3,-0.03601249631502945,1.200481282494025,62.180199603903205,3
2023,3,3.7868353396313115,q5_19,150,-0.008725596681412328,2.991992511150661,20.989632693087646,6795.805,3,-0.023535550202058442,2.005855819025553,47.030814938448195,3
2023,3,9.417969255732572,u20m,150,-0.033778553344281724,3.783307197571991,59.82884319494724,6795.805,3,-0.03627266869786076,3.5369240343136616,62.44493968632579,3
2019,1,3.0234780000000114,hgap,151,-0.00741473040390146,2.402599273317416,20.53524869976209,3896.024,3,-0.01134425329010691,2.1270498492919345,29.648906018435508,3
2022,1,114.34541999999999,math,151,0.009678862911390241,149.93952238791132,-31.12857724245653,3896.024,3,0.00506984522912024,131.78601828304878,-15.25255518152698,3
2023,1,2.748190008879794,nnm,151,-0.01844573473046627,1.6701403731458107,39.22762371781613,3896.024,3,-0.07738042572650121,0.3401634715572367,87.62227246085169,3
2023,1,1.5504985485168543,pnm,151,-0.0361811430059755,0.583731397501354,62.3520190934891,3896.024,3,-0.08916056122920418,0.1396300813008046,90.99450422353705,3
2023,1,3.1899410948057483,q5_19,151,-0.010698199846873391,2.389659901481925,25.08764800161792,3896.024,3,0.007970175895247466,3.9558567418271195,-24.010338255729195,3
2023,1,7.470669616844727,u20m,151,-0.019227123430858396,4.445321982290819,40.49633820952824,3896.024,3,-0.048138765154510474,2.036510851841573,72.73991547893263,3
2019,2,3.5581419999999753,hgap,151,-0.010268223011708644,2.5880988855064326,27.26263073518565,3896.024,3,-0.016207737329679884,2.152863122869471,39.49473846548322,3
2022,2,120.83958999999999,math,151,0.004645405472342201,137.62537458537213,-13.89096453022734,3896.024,3,3.4818295478245e-4,122.02343132467047,-0.9796800242954167,3
2023,2,2.3012311560095218,nnm,151,-0.018406950613017704,1.3999781066490675,39.163951305234505,3896.024,3,0.007229787537840693,2.7972828308406874,-21.555925554708296,3
2023,2,1.3094707928937854,pnm,151,-0.023007615776270036,0.7035737708877045,46.27037313807631,3896.024,3,-0.010330872727976925,0.9907327253931757,24.34098333695812,3
2023,2,1.7008975022441142,q5_19,151,0.003829524597173012,1.8861792429399054,-10.893174953301765,3896.024,3,-0.014861617063044208,1.1387058446312877,33.052647609340795,3
2023,2,5.302449747710658,u20m,151,-0.013019336847892648,3.730890090783762,29.638369653676016,3896.024,3,-0.00441757410478254,4.7062641984148055,11.243586977005425,3
2019,3,3.206684814617546,hgap,151,-0.011241852797077123,2.2631105096880777,29.425227594187685,3896.024,3,-0.01957268885136343,1.7480209827893507,45.48821964600119,3
2022,3,117.48823999999996,math,151,0.00707610604731741,143.23250411227986,-21.912205095829083,3896.024,3,0.002349709914003295,125.47795942803134,-6.800441838290693,3
2023,3,2.531217718276569,nnm,151,-0.018467883622632787,1.537361508250543,39.263955954871925,3896.024,3,-0.044619886182061384,0.7587852889254793,70.02291492167203,3
2023,3,1.4334687367525412,pnm,151,-0.03058268727334676,0.6277361404596753,56.20859218166255,3896.024,3,-0.05761675754331942,0.30253592246895245,78.89483637052776,3
2023,3,2.467994816558017,q5_19,151,-0.0057675366938577,2.1120995814635504,14.420420687544834,3896.024,3,2.18307429181408e-4,2.4825848767146845,-0.5911706158692726,3
2023,3,6.419276979427124,u20m,151,-0.01670623782783076,4.088740882551285,36.305274010529196,3896.024,3,-0.031723823367320894,2.7258008106636464,57.53726129283013,3
2019,1,2.5957587000000046,hgap,152,-0.02455539602750656,1.2124723833791367,53.29025061616341,10809.722,3,-0.03562374065181482,0.8603146226234648,66.85691075123958,3
2022,1,89.93606,math,152,0.016990154887130692,144.72325177238244,-60.917936334305104,10809.722,3,0.03112836382318762,215.01185377602556,-139.07190705933257,3
2023,1,1.5289893994071788,nnm,152,-0.014989728605060293,1.0200833315557982,33.283819236987135,10809.722,3,-0.02450640194809599,0.7889393277887929,48.40125588217412,3
2023,1,1.4649320350024198,pnm,152,-0.018219592225909458,0.8957265151765778,38.8554217004956,10809.722,3,-0.02574563782828353,0.731013484714526,50.09915359566026,3
2023,1,2.8734094012693445,q5_19,152,-0.02346735690818358,1.5248264996958367,46.93319723175416,10809.722,3,-0.014871270661514658,1.9231701833173103,33.07009497262244,3
2023,1,5.856494644180921,u20m,152,-0.019975841374312076,3.4150888966453037,41.68715069109515,10809.722,3,-0.020120217188154665,3.401802291592166,41.914020275383756,3
2019,2,2.3977345999999784,hgap,152,-0.021739892559995734,1.2221207943253227,49.03018898232799,10809.722,3,-0.03154971085980063,0.9016609993787438,62.39529598568783,3
2022,2,97.35989000000001,math,152,0.010460405626292957,130.49118497374852,-34.02971693348103,10809.722,3,0.040128960366773825,299.4732832655198,-207.59410601790918,3
2023,2,1.1807870192224954,nnm,152,-0.007684034900222713,0.9595529685736689,18.736151994159027,10809.722,3,-0.05725600197784482,0.25164626905361515,78.6882591901023,3
2023,2,1.220333952452135,pnm,152,-0.001748299455935312,1.164067651534578,4.61072977642683,10809.722,3,-0.0251137844944102,0.6194349245525962,49.240539992523715,3
2023,2,1.7185348839938719,q5_19,152,0.006603672231214797,2.0539633465586964,-19.51828069880603,10809.722,3,0.007096435306769,2.0814731109946694,-21.119049161069672,3
2023,2,4.114090967358375,u20m,152,-1.4442864193304762e-4,4.0980790081311635,0.38919798697334995,10809.722,3,-0.02264637258388027,2.23215133106909,45.74375363162335,3
2019,3,2.4256627664070436,hgap,152,-0.026151656105322673,1.0783191147753641,55.545382082415394,10809.722,3,-0.03576540649867528,0.8004167025986905,67.00214416927011,3
2022,3,93.59424000000001,math,152,0.013670413676236582,137.24126372173131,-46.634305403549725,10809.722,3,0.035741982523262106,254.6129003121494,-172.0390702591841,3
2023,3,1.3593110435506317,nnm,152,-0.01196451374219778,0.9840644508202555,27.605645853520134,10809.722,3,-0.038638717387771956,0.4788981265130096,64.76905497198871,3
2023,3,1.3457203094097148,pnm,152,-0.011243881456685496,0.9933667144138977,26.183270961435746,10809.722,3,-0.025848136035102488,0.6696699785898949,50.23706085823746,3
2023,3,2.309147018220603,q5_19,152,-0.013731963719987838,1.5937905611285457,30.979251275360596,10809.722,3,-0.0075709281970183,1.882241095270808,18.48760254679509,3
2023,3,5.006107027632711,u20m,152,-0.012569988742244464,3.565373712671927,28.779514840738003,10809.722,3,-0.02129247352340653,2.8172515654601527,43.72370486868366,3
2019,1,1.8897354000000064,hgap,153,-0.05611267698449364,0.3318553269459244,82.43905856100683,5948.134,3,-0.07353263157564907,0.19338451631737652,89.76658233118901,3
2022,1,85.59920999999997,math,153,0.01504851176520976,130.45578845272755,-52.40302854749196,5948.134,3,0.05297194620813417,377.2433794386529,-340.7089498123324,3
2023,1,2.0988262988741995,nnm,153,-0.004187831750739368,1.8744341475757569,10.69131597115995,5948.134,3,-0.06440449271841649,0.36878442483096524,82.42901639698438,3
2023,1,1.5338179364783322,pnm,153,-0.023669375356245564,0.8095205467228097,47.22186203002161,5948.134,3,-0.02374173864978405,0.8079404423668658,47.32487975581323,3
2023,1,2.0004388444714305,q5_19,153,-0.009399578202450654,1.5520520634875792,22.41442082686247,5948.134,3,-0.033246319074169486,0.8152307831830469,59.24740286682182,3
2023,1,5.622603419612182,u20m,153,-0.011633634180019392,4.106974703960592,26.95599533776348,5948.134,3,-0.04295393689386047,1.7630380794766123,68.64374120132737,3
2019,2,0.8906044999999949,hgap,153,-0.09500740976588415,0.04683687138810896,94.7410021633498,5948.134,3,-0.1168022014168311,0.023832071169977185,97.32405673113291,3
2022,2,97.27019999999999,math,153,0.010511483852054937,130.55756242230208,-34.22154207794586,5948.134,3,0.071282254657838,715.7964246589286,-635.8846025390394,3
2023,2,1.7717160770132814,nnm,153,-0.033326058605056386,0.7204675012345712,59.33504749535722,5948.134,3,-0.04886736029703773,0.47356309820286546,73.2709374630055,3
2023,2,1.3921753120215152,pnm,153,-0.009364839748490084,1.081140846892377,22.341616206187346,5948.134,3,0.01743354286966528,2.2290448024665768,-60.112363954355786,3
2023,2,1.2287242500012008,q5_19,153,-0.0024514866400997147,1.1500280078394403,6.4047114038551465,5948.134,3,0.027205560035964825,2.5613297493571916,-108.45439889012432,3
2023,2,4.386264580276356,u20m,153,-0.018007461881606603,2.697368049736295,38.50421012299381,5948.134,3,-0.009681606025375534,3.3772933656676236,23.00297203104793,3
2019,3,1.3779075644654313,hgap,153,-0.07023477390669994,0.15618533996254216,88.6650350146575,5948.134,3,-0.08718365063452659,0.09235392435995371,93.29752396012262,3
2022,3,91.31957999999997,math,153,0.012528005790372632,129.69031089612463,-42.01807640390447,5948.134,3,0.06223544711275997,521.6295917207815,-471.2133057563139,3
2023,3,1.9437171279358103,nnm,153,-0.017845976045885302,1.2005272459105014,38.23549586222775,5948.134,3,-0.05726088678059389,0.41418532601303915,78.6910698033054,3
2023,3,1.4611008626888022,pnm,153,-0.017716905630191813,0.9055921092261189,38.01987717948534,5948.134,3,-0.006259452214136718,1.2339062588867273,15.549549630952805,3
2023,3,1.6228619626418306,q5_19,153,-0.00697801831528268,1.3441807768739498,17.172205164894017,5948.134,3,-0.013231745810910989,1.13534219317323,30.040741646010066,3
2023,3,5.019319045761361,u20m,153,-0.014401289366795567,3.4023265034661123,32.21537677826522,5948.134,3,-0.02954864834234914,2.2602620796425525,54.968750560870106,3
2019,1,0.991691000000003,hgap,154,-0.09176355689436225,0.05767024195344421,94.18465611229264,1367.196,3,-0.09800499087935023,0.04752504568064097,95.20767601191895,3
2022,1,67.58428000000004,math,154,0.016369336903251153,106.88108324821388,-58.14488701842178,1367.196,3,0.06098115160622941,372.7275249548778,-451.5003266364273,3
2023,1,1.1814430575491583,nnm,154,0.011574746313366144,1.6148705067725364,-36.686275013753146,1367.196,3,0.011756233735497917,1.6228030507732583,-37.357703395344174,3
2023,1,1.6341941910701374,pnm,154,-0.004212351528019404,1.4585114226935754,10.750421788093481,1367.196,3,-0.060517984692817585,0.3189133786524504,80.48497660834218,3
2023,1,3.733725616897665,q5_19,154,-0.010843095068087472,2.7861006262074794,25.380145407620038,1367.196,3,-0.031263192542995234,1.605283475774548,57.00585312135576,3
2023,1,6.536926549943867,u20m,154,-0.00547638202869567,5.638425127153864,13.745013286063587,1367.196,3,-0.03207768406929046,2.749364072702794,57.941028529280274,3
2019,2,1.6984510999999998,hgap,154,-0.02404417338208479,0.8060152172028191,52.54410225865089,1367.196,3,-0.02406354423729904,0.8055313531704303,52.57259080520891,3
2022,2,73.90319,math,154,0.016497461834052984,117.29415498783064,-58.713250385850245,1367.196,3,0.046310319454304416,270.2763457040176,-265.7167514744866,3
2023,2,0.544421928662081,nnm,154,-0.09526328703054454,0.04157985522426954,92.36256788435172,1367.196,3,-0.09454760828720454,0.0423911293384635,92.21355219055194,3
2023,2,0.6747486584626206,pnm,154,-0.123202675996294,0.024236699963099496,96.40804028890972,1367.196,3,-0.0806838821188157,0.07639180656355898,88.67847966713803,3
2023,2,2.5364844968251976,q5_19,154,-0.021979305041991713,1.4012123551308981,44.75770079080981,1367.196,3,7.631929865179465e-4,2.589294064544335,-2.081998442538746,3
2023,2,3.752196260463081,u20m,154,-0.06047584032039852,0.7330756688906916,80.46275786223885,1367.196,3,-0.032066131687960506,1.5786274744059945,57.927907688624835,3
2019,3,1.265968421166633,hgap,154,-0.0566421632483595,0.21869664740388817,82.72495239633609,1367.196,3,-0.06777200227774602,0.15488154330455442,87.7657656608981,3
2022,3,70.64648,math,154,0.01625455412272636,111.3653012706558,-57.6374382285654,1367.196,3,0.052875877623513645,310.5089912484656,-339.5250708152276,3
2023,3,0.8889343130227846,nnm,154,-0.03117181719410429,0.38313380172345607,56.89964982669807,1367.196,3,-0.023837338646279564,0.4670401371301393,47.46066944564346,3
2023,3,1.150989259100177,pnm,154,-0.05591338361985252,0.25435113131959003,77.90151999172978,1367.196,3,-0.06964036715201005,0.1755786628365746,84.74541257024076,3
2023,3,3.1493013078139898,q5_19,154,-0.015455701904238972,2.0748247033009206,34.11793599574284,1367.196,3,-0.01947445884987111,1.8614769508903337,40.89238313680337,3
2023,3,5.181780614336939,u20m,154,-0.028473660975555527,2.4021397407685123,53.64258119839583,1367.196,3,-0.032381037839924076,2.161626015538578,58.28410779186993,3
2023,1,2.972012954366998,q5_19,155,-0.02112944566809789,1.679917109495433,43.47544457950607,54.738,3,-0.012369720202321632,2.128158475312212,28.393364766962026,3
2023,1,11.962867592809289,u20m,155,-0.011842289125181394,8.689067955470414,27.36634516716301,54.738,3,-0.00921983392245016,9.32661339843007,22.036975448627675,3
2023,2,0.952119079598579,q5_19,155,-0.026461643458108097,0.4660186884130151,51.05457936947422,54.738,3,-0.027363308308108812,0.45481047161116545,52.231765820414275,3
2023,2,7.25739552090221,u20m,155,-0.011404595813134421,5.333976040157677,26.50288902134166,54.738,3,-0.010964597756381034,5.397721291059331,25.624540160265262,3
2023,3,1.985559484426358,q5_19,155,-0.022250129121448158,1.0888773858620426,45.160173019111184,54.738,3,-0.01742259060058824,1.240470551119916,37.52538965216161,3
2023,3,9.67951184821314,u20m,155,-0.011638481522152766,7.069377797434751,26.965554582798777,54.738,3,-0.009771890098051817,7.434790771291419,23.19043679187295,3
2019,1,3.213004500000011,hgap,156,-0.02445794420651699,1.505327090234648,53.14892679936667,5601.187,3,-0.03756289511882214,1.002760535289239,68.79056548818292,3
2022,1,98.93791999999996,math,156,0.044814761785345866,346.99345313617005,-250.71836272297838,5601.187,3,0.06501717312348498,610.9245284562662,-517.4826885952994,3
2023,1,1.3340186934977765,nnm,156,0.016933215010377062,2.1072689356160015,-57.9639735100544,5601.187,3,0.0023000670843375316,1.4194901697953204,-6.407067360760816,3
2023,1,1.2958255362830462,pnm,156,-3.9853272469380084e-4,1.2819567072546505,1.0702697732116881,5601.187,3,0.005893712518688726,1.5193433118187891,-17.249063957859843,3
2023,1,3.836804994768239,q5_19,156,0.036053062777535026,10.156081439329991,-164.7015277862321,5601.187,3,0.027708002429737588,8.107228355138467,-111.30154819422042,3
2023,1,6.454837002097924,u20m,156,0.02366310485332388,12.228063580545316,-89.44031548079374,5601.187,3,0.017733899629273474,10.419145868295256,-61.41609563353605,3
2019,2,3.886091599999986,hgap,156,-0.010294473614523847,2.8243415009645796,27.32179805116818,5601.187,3,-0.012098246454696992,2.6707471971405767,31.27420884416141,3
2022,2,93.86973999999998,math,156,0.044078752330235726,322.5032268117691,-243.5646320228107,5601.187,3,0.07268360616298897,718.4161872665416,-665.3330959119965,3
2023,2,1.1186682850631462,nnm,156,0.016465037091757343,1.7448959879740953,-55.97974942818728,5601.187,3,-0.049413480879671026,0.29463291981196055,73.66217280439578,3
2023,2,1.2901681854026181,pnm,156,0.006484294049351166,1.5370246858514203,-19.133668248978445,5601.187,3,0.014573440098227485,1.912202021462962,-48.21339133131919,3
2023,2,1.772950762637393,q5_19,156,-0.002529431543437932,1.6559098306392666,6.601476728209846,5601.187,3,0.020686460102518567,3.0993105354157073,-74.81086337700985,3
2023,2,4.176075773261401,u20m,156,0.005027672289901286,4.783244812081037,-14.539224664150524,5601.187,3,-0.0023060612425134684,3.923987443623535,6.036488400233013,3
2019,3,3.436182446808516,hgap,156,-0.019653895355252658,1.8684147523078602,45.62527510600548,5601.187,3,-0.03043869038727487,1.3374458317106628,61.07756638612522,3
2022,3,96.45421999999996,math,156,0.04444673124478786,334.814606930631,-247.1228184009275,5601.187,3,0.06865398442324167,659.4327893798228,-583.6743787672774,3
2023,3,1.230758245604908,nnm,156,0.01673950781655792,1.9340130609424733,-57.139963745838735,5601.187,3,-0.021786085640464203,0.6834554029556011,44.46875286870914,3
2023,3,1.2912930138943013,pnm,156,0.0028877760155348793,1.3960041891249768,-8.109017403794818,5601.187,3,0.00950514024495308,1.6690971297072668,-29.2578145895468,3
2023,3,2.828519323101797,q5_19,156,0.022631604314316055,5.211181908290539,-84.23709768317502,5601.187,3,0.02507522962888078,5.566600627326223,-96.80263740329711,3
2023,3,5.341852137634939,u20m,156,0.016159766078357674,8.26381313148961,-54.69939860874442,5601.187,3,0.009627614596414702,6.927631841542473,-29.685952794073863,3
2019,1,5.1775254000000075,hgap,157,-0.006811652989397965,4.191949823854807,19.03564927262741,66438.828,3,-0.01579241605516448,3.1732691129291597,38.710699267083164,3
2022,1,101.66271,math,157,0.02242692038167062,190.49278881027422,-87.3772485607301,66438.828,3,0.053587173161572244,455.8215602426348,-348.3665251916212,3
2023,1,2.501099984677545,nnm,157,-0.008037557069867352,2.0131820668360487,19.50813325459282,66438.828,3,-0.04111301160572052,0.8242176180395953,67.04579492667273,3
2023,1,2.116886925659367,pnm,157,0.008290820642998641,2.6479843701613097,-25.088607145916246,66438.828,3,0.03293396588012949,5.150859824495967,-143.32238827029363,3
2023,1,2.2313670062430457,q5_19,157,-0.01630619444972776,1.4366976118711199,35.61356747449229,66438.828,3,-0.017634091521667773,1.3860998414599548,37.881135753022896,3
2023,1,6.833766761170534,u20m,157,-0.006159750175463707,5.786703404172211,15.321906550099682,66438.828,3,-0.012844927268776285,4.831045904860801,29.306251241836264,3
2019,2,5.872583299999974,hgap,157,-0.005117197159283315,5.0111303593249605,14.669062943304988,66438.828,3,-0.00675252040646841,4.763422819752507,18.887096590821823,3
2022,2,111.45256999999998,math,157,0.021667349265158897,204.4421189821867,-83.43418997174022,66438.828,3,0.057906873480682464,563.9646525177295,-406.0131430955155,3
2023,2,2.0302473862066246,nnm,157,-0.009672074260197883,1.5636325088221183,22.983153706029075,66438.828,3,-0.04332704451771754,0.6302286737665105,68.9580354567505,3
2023,2,1.5855517658818208,pnm,157,-0.004339498130239638,1.410248619184937,11.056286553935822,66438.828,3,0.013757218699064244,2.298777290840211,-44.98279654475503,3
2023,2,1.2722568850455085,q5_19,157,-0.020313094544375875,0.7351643829391216,42.21572768986628,66438.828,3,-0.01612255295026459,0.8232325688937719,35.2935261290156,3
2023,2,4.880240844913675,u20m,157,-0.010883118176197137,3.6376955167260445,25.46073785441647,66438.828,3,-0.019175799712156615,2.907948878430588,40.413824423002914,3
2019,3,5.477194126831648,hgap,157,-0.006644106138971484,4.457667552185643,18.614030305253454,66438.828,3,-0.012932709219589045,3.6681188780648077,33.029233707539284,3
2022,3,106.64900999999998,math,157,0.021975554781357598,197.32629849302873,-85.02403209652745,66438.828,3,0.056176984833490984,514.1416121412062,-382.08756193911813,3
2023,3,2.271919470363738,nnm,157,-0.008728133281908157,1.7949289827626855,20.99504378668341,66438.828,3,-0.042028814523366154,0.7304073138379089,67.85065125037335,3
2023,3,1.8568765325909231,pnm,157,0.0027996567752894054,2.0026804845812127,-7.852108065949196,66438.828,3,0.024662767907512585,3.6139108579134045,-94.62311007134488,3
2023,3,1.764633572712393,q5_19,157,-0.01760547156308716,1.0970177142873,37.8331155401804,66438.828,3,-0.017023861251067474,1.1143806809749306,36.84917377707871,3
2023,3,5.881932534090528,u20m,157,-0.00805906451873275,4.731728779239712,19.554861402854595,66438.828,3,-0.015407018992121069,3.880235537701922,34.03128112720033,3
2019,1,3.5011868999999933,hgap,158,-0.010831448232865748,2.5025923386200857,28.52160109989871,84548.235,3,-0.017568087059408155,2.0309249434562644,41.99324396374646,3
2022,1,100.18142,math,158,0.0505938340889804,413.0671195415767,-312.31909024804867,84548.235,3,0.06486903159753665,616.0422981758203,-514.9266981600183,3
2023,1,2.1357223105581458,nnm,158,-0.014203510206828973,1.4554427249289932,31.85243616485748,84548.235,3,-0.02420323299264373,1.1110634474302294,47.977157801012716,3
2023,1,1.7027642465724524,pnm,158,-0.009838213209681024,1.3055458135248021,23.327858442366505,84548.235,3,2.2243852542869202e-4,1.7130215475361286,-0.6023911404249536,3
2023,1,2.049236351436168,q5_19,158,-0.018552485126371643,1.2417853144301851,39.40253336029766,84548.235,3,-0.03302081973447726,0.840217139979316,58.99852452888286,3
2023,1,5.8762277631060345,u20m,158,-0.014484890500186264,3.9741980353799735,32.36820974959441,84548.235,3,-0.020620607530742997,3.367459544844122,42.6935156260151,3
2019,2,4.183943699999986,hgap,158,-2.1669435334683573e-4,4.155932143291112,0.6695012819812559,84548.235,3,0.003063993960548528,4.600836263688716,-9.964105484706488,3
2022,2,111.55291,math,158,0.041085427289920776,352.4437276415714,-215.94310506249582,84548.235,3,0.06988952635507029,789.5046673333756,-607.7400915255151,3
2023,2,1.8100579056776265,nnm,158,-0.011908227900712309,1.3123726517444263,27.495543229424094,84548.235,3,-0.01811594623099717,1.1098537929839254,38.684072509358074,3
2023,2,1.3372389620515124,pnm,158,-0.01113093470567148,0.990120897252399,25.95781865842328,84548.235,3,-0.02327669174670154,0.713292528020306,46.65930710499079,3
2023,2,1.2678363556334338,q5_19,158,-0.02565802192054123,0.6341594858319385,49.980966943079885,84548.235,3,-0.03348455908983578,0.5133633988288655,59.508701848798154,3
2023,2,4.408725554789106,u20m,158,-0.01580284618415344,2.8774624467503656,34.732556812826815,84548.235,3,-0.024154556187113218,2.296560665176575,47.90874059552495,3
2019,3,3.622784482074337,hgap,158,-0.010928249808788348,2.5817492679732994,28.73577545813492,84548.235,3,-0.01444680560716054,2.314958938613381,36.10000953498951,3
2022,3,105.76698999999996,math,158,0.04555263674157421,378.68786695557714,-258.03975035649336,84548.235,3,0.06809120665523039,711.7966404760215,-572.9856266837335,3
2023,3,1.9780393560154783,nnm,158,-0.013152398308986301,1.3867895168087132,29.890701487242733,84548.235,3,-0.02140559686039112,1.1097724725688827,43.895329018913685,3
2023,3,1.524245609609065,pnm,158,-0.010405141254308848,1.1509190436182546,24.49254658417946,84548.235,3,-0.01024649750276665,1.155859441969214,24.168425699735742,3
2023,3,1.6699964453800176,q5_19,158,-0.021174411492898716,0.9428127236652559,43.5440281161369,84548.235,3,-0.03379395228415856,0.6705780255954947,59.84554174048552,3
2023,3,5.163422624826275,u20m,158,-0.015005196812838384,3.443399964483837,33.311676872475815,84548.235,3,-0.02229165131931632,2.8284392941681533,45.221619462859344,3
2023,1,5.2541723315572275,q5_19,159,-0.010195706045331775,3.989789320266465,24.06436126384202,38.493,3,-0.01095056397204095,3.9092958315605526,25.596353052966602,3
2023,1,17.176540834814567,u20m,159,-0.01009287152263152,13.079380948212872,23.8532305544158,38.493,3,-0.010833840478500445,12.820312856556297,25.361497522416006,3
2023,2,2.9813894910613037,q5_19,159,-0.01131551494882641,2.196511808333234,26.325902237237447,38.493,3,-0.012186536649154655,2.1454578392749135,28.03832422072496,3
2023,2,11.87976652155065,u20m,159,-0.01101237253708658,8.824241076920654,25.72041663518453,38.493,3,-0.011862832891303566,8.623923750735802,27.406622553638094,3
2023,3,4.1304745870855974,q5_19,159,-0.01145571578993212,3.0315922791746304,26.604262651724056,38.493,3,-0.012819470958281265,2.9219949837958317,29.257645285319413,3
2023,3,14.590288178902512,u20m,159,-0.010694901971500493,10.930901311082149,25.080977311413346,38.493,3,-0.011690927420511699,10.640857510896796,27.06890103594098,3
2019,1,4.522611000000012,hgap,160,-0.021549016766435725,2.3188467282098326,48.72769892856523,10242.91,3,-0.04057115153700663,1.2858034608130136,71.56944382762501,3
2022,1,147.53593999999998,math,160,0.017738799599803467,242.4409549312712,-64.32670909289712,10242.91,3,0.03344038555290818,376.3059850984704,-155.06055344783815,3
2023,1,2.1540519316289015,nnm,160,-0.0022095289078972293,2.029305075936806,5.791265004356762,10242.91,3,-0.018450933278130032,1.3088848162065019,39.236153177759334,3
2023,1,1.9407889358054042,pnm,160,-0.014749817536323628,1.3032348044573074,32.85025587202863,10242.91,3,-0.015478157109739344,1.2778568214516275,34.15786756217609,3
2023,1,1.2200731922293873,q5_19,160,-0.0495021854386032,0.32057207135909027,73.7251770302958,10242.91,3,-0.038130158021145624,0.4357862465768818,64.28195870933051,3
2023,1,5.305742594528207,u20m,160,-0.019360452639139925,3.1457663127735525,40.71015966704133,10242.91,3,-0.022043936453612467,2.9259038986958323,44.85401719802038,3
2019,2,4.5481348999999796,hgap,160,-0.009581525632396693,3.379372164974518,25.69762684535735,10242.91,3,-0.010498659630876084,3.284645687000065,27.780381206369235,3
2022,2,153.4457,math,160,0.015351104897498403,235.8456806627813,-53.69976523472558,10242.91,3,0.0426355614577838,506.3066327547745,-229.9581759246265,3
2023,2,1.7588370991411457,nnm,160,-0.005713283525885127,1.5074118842607453,14.294968817929377,10242.91,3,-0.017952036530717662,1.0832305922055638,38.41211373500627,3
2023,2,1.7951113106242644,pnm,160,-0.0067481092874555615,1.4961095129942135,16.656448870909887,10242.91,3,-0.006848882228255393,1.4920443273264439,16.88290756702026,3
2023,2,0.6545223276054335,q5_19,160,-0.04224082800844862,0.20922355940912687,68.03416009128823,10242.91,3,-0.03981960083704664,0.22335813642198749,65.87463452329548,3
2023,2,4.202989356944076,u20m,160,-0.01273651106095206,2.9799610355763626,29.0990106683724,10242.91,3,-0.016908979113279,2.6624682010831244,36.652987315224586,3
2019,3,4.38313427497792,hgap,160,-0.018995356021789145,2.4324719889956103,44.50382223328388,10242.91,3,-0.0339697944243806,1.5291322676902412,65.11326891307831,3
2022,3,150.44711,math,160,0.01645543386965729,238.49867200565066,-58.52658918183981,10242.91,3,0.03801778713244852,436.2038297625364,-189.93832434703222,3
2023,3,1.9623103484873663,nnm,160,-0.003744335433363266,1.7736249942270446,9.615469561467103,10242.91,3,-0.018264015627442863,1.198408116274752,38.92871648979802,3
2023,3,1.8705492339964325,pnm,160,-0.011076011441105949,1.3870508282670853,25.8479379714776,10242.91,3,-0.011443104534532966,1.37337096130961,26.579266861883134,3
2023,3,0.9465163509303487,q5_19,160,-0.04667294221759095,0.26843768618765873,71.63940317314051,10242.91,3,-0.038555518884762024,0.33421658328215187,64.68982464448246,3
2023,3,4.772080945310453,u20m,160,-0.01645834385315643,3.0599763360309344,35.87752657385269,10242.91,3,-0.019826960176944207,2.793944905752542,41.45227338404297,3
2023,1,2.1728561505105493,q5_19,161,-0.0023736889138949667,2.0379673210111338,6.207904258536447,64.043,3,-0.014001890002676376,1.4888313307803211,31.480446580391664,3
2023,1,9.05145764370996,u20m,161,-0.00220050265687739,8.529342167083167,5.768302710775222,64.043,3,-0.012978760119040445,6.375734417354124,29.561241202020643,3
2023,2,1.554166911380439,q5_19,161,-0.011001613082680717,1.1547641229068537,25.698834890187477,64.043,3,-0.012550118730887117,1.1074792069793664,28.741295489576252,3
2023,2,8.07403030112319,u20m,161,-0.010211945468056215,6.128378815705618,24.097649040862652,64.043,3,-0.011661420221207308,5.8931722167266205,27.01077408754817,3
2023,3,1.8761076796460774,q5_19,161,-0.005775761353019104,1.605208558189447,14.439422875116353,64.043,3,-0.01317599636100233,1.3144881439653615,29.935357217164842,3
2023,3,8.580852501389513,u20m,161,-0.005900326126016209,7.3171760081328125,14.72670102477663,64.043,3,-0.012308155345582517,6.154681879249407,28.274237574264703,3
2023,1,2.233352887446638,q5_19,162,-0.00844565829393471,1.7779681425003984,20.390183186270882,0.501,3,0.008840976604924045,2.835477523433905,-26.960568541215537,3
2023,1,9.284849404208927,u20m,162,-0.007826767247129407,7.516204274078368,19.048721773869723,0.501,3,0.008197131450483753,11.584946323296965,-24.7725818584131,3
2023,2,1.6512721499096772,q5_19,162,-0.005691441894833615,1.4160581483247436,14.244411594890613,0.501,3,0.0043584801615499606,1.8574878474241028,-12.488292588578167,3
2023,2,8.541739408665983,u20m,162,-0.005275936000678172,7.407658465948438,13.27693211486841,0.501,3,0.004048596638062651,9.528399632379761,-11.551045712220711,3
2023,3,1.9493076649792496,q5_19,162,-0.007298140604578829,1.6006734862859748,17.885025794375355,0.501,3,0.00698995520318102,2.3542049189224428,-20.77133647076196,3
2023,3,8.922107316248095,u20m,162,-0.0066398884608350976,7.45776056256957,16.412566020269626,0.501,3,0.006251978907640332,10.562770432290394,-18.388739990321337,3
2019,1,7.19507200000001,hgap,163,-0.0013283506969968607,6.904804513726685,4.034254087705102,9686.465,3,1.8803923333332584e-4,7.237136111793423,-0.5846239175009308,3
2022,1,100.39474000000001,math,163,0.0015563020096361236,104.86630694952224,-4.45398528799639,9686.465,3,0.013641970469490117,147.09593435712114,-46.5175708977593,3
2023,1,2.2927981017111523,nnm,163,-0.04853220228471368,0.6184143904457003,73.02796133753915,9686.465,3,0.023615669338392653,4.337924562352568,-89.19784341739924,3
2023,1,2.0226778766621045,pnm,163,-0.03811136752444816,0.7228275479458126,64.26383279879204,9686.465,3,-0.012603981053101343,1.4392394675805196,28.844850473393024,3
2023,1,2.808163838471711,q5_19,163,-0.008435866427442162,2.236165207734562,20.369133128943364,9686.465,3,0.01489682952104121,4.198575195481558,-49.513185020093104,3
2023,1,7.106896684378805,u20m,163,-0.031209495084780613,3.059982843614022,56.94347364947677,9686.465,3,0.009329642713409702,9.14279401652209,-28.64678385740791,3
2019,2,7.814956099999989,hgap,163,-0.006498738243921354,6.389004467659706,18.246444562117052,9686.465,3,-0.008330419611999495,6.03633076724119,22.75924918834543,3
2022,2,115.25237999999996,math,163,0.006564201950152349,138.5071552886727,-20.177262533470234,9686.465,3,0.02598079480250237,238.55182609070854,-106.98212574066464,3
2023,2,1.756722619380724,nnm,163,-0.044002630058671645,0.5354642846948113,69.51913302718376,9686.465,3,-0.02809460719520627,0.8227487016241102,53.165702282916826,3
2023,2,1.6117262695852785,pnm,163,-0.03154387441736002,0.6877163640873559,57.33044890654318,9686.465,3,-0.018857214603857576,0.9686625507446032,39.899065429152884,3
2023,2,1.7344070599002448,q5_19,163,-0.011618802574616938,1.2673878017740077,26.926738764145597,9686.465,3,0.027859479479527473,3.679848374375324,-112.16751588793532,3
2023,2,5.09418724206212,u20m,163,-0.02990151685577407,2.272224205866351,55.395746212372096,9686.465,3,-0.007631889015045213,4.145565173058515,18.621656879255283,3
2019,3,7.4191107251950825,hgap,163,-0.0048422686860475125,6.384983289764733,13.938697961717741,9686.465,3,-0.005467764568076738,6.2623686994159495,15.591383773945722,3
2022,3,107.81732,math,163,0.004039357599349635,120.7280295709095,-11.974615554262991,9686.465,3,0.02004303312123401,188.98038769528458,-75.27832049181391,3
2023,3,2.032781940448747,nnm,163,-0.046654864021230494,0.5767905597910872,71.62555666626211,9686.465,3,6.314802337465508e-4,2.0677379566916563,-1.719614659464789,3
2023,3,1.8227427078617575,pnm,163,-0.03535689541674677,0.701668767707878,61.50478261789351,9686.465,3,-0.015667462592197267,1.1940141419537151,34.49354443697641,3
2023,3,2.285427368101778,q5_19,163,-0.00961505458797004,1.7628759976895738,22.864492554240428,9686.465,3,0.019482573122755743,3.8674002572979043,-69.2200028439353,3
2023,3,6.128443724457422,u20m,163,-0.030693231477515192,2.675733609436336,56.33910125081176,9686.465,3,0.0022901195511339624,6.519346018788848,-6.378492026799751,3
2019,1,1.6808189999999854,hgap,164,-0.02634324950097198,0.7427768915536653,55.80863307984549,387.559,3,-0.04540295058091792,0.4113913641383634,75.52435068033101,3
2022,1,120.01713999999998,math,164,0.027816646651733647,261.5173612106771,-117.90001095733254,387.559,3,0.07099828376355832,876.1931095162588,-630.056648172302,3
2023,1,0.952554961285628,nnm,164,0.0602070210502066,4.840326111397999,-408.14139951202304,387.559,3,-0.07550425357023874,0.12403117695721334,86.97910545866948,3
2023,1,1.5749239945250793,pnm,164,0.009174188344608192,2.0176028503556744,-28.107950438845506,387.559,3,-0.05033419222802008,0.4046162562485566,74.30883917858084,3
2023,1,0.708075328260338,q5_19,164,-0.15176820951319175,0.011761233507057819,98.33898555172742,387.559,3,-0.369415484538634,3.2986146830746176e-5,99.9953414353651,3
2023,1,3.2322654991708832,u20m,164,-0.047190557562098334,0.9039675910229011,72.03300312877207,387.559,3,-0.17840742254075964,0.026152326516698514,99.1908979468609,3
2019,2,1.4477264999999875,hgap,164,-0.006077354607257423,1.1991301297799326,17.17150098586004,387.559,3,-0.0036800476349580723,1.291640244715748,10.781473937531766,3
2022,2,123.40978999999999,math,164,0.0377026564677803,354.6689520336321,-187.39126128780555,387.559,3,0.1067174326165885,2449.400444556373,-1884.769964000727,3
2023,2,0.259184462928255,nnm,164,-0.18220444160253155,0.001892729745800931,99.26973641690671,387.559,3,-0.17919824809596446,0.002052764295559407,99.20799099129349,3
2023,2,0.28484585568533394,pnm,164,-0.19838599542587926,0.0013438334324203487,99.52822433410972,387.559,3,-0.3286771032626006,3.986192738982052e-5,99.9860057899407,3
2023,2,0.2500444668652735,q5_19,164,-0.2114906598172152,8.281101967764586e-4,99.66881482835505,387.559,3,-0.32478624704387926,3.886777022577317e-5,99.98445565674257,3
2023,2,0.7938649445479173,u20m,164,-0.19775363189595632,0.0038097565541961808,99.52010016560618,387.559,3,-0.28934160858234376,3.213224702227912e-4,99.95952429031794,3
2019,3,1.7186997613187884,hgap,164,-0.01072172218528541,1.2326849351521953,28.278052810903134,387.559,3,-0.006581039042032222,1.4015178696617285,18.454758579455476,3
2022,3,121.67944,math,164,0.03263542857141992,303.43943812801234,-149.37609683937757,387.559,3,0.08849324681018844,1449.8290854886272,-1091.5152514579518,3
2023,3,0.6154875685653365,nnm,164,-0.05301520632070254,0.1470840478494052,76.10284019346662,387.559,3,-0.1028822461482766,0.03826723710849763,93.78261413180184,3
2023,3,0.9513079523180146,pnm,164,-0.061042121075358016,0.18303924081997064,80.75920206764108,387.559,3,-0.12222871452352797,0.03508110047546091,96.31232973613012,3
2023,3,0.48427215721336125,q5_19,164,-0.1702651584707064,0.0048816719713422685,98.99195691954856,387.559,3,-0.3575778690623819,3.105624363042479e-5,99.99358702680551,3
2023,3,2.0497236879815084,u20m,164,-0.0977184084516465,0.14650554074149869,92.85242486094445,387.559,3,-0.2033865566534272,0.00844879009467334,99.58780834001126,3
2019,1,4.743010999999996,hgap,165,-0.007434385535289389,3.766726095552522,20.583652545766274,5196.6320000000005,3,-0.015389967881285705,2.9434523518729625,37.94127081145363,3
2022,1,82.74777,math,165,0.014528009131548813,124.28549782289534,-50.19800270496151,5196.6320000000005,3,0.014868648810346885,125.47659309118968,-51.63743154793136,3
2023,1,2.0561573482355944,nnm,165,-0.028782784773139048,0.9452590018891471,54.027885915429486,5196.6320000000005,3,-0.006880326778285784,1.7075678581343163,16.953444268280613,3
2023,1,1.4613225523270046,pnm,165,-0.030706261615092635,0.6378021329570416,56.35445905208211,5196.6320000000005,3,0.030394490897410576,3.3200941390668706,-127.19789917564503,3
2023,1,2.0520532707912764,q5_19,165,-0.015126884483394476,1.3639910616325788,33.53042627852342,5196.6320000000005,3,-0.011419405129621562,1.5075969342767024,26.532271080108483,3
2023,1,5.559316571938089,u20m,165,-0.02444722410486293,2.87312455059025,48.31874541750333,5196.6320000000005,3,4.7859378315995293e-4,5.63162038941523,-1.30058823852757,3
2019,2,5.8643579999999815,hgap,165,-0.003621138175699956,5.241657314667573,10.618394806940683,5196.6320000000005,3,-0.0035656973494440523,5.250673716725005,10.464645631712438,3
2022,2,95.47303999999997,math,165,0.009421591467289669,124.29384314266615,-30.18737346445257,5196.6320000000005,3,0.03225314763864029,235.55208055225287,-146.7210435032266,3
2023,2,1.7301729526346434,nnm,165,-0.022626743078588762,0.9392245537517426,45.714990381653685,5196.6320000000005,3,0.01094034441683971,2.324745743415571,-34.364933856787786,3
2023,2,1.2790800562205717,pnm,165,-0.018786395015304207,0.7702104021210542,39.78403475409714,5196.6320000000005,3,-0.008936436709488977,1.0048691382180914,21.43813568735637,3
2023,2,0.9181028733374896,q5_19,165,-0.053892176903783326,0.21426652208036231,76.66203556237002,5196.6320000000005,3,-0.059182298239721196,0.18574734578720217,79.76835154518437,3
2023,2,3.9223820804301646,u20m,165,-0.029675261562613797,1.7602697786585568,55.12242962150415,5196.6320000000005,3,-0.013867058185489523,2.6974006088405593,31.2305493567639,3
2019,3,5.319156574973505,hgap,165,-0.008477392771104087,4.089879781481648,23.110370528958903,5196.6320000000005,3,-0.008115794321407988,4.135983419125226,22.2436233859909,3
2022,3,88.94513999999998,math,165,0.011735784987357344,123.54701289286335,-38.90248853716277,5196.6320000000005,3,0.023514474926254136,171.8161608809361,-93.1709375924712,3
2023,3,1.8969052699689093,nnm,165,-0.026129911207205047,0.9368015148550466,50.614217289279765,5196.6320000000005,3,9.897943281312438e-4,1.9482824699324723,-2.7084747339230666,3
2023,3,1.3735173676218126,pnm,165,-0.025360657226415735,0.6925582881507583,49.57775529625128,5196.6320000000005,3,0.011403705056265779,1.8687596233912882,-36.05649753282455,3
2023,3,1.4988582413112406,q5_19,165,-0.02837224896322817,0.696737135621533,53.51547488493581,5196.6320000000005,3,-0.02678441599973961,0.7272568328542057,51.47927850615263,3
2023,3,4.761777451819604,u20m,165,-0.026572615163077164,2.323699211124623,51.20101191968401,5196.6320000000005,3,-0.005342097852273043,4.122189155952805,13.431713311641545,3
2023,1,6.312698934477279,q5_19,166,-0.003424054004979782,5.755257876791478,8.830471141927816,84.182,3,-0.003959021546318153,5.672725707905372,10.137870239251308,3
2023,1,20.605772869485616,u20m,166,-0.003402019535551837,18.79736584628348,8.776215455039516,84.182,3,-0.003933662617520905,18.5294689739263,10.076321372221104,3
2023,2,4.248734635438733,q5_19,166,-0.015328358118210561,2.808794918052276,33.89102499779363,84.182,3,-0.012985027719749232,2.9922495348924385,29.573160207887344,3
2023,2,16.778942739697932,u20m,166,-0.015279160063494324,11.107131396424188,33.80315095691096,84.182,3,-0.012656463395844942,11.922175819788558,28.945607570485155,3
2023,3,5.333547370026115,q5_19,166,-0.007681523953554037,4.334539680681717,18.7306424793131,84.182,3,-0.007550753229957019,4.349871165073304,18.443188683032073,3
2023,3,18.770293537599404,u20m,166,-0.008589408825576595,14.885110988559044,20.698571075928147,84.182,3,-0.007730166349311407,15.234475700525834,18.837307099065093,3
2019,1,9.3576975,hgap,167,-0.007932245615244814,7.317726209241274,21.799927714683307,59499.452,3,-0.017445161514208517,5.44882102561356,41.771776383949586,3
2022,1,98.61836999999997,math,167,0.013233920786881992,142.85174362741236,-44.853077197901776,59499.452,3,0.03277027900632201,246.8609850802592,-150.31947402929018,3
2023,1,1.4920113268952333,nnm,167,-0.029845377713274612,0.6665100206432585,55.32808574381153,59499.452,3,-0.046841124258727815,0.4212262151422083,71.76789428142283,3
2023,1,1.3908447166891547,pnm,167,-0.03230959264892513,0.5813235868212997,58.20355933010874,59499.452,3,-0.047932287789425876,0.38126504181247617,72.58751913584854,3
2023,1,1.8048882385370835,q5_19,167,-0.0254217265898954,0.908565819010582,49.66082665888487,59499.452,3,-0.041182497382040315,0.5936717290058405,67.10756287674468,3
2023,1,4.680469638508544,u20m,167,-0.028862500172049988,2.147084661016961,54.12672601587176,59499.452,3,-0.044930170793719526,1.3913630018658583,70.2730044348878,3
2019,2,8.551052699999985,hgap,167,-0.0043554923228972696,7.471039425865114,12.630179137299354,59499.452,3,-0.008898312016496846,6.489637835326317,24.107147236663295,3
2022,2,119.68059999999997,math,167,0.01327809618361826,173.57559676655305,-45.03235843282294,59499.452,3,0.039853746755946995,365.3045673554069,-205.2329010344258,3
2023,2,1.3317152522906692,nnm,167,-0.016498132548757243,0.8530118801401022,35.94637602348959,59499.452,3,-0.042006348618421084,0.42839755916358696,67.83114420093148,3
2023,2,1.0752930616652057,pnm,167,-0.02385955295354844,0.5646130273615728,47.492172367669745,59499.452,3,-0.05452285042930759,0.2467144407073432,77.05607433890816,3
2023,2,0.9810548262076946,q5_19,167,-0.0225542942770309,0.5336084875110606,45.60869859090904,59499.452,3,-0.05150260587505405,0.24421719858153412,75.10667171114532,3
2023,2,3.3842711537246384,u20m,167,-0.020617164902410147,1.9395870979962815,42.68818868542422,59499.452,3,-0.048742193594540816,0.9076461669079305,73.18045376154332,3
2019,3,8.774391741220825,hgap,167,-0.007958752432716798,6.855944761429755,21.864159207509317,59499.452,3,-0.01598374485005376,5.345961196954639,39.073141995244114,3
2022,3,109.33398,math,167,0.0137668441879911,160.75458280327695,-47.03076097959386,59499.452,3,0.03776853873092234,314.79647496969415,-187.92190220249384,3
2023,3,1.4138201246656772,nnm,167,-0.024068965217852883,0.7381806421456991,47.788220773823326,59499.452,3,-0.0447278290835606,0.42258864812236296,70.11015469720438,3
2023,3,1.237856208892052,pnm,167,-0.028695261194914425,0.5704150457703195,53.9191190646552,59499.452,3,-0.050655944228238894,0.3152688618409495,74.53105945777563,3
2023,3,1.404974515859303,q5_19,167,-0.024554187859963446,0.7240144648103091,48.46778666533384,59499.452,3,-0.045364200128179,0.41279084659037507,70.61933565834778,3
2023,3,4.051177664578964,u20m,167,-0.02562969623163276,2.0279102350899945,49.94269807466581,59499.452,3,-0.046702673286754856,1.1480162369532776,71.66216019132328,3
2023,1,3.156481798751276,q5_19,168,0.007078655554800317,3.8212658898990264,-21.06091951522556,103.68,3,1.7507766814888192e-4,3.1714381166516112,-0.4738287388906202,3
2023,1,12.995014198451504,u20m,168,0.006990126243212691,15.69432479952869,-20.77189420384657,103.68,3,1.7293253042991453e-4,13.05583211138416,-0.4680095920164745,3
2023,2,2.4960422599552556,q5_19,168,0.01584250471059223,3.8284269799096498,-53.37989429627199,103.68,3,0.01553166344614867,3.796430542948552,-52.09800746789468,3
2023,2,12.540433288649954,u20m,168,0.014808087884091093,18.704730504082075,-49.155376640863594,103.68,3,0.014642691805987961,18.621387130774874,-48.49077940256375,3
2023,3,2.829256911215494,q5_19,168,0.010467827618213698,3.753337511855074,-32.661600895147416,103.68,3,0.006455785650382584,3.368004101600636,-19.042003158125617,3
2023,3,12.765688177156175,u20m,168,0.010537745549442734,16.967166434672396,-32.9122738955401,103.68,3,0.006889884842942973,15.37569246809499,-20.445464864239288,3
2022,1,225.43367999999998,math,169,0.007166262095689443,275.52582211062554,-22.220345296508295,1700.039,3,0.014653963145811133,339.7931267771023,-50.72864302135437,3
2023,1,2.4320391167371724,q5_19,169,-0.018885230509679087,1.460572999881399,39.944510356358656,1700.039,3,1.9010711326727937e-5,2.4332877765983287,-0.05134209612678855,3
2023,1,12.31034450791013,u20m,169,-0.052640691603937875,2.9717210185659666,75.85996869010076,1700.039,3,-0.04581619767424119,3.572989315242798,70.97571629334226,3
2022,2,225.83033999999998,math,169,0.001249339159040273,233.87002348394182,-3.560054633908732,1700.039,3,0.010182674646179946,300.3351144769112,-32.99148133811924,3
2023,2,1.5657881627396675,q5_19,169,-0.020897665440949075,0.8906108963544799,43.1206010143688,1700.039,3,-0.013157572512340465,1.097609746468155,29.900495316833823,3
2023,2,9.658636834453226,u20m,169,-0.05297289329653347,2.3107783245426243,76.07552324257735,1700.039,3,-0.04786649895062896,2.6523792096192715,72.53878311111154,3
2022,3,225.63101,math,169,0.0042225314838986805,253.94859062036846,-12.550393946456412,1700.039,3,0.012404929549862276,319.3344522616953,-41.52950530234974,3
2023,3,1.9985558545851934,q5_19,169,-0.01977065989019806,1.1718890623740175,41.36320685331825,1700.039,3,-0.005449761254735374,1.7250935711457522,13.682994288703485,3
2023,3,11.015670441571924,u20m,169,-0.05302806959995423,2.631518261689111,76.11113844003492,1700.039,3,-0.04696183873499464,3.099835974971022,71.8597611338064,3
2019,1,2.6112770999999952,hgap,170,-0.03388513695340293,0.9133831430680028,65.02159257368724,1882.4,3,-0.04730522002130042,0.6025272366059211,76.92595563274682,3
2022,1,92.63184000000001,math,170,7.518707757440346e-4,94.60263301068655,-2.127554640700794,1882.4,3,0.03345201012452281,236.34419845653204,-155.14358611092257,3
2023,1,1.980057259117134,nnm,170,-0.05212602153195515,0.48467495028611673,75.52217502527058,1882.4,3,-0.020704400427179248,1.1321369482697423,42.82301973557379,3
2023,1,1.6093687944224166,pnm,170,-0.07014436603544245,0.2421844061827518,84.95159052281309,1882.4,3,-0.008181695315678594,1.2903793894021949,19.82077732125428,3
2023,1,4.460218720360176,q5_19,170,-0.01679778407034871,2.8339107136891246,36.462516944454286,1882.4,3,-0.061189606757820016,0.8547710897382352,80.8356687568629,3
2023,1,8.030462719378239,u20m,170,-0.038577384446294084,2.833896925930399,64.71066456616569,1882.4,3,-0.041900183575922775,2.5907235343266977,67.73880130126194,3
2019,2,1.5545822999999928,hgap,170,-0.02843722407195669,0.6438129444183276,58.586113812158374,1882.4,3,-0.04199464228317538,0.42289683498975983,72.79675479453473,3
2022,2,102.13614000000001,math,170,0.01481507184930706,154.64445464240606,-51.410122452646085,1882.4,3,0.037814983771294663,294.4549955174121,-188.29657701711858,3
2023,2,1.7555221844614284,nnm,170,-0.04032863378364397,0.5909010176116691,66.34044144574852,1882.4,3,-0.008176986596651004,1.4077430040668943,19.810583054592854,3
2023,2,1.9181510644157296,pnm,170,-0.022828856321932135,1.0356017037691339,46.01041998302782,1882.4,3,0.023551707357727603,3.622838495809464,-88.87138573274903,3
2023,2,2.9788506218412225,q5_19,170,0.036022268676520516,7.878509868570571,-164.481535623323,1882.4,3,0.03610031879632125,7.895130178106806,-165.03947932866936,3
2023,2,6.638223220982509,u20m,170,-0.006705791450112741,5.538855945084831,16.56116763929736,1882.4,3,0.01992226877215466,11.367354390194233,-71.2409181159138,3
2019,3,2.051984443934174,hgap,170,-0.03400448901051829,0.7151007672689175,65.15077054395753,1882.4,3,-0.0447282181044355,0.5128522869787665,75.00700902022926,3
2022,3,97.43399,math,170,0.00791161504922142,121.59554647226025,-24.797872356720955,1882.4,3,0.03570325341069158,264.7712428289111,-171.74422686468154,3
2023,3,1.8919247331997542,nnm,170,-0.04577136976651216,0.5497826308754638,70.94056538149731,1882.4,3,-0.013578903661515573,1.311228244762549,30.69342443951727,3
2023,3,1.7382803920980017,pnm,170,-0.049049548591756344,0.4623461306705296,73.40209710859678,1882.4,3,0.0062282263943837625,2.0566088906749633,-18.312839517953602,3
2023,3,3.7406435591056386,q5_19,170,5.725876195979307e-4,3.7989227396645595,-1.557998767807084,1882.4,3,-0.028732575930891714,1.7219857334800008,53.96552207471712,3
2023,3,7.353992987154445,u20m,170,-0.025795015729170444,3.6648155424166,50.16563724199764,1882.4,3,-0.017063375078052667,4.639155299581542,36.91651178230702,3
2023,1,1.9698550370986778,q5_19,171,-0.01737791540843081,1.2321446128534597,37.44998542287471,39.622,3,-0.012594824287146311,1.4019998744479965,28.827256420201,3
2023,1,8.264510390129542,u20m,171,-0.01611164013710944,5.349249158603802,35.27445781915274,39.622,3,-0.011680186931392634,6.0291464095291305,27.047748445814147,3
2023,2,1.6079578067348388,q5_19,171,-0.01406622949826799,1.0998532198121977,31.59937311753295,39.622,3,-0.005852433827135739,1.372932849174979,14.616363475177721,3
2023,2,8.333468295119385,u20m,171,-0.013039693267497566,5.860342290673883,29.677031421526177,39.622,3,-0.005436246290272351,7.195825611065844,13.651491117087675,3
2023,3,1.795015195960703,q5_19,171,-0.015709710828061264,1.174510300581872,34.56822520361634,39.622,3,-0.008967925966458234,1.4089989483365468,21.504901378707157,3
2023,3,8.296604732099034,u20m,171,-0.014611728701719428,5.591959082431632,32.59942756105158,39.622,3,-0.008557393143898117,6.585015887049063,20.629991428034934,3
2019,1,3.0590794999999957,hgap,172,-0.02114940497274189,1.5880113331778023,48.08858896351649,2854.105,3,-0.020772569951705268,1.60667107828867,47.47860987958397,3
2022,1,102.84753999999998,math,172,0.0011377535586993837,106.17671165348686,-3.236996872736948,2854.105,3,0.005497171518665578,119.96121713557969,-16.639850730099823,3
2023,1,2.2471204432203913,nnm,172,-0.015171129713081289,1.4918680973963978,33.60978482940714,2854.105,3,-0.014414133893535009,1.5226739674823262,32.23888056039608,3
2023,1,1.5602797369308474,pnm,172,-0.04600631685570122,0.4505413445348177,71.12432252558402,2854.105,3,-0.070933398907457,0.22984809454215205,85.26878936502276,3
2023,1,4.416504299037283,q5_19,172,-0.03296512760171433,1.8135569005779393,58.936824742290824,2854.105,3,-0.011335473117708838,3.252066779668381,26.36559234466788,3
2023,1,8.203598428297653,u20m,172,-0.03104850163148911,3.5475717192136713,56.75590717633609,2854.105,3,-0.024799223509262714,4.199619206166037,48.80759653373831,3
2019,2,2.731318399999992,hgap,172,-0.011974317758490515,1.884345550425848,31.009670991640764,2854.105,3,-0.013956878129844207,1.7720218822412772,35.12210505222378,3
2022,2,107.99727999999999,math,172,0.0058529889489396855,127.2291424774717,-17.807728562674644,2854.105,3,0.02392866979897823,211.05289642042845,-95.42427033387182,3
2023,2,1.4556864528271505,nnm,172,-0.018200162402045104,0.8905404025879864,38.82333651876542,2854.105,3,-0.04698753229917947,0.4093495699095035,71.87927598594544,3
2023,2,1.1820008171923302,pnm,172,-0.05967705099752847,0.2359650055343297,80.03681536406802,2854.105,3,-0.06823783531118564,0.18726829775254675,84.1566693500792,3
2023,2,2.464298497407258,q5_19,172,-0.043119606656190634,0.7692631287672484,68.78368713950007,2854.105,3,-0.03261603376121105,1.0215021808374427,58.54795261563534,3
2023,2,5.093769336201426,u20m,172,-0.04089544536923877,1.6885008581820018,66.85164272787493,2854.105,3,-0.045387268128598016,1.4956514352727839,70.63762929657638,3
2019,3,2.816688971574763,hgap,172,-0.02000430409561078,1.5150200066867516,46.21273339101656,2854.105,3,-0.020742429192756706,1.4807471131644587,47.429512874593385,3
2022,3,105.44668000000001,math,172,0.0035488386677679173,116.46291603209333,-10.447209937850406,2854.105,3,0.014757693423393059,159.4006490482092,-51.16706286837024,3
2023,3,1.8608185194288962,nnm,172,-0.016172889956214,1.2024347100133643,35.38140890910718,2854.105,3,-0.027523806523792736,0.8850365627302872,52.43831929392482,3
2023,3,1.3764124561882474,pnm,172,-0.05207994760852551,0.33733521468183425,75.49170576267308,2854.105,3,-0.06980576072565547,0.20903050204626722,84.81338198397712,3
2023,3,3.458845623946827,q5_19,172,-0.03681493035285153,1.2800917808842556,62.990780160244164,2854.105,3,-0.019496735589060378,2.043211914961626,40.92792402136313,3
2023,3,6.682327122562892,u20m,172,-0.03492072450038828,2.6028493192930746,61.0487593385761,2854.105,3,-0.03297135658302865,2.743514247756035,58.94373026886767,3
2019,1,5.320996699999995,hgap,173,-0.009845074568623846,3.9214572171857798,26.302205427306813,665.101,3,-0.01634035227195114,3.2062746403261135,39.74296882525568,3
2018,1,93.478999999999985,math,173,0.014614012088275471,149.21454937937725,-59.62360463780878,665.101,3,0.029317155975263336,238.86195796880898,-155.5247253060142,3
2023,1,4.477867829954954,nnm,173,0.04782726817395624,16.28888939226015,-263.7644077677927,665.101,3,0.09400646032429916,56.67433320467991,-1165.6544444111034,3
2023,1,2.6863686071990633,pnm,173,0.02405241698721967,5.142840637921196,-91.44210605123801,665.101,3,0.06258592630176626,14.556102647023438,-441.85053413799113,3
2023,1,2.0186197446602216,q5_19,173,-0.03846642764247411,0.7144947973183354,64.60478506621361,665.101,3,-0.05378951141991091,0.47241245709693463,76.59725372514613,3
2023,1,9.15638939150909,u20m,173,0.015611370557751992,13.956689603683765,-52.425688848773646,665.101,3,0.0429567316490167,29.203357462912706,-218.93966294174407,3
2019,2,5.292189399999984,hgap,173,-0.003337497309298465,4.77201963519718,9.82900885600967,665.101,3,-0.0027750072030441773,4.855959979111688,8.242891323736393,3
2018,2,100.96895999999998,math,173,-4.2002749401860565e-4,99.62092800649418,1.3350954526082068,665.101,3,-0.0040887584322900255,88.58591508674579,12.264209627646158,3
2023,2,2.04368949071706,nnm,173,-0.013615026903040317,1.4150304097510975,30.760988096356442,665.101,3,-0.09559029446420494,0.1547133541420672,92.42970349239387,3
2023,2,4.2845710628661715,pnm,173,-0.0049732700243290354,3.746200604965523,12.565329177677464,665.101,3,0.03305318460690421,10.458932828737696,-144.10688200235322,3
2023,2,9.20921508986805,q5_19,173,-0.010056269774956128,7.0194533106356785,23.77794152773715,665.101,3,-0.009018296465877729,7.218957979878972,21.61158242659303,3
2023,2,15.470521636967828,u20m,173,-0.009122261723918168,12.093103322169638,21.831315026428243,665.101,3,-0.012681892288121865,10.984940523654124,28.994375358327364,3
2019,3,5.251292355033229,hgap,173,-0.006531851217834772,4.288713572500751,18.33032170851944,665.101,3,-0.013583374593179575,3.446604683656826,34.36654349755743,3
2018,3,97.17196000000001,math,173,0.0066507934341186,120.21809870728079,-23.71686102377761,665.101,3,0.011398668585983115,139.94361440527584,-44.01645742792038,3
2023,3,3.287098141930685,nnm,173,0.02448406333747164,6.366659125758469,-93.68631086928839,665.101,3,0.016399943258930082,5.118204120605495,-55.70585055909848,3
2023,3,3.4800665273975184,pnm,173,0.006328992614484674,4.128582844912596,-18.63517011555679,665.101,3,0.044356578625956725,11.52684927340163,-231.22496890947943,3
2023,3,5.510286383923146,q5_19,173,-0.016091716818456225,3.5684818135090675,35.239630667464084,665.101,3,-0.018240322657784035,3.3673560628423287,38.88963606924401,3
2023,3,12.228785751630667,u20m,173,-3.041867969634904e-4,12.128761516032927,0.8179408620712975,665.101,3,0.0069841357436442484,14.766547604290162,-20.752361716052576,3
2019,1,9.405643999999995,hgap,174,-0.0019887378823041147,8.843290715569898,5.978891869925094,532.965,3,-0.00807117560965791,7.323610841637525,22.135997900435854,3
2022,1,113.85591999999997,math,174,0.013049250017866372,164.07321972070656,-44.10600671507165,532.965,3,-0.0025160841960389924,106.11075763092715,6.802599609289371,3
2023,1,2.745991486378289,nnm,174,-0.06062059024759101,0.5343983578146467,80.53896523475863,532.965,3,-0.13431298761209903,0.07307211428336166,97.33895335634352,3
2023,1,3.3074961406114323,pnm,174,0.05022457427293594,12.836015817404613,-288.08861058963214,532.965,3,0.03136739420160097,7.714572660817258,-133.24509939990807,3
2023,1,1.7240364053227042,q5_19,174,-0.004307459758643328,1.5347490392256478,10.979313749562367,532.965,3,0.10184486922547967,26.963382933003736,-1463.968304251484,3
2023,1,7.7580209013338175,u20m,174,-0.012755346540384727,5.497716952905064,29.135058762733486,532.965,3,-0.03441055381060405,3.0637581325295202,60.508508916200825,3
2019,2,7.410736799999995,hgap,174,-0.0010960293543391675,7.163172415101024,3.340617695381803,532.965,3,-0.0033797497912471997,6.673587851216209,9.947039932436768,3
2022,2,115.34433999999999,math,174,0.020506949546918056,204.81691912657908,-77.5699779690786,532.965,3,0.03030120996857888,269.4427115037872,-133.59855499089704,3
2023,2,6.391047848511996,nnm,174,0.026834927777077876,13.18976681275896,-106.37878365798628,532.965,3,0.15062157845442922,373.0382106313999,-5736.886524300597,3
2023,2,3.1736039825458473,pnm,174,0.018203969534826957,5.188138812513255,-63.47782650409203,532.965,3,0.10709637562308279,57.19520046661196,-1702.216054087829,3
2023,2,3.597264244284415,q5_19,174,0.00606121014552361,4.236876394568018,-17.780516160297747,532.965,3,0.04252047181239358,11.338753406293172,-215.20490673736234,3
2023,2,13.107299802465944,u20m,174,0.01862809926110267,21.67431658113838,-65.36065328314746,532.965,3,0.10494275466060277,222.87781080372466,-1600.4098034119393,3
2019,3,8.471140384364077,hgap,174,-0.0011000285436289392,8.18713690754631,3.3526002867568567,532.965,3,-6.42596714773358e-4,8.30406072803073,1.9723395995389192,3
2022,3,114.57733999999999,math,174,0.01668298520444963,182.79652321265303,-59.539855972091026,532.965,3,0.012776159263142128,163.8551019937567,-43.00829639940735,3
2023,3,4.516451689704794,nnm,174,-0.009551836784559087,3.489739417543579,22.73271901704595,532.965,3,0.014385981390459213,6.6601909725079445,-47.465121517623736,3
2023,3,3.235223556896094,pnm,174,0.033726195680065,8.04222120740753,-148.58316793178022,532.965,3,0.06108586810687964,16.8342663050127,-420.3432161319839,3
2023,3,2.6252668742241525,q5_19,174,0.0020221275261841478,2.772584729481342,-5.611538266970539,532.965,3,0.059804203297617556,13.195766339392973,-402.6447584797538,3
2023,3,10.342018533373466,u20m,174,0.005172005144796055,11.891920321432973,-14.98645339938242,532.965,3,0.038979206134368116,29.626037846935947,-186.46281914244668,3
2019,1,8.19323829999999,hgap,175,-0.008160539196189243,6.361934523477998,22.351403797470347,3067.072,3,-0.009816339203088553,6.043617166038302,26.236526453303465,3
2022,1,164.61764,math,175,0.0024079295588872135,176.0992011315168,-6.974684566925391,3067.072,3,0.00555788031191784,192.33643421187438,-16.83828914803686,3
2023,1,8.174308278419172,nnm,175,-0.019403518526827666,4.840902153538752,40.779060580341444,3067.072,3,-0.017922784633206755,5.038361418506366,38.363452332620696,3
2023,1,7.256353157776174,pnm,175,-0.01151546873183662,5.317268475317942,26.72257868789418,3067.072,3,-0.012309305490055067,5.204513003779064,28.276464904389105,3
2023,1,5.542678799637879,q5_19,175,-0.024193647030523492,2.8842054418076915,47.96369145554446,3067.072,3,-0.051443862941009486,1.3819473426302327,75.06715809112879,3
2023,1,20.82882613583137,u20m,175,-0.0179281254999911,12.836318175532474,38.37233989173092,3067.072,3,-0.02530562447058644,10.5179785781701,49.50277797904197,3
2019,2,7.399973299999999,hgap,175,-0.002376985900241646,6.874300061875724,7.103718038067452,3067.072,3,-0.00273469292937234,6.79849260100177,8.128146881262797,3
2022,2,168.36804,math,175,0.007295399832576622,206.52541768419087,-22.663076486600936,3067.072,3,0.014432493110859923,252.2100077837119,-49.79684255023214,3
2023,2,6.464508229735047,nnm,175,-0.012952304887977894,4.556773060308909,29.51090944011883,3067.072,3,-0.013213934610558243,4.524697428528002,30.00708997916381,3
2023,2,5.897588727956982,pnm,175,-0.017817824683471394,3.645386191017197,38.18853163265563,3067.072,3,-0.01658214652529346,3.7690599529436204,36.09150914378388,3
2023,2,3.184446347733072,q5_19,175,-0.017382934101688875,1.9916017649870492,37.45846067072787,3067.072,3,-0.04304593945853243,0.9960459154271495,68.72153565607378,3
2023,2,15.469173267102065,u20m,175,-0.01564586873740801,10.139216898199772,34.45534080504088,3067.072,3,-0.02081599771074556,8.818195735234454,42.99504192646217,3
2019,3,7.986771959036162,hgap,175,-0.00593023301364024,6.645563203716267,16.79287654885981,3067.072,3,-0.009126571601967814,6.01864979939399,24.64227312031184,3
2022,3,166.39538,math,175,0.004771092654452477,190.17740706399206,-14.292480394583116,3067.072,3,0.009814737630715387,219.02358481531607,-31.6284050767011,3
2023,3,7.347745980299068,nnm,175,-0.01661840646717243,4.691238510036955,36.154046116792784,3067.072,3,-0.01583139944808094,4.791990180884284,34.7828545824438,3
2023,3,6.59461113353732,pnm,175,-0.014335047207102436,4.478134466650259,32.094032900948214,3067.072,3,-0.014308621769269836,4.48133069667544,32.045565599989004,3
2023,3,4.353454049925598,q5_19,175,-0.02134639935918934,2.4463981055009554,43.8055833954934,3067.072,3,-0.04847622754188534,1.1759912639757044,72.98716718979033,3
2023,3,18.18686917418333,u20m,175,-0.01684294562408528,11.541397195665946,36.539944917791466,3067.072,3,-0.023405602327388485,9.667295557839257,46.844641234005245,3
2023,1,2.4794292537640903,nnm,176,-0.01995216360873938,1.4467504559746975,41.64985938685907,38.979,3,-0.007734443241949718,2.0121391835242535,18.846678909286517,3
2023,1,2.172672547073984,pnm,176,-0.027208313253332006,1.0421996633171058,52.0314432692274,38.979,3,-0.01232656700997332,1.5575914549326138,28.30988466116175,3
2023,1,1.4096905422253947,q5_19,176,-0.025545952801933964,0.7072503888825482,49.829386826554575,38.979,3,-0.010789134929038768,1.0534427010159388,25.27135073539392,3
2023,1,6.049854925267106,u20m,176,-0.023854136715936947,3.177111978016174,47.484493144669884,38.979,3,-0.01008032540524626,4.608329866847737,23.82743183475139,3
2023,2,2.2769910191153495,nnm,176,-0.0035153282826448583,2.070812369386313,9.054873207586928,38.979,3,-4.672422847438407e-4,2.248445978149556,1.2536299320532205,3
2023,2,2.224318469940423,pnm,176,-0.01184566260188713,1.615456651092928,27.37296062032892,38.979,3,-0.006682736213186313,1.8571010289811263,16.50921151453336,3
2023,2,1.0309458771243785,q5_19,176,-0.008573481854593633,0.8179064592348625,20.66446189044838,38.979,3,-0.003960737796654297,0.9263869932462849,10.14203424235422,3
2023,2,5.52255522802747,u20m,176,-0.0078638889099664315,4.466100498739502,19.12981737016163,38.979,3,-0.0036304491273331683,5.0069078571496926,9.3371156934895,3
2023,3,2.3796035310400523,nnm,176,-0.012627595567269789,1.6921312175048955,28.890203959089085,38.979,3,-0.004426311674781492,2.111552533927255,11.264523422338359,3
2023,3,2.199069826347766,pnm,176,-0.019865935916451548,1.2861512028682933,41.51385338207544,38.979,3,-0.009575149746040412,1.6980922611608038,22.781339600252256,3
2023,3,1.2246343891305633,q5_19,176,-0.01893487262470373,0.7344750745028331,40.024951036669954,38.979,3,-0.008182323914137136,0.9818856690009868,19.822138124172508,3
2023,3,5.792474039751361,u20m,176,-0.016724615744809747,3.687670177767992,36.33687173285487,38.979,3,-0.007169649107897991,4.773018765931719,17.599652010929013,3
2019,1,0.480238700000001,hgap,177,-0.13853829406043697,0.0065508588034740136,98.63591609683394,633.56,3,-0.17221218813188943,0.0023064405296380373,99.51973039040001,3
2022,1,175.15314,math,177,0.002460373717411457,187.6448613651844,-7.131885483288732,633.56,3,0.043743306179141905,596.1386355442962,-240.35281099973213,3
2023,1,1.2499881809520355,nnm,177,-0.0751352278803198,0.16438943593337793,86.84872077684982,633.56,3,0.008441634693488475,1.5699727032676207,-25.599003829930112,3
2023,1,2.398146227092446,pnm,177,-0.04608135032858914,0.6910794902047566,71.1827626523578,633.56,3,0.003293239288399774,2.621150895215306,-9.299043803231083,3
2023,1,5.136490281949846,q5_19,177,0.0038470444970294614,5.698712220758677,-10.945643969862775,633.56,3,0.014510483723179136,7.600036745681528,-47.96166893158228,3
2023,1,8.762903826043056,u20m,177,-0.025890758161799976,4.355663126828014,50.29429498149769,633.56,3,0.010504689277957979,11.636584221941932,-32.79370004448063,3
2019,2,0.40032739999998057,hgap,177,-0.138100766437587,0.005535372997363394,98.61728850002181,633.56,3,-0.19645446834747538,9.068249862175833e-4,99.77347916075252,3
2022,2,174.8229,math,177,0.002189098160017,185.8738485462189,-6.321224820214574,633.56,3,0.029640163284232024,400.8943929779685,-129.314576624669,3
2023,2,0.7090819728047281,nnm,177,-0.09724457821311734,0.05133473022706687,92.76039552606086,633.56,3,0.02711402140023428,1.4744638558711929,-107.93983099570929,3
2023,2,2.2970047676119654,pnm,177,-0.033288680863077034,0.9350190421021081,59.29398774935144,633.56,3,-0.001954679509725299,2.1789206783519393,5.140785553649062,3
2023,2,3.090648326965928,q5_19,177,-0.01343548136173862,2.1503333716195927,30.424521196477798,633.56,3,0.029550421261926196,6.86366981755607,-122.07864148342286,3
2023,2,6.085820579694312,u20m,177,-0.03446991651296745,2.3995322544113145,60.57175490159058,633.56,3,0.01679576681881607,9.577793810886213,-57.37883963985184,3
2019,3,0.5173606232434054,hgap,177,-0.12914715376164065,0.009442099831394627,98.17494811023676,633.56,3,-0.17110241832885034,0.0025716949460446313,99.50292023967299,3
2022,3,174.99226999999996,math,177,0.0023272298931658495,186.7749168227858,-6.733238458353526,633.56,3,0.03689545985969733,491.6734013096169,-180.9686401059984,3
2023,3,0.9830045462621089,nnm,177,-0.08372405482953102,0.10252065235000114,89.57068380407418,633.56,3,0.014709406645636223,1.4623027883689017,-48.75849699061234,3
2023,3,2.3551092715732302,pnm,177,-0.04022147187448283,0.7950163373602221,66.24291080858659,633.56,3,7.591505092350515e-4,2.403880219566368,-2.0708571182584077,3
2023,3,4.143335381107227,q5_19,177,-0.002485569542479915,3.8743996952164217,6.490801761235594,633.56,3,0.02028380342076961,7.164682899654255,-72.92066030482985,3
2023,3,7.465312782899858,u20m,177,-0.02930147739008686,3.3842334998480452,54.66722429098999,633.56,3,0.013189397163904193,10.658748959538423,-42.77699099163657,3
2019,1,1e-12,hgap,178,-2.6142438847185607,6.369385018457962e-48,100,18092.526,3,-5.270174440465376,1.1141969800162616e-83,100,3
2022,1,82.74101999999999,math,178,0.04524882828840808,293.7363748245019,-255.00695401688537,18092.526,3,0.07751486904866334,724.9711218233742,-776.1931165743115,3
2023,1,2.5791224807746245,nnm,178,-0.0022214345673136405,2.428977735912476,5.821543799542756,18092.526,3,-0.007511902257779424,2.105657682098997,18.357592638773202,3
2023,1,1.6634875900337631,pnm,178,-0.013397904368649372,1.1585543041653443,30.353895568176156,18092.526,3,-0.004566188721097442,1.4705393831833744,11.59901690919573,3
2023,1,1.7863877880175405,q5_19,178,-0.022961864454020774,0.9610058767142209,46.20396068757806,18092.526,3,-0.03118612183683376,0.7696420793931752,56.91629306046185,3
2023,1,6.017136237974063,u20m,178,-0.011808485067413988,4.374456752916838,27.300021473509247,18092.526,3,-0.014013969661340919,4.1215704062516885,31.502790642490112,3
2019,2,1e-12,hgap,178,-2.4947133142885187,2.590317406185427e-46,100,18092.526,3,,,,3
2022,2,93.39062000000001,math,178,0.03959502434457587,283.0013289515658,-203.02971428133338,18092.526,3,0.10222915984372061,1634.6882421242033,-1650.3773313896013,3
2023,2,2.1969100483865742,nnm,178,-0.005831577915501862,1.8768582699148744,14.568269588768466,18092.526,3,0.007479784764886932,2.6885608173011164,-22.379194326850747,3
2023,2,1.3686692310793669,pnm,178,-0.014544050469001419,0.9241781165592637,32.47615307093346,18092.526,3,-0.006969873131109539,1.1338878798630794,17.153987675395687,3
2023,2,1.2117142307188633,q5_19,178,-0.021268944837704123,0.6823412129515881,43.687942614424735,18092.526,3,-0.016989190196964432,0.7659242084589719,36.790029444105926,3
2023,2,4.769969847279176,u20m,178,-0.012426516917863317,3.4103810392653906,28.503090198553448,18092.526,3,-0.003119759882475348,4.384635362526453,8.078342150789927,3
2019,3,1e-12,hgap,178,-2.5759172715574157,2.089746645775446e-47,100,18092.526,3,-5.119295236504122,1.1974796841757958e-81,100,3
2022,3,87.91780999999997,math,178,0.042250316791121456,286.9796395556657,-226.4180938488638,18092.526,3,0.08990095683119637,1089.6689266315082,-1139.4177318924442,3
2023,3,2.3925135395965254,nnm,178,-0.0038560517634337764,2.1559492329487737,9.887689358182106,18092.526,3,-9.314495783856902e-4,2.333094189443094,2.4835533496479925,3
2023,3,1.5200401049869638,pnm,178,-0.013900797528240694,1.044371413350804,31.293167204969198,18092.526,3,-0.005587702766930547,1.3071755549862476,14.003877220235701,3
2023,3,1.5052886516107034,q5_19,178,-0.022326989503441103,0.8237863705789423,45.273860286034406,18092.526,3,-0.025820545293312402,0.7496341076053049,50.19997614389943,3
2023,3,5.408321531370497,u20m,178,-0.012081667373058935,3.90295427454444,27.83427812296857,18092.526,3,-0.009413793393165015,4.194467395518536,22.444193245743733,3
2019,1,7.357146900000004,hgap,179,-0.008440990334240372,5.6632702484079624,23.023553486366303,1831.8,3,-0.008091415889661535,5.724975761025218,22.18483824177529,3
2022,1,195.0679,math,179,-0.012130962593081662,138.88979132462646,28.79925845071052,1831.8,3,0.007028439640183404,237.4943925802977,-21.749602359126072,3
2023,1,3.340042832699433,nnm,179,-0.0841658853868021,0.34421277722646637,89.69436038793931,1831.8,3,-0.06000885343173841,0.6608321455209755,80.21486014935655,3
2023,1,3.3122232517123207,pnm,179,-0.0137529392823315,2.284826931971776,31.01832943203365,1831.8,3,0.03343847929977643,8.169915632042478,-146.65957005823432,3
2023,1,2.237411898863173,q5_19,179,-0.04104652001666885,0.7386461873543868,66.98657999764404,1831.8,3,-0.09727197328218085,0.16186000515970977,92.76574844167268,3
2023,1,8.863755908866233,u20m,179,-0.05163525365897548,2.1985954913656247,75.19566745778259,1831.8,3,-0.04155557588697674,2.886284524471691,67.43722915942891,3
2019,2,9.476943499999976,hgap,179,-0.009017150239036287,7.165875114728472,24.38622099278644,1831.8,3,-0.010373747157514402,6.8707666011522335,27.500183987039165,3
2022,2,188.69076,math,179,-0.012436598452479432,133.2043916479194,29.40598063841632,1831.8,3,0.008663544228270759,240.49245645285873,-27.453223704678873,3
2023,2,2.8028407779427367,nnm,179,-0.09335189062022806,0.22540250128684886,91.9580697176708,1831.8,3,-0.0530573583032675,0.6690374724593159,76.13002216449897,3
2023,2,1.910657466914989,pnm,179,-0.06592028660102692,0.32225879924597783,83.13361736333056,1831.8,3,0.025893551984411612,3.8442299503985695,-101.19932625106222,3
2023,2,2.442821166631859,q5_19,179,-0.004468960106593723,2.165154376287817,11.366644195526042,1831.8,3,0.02784172505514313,5.180389071215169,-112.06583363438943,3
2023,2,7.139462991510803,u20m,179,-0.062386945685454706,1.3247053121035262,81.4453087903296,1831.8,3,-0.00827091152494983,5.710593456339747,20.01368361836258,3
2019,3,8.430008717340854,hgap,179,-0.009087447158690897,6.360372495929419,24.550819468953968,1831.8,3,-0.004329166600052847,7.371296757199797,12.558847750219352,3
2022,3,192.01794,math,179,-0.01229912391682004,136.075970377628,29.13372032965878,1831.8,3,0.007763567462757859,238.642995884722,-24.281614459941608,3
2023,3,3.086246061302273,nnm,179,-0.08813049530818765,0.28577002847770017,90.74052999010985,1831.8,3,-0.05710957244476957,0.6603383191402856,78.60383436628352,3
2023,3,2.632388154710341,pnm,179,-0.03537052161932876,1.0129707944105044,61.518942690958575,1831.8,3,0.031428329370156695,6.150026377156729,-133.62916164745687,3
2023,3,2.3367272357163182,q5_19,179,-0.024267665021725515,1.213518968858561,48.06758143140487,1831.8,3,-0.043114652469662326,0.7295376632442689,68.7795112714287,3
2023,3,8.033893349864707,u20m,179,-0.0563714977214639,1.7535438940255716,78.17317435443549,1831.8,3,-0.027694266317329942,3.8035090332359274,52.65671490025468,3
2019,1,3.3071654000000024,hgap,180,-0.011712069175872641,2.300248828565783,30.44651384639603,5519.168,3,-0.021661295613927534,1.6897680716996637,48.905849350635364,3
2022,1,112.46447,math,180,0.022067377829831793,208.62198472152218,-85.50034932945682,5519.168,3,0.07566338500644787,935.6225435633489,-731.927224272118,3
2023,1,1.3630965031591307,nnm,180,0.0028748711262689187,1.473116865328041,-8.071355323260368,5519.168,3,-0.014539456630721226,0.9205293658100984,32.46777732342008,3
2023,1,1.3587282961176061,pnm,180,0.001236880891675013,1.404870278400259,-3.395968304663826,5519.168,3,0.02232359866366579,2.482550228655042,-82.71130701764395,3
2023,1,2.4630187899348233,q5_19,180,0.0033366143199439645,2.6952105692986135,-9.42712172203666,5519.168,3,0.030677683485361883,5.638878521856279,-128.94175817495474,3
2023,1,5.176292167501262,u20m,180,0.002657160649207646,5.561302479409551,-7.4379555761077505,5519.168,3,0.015660636073885747,7.900501007879997,-52.628575672029456,3
2019,2,3.912903699999987,hgap,180,-0.0015872579644691908,3.725029367724915,4.801404447420273,5519.168,3,-0.0035521989161539035,3.5048985168743316,10.427171594477437,3
2022,2,111.80462,math,180,0.019170614193757096,191.2401716048881,-71.04854129005412,5519.168,3,0.09621554676320909,1653.7292912112744,-1379.1242895072444,3
2023,2,0.9638421098188369,nnm,180,-0.05401690506939114,0.22418487758990943,76.74049771159645,5519.168,3,-0.0664820872862114,0.16011801514060578,83.38752649324469,3
2023,2,1.0155751580083194,pnm,180,-0.043597725087963654,0.31295888113889053,69.18407479042267,5519.168,3,-0.006279143789259889,0.8572019228840215,15.594437681489698,3
2023,2,1.6928541658123297,q5_19,180,0.010516825862725199,2.2487404472029717,-32.83722204882873,5519.168,3,0.021711833445624697,3.042365880686496,-79.71813178760098,3
2023,2,3.6679433718259657,u20m,180,-0.025664921983007828,1.8343280374203965,49.990284705316036,5519.168,3,-0.012552948658564933,2.6135292266450327,28.74674002003546,3
2019,3,3.469939251469185,hgap,180,-0.00943425956833921,2.590044456939899,25.357642620306258,5519.168,3,-0.015212686182213896,2.1652672942383706,37.599273724414964,3
2022,3,112.14348999999999,math,180,0.020650109424454666,199.9329930993131,-78.28319156048481,5519.168,3,0.08559814387765452,1232.163985805821,-998.738754969924,3
2023,3,1.170312415517176,nnm,180,-0.023596266601044663,0.6188895450006157,47.117578452150276,5519.168,3,-0.03665494855945779,0.4349984217199122,62.8305727639674,3
2023,3,1.1910355457130928,pnm,180,-0.020142978388236994,0.6913996337012835,41.94970618720443,5519.168,3,0.009596109307663626,1.543292446455703,-29.575683279184428,3
2023,3,2.088083353117498,q5_19,180,0.0060269571196269744,2.457081912806639,-17.671639359522107,5519.168,3,0.026817842514066915,4.307373567077,-106.28360264671008,3
2023,3,4.443109649837851,u20m,180,-0.00971867931420849,3.41763968217604,23.080005862543473,5519.168,3,0.003741001929661003,4.915343085782192,-10.628444336537477,3
2019,1,3.0959882999999877,hgap,181,-0.04613017662261065,0.740871340252327,76.06995671616944,38762.847,3,-0.04693724225997795,0.7225654076969547,76.6612358419779,3
2022,1,88.91435999999999,math,181,0.03763146669028679,255.02325233076851,-186.81897089600437,38762.847,3,0.08124072769752488,864.7271596577444,-872.5393734574984,3
2023,1,2.064921997569412,nnm,181,-0.038991896106285485,0.7205872728203268,65.10341438230988,38762.847,3,-0.047217158793998994,0.5770820420542928,72.05308274435706,3
2023,1,1.8057891515117497,pnm,181,-0.03702271467309957,0.6645696458730873,63.197827093117134,38762.847,3,-0.04247205879625131,0.573643079832885,68.23310853580836,3
2023,1,3.1686455191992646,q5_19,181,-0.03203194480796241,1.3343465625288446,57.88905529369401,38762.847,3,-0.02955372008021846,1.4266852883227021,54.97491657939592,3
2023,1,7.023374758288736,u20m,181,-0.03530271033288719,2.707621727711998,61.44842300324984,38762.847,3,-0.03810358714760516,2.5104122541427345,64.25632490733837,3
2019,2,4.585075499999988,hgap,181,-0.0100946665165067,3.353055133216723,26.870230747198562,38762.847,3,-0.010259551336285977,3.335959956200218,27.243074706180373,3
2022,2,94.43083999999999,math,181,0.03725448825927584,268.0017166694244,-183.8074051543166,38762.847,3,0.09090179808376209,1203.6550254000524,-1174.6418706008042,3
2023,2,1.9128585654982244,nnm,181,-0.02821214328524666,0.8930353490126612,53.314094145791664,38762.847,3,-0.02401411648778351,1.00021763288167,47.710842248226925,3
2023,2,1.6188263897275457,pnm,181,-0.033933796155117615,0.6475812178700125,59.996870450141174,38762.847,3,-0.03459549393477936,0.6361143728265374,60.70521355081209,3
2023,2,1.7921993011633663,q5_19,181,-0.02105824025063082,1.0149821628256983,43.36666897666765,38762.847,3,-0.04078514897178629,0.5958564499578577,66.7527796952565,3
2023,2,5.314463736854069,u20m,181,-0.027620490255185516,2.5210585520074056,52.562315280755634,38762.847,3,-0.03293850274485166,2.1838569058180775,58.90729499810595,3
2019,3,3.8122594589653147,hgap,181,-0.026916742312433663,1.6550033541889546,56.58733693225227,38762.847,3,-0.02665037572060016,1.6687258979299697,56.22737864796646,3
2022,3,91.63338999999996,math,181,0.03731963573430743,260.53716669521765,-184.32557902225133,38762.847,3,0.08606166308926655,1019.9636734802397,-1013.0917163276837,3
2023,3,1.9918618314663499,nnm,181,-0.03407443360783485,0.7937871613927614,60.14848274850477,38762.847,3,-0.036648583419929534,0.7404908830047798,62.82418432308368,3
2023,3,1.7142480753125078,pnm,181,-0.03564089432421019,0.6548627532473837,61.79883397984845,38762.847,3,-0.03896749214652355,0.5986083445609264,65.08041320380073,3
2023,3,2.497660512308042,q5_19,181,-0.028201931698053174,1.1663769761305585,53.30122046679871,38762.847,3,-0.03345550982836352,1.0121286965684677,59.47693084865332,3
2023,3,6.191107797782647,u20m,181,-0.03211801269676244,2.6010824715293093,57.9868004808301,38762.847,3,-0.03593522295664453,2.3463548976737405,62.101210731396236,3
2019,1,9.41154259999999,hgap,182,-0.004256101916450206,8.248222418769267,12.36056861954516,10430.735,3,-0.010783715501053415,6.737181696901185,28.415755171727188,3
2022,1,103.42822000000001,math,182,0.016279067517280053,163.1535425109972,-57.74567377355733,10430.735,3,0.053023213497586985,456.47221069256994,-341.3420347875753,3
2023,1,1.6199386052584956,nnm,182,-0.02171782583853289,0.901231563569813,44.36631359705127,10430.735,3,-0.06681324830176469,0.26671637433153456,83.53540230069557,3
2023,1,1.818227887196766,pnm,182,-0.018094613488864198,1.1155056213567247,38.648745340907524,10430.735,3,-0.02479357255941217,0.9309365833651752,48.79978522381828,3
2023,1,2.0626136260250005,q5_19,182,-0.017089583801181675,1.3002481963104884,36.96113610883668,10430.735,3,-0.014484997717788684,1.3949784829349625,32.368405534907765,3
2023,1,5.4907491671349895,u20m,182,-0.018765572405226826,3.30816697361193,39.750171189515584,10430.735,3,-0.03448380377839477,2.164094446652779,60.586535993921956,3
2019,2,9.134077899999994,hgap,182,-0.0029412594450639153,8.33808188827873,8.714574371226515,10430.735,3,-0.0038337361011874017,8.11055600851762,11.205530571207143,3
2022,2,114.07763999999997,math,182,0.013875726339618843,168.24135859898092,-47.47969768569981,10430.735,3,0.05193072528015685,488.3046906283016,-328.04592611514556,3
2023,2,1.4375724464357893,nnm,182,-0.0017661219457693166,1.370630149741412,4.656620740078117,10430.735,3,-0.061782670651913826,0.27112475386563306,81.14009804946944,3
2023,2,1.5286702066035218,pnm,182,0.006478233733111455,1.8208629230396645,-19.114176175733252,10430.735,3,-0.03655735957006566,0.5696970806203906,62.73250579756029,3
2023,2,1.1728105587859305,q5_19,182,-0.03585511497087744,0.44544341753112954,62.01915013518949,10430.735,3,-0.0752490092799873,0.15376647933194637,86.88906079673069,3
2023,2,4.133379374291368,u20m,182,-0.009989306979853984,3.1562481704004073,23.64000773721579,10430.735,3,-0.056826281082314224,0.8911751745518228,78.43955045368641,3
2019,3,9.271147246975886,hgap,182,-0.0038370309501353007,8.231425204592222,11.214599603331791,10430.735,3,-0.00716310399216491,7.424986802721584,19.912966487038513,3
2022,3,108.68291999999997,math,182,0.015014952484959565,165.4804931397136,-52.25988880287136,10430.735,3,0.05247339075444368,472.3355259891257,-334.5995911677068,3
2023,3,1.5313665664111749,nnm,182,-0.013104298583765167,1.0750255789354421,29.799591912548276,10430.735,3,-0.06445928208263954,0.2686784147306012,82.45499016213597,3
2023,3,1.6771367099355228,pnm,182,-0.007837264127167953,1.357278875550495,19.071661391117285,10430.735,3,-0.03006955405602072,0.7446879857069215,55.59765752575108,3
2023,3,1.6280161743875698,q5_19,182,-0.024090376212924723,0.8495249610380471,47.81839551700873,10430.735,3,-0.038078025586593435,0.5823145646461819,64.23164746104331,3
2023,3,4.828731825671895,u20m,182,-0.015185481990756644,3.204563403274111,33.63550681698478,10430.735,3,-0.044110668156412736,1.4675521826935332,69.60791703338526,3
2019,1,5.9588885000000005,hgap,183,-0.022176866915858094,2.9963686216041316,49.71598106586268,19118.482,3,-0.021557503918294696,3.0544555140416763,48.74118698408812,3
2022,1,150.30928999999998,math,183,0.011425697618325436,206.97844095712497,-37.70169558855944,19118.482,3,0.00363831574516138,166.42885909773048,-10.724266675553126,3
2023,1,2.5996663472055213,nnm,183,-0.08093866920992951,0.2923039890428808,88.75609597527432,19118.482,3,-0.06180061405013952,0.4900570478066846,81.1492329262382,3
2023,1,3.780685693179131,pnm,183,-0.04890028551245682,1.0096438901350004,73.29468852815417,19118.482,3,-0.040368859696116074,1.271180735690764,66.37697923463602,3
2023,1,4.286412452340849,q5_19,183,-0.01886970668896999,2.575305181764483,39.9193332326644,19118.482,3,-0.016247191824055606,2.76426823082927,35.510913577164565,3
2023,1,10.62962928001976,u20m,183,-0.04744958066828135,2.952070057941332,72.22791143346586,19118.482,3,-0.03656635744357191,3.960434200667022,62.741558559230775,3
2019,2,5.630372999999992,hgap,183,-0.014801833411201514,3.5584279363819573,36.79942809504872,19118.482,3,-0.021337538800905165,2.905809442976469,48.39046288804537,3
2022,2,155.37387,math,183,0.011916598061779115,216.9135794439575,-39.60750249958856,19118.482,3,0.0032394733109479823,170.12603245978622,-9.494622525516165,3
2023,2,2.1110820001577926,nnm,183,-0.07826000524728356,0.25517146976814825,87.91276370368013,19118.482,3,-0.0568148722979263,0.45529899694497145,78.43290801063435,3
2023,2,3.3093576969184246,pnm,183,-0.039536566775254835,1.1379937212771158,65.61285223604622,19118.482,3,-0.032506600146102294,1.3758557722584412,58.42529281317649,3
2023,2,2.454596247246532,q5_19,183,-0.023189047290626465,1.312400639615084,46.53293220474518,19118.482,3,-0.02888434820026069,1.1253396316636834,54.15377853176283,3
2023,2,7.854761776526109,u20m,183,-0.0470550264877224,2.20479432621818,71.93047492786873,19118.482,3,-0.038121552452200724,2.8062190048802145,64.27365864530002,3
2019,3,5.793369330260191,hgap,183,-0.01903165398370419,3.2114828295940128,44.566233455553245,19118.482,3,-0.02301906231433106,2.8380667907785027,51.011809726084905,3
2022,3,152.83344,math,183,0.011640554794961311,211.72414725968378,-38.53260599230364,19118.482,3,0.0035532206904413943,168.82098282782215,-10.46076227023494,3
2023,3,2.3621727604430856,nnm,183,-0.07982918923917307,0.2736771224201094,88.41417837835137,19118.482,3,-0.05953075893029582,0.4734312205654846,79.95780713021682,3
2023,3,3.5509275732530377,pnm,183,-0.04472307999266998,1.0615028614199065,70.10632181248761,19118.482,3,-0.036896399167478576,1.311283043060737,63.07209831769511,3
2023,3,3.3896068858018102,q5_19,183,-0.02023829990796544,1.9626190951556184,42.098917034405254,19118.482,3,-0.02075688079932978,1.9353306108275103,42.90398043106086,3
2023,3,9.27430466120105,u20m,183,-0.047262281037347795,2.588726480806679,72.08710975781734,19118.482,3,-0.037200407643165435,3.3968095729027863,63.373970373074975,3
2019,1,7.133438699999999,hgap,184,-0.005208385284215256,6.069847374176003,14.909938538113408,145440.504,3,-0.013369536661425662,4.713061834177864,33.93001562937851,3
2018,1,90.43898999999999,math,184,-0.02344244859083587,42.71358949762018,52.77082428981109,145440.504,3,-0.015409263149834818,55.234019510317616,38.926762107452085,3
2023,1,2.0878860748532144,nnm,184,-0.08497633696757026,0.21051276393136992,89.91742095189893,145440.504,3,-0.0720534067150346,0.2984091120894389,85.70759603775709,3
2023,1,2.776950528347366,pnm,184,-0.07945940724438474,0.32496083805165665,88.29792483753577,145440.504,3,-0.06822335743137611,0.4401334699537974,84.1504749378545,3
2023,1,7.067197840631589,q5_19,184,-0.028973225153364156,3.232277435515136,54.2636627924616,145440.504,3,0.01244946106842133,9.890745333784832,-39.95285765059188,3
2023,1,11.891896700060855,u20m,184,-0.05366847621841009,2.7921400943317733,76.52064960909486,145440.504,3,-0.025107407754875764,6.0373019142690305,49.23179988404931,3
2019,2,5.843838799999986,hgap,184,-0.0048443538041145874,5.028958684641233,13.94426066918128,145440.504,3,-0.011384200729331172,4.106116482529754,29.73597282440844,3
2018,2,95.13633999999996,math,184,-0.019963062356921135,50.22400126159541,47.208394540303495,145440.504,3,-0.004344852137894151,82.78738976162397,12.980266256170877,3
2023,2,1.6825162100491222,nnm,184,-0.08100411126404278,0.18884653325317657,88.77594568627288,145440.504,3,-0.06483485488503801,0.29221931937196655,82.63200570510789,3
2023,2,2.3271125022247263,pnm,184,-0.07651011334603325,0.2948923717536848,87.32797097382414,145440.504,3,-0.06375375927757651,0.41614427211430566,82.11756966126603,3
2023,2,2.520536155003694,q5_19,184,-0.05268102042113852,0.607796040769631,75.8862399349816,145440.504,3,-0.056771610308570405,0.5442416944553353,78.40770133866468,3
2023,2,6.5161529175511435,u20m,184,-0.0690357984080415,1.0103710114364963,84.49436309704949,145440.504,3,-0.06121490745441802,1.2479243575899517,80.84875580146854,3
2019,3,6.486137879433244,hgap,184,-0.00596508222589367,5.391101460620165,16.882718794574295,145440.504,3,-0.012240404188422805,4.4380484246785805,31.576409456988362,3
2018,3,92.80690999999996,math,184,-0.02165876832765375,46.40654529806032,49.996670185376985,145440.504,3,-0.009793997489295622,67.8373669830016,26.904831781381763,3
2023,3,1.8905580780940332,nnm,184,-0.08329549413083676,0.1994670385441661,89.44930384020473,145440.504,3,-0.068979492112174,0.29358906657278,84.47077241505525,3
2023,3,2.558441643647602,pnm,184,-0.07815540529024485,0.31011949046797316,87.87857869504376,145440.504,3,-0.06626852693214058,0.42747824235369075,83.29146011928458,3
2023,3,4.847442614571262,q5_19,184,-0.03556827366044642,1.8554140544228874,61.723857259381056,145440.504,3,-0.007562674088510723,3.952147371404526,18.46943459372797,3
2023,3,9.2700626294631725,u20m,184,-0.059241316334603236,1.8725002963349653,79.80056477306238,145440.504,3,-0.038289851328154614,3.296839063346004,64.43563333792791,3
2023,1,0.8056715485704948,nnm,185,-0.0462526403875527,0.23110100383850143,71.31572980967933,33.761,3,-0.04204311146199378,0.25891818972170627,67.86305906158589,3
2023,1,0.7153782915836349,pnm,185,-0.046921676290397174,0.20152757528600035,71.82922970168995,33.761,3,-0.04331622816446241,0.2221323380213884,68.94896858979975,3
2023,1,1.275906869771859,q5_19,185,-0.029814965595678155,0.5704402345746936,55.29138935691346,33.761,3,-0.027017516563734405,0.6151951459414399,51.78369514920466,3
2023,1,2.7944403674312612,u20m,185,-0.039225693486468136,0.9690279106972094,65.32300628093307,33.761,3,-0.03562864957248309,1.0678617897106824,61.7862022694621,3
2023,2,0.6647953574262857,nnm,185,-0.04747856658031284,0.18448311882929086,72.24963791210789,33.761,3,-0.043358721923859575,0.20618911222135866,68.98457398685709,3
2023,2,0.6123060227446464,pnm,185,-0.04572465172258776,0.17815725194610874,70.90388705511612,33.761,3,-0.0417416032042731,0.19838486530270363,67.6003733535972,3
2023,2,0.9367376678376393,q5_19,185,0.011517680735621807,1.278420553767187,-36.47583498145077,33.761,3,0.012590778317405672,1.3160028628735227,-40.487877028728576,3
2023,2,2.2122360621456005,u20m,185,-0.025965932306737483,1.0973779193420579,50.39508042926782,33.761,3,-0.02104600529650953,1.2532769159271306,43.347957418630806,3
2023,3,0.7372129053262113,nnm,185,-0.046752275079539454,0.2086306167574096,71.70008619625398,33.761,3,-0.04300675526788331,0.2308329616653382,68.68842636942223,3
2023,3,0.6643802312451541,pnm,185,-0.046548990917336115,0.1890538449180684,71.54433018517852,33.761,3,-0.04277939915964288,0.2093088360449741,68.49562551662682,3
2023,3,1.1204843301726441,q5_19,185,-0.014279742342117976,0.7620127327798518,31.992557837694978,33.761,3,-0.010547186286277021,0.8428106166579632,24.78157936147996,3
2023,3,2.520017762718374,u20m,185,-0.03350984285128914,1.0196915638767257,59.53633426866119,33.761,3,-0.029138739166382766,1.1474246458639747,54.46759690192684,3
2019,1,3.0436817000000076,hgap,186,-0.012249589546592521,2.0820033770791944,31.595890034125805,6773.206,3,-0.018201480180859875,1.7312124177608181,43.121108302461,3
2022,1,135.34013999999996,math,186,0.008367659630414304,171.07219063769512,-26.401665195333152,6773.206,3,0.008367659630414304,171.07219063769512,-26.401665195333152,3
2023,1,3.5627281374114865,nnm,186,-0.03517863264095755,1.378096915693299,61.3190548775759,6773.206,3,-0.012427498196816256,2.547173035825015,28.50498445060495,3
2023,1,1.86086168946209,pnm,186,-0.03119775042266266,0.8014765162913459,56.929818006892035,6773.206,3,-0.04177150631177262,0.6024256546115938,67.62652173328722,3
2023,1,3.0424153739548876,q5_19,186,-0.02098918593339614,1.7262366818750068,43.26097952788602,6773.206,3,-0.027877150863786237,1.4332844911794924,52.889914261893125,3
2023,1,8.442894813892377,u20m,186,-0.029311670560685198,3.826345354449447,54.67969886165844,6773.206,3,-0.024679456968804026,4.336119826729852,48.641787890156166,3
2019,2,2.0761436999999887,hgap,186,-0.03753665745948985,0.6484799464480047,68.76517042399288,6773.206,3,-0.044118389825734815,0.5287931723942956,74.53003024818088,3
2022,2,146.28569999999996,math,186,0.022321211398077745,273.2960057770285,-86.8234596936191,6773.206,3,0.022321211398077745,273.2960057770285,-86.8234596936191,3
2023,2,2.6934114261925566,nnm,186,-0.03611124059573732,1.0159306431734718,62.28089651310326,6773.206,3,-0.045574618987502216,0.7868590579473007,70.78578302982788,3
2023,2,1.7761468486203746,pnm,186,-0.02818713567595036,0.8297703219192574,53.28256092317012,6773.206,3,-0.05121734245041269,0.4455606420656822,74.91420023002196,3
2023,2,1.8199452233750302,q5_19,186,-0.010080496590329812,1.3862926083900915,23.82778390333879,6773.206,3,-0.016852890201743454,1.1546281777764396,36.556981883486664,3
2023,2,6.276593959163801,u20m,186,-0.026860913925641293,3.0391649620976664,51.57939191429616,6773.206,3,-0.03926763791349708,2.174070564389493,65.3622557308274,3
2019,3,2.708184830852133,hgap,186,-0.0223715701065335,1.3535894733463856,50.01857118738541,6773.206,3,-0.024838902051903488,1.2539174901908328,53.698969290944355,3
2022,3,140.71675999999997,math,186,0.015399618511386493,216.57532188724684,-53.90868997214468,6773.206,3,0.015399618511386493,216.57532188724684,-53.90868997214468,3
2023,3,3.141825804083788,nnm,186,-0.03558764504892924,1.201940916864198,61.74387149975346,6773.206,3,-0.026955002130645545,1.5174314040614916,51.70224262309152,3
2023,3,1.819723294065656,pnm,186,-0.029795781474651662,0.8139945189220751,55.26822558261399,6773.206,3,-0.046179748929786955,0.5230026396479789,71.2592215886033,3
2023,3,2.4306895492831604,q5_19,186,-0.0171245292770843,1.530834010444853,37.020586981323284,6773.206,3,-0.023905448618493662,1.274721686311123,47.557198874407725,3
2023,3,7.3744753051585565,u20m,186,-0.02833189301185306,3.4317270353619262,53.46479724514934,6773.206,3,-0.03080428295363937,3.2101225528896586,56.46981757950794,3
2019,1,2.766907400000008,hgap,187,-0.03260709187944768,1.006934317946957,63.60795023545226,5518.057,3,-0.03667714460495932,0.8875758927272913,67.9217348319178,3
2022,1,115.95375999999999,math,187,0.020501566166809225,205.86803230307981,-77.5432140390099,5518.057,3,0.0574858047252631,579.8642493225921,-400.0823167119308,3
2023,1,2.987613921584658,nnm,187,-0.004084675403011407,2.6756405600894966,10.442224788191101,5518.057,3,-0.004535679361035605,2.643256570863704,11.526166357475795,3
2023,1,3.0496958802659346,pnm,187,-0.01478835854006053,2.0457330679140835,32.92009602820807,5518.057,3,-0.022527481784360502,1.6599705580253499,45.569308442630685,3
2023,1,3.06199654042838,q5_19,187,-0.028253888069742338,1.427910503752702,53.36668461575289,5518.057,3,-0.034767413078490336,1.197632886729367,60.887190076256076,3
2023,1,9.071736705495216,u20m,187,-0.016242995114373483,5.850943063652888,35.50360582986638,5518.057,3,-0.02105468708535705,5.138119582222319,43.36123557124518,3
2019,2,3.238410999999985,hgap,187,-0.01569324149860245,1.9909109363304704,38.521980800754456,5518.057,3,-0.02230841868185589,1.6217759241335394,49.92062699473455,3
2022,2,117.32254,math,187,0.012167317973219394,164.9449525475092,-40.59101733350572,5518.057,3,0.048350374903064264,454.29074081654744,-287.21522805127427,3
2023,2,2.185690367614546,nnm,187,-0.03274538960990857,0.9028545767518835,58.69247583603273,5518.057,3,-0.037116383621105406,0.8023497881224003,63.29078445827248,3
2023,2,2.799436159245605,pnm,187,-0.012363508642997113,2.0049182599930715,28.38135446055827,5518.057,3,0.013681096985235541,4.050367605568863,-44.68512140174542,3
2023,2,2.3121453659750157,q5_19,187,-0.01236915551977127,1.6556747412060442,28.392273013169415,5518.057,3,-0.032219396296162814,0.9687507960303986,58.10164835281094,3
2023,2,7.279641002314596,u20m,187,-0.01886603151229569,4.374090870956813,39.913371146103906,5518.057,3,-0.017389823908469236,4.551952685715953,37.47009386494968,3
2019,3,2.9848217863238062,hgap,187,-0.02409960697214073,1.4140419375675697,52.62558240339216,5518.057,3,-0.029993564644598347,1.1779074750042262,60.53675698826323,3
2022,3,116.59881000000001,math,187,0.016413753401859667,184.624524117294,-58.3416881504142,5518.057,3,0.052723821616120325,510.3037176581705,-337.6577408107085,3
2023,3,2.5960578191099226,nnm,187,-0.01680973985012597,1.6489374240240422,36.48302391857388,5518.057,3,-0.018619732851362425,1.5702915205327093,39.5124596619695,3
2023,3,2.9291793702489466,pnm,187,-0.01365598668560295,2.025893149650167,30.837518172265796,5518.057,3,-0.006385708047336358,2.465286894906772,15.836943276804142,3
2023,3,2.6975576825263303,q5_19,187,-0.021876491533174947,1.4943353562420831,44.6041370710338,5518.057,3,-0.033558907025424835,1.090085694473097,59.5899023203758,3
2023,3,8.200306419938741,u20m,187,-0.017354809007174544,5.132493885926251,37.41094999271269,5518.057,3,-0.019422820816061125,4.853768239261152,40.80991623118626,3
2019,1,2.804981699999985,hgap,188,-0.029985535002165675,1.1072123164957548,60.52693261792899,2118.395,3,-0.03214699456818915,1.0354542126746438,63.08517047813006,3
2022,1,96.89198999999996,math,188,0.02188697321240829,178.82936855037696,-84.56568860891083,2118.395,3,0.0763141018678275,820.8921242297904,-747.2239286547739,3
2023,1,1.3759201166147932,nnm,188,-9.533086621356157e-4,1.3409567465587842,2.5410901137218764,2118.395,3,0.0016308456625722888,1.4378594519039436,-4.501666524183187,3
2023,1,1.2300965774401096,pnm,188,-0.004969748716685482,1.0756331545717959,12.55701590437391,2118.395,3,-0.008680478725627378,0.9730885039697729,20.893324815615934,3
2023,1,2.5118880540067057,q5_19,188,-0.006474483324129243,2.109020524628512,16.038434863193082,2118.395,3,-0.04148817834270398,0.8194301395132807,67.37791964071768,3
2023,1,5.1096704626403255,u20m,188,-0.004648401668887114,4.506983435217038,11.795027327689152,2118.395,3,-0.022930484390929484,2.751130270963124,46.15836204940838,3
2019,2,3.1636453999999787,hgap,188,-0.022459248661384178,1.5769431561923397,50.15423801313667,2118.395,3,-0.021579954740693942,1.6205188461013678,48.77684945027725,3
2022,2,95.19067000000001,math,188,0.01588914421507237,148.5286651332461,-56.032797261796865,2118.395,3,0.069792634256022,671.8772713750359,-605.8226098997264,3
2023,2,0.9362084220689545,nnm,188,-0.04533406342919153,0.2752881623829939,70.59541915093794,2118.395,3,0.036745250211707506,2.524907937266639,-169.69506765243264,3
2023,2,0.8823798071847522,pnm,188,-0.02315815376673879,0.47217629962733476,46.48831537364603,2118.395,3,-0.05633733511789818,0.19277323222377196,78.1530322142323,3
2023,2,1.2689013116523595,q5_19,188,-0.029033525544819465,0.5794048791765759,54.33806602169269,2118.395,3,-0.0528745364560962,0.3043852630720282,76.01190413495132,3
2023,2,3.0843568887380934,u20m,188,-0.03266380192299301,1.2768811713725496,58.60138053301084,2118.395,3,-0.030768643150962394,1.3439187771511454,56.427909427142055,3
2019,3,2.857686270918691,hgap,188,-0.027894875200425263,1.2035447611411685,57.883943615887134,2118.395,3,-0.03465056416904968,0.976134213681732,65.84179923403826,3
2022,3,96.06441999999998,math,188,0.01896892475007652,163.3914574528368,-70.08530052316645,2118.395,3,0.0731463960749632,744.801766833658,-675.3149051788977,3
2023,3,1.1659197471831986,nnm,188,-0.02035019755384932,0.6730436612712131,42.27358590526908,2118.395,3,0.013887893920817351,1.6963576504873532,-45.495232805316576,3
2023,3,1.0583650408327872,pnm,188,-0.01307599365205026,0.7435446020784692,29.745921927523018,2118.395,3,-0.029092944184756615,0.48249525622055706,54.411262881387316,3
2023,3,1.9017718287903662,q5_19,188,-0.014619370353715255,1.2815406584392792,32.61333252294461,2118.395,3,-0.04624036517201122,0.5456901983555931,71.30622138289414,3
2023,3,4.120594912683351,u20m,188,-0.01586200466594594,2.6851146392694787,34.83672391565131,2118.395,3,-0.026371135749671558,2.0217771138402,50.93482478422978,3
2019,1,7.676307900000012,hgap,189,-0.001174548030875977,7.4018332085968,3.575608156666192,47911.584,3,-0.008085591438437855,5.974410039519651,22.1707868242278,3
2022,1,102.43034,math,189,0.01499043933583417,155.8533123110374,-52.15541831749987,47911.584,3,0.01614297105124951,160.9648707726428,-57.14569606294658,3
2023,1,1.515419305149289,nnm,189,-0.002190847232544596,1.4283776567511615,5.7437336387603155,47911.584,3,-0.00982713493292442,1.1622520280882231,23.30492134163978,3
2023,1,1.599243205070211,pnm,189,-0.013225308635804272,1.1190131573015374,30.028581409391716,47911.584,3,-0.023943628477909328,0.8378238123586801,47.61123200633531,3
2023,1,1.6479320716124013,q5_19,189,-0.019263721856944006,0.9796114376046374,40.55510815769565,47911.584,3,-0.02616716904444567,0.8130258677872033,50.66387251073359,3
2023,1,4.7550422993654085,u20m,189,-0.01202838857413797,3.4364504757255516,27.73039103807408,47911.584,3,-0.0203149022807279,2.7475324834671504,42.21854800673747,3
2019,2,8.33333669999999,hgap,189,0.004002098224000594,9.43408302222529,-13.208950530287598,47911.584,3,6.314346714944464e-4,8.498064358348644,-1.9767311015844946,3
2022,2,112.57846,math,189,0.007323174359157481,138.19963674228526,-22.758507037922932,47911.584,3,0.023550556182944993,217.68868112705113,-93.36619201137688,3
2023,2,1.2830277824744738,nnm,189,-0.010061960636764452,0.9777999328739376,23.789652396448304,47911.584,3,-0.023038168085416793,0.6887976079858793,46.31467709471964,3
2023,2,1.3650089365579987,pnm,189,-0.016922495160384826,0.8643768867400606,36.67610053017894,47911.584,3,-0.011542059696285134,0.9995254763666988,26.775169773825922,3
2023,2,1.0519387796673607,q5_19,189,-0.02707874083655342,0.5063682618453571,51.863333529211786,47911.584,3,-0.04374981505024787,0.3228362378249946,69.31035873332092,3
2023,2,3.6954404241033023,u20m,189,-0.01763560343435324,2.295471913530184,37.883671495335236,47911.584,3,-0.025075878047865395,1.8777064048518097,49.18856240775591,3
2019,3,7.909316873081622,hgap,189,0.0011372341204917368,8.193127338098195,-3.5883056599045524,47911.584,3,-0.004226283346505077,6.938090772658415,12.279519407404877,3
2022,3,107.45324,math,189,0.010985602927737138,146.15280122734796,-36.015257638902256,47911.584,3,0.019977323549198456,187.9960281173244,-74.95612800258459,3
2023,3,1.4029402246435076,nnm,189,-0.005730052934300367,1.2018460691013217,14.333765046424887,47911.584,3,-0.015676710411482376,0.9187869732392797,34.50989877542738,3
2023,3,1.485575603537237,pnm,189,-0.014906859696070068,0.9933393781020352,33.134377292085325,47911.584,3,-0.018563586038446135,0.8999514027358813,39.42069319171319,3
2023,3,1.3584425246417897,q5_19,189,-0.022298250376698282,0.7440002418085668,45.23137870667339,47911.584,3,-0.03302888855706969,0.5568601487591376,59.007456063996734,3
2023,3,4.240953127547797,u20m,189,-0.01444135341964543,2.871606116984833,32.28866175549429,47911.584,3,-0.02234491988981433,2.3197866058005996,45.300347916319794,3
2019,1,3.3256623000000047,hgap,190,-0.006375712527058419,2.729236101944937,17.934057768134387,10551.494,3,-0.015412115050540631,2.062447275849964,37.98386336911114,3
2022,1,97.75894,math,190,-0.005877506579555547,82.92482448306338,15.174177949286909,10551.494,3,0.05380183465411026,440.96081772307866,-351.0695571403277,3
2023,1,1.2973936252802207,nnm,190,-0.026694359440532,0.6310372678808703,51.36115550555644,10551.494,3,-0.02574270362057608,0.6474616924303555,50.095200113958334,3
2023,1,1.2202733402253418,pnm,190,-0.028334125429493106,0.5678224463509179,53.46760208282015,10551.494,3,-0.014300886410985763,0.8294030531001139,32.031371516569216,3
2023,1,2.1910998087407707,q5_19,190,-0.00857028034798607,1.7384710919076845,20.65760377630688,10551.494,3,-0.012916802604497946,1.5459675236051997,29.443308906422192,3
2023,1,4.701670608681097,u20m,190,-0.01909419896867357,2.807724930272213,40.28239823759516,10551.494,3,-0.016858551660604747,2.982425809411161,36.566679003321646,3
2019,2,3.687300399999998,hgap,190,1.1929113615187781e-4,3.700961373619759,-0.37048713524292864,10551.494,3,0.0018352378401884195,3.9031618851012984,-5.85418766264068,3
2022,2,99.92885999999999,math,190,-0.0010310139950139962,97.08531625647802,2.8455680806545405,10551.494,3,0.06328521977317458,587.8340537023204,-488.252536556827,3
2023,2,1.1344398597859628,nnm,190,-0.02728494516656669,0.5430496612814479,52.130590564412444,10551.494,3,-0.013369326399788517,0.7907030446897849,30.3001355365838,3
2023,2,1.0493424256774464,pnm,190,-0.0313229315036009,0.450428717647406,57.075144716786504,10551.494,3,-0.02083548391949549,0.5978625750201066,43.02502592191184,3
2023,2,1.34319799947491,q5_19,190,0.0010523356668448835,1.3819097238912075,-2.882056437802241,10551.494,3,-0.05274044351059114,0.32337629385752703,75.92489759633777,3
2023,2,3.522858216031266,u20m,190,-0.018735363342279054,2.124247969578109,39.70100868915425,10551.494,3,-0.031333147817858634,1.5117647276297592,57.08698349680213,3
2019,3,3.1374380318721933,hgap,190,-0.012918047231436502,2.1021215345023023,32.99878712670828,10551.494,3,-0.02400638394533585,1.4906446108886375,52.488476401902666,3
2022,3,98.82738999999998,math,190,-0.003485535640449555,89.638041045781,9.298382719829986,10551.494,3,0.05850793666555276,508.5670268533754,-414.6012930761153,3
2023,3,1.2192202030527028,nnm,190,-0.026872348371832257,0.5901716043858455,51.59433850356445,10551.494,3,-0.020072987006481975,0.7090996781079936,41.839900919248336,3
2023,3,1.1360783999554425,pnm,190,-0.029802155223603865,0.5081005798989411,55.27592286598627,10551.494,3,-0.017476398127101715,0.7087301598642419,37.616087068283434,3
2023,3,1.7801543456410496,q5_19,190,-0.005116378078766537,1.5504696165354146,12.902517675955982,10551.494,3,-0.029090798734908562,0.8115968970700719,54.40862197947176,3
2023,3,4.129877489613021,u20m,190,-0.018937314985926636,2.4767327160851806,40.02890588608583,10551.494,3,-0.02327711554171561,2.2028800621515376,46.659917450530656,3
2019,1,5.050478400000003,hgap,191,-0.01177627953447471,3.5057984788289938,30.584823829184348,8870.564,3,-0.011453468516364218,3.541057627894907,29.88668899376136,3
2022,1,67.24121000000002,math,191,0.04418756005983502,231.7219091643284,-244.61293775696228,8870.564,3,0.020549002959289187,119.54087779541491,-77.77918897565179,3
2023,1,2.4882009547183204,nnm,191,-0.023736549332248846,1.3108464967139064,47.31749884477067,8870.564,3,-0.023572509121248197,1.3166652244934138,47.08364603764616,3
2023,1,1.3575940654013685,pnm,191,-0.034212966874251856,0.539001975981386,60.29726486598689,8870.564,3,0.017877672595013598,2.199898501468854,-62.04390970274763,3
2023,1,2.0491227938237433,q5_19,191,-0.020954178806613856,1.1637516510518247,43.207324882652905,8870.564,3,-0.04269973251299033,0.6469534194569587,68.42778668965376,3
2023,1,5.883666262726628,u20m,191,-0.025256758168362658,2.9750106271121903,49.436108469321965,8870.564,3,-0.02188570116042432,3.2584973396111483,44.61791009027958,3
2019,2,6.031237499999975,hgap,191,-0.0019507331641059444,5.67732110751457,5.868055975003579,8870.564,3,-9.942784083762479e-4,5.848174626559771,3.035245643040986,3
2022,2,78.12248999999997,math,191,0.03307725383631892,197.24391044039405,-152.4803170513307,8870.564,3,0.031053593603521223,186.37832260274465,-138.57191777008734,3
2023,2,2.251818198500354,nnm,191,-0.01438452930499492,1.5270773607566095,32.18469582608405,8870.564,3,-0.025760703324974443,1.1232193574489442,50.11944755589168,3
2023,2,1.1326386156361723,pnm,191,-0.013106307386127669,0.7950738062174038,29.80339931542662,8870.564,3,-0.02923447493933421,0.5143862407527796,54.58514007454506,3
2023,2,1.2523365539267584,q5_19,191,-0.017972180421078267,0.7708682347505644,38.445601357440864,8870.564,3,-0.048841134594243385,0.33497493044499116,73.25200407233487,3
2023,2,4.630007586912566,u20m,191,-0.015034478736900914,3.0852342328434537,33.36438062079323,8870.564,3,-0.03303216507662019,1.8977899969361727,59.0110823511268,3
2019,3,5.407715214780296,hgap,191,-0.008578124303328516,4.145008436637067,23.35009755491591,8870.564,3,-0.009333318534506673,4.049096633556624,25.12370802201851,3
2022,3,72.60284000000001,math,191,0.03797551265380039,210.25443526554727,-189.59533162276742,8870.564,3,0.026584407630989126,152.83630599537003,-110.51009298723024,3
2023,3,2.375229969516476,nnm,191,-0.019556561435406315,1.4008330611242026,41.02326599519249,8870.564,3,-0.02438745733913008,1.2295311451521158,48.235279912605236,3
2023,3,1.2456907824002217,pnm,191,-0.025542087932419365,0.6250359237940791,49.82415117580403,8870.564,3,-0.0047168811493032755,1.0967315410334995,11.957962880619908,3
2023,3,1.6620829068264564,q5_19,191,-0.01979405813694145,0.9739766092829416,41.40023910464066,8870.564,3,-0.04526475104717522,0.4896439917870933,70.54033888586169,3
2023,3,5.274031503949672,u20m,191,-0.021033245679002797,2.988876092746919,43.32843687967017,8870.564,3,-0.026831241820483066,2.555764847801476,51.54058435397119,3
2019,1,2.8064210000000003,hgap,192,-0.041860811572411435,0.7666114786597996,72.68366083849146,37732.833,3,-0.05697182016139792,0.4798813376174767,82.90059340286162,3
2022,1,134.78053999999997,math,192,0.020515749286897478,239.38875156412885,-77.6137353093621,37732.833,3,0.020515749286897478,239.38875156412885,-77.6137353093621,3
2023,1,4.1363055005794624,nnm,192,-0.02997817525037867,1.8411534799698128,55.48797157966494,37732.833,3,-0.02768275894128811,1.9588714308914288,52.64200309631369,3
2023,1,3.3817535512226105,pnm,192,-0.03852416578873803,1.1951143854023423,64.65992073933741,37732.833,3,-0.03686187783740906,1.249975155467203,63.037662664232364,3
2023,1,10.720670085835327,q5_19,192,0.047834498297607844,39.005595715872204,-263.8354263639575,37732.833,3,0.15790750213464883,761.794031539134,-7005.843435529777,3
2023,1,18.144292501408366,u20m,192,0.005925676472604247,21.292381087084856,-17.35029671414377,37732.833,3,0.057331714471715055,85.3117623812292,-370.185113994427,3
2019,2,3.7385333999999943,hgap,192,-0.005893827766630078,3.1142387324545755,16.698919088041844,37732.833,3,-0.007797448983139566,2.935777947715626,21.472469719927332,3
2022,2,144.70394,math,192,0.0245726664833823,287.93205252005845,-98.98010553137563,37732.833,3,0.0245726664833823,287.93205252005845,-98.98010553137563,3
2023,2,3.163326093440066,nnm,192,-0.023865708431660672,1.660717781831974,47.500898333691225,37732.833,3,-0.024369961665669005,1.6382606017223635,48.21082135288867,3
2023,2,3.2568055153854303,pnm,192,-0.028357903024743725,1.514497089967246,53.49746606566983,37732.833,3,-0.030119296795497963,1.44415705473776,55.65725223948936,3
2023,2,2.8758222912173004,q5_19,192,-0.020574410895181684,1.650089540684431,42.62199212643392,37732.833,3,0.010975568639134403,3.8677734321809027,-34.492782950914595,3
2023,2,9.267218032274371,u20m,192,-0.024386848058229084,4.797228390856467,48.23442834570791,37732.833,3,-0.01618005396456281,5.987187522708125,35.39390675975342,3
2019,3,3.213882901748349,hgap,192,-0.024207062598148355,1.5174949138822849,52.783129931187936,37732.833,3,-0.030563800369659777,1.2460792493924826,61.22823116191891,3
2022,3,139.74813999999998,math,192,0.022978540389121838,265.93207881111937,-90.2938234534781,37732.833,3,0.022978540389121838,265.93207881111937,-90.2938234534781,3
2023,3,3.6758548681166854,nnm,192,-0.02716394877215318,1.7653678917901334,51.973950138716575,37732.833,3,-0.0256820172122052,1.837436250796034,50.01336242261818,3
2023,3,3.3101170787507295,pnm,192,-0.034174862074949706,1.3155598072326595,60.256396497940045,37732.833,3,-0.03441356453553004,1.3071083324211485,60.511719032171996,3
2023,3,6.910231787269239,q5_19,192,0.029765837776219994,15.435665926022832,-123.3740690791306,37732.833,3,0.11829804017785608,168.51929704590748,-2338.6923946078277,3
2023,3,13.835845619060706,u20m,192,-0.004978101640132815,12.095748035383478,12.576734603629962,37732.833,3,0.030337064309605387,31.38604820386455,-126.84589773556104,3
2019,1,5.574372899999986,hgap,193,-0.012338863670581101,3.8025620108204015,31.78493654738435,68682.965,3,-0.01490168221491297,3.5121475151026575,36.99475119250335,3
2022,1,84.55000999999999,math,193,0.005159200371911243,97.69015673068486,-15.541271645839991,68682.965,3,0.038234620943224495,246.63575695297126,-191.70399501191224,3
2023,1,2.8903860852914995,nnm,193,0.004869114287990972,3.296483098665412,-14.049922791991198,68682.965,3,-0.0018661936367342148,2.7483558455535113,4.913884704218131,3
2023,1,1.7761003077122473,pnm,193,-0.022495931133906955,0.9675675686946449,45.522920946906105,68682.965,3,6.175878783832633e-4,1.8059648560593249,-1.6814674383760144,3
2023,1,2.150388632513711,q5_19,193,-0.016131277856824923,1.3911129121049188,35.30876739806943,68682.965,3,-0.041519282344424965,0.7009126284320893,67.40530442570501,3
2023,1,6.801717689877362,u20m,193,-0.00957681594087394,5.251959007733246,22.784813378105063,68682.965,3,-0.014606846871889711,4.585000965082028,32.590542946149576,3
2019,2,6.4220658999999785,hgap,193,-0.005818002223617435,5.362239946662087,16.502881936136703,68682.965,3,-0.005487102700190638,5.417528274445803,15.641970063779304,3
2022,2,98.91985999999997,math,193,0.006409444875031589,118.36516727672151,-19.65763728003815,68682.965,3,0.03869511545430626,292.2978334718091,-195.48953412571467,3
2023,2,2.306600101263049,nnm,193,0.0022559585342341705,2.451464259906518,-6.280419330777986,68682.965,3,-0.011120484799529784,1.7083389653203758,25.93692489717126,3
2023,2,1.491443314269536,pnm,193,-0.019164475753717068,0.8889657888399598,40.3956033504801,68682.965,3,-0.002878407112858383,1.3799224836864816,7.477376412235549,3
2023,2,1.3873214188453442,q5_19,193,-0.011011307420639526,1.0305262054441187,25.718280461508563,68682.965,3,-0.030851981712729758,0.6031262978429665,56.52584255889718,3
2023,2,5.176660336710381,u20m,193,-0.007862362055446326,4.18654725557883,19.126483422335944,68682.965,3,-0.014294325695649058,3.5191283528814865,32.01933053390574,3
2019,3,5.925651073831887,hgap,193,-0.010550094817663558,4.272664458132194,27.895442966586465,68682.965,3,-0.010635012162170243,4.261431726439585,28.085004105989594,3
2022,3,91.61833999999999,math,193,0.005564816979532062,107.0660940758871,-16.86098446652396,68682.965,3,0.03760494669064718,262.58372336139,-186.60606965962276,3
2023,3,2.6063253248210714,nnm,193,0.0037386521906940364,2.8831542395799343,-10.621425964077133,68682.965,3,-0.005917032538187849,2.221497302728395,14.765156844688812,3
2023,3,1.6375320382239211,pnm,193,-0.021018573713394696,0.9283827021971724,43.30598238529104,68682.965,3,-9.134240755705236e-4,1.5976404205958548,2.4360816580622813,3
2023,3,1.77861000497892,q5_19,193,-0.014224596162737958,1.2113895228985991,31.891222948959154,68682.965,3,-0.03758891130418442,0.6446366578678712,63.7561547464976,3
2023,3,6.010658850639894,u20m,193,-0.008858064536126453,4.732088393059656,21.27171894715205,68682.965,3,-0.014489605226931879,4.064598739843544,32.376818567721124,3
2023,1,4.168762386721925,q5_19,194,-0.02716363167353808,2.0021090437542575,51.97353895412108,14.435,3,-0.031646055059603384,1.7738914904144443,57.44800672582036,3
2023,1,11.54812645839376,u20m,194,-0.030264799567864698,5.100678775366513,55.831114304614474,14.435,3,-0.03245488859755188,4.8078077946606665,58.36720517408165,3
2023,2,1.6859886047436712,q5_19,194,-0.014229943466373485,1.1481404426436785,31.901055593537908,14.435,3,-0.017383541407752046,1.0544259364809185,37.45948617243306,3
2023,2,5.562814504916802,u20m,194,-0.02693414232820428,2.6882282762152454,51.67503295608361,14.435,3,-0.028401652741112393,2.5837958105000722,53.55236439726089,3
2023,3,2.9179121168032562,q5_19,194,-0.023307191559056605,1.5551533528096386,46.703214813974576,14.435,3,-0.028163793073624578,1.3640332269321414,53.25310796452226,3
2023,3,8.58071997151355,u20m,194,-0.029110881664353893,3.90994777763951,54.43333670577953,14.435,3,-0.031301911610614755,3.685352610991698,57.05077635412405,3
2019,1,4.947123299999987,hgap,195,-0.024079406967327778,2.345138917801559,52.59590724570044,93.333,3,-0.02654390921947556,2.172644459042614,56.08267012381478,3
2023,1,5.480660148535812,nnm,195,-0.016422320293310744,3.5177546791743417,35.81512839992225,93.333,3,-0.01581086248937593,3.5763126069903888,34.746681785298804,3
2023,1,4.746503485267062,pnm,195,-0.022179116683428913,2.607969862397217,45.05492578922062,93.333,3,-0.02714160226782112,2.280933929710505,51.94496460836016,3
2023,1,3.496373688927301,q5_19,195,-0.07866791278629655,0.41798601551462977,88.04515613310004,93.333,3,-0.047215125625291156,0.9771823032852142,72.05154854071056,3
2023,1,13.661856318960886,u20m,195,-0.03775801045553253,4.929026268652317,63.921255255689765,93.333,3,-0.027973993399853646,6.41930539305608,53.012934383251306,3
2019,2,4.637523399999992,hgap,195,-0.013460845923346797,3.055350298730907,34.116768041948596,93.333,3,-0.01576143817188198,2.8450364812031363,38.651814000482645,3
2023,2,3.984333626376045,nnm,195,-0.01781551247647275,2.4629288739546653,38.18467264763607,93.333,3,-0.015500883732402526,2.6217609675090428,34.198257140086234,3
2023,2,4.459105286222842,pnm,195,-0.02053714810974443,2.56112121821709,42.56423533819427,93.333,3,-0.026328773936968464,2.1903716686449712,50.87867345468397,3
2023,2,4.39941743580774,q5_19,195,0.005201167952364893,5.062718874258461,-15.077028905054052,93.333,3,0.0022844560633342504,4.679318337383437,-6.362226491569719,3
2023,2,12.78802173542859,u20m,195,-0.011487485852975255,9.37781518181233,26.667193911380746,93.333,3,-0.01346659028213768,8.88985726087383,30.482935947434974,3
2019,3,4.851793034057124,hgap,195,-0.02238048692684482,2.4243252533717445,50.03238521605905,93.333,3,-0.025005007764764286,2.2348924222018347,53.93677334309142,3
2023,3,4.75215369053287,nnm,195,-0.016928947658635285,3.008724807609742,36.68713169770469,93.333,3,-0.015557300716741374,3.122240348228851,34.29841390759508,3
2023,3,4.597172979597941,pnm,195,-0.02146966750468058,2.5747708047513576,43.99230100372378,93.333,3,-0.02688519880108915,2.2245200339899855,51.611130495582586,3
2023,3,3.941450219317688,q5_19,195,-0.04099487720914392,1.3030231268471555,66.94051543615019,93.333,3,-0.021478927498184985,2.206963721256687,44.00630228843183,3
2023,3,13.232166618037056,u20m,195,-0.026030755049936304,6.552327590861753,50.48182372544998,93.333,3,-0.021188616974606146,7.467483577730569,43.565677539523435,3
2019,1,9.027411599999994,hgap,196,-0.007726855217086026,7.104533987970714,21.30043136649802,45538.403,3,-0.011859249170727981,6.250296843169991,30.76313432778455,3
2022,1,197.55867999999998,math,196,0.006548449678454027,237.31591901911565,-20.124268404261294,45538.403,3,0.005429857607300637,229.99824239659068,-16.420216209477964,3
2023,1,7.01319602914054,nnm,196,-0.0242526132357495,3.6436027697272144,48.04647189972054,45538.403,3,-0.023222431945569878,3.74637182717098,46.581104939824506,3
2023,1,3.9538630163667987,pnm,196,-0.04044870846258788,1.3265451770412777,66.4493895830453,45538.403,3,-0.03933433152686501,1.3670650309167327,65.42457274675826,3
2023,1,6.2449196181817435,q5_19,196,-0.03106390536150232,2.699435905641319,56.773888685739706,45538.403,3,-0.016963821556355764,3.9501165708496067,36.74671873519304,3
2023,1,17.115934211823337,u20m,196,-0.030430839353994443,7.526101602835097,56.02868350804818,45538.403,3,-0.024677963498962275,8.790792267087415,48.639716895996735,3
2019,2,9.140791799999988,hgap,196,-0.010306798863696365,6.6408252947062145,27.349561832201196,45538.403,3,-0.01119814145004927,6.459840499173574,29.329530302029386,3
2022,2,208.55462,math,196,0.0047450372539468155,238.18841412606236,-14.209128585145876,45538.403,3,-2.2820530810951922e-4,207.22625687603968,0.6369377594993174,3
2023,2,5.701996365132196,nnm,196,-0.024370961635734247,2.952937355991882,48.212219599978276,45538.403,3,-0.022759408646663103,3.0842617312401566,45.9090898391225,3
2023,2,3.937694045371809,pnm,196,-0.033412071621258345,1.5975470362974313,59.4293762316268,45538.403,3,-0.03243645094886385,1.640188392447753,58.34647452166688,3
2023,2,3.8065499537863756,q5_19,196,-0.018402455923510398,2.3160356326706495,39.15656800019428,45538.403,3,-0.012072096639866636,2.7477342024620626,27.815627383823216,3
2023,2,13.387179151459483,u20m,196,-0.0253675800266679,6.7488546465154045,49.58717911995942,45538.403,3,-0.022611997977537168,7.270125279683803,45.69337425434239,3
2019,3,9.062828886377815,hgap,196,-0.009060906197737095,6.843458402828121,24.488716617893918,45538.403,3,-0.011647729572416754,6.316098513281179,30.307649052330675,3
2022,3,203.06441999999998,math,196,0.005518585535672571,236.9960948564519,-16.70980807787593,45538.403,3,0.0023810061337876665,217.06382622192808,-6.894071458667205,3
2023,3,6.377163430844562,nnm,196,-0.02429751055684315,3.3091475224831095,48.10941324668448,45538.403,3,-0.023002633500946425,3.4268870745252435,46.263144865468774,3
2023,3,3.942695320371614,pnm,196,-0.03718845302443254,1.4445189350735368,63.36214650901847,45538.403,3,-0.036071351643358396,1.4887518532459292,62.24025109032243,3
2023,3,5.058272614954951,q5_19,196,-0.026538627028254623,2.4706520775570864,51.15620952788267,45538.403,3,-0.015064268250123547,3.367901337362701,33.41795522437068,3
2023,3,15.300914676066535,u20m,196,-0.028310112927021524,7.124500086047084,53.43742359931513,45538.403,3,-0.02377137759750756,8.05332793623041,47.36701624232108,3
2023,1,5.424533394418396,q5_19,197,-0.017911361131286906,3.344526519852676,38.34443855956265,107.946,3,-0.012261481437150579,3.895694179504493,28.183792111723577,3
2023,1,20.864410675334067,u20m,197,-0.020246126317566393,12.0781671912651,42.11115099673568,107.946,3,-0.019096855265458235,12.458832097522976,40.28668103119815,3
2023,2,3.2305425502358043,q5_19,197,-5.757631075974379e-4,3.1807101562419122,1.5425394718993775,107.946,3,0.0022317182304165684,3.431187762093758,-6.21088280800722,3
2023,2,16.23360549150188,u20m,197,-0.010699697143497212,12.160484065888369,25.090676422719195,107.946,3,-0.009963039768028458,12.404774426921225,23.585832898212335,3
2023,3,4.3540620658770735,q5_19,197,-0.011831747506816348,3.163414666787652,27.34566896555205,107.946,3,-0.007623252792132806,3.544089875172469,18.602679025923464,3
2023,3,18.60255220925677,u20m,197,-0.0162607703073546,11.9922185892725,35.53455217126023,107.946,3,-0.015361947061818527,12.28680861061295,33.95095214677619,3
2019,1,9.385264299999989,hgap,198,-0.017015661590334342,5.538121269978323,40.99131262634416,399.452,3,-0.020172890145614363,5.0217638527974,46.493101395158305,3
2023,1,7.911269535290819,nnm,198,-0.008769794893904947,6.2432682562014366,21.08386361567779,399.452,3,-0.010033936302404812,6.033769780185673,23.73196547949657,3
2023,1,5.760937158751478,pnm,198,-0.019232112402858027,3.4275068389456673,40.50435294648339,399.452,3,-0.016960942327234198,3.6442650757038764,36.74180128544105,3
2023,1,9.37054398944015,q5_19,198,-0.006173597584867662,7.931831887958505,15.353560082562538,399.452,3,-0.004193833370126488,8.367353536328475,10.705786710378728,3
2023,1,22.869485417558177,u20m,198,-0.010379912799783009,17.279932581971426,24.441095781260298,399.452,3,-0.009374451766791924,17.75546418138399,22.36176784392302,3
2019,2,6.9007048,hgap,198,-0.011600996125864693,4.816235813536301,30.206610004005658,399.452,3,-0.013837539660989417,4.493625431994602,34.88164524883601,3
2023,2,6.6587792092899205,nnm,198,-0.008453312064665597,5.299946573820585,20.40663299923769,399.452,3,-0.00867593248662688,5.268185462267223,20.88361399763228,3
2023,2,5.108722907941288,pnm,198,-0.01951177634384509,3.016603385159487,40.95190834346666,399.452,3,-0.017625357976749134,3.1742290610410984,37.866486042785816,3
2023,2,3.657499524099661,q5_19,198,-0.02957762264115187,1.6457297658238053,55.003965004508856,399.452,3,-0.009065482393890933,2.86340563866064,21.71138725259293,3
2023,2,15.34806857035087,u20m,198,-0.017377443838465113,9.600341362564954,37.44918900668241,399.452,3,-0.011713929096197884,11.186565557023501,27.114180486308797,3
2019,3,8.294365766359903,hgap,198,-0.014389195559285462,5.309572898703266,35.98578784362622,399.452,3,-0.016884021518389948,4.9144104334290875,40.750015470009295,3
2023,3,7.293540764867449,nnm,198,-0.008614607607139524,5.779948221006874,20.752506809195605,399.452,3,-0.009401048440527226,5.6585112175093615,22.41750063609608,3
2023,3,5.43919527567005,pnm,198,-0.019369635198984558,3.224090749275101,40.72485752264286,399.452,3,-0.01730338391644093,3.4090707843904213,37.3239861484756,3
2023,3,6.530962692499975,q5_19,198,-0.013227272033678683,4.569564996541274,30.03229061790738,399.452,3,-0.005369152135620015,5.64961415045056,13.49492538154502,3
2023,3,19.141129806283907,u20m,198,-0.01321515857811555,13.396991022943965,30.009403005324057,399.452,3,-0.010251685408881795,14.512987044194618,24.179046947217813,3
2019,1,6.754030099999994,hgap,199,-0.019029004359646606,3.7443208176631377,44.561680030665826,282.349,3,-0.021622060463408487,3.455114179224809,48.84366625454021,3
2023,1,7.65064097320362,nnm,199,-0.024715227842251775,3.9254393447354285,48.69136640336039,282.349,3,-0.030764191722869327,3.3339448922002815,56.42267224566637,3
2023,1,3.738560851539563,pnm,199,-0.031283944371046576,1.6064619918270044,57.02993596679179,282.349,3,-0.03174738877355652,1.586485577815255,57.56427029502729,3
2023,1,4.735642555134811,q5_19,199,-0.03042581374405784,2.0826069486688197,56.02271657072874,282.349,3,-0.029277973468217235,2.148161021070169,54.63844671424918,3
2023,1,16.042442254896482,u20m,199,-0.027789963900386773,7.575420230405608,52.77888422448,282.349,3,-0.030388428788150446,7.062155198632697,55.97830376184036,3
2019,2,4.697456599999981,hgap,199,-0.014959919314313086,2.954305844790056,37.10839510917317,282.349,3,-0.01796633809706516,2.6914086877767436,42.704980227454264,3
2023,2,5.924083716005655,nnm,199,-0.02354462207960386,3.1371703519335186,47.0437876585449,282.349,3,-0.030668059995606622,2.5882666591409293,56.30941790798861,3
2023,2,3.665419503116385,pnm,199,-0.03589483534422113,1.3906652593029172,62.05986086666052,282.349,3,-0.03920662043913463,1.2717120187105522,65.30514399158604,3
2023,2,2.4044954825583886,q5_19,199,-0.03390177445852518,0.9627054246441363,59.962269356405045,282.349,3,-0.034017783534837996,0.9596947129380621,60.08748114107726,3
2023,2,11.949278744340152,u20m,199,-0.029426816638799026,5.398638926685182,54.820378349259954,282.349,3,-0.03384088130828422,4.792092315400563,59.89638857767573,3
2019,3,5.73274371250136,hgap,199,-0.019685229750163024,3.1141371851634805,45.67806723380115,282.349,3,-0.024762250052474944,2.6606341520150614,53.588817406697736,3
2023,3,6.801030923900647,nnm,199,-0.024385499636257246,3.5207207140725503,48.23254366187642,282.349,3,-0.030958398198647475,2.9482077866558436,56.65057519007816,3
2023,3,3.7036837183173077,pnm,199,-0.033276032658526876,1.5081368912166093,59.28008421027376,282.349,3,-0.034996901585135465,1.4396666318350329,61.12879118929961,3
2023,3,3.5870548684205916,q5_19,199,-0.031294636659151755,1.5409148601962406,57.042339280560896,282.349,3,-0.031089804132461964,1.5494604651299297,56.804104705201524,3
2023,3,14.028990009189002,u20m,199,-0.028406201277736944,6.515333957728831,53.55806830383883,282.349,3,-0.03190375778253829,5.928222632946694,57.74305470982799,3
2019,1,13.258853799999997,hgap,200,-0.010834633626967748,9.476280606203138,28.528659044395376,411.115,3,-0.012687751161197802,8.947241339960527,32.51874200497988,3
2023,1,5.723465274777244,nnm,200,-0.04589686859051454,1.6575804639736003,71.0388657151744,411.115,3,-0.05195835217736087,1.4073365275339709,75.41111092722154,3
2023,1,5.646611337674079,pnm,200,-0.05286161773927676,1.3549870851402455,76.0035354992507,411.115,3,-0.05354309541782123,1.3302834312113696,76.44103070569521,3
2023,1,5.718648138366533,q5_19,200,-0.03325202024928757,2.3301389273727873,59.253675501735536,411.115,3,-0.03664952374384911,2.1259001165076628,62.82512815843742,3
2023,1,16.991569915775994,u20m,200,-0.04397684645035112,5.18278460101268,69.49790615756658,411.115,3,-0.04719773185071645,4.751111419772658,72.0384199734161,3
2019,2,12.241145199999977,hgap,200,-0.005644539732480558,10.276113281650352,16.052680417103694,411.115,3,-0.007056691878480947,9.83596323518758,19.648341111192785,3
2023,2,5.074338604128346,nnm,200,-0.04915507868486284,1.345827502863882,73.47777497999537,411.115,3,-0.04490024129945906,1.5096678761122242,70.2489724496509,3
2023,2,4.298681143256822,pnm,200,-0.04923485527823919,1.1376527769958387,73.53484152272073,411.115,3,-0.061413040491420066,0.8188586254850417,80.95093359577149,3
2023,2,3.0249586958903674,q5_19,200,-0.042730492391881134,0.9542535592775243,68.45399705543255,411.115,3,-0.04313293648386116,0.9439407799334512,68.79492003590445,3
2023,2,12.347878465326033,u20m,200,-0.04740920434731018,3.4330042304210022,72.19761888602005,411.115,3,-0.050133455347673016,3.1895536001453006,74.16921773969628,3
2019,3,12.813668194218394,hgap,200,-0.009217661666950327,9.62886075548749,24.854767506527974,411.115,3,-0.010491624688763856,9.256000681550768,27.764629602886608,3
2023,3,5.414846734005152,nnm,200,-0.047515303540780596,1.5011498490529898,72.27714979214846,411.115,3,-0.048192983255585006,1.473932543071248,72.77979201488797,3
2023,3,4.981603393154677,pnm,200,-0.051247244187896016,1.2486665384116438,74.93444499962679,411.115,3,-0.057492117949242916,1.0549196691928429,78.82369217424194,3
2023,3,4.396840233497401,q5_19,200,-0.03622992235014697,1.6531428781098583,62.40157043880372,411.115,3,-0.038599714657571525,1.5506804869719129,64.73193464802229,3
2023,3,14.720722814678622,u20m,200,-0.04532551371798834,4.329566172851301,70.5886305492138,411.115,3,-0.0483459615281336,3.9904948872137807,72.89199085227868,3
2019,1,15.680392000000012,hgap,201,-0.009477769979346417,11.688437966934888,25.458254060645427,12244.161,3,-0.010444233866706832,11.343441831668903,27.658429510761632,3
2023,1,19.440915915486976,nnm,201,-0.021901546453849896,10.762180239131272,44.64159875020122,12244.161,3,-0.026183059615281758,9.587280799760162,50.68503540966007,3
2023,1,25.303357171246432,pnm,201,-0.02775610701674989,11.959455156327113,52.735697973242516,12244.161,3,-0.023232083176563202,13.51325202821681,46.59502319489587,3
2023,1,21.000469060021288,q5_19,201,-0.00926172673806631,16.354092171369196,22.125110040982022,12244.161,3,-0.008732621194803513,16.58940106541634,21.004616525458108,3
2023,1,64.32350154500011,u20m,201,-0.019943926198008555,37.54120221251382,41.63688028356114,12244.161,3,-0.019165314435121948,38.338766831620035,40.396953040874806,3
2019,2,14.785984099999979,hgap,201,-0.008869317031630786,11.23159606555474,24.038900694105603,12244.161,3,-0.009185115193161054,11.122178087328246,24.77891216366003,3
2023,2,15.89497836872801,nnm,201,-0.026690885478698644,7.731859002123178,51.356593115376995,12244.161,3,-0.030849207804001733,6.910725484355156,56.522586416654654,3
2023,2,22.90726162317702,pnm,201,-0.035406171616472505,8.806475719702446,61.55596480902692,12244.161,3,-0.03238034987782399,9.556146070100926,58.28333291294737,3
2023,2,13.070096609795744,q5_19,201,-0.0167421025687716,8.316904663495691,36.366922817828616,12244.161,3,-0.017846823079257668,8.07249574207814,38.23690839417373,3
2023,2,51.005836106813305,u20m,201,-0.027806460906906104,24.07479915451445,52.79991273136181,12244.161,3,-0.027850238161904083,24.046359892445107,52.855669609868386,3
2019,3,15.287799417592112,hgap,201,-0.009078268216377383,11.537801964134566,24.529347560266363,12244.161,3,-0.009822236773515857,11.274750388159203,26.250011004297825,3
2023,3,17.686811324424102,nnm,201,-0.024090044452294367,9.229344602789576,47.81792809626135,12244.161,3,-0.02827090771495371,8.244157194726062,53.388109119807666,3
2023,3,24.13967075319279,pnm,201,-0.03134013524228876,10.35710673328804,57.09507872257049,12244.161,3,-0.02751774894757313,11.483111088710366,52.430539728088156,3
2023,3,17.106106007453104,q5_19,201,-0.012104413361149957,12.337165790541974,27.878584493942164,12244.161,3,-0.01217002236437903,12.315330549140517,28.00623038478338,3
2023,3,57.79744956368405,u20m,201,-0.02340026392551433,30.72687022830803,46.8369790358108,12244.161,3,-0.02294612182795479,31.105957494671117,46.18108977214114,3
2023,1,4.354272012411453,q5_19,202,-0.025782148282378615,2.1706777183096975,50.14832072680853,29.919999999999998,3,-0.0024849724267124616,4.071710492040153,6.489294182032827,3
2023,1,17.882550326875023,u20m,202,-0.02604972064288762,8.850579507479344,50.507174056833854,29.919999999999998,3,-0.002464549694334828,16.73132236735627,6.4377168718972655,3
2023,2,2.9705948940501603,q5_19,202,-0.004315090619654649,2.6438991731515045,10.997653081306998,29.919999999999998,3,-0.013921758377133341,2.0398469032254614,31.3320403495241,3
2023,2,14.77461517403611,u20m,202,-0.004177439446801312,13.19871731993844,10.666253134410189,29.919999999999998,3,-0.013559174852263656,10.245235786270522,30.656496527403352,3
2023,3,3.6825174761093704,q5_19,202,-0.017695978345800188,2.2837188750186876,37.98484624079863,29.919999999999998,3,-0.007185047864998273,3.0331458726120757,17.633904189461298,3
2023,3,16.36831466995514,u20m,202,-0.017040690313800778,10.332030169714116,36.87786202767061,29.919999999999998,3,-0.007553704074960166,13.348411963217503,18.449686284934515,3
2019,1,8.052924100000013,hgap,203,-0.022452737980980998,4.01485161998887,50.14417657321688,211140.731,3,-0.02013974619531762,4.313299410180634,46.43809681280086,3
2022,1,197.8236,math,203,0.0075556284969669815,244.43106402276854,-23.5601131628221,211140.731,3,0.0065320454837429764,237.52502778098366,-20.069105900905484,3
2023,1,9.140814624257546,nnm,203,-0.017304733452291908,5.728889490011356,37.3262698621166,211140.731,3,-0.027392768062214846,4.362934019083997,52.26974620505038,3
2023,1,6.180223077544178,pnm,203,-0.025160962071028515,3.133054450823571,49.30515595452347,211140.731,3,-0.005947081230231088,5.263431414845095,14.834281080083384,3
2023,1,10.021528738190732,q5_19,203,-0.030460327275635236,4.403091096745893,56.06367838904368,211140.731,3,-0.03960159579811249,3.4400725667627206,65.67317565379965,3
2023,1,25.133100085818704,u20m,203,-0.024358599637655944,13.020219765139359,48.19493130301904,211140.731,3,-0.027192982346625972,12.060976793906189,52.011583319514294,3
2019,2,7.950239099999976,hgap,203,-0.01643528099442033,4.77650110877252,39.920031980264156,211140.731,3,-0.01691732177756995,4.705655242954999,40.81114814578327,3
2022,2,205.94475999999997,math,203,0.0028757353148879615,223.21346735670605,-8.385116162560326,211140.731,3,0.005673143981745232,241.4001690561336,-17.21598017649666,3
2023,2,6.990581145422603,nnm,203,-0.018998447213246304,4.1854139740408565,40.1278107360009,211140.731,3,-0.027278769714945604,3.346907917941778,52.12260828796306,3
2023,2,5.254788269707933,pnm,203,-0.021809833557529124,2.9161790248899297,44.50434774507072,211140.731,3,-0.00482428464297695,4.613025936085454,12.21290565258396,3
2023,2,3.6923516407705304,q5_19,203,-0.026683626833770256,1.7964376697190538,51.347058880227124,211140.731,3,-0.02776492271757962,1.7447488899806833,52.746946669018115,3
2023,2,15.855908457180877,u20m,203,-0.021621203068692064,8.844269377611857,44.22098612958102,211140.731,3,-0.020161822459789747,9.199719530453013,41.979234079857385,3
2019,3,8.036986761257424,hgap,203,-0.019678304117171218,4.366783969281866,45.666403354897874,211140.731,3,-0.01872735148848559,4.497430959493823,44.040831556749026,3
2022,3,201.90206,math,203,0.0049847505141828565,232.14350645341028,-14.978275334788696,211140.731,3,0.006113888860618255,239.60017974645027,-18.671488416933567,3
2023,3,8.085830240147121,nnm,203,-0.018059330585414868,4.965486362460464,38.59027193266777,211140.731,3,-0.02735230156505315,3.863606348386043,52.217567848471866,3
2023,3,5.7306956742275705,pnm,203,-0.02361898483965035,3.028672309478483,47.150006183381706,211140.731,3,-0.005447842750398291,4.946821149224891,13.678522985053407,3
2023,3,6.9189008945237385,q5_19,203,-0.029382927897949763,3.1296396605472423,54.766808944693366,211140.731,3,-0.03644720746047834,2.5861811426131305,62.6215032988827,3
2023,3,20.593814807112754,u20m,203,-0.023306139290512284,10.976153081161725,46.70170056413857,211140.731,3,-0.024535888020041075,10.617693440747617,48.44231853012271,3
2023,1,5.23574508427771,q5_19,204,-0.010823233802672139,3.909001024848632,25.340119468633507,39.009,3,-0.014808582852073825,3.510215475600853,32.95671544167433,3
2023,1,19.85224951477793,u20m,204,-0.01736030775342199,12.423489771768939,37.42024165815091,39.009,3,-0.02258336198870481,10.789425700580495,45.651369671991624,3
2023,2,1.620439705912191,q5_19,204,-0.009832966867600507,1.2426018287923561,23.31699696948239,39.009,3,-0.014216014774391484,1.1039174118057202,31.87544048827821,3
2023,2,12.123676269658269,u20m,204,-0.018380086131712315,7.380917339780968,39.11980841773982,39.009,3,-0.023873327690032566,6.363511894324208,47.51169733680477,3
2023,3,3.453845916693621,q5_19,204,-0.008814450345123893,2.722357435882205,21.17895524163024,39.009,3,-0.01298031285632848,2.43274420223459,29.564194208076753,3
2023,3,16.07065223534432,u20m,204,-0.017399455933055384,10.046350717464119,37.486353569588815,39.009,3,-0.022736933783433066,8.698038616926215,45.87625636129101,3
2023,1,3.536460328387392,q5_19,205,-0.026294932766826283,1.738744211206523,50.83377021793479,73.05499999999999,3,-0.025937113908988518,1.7556238153936454,50.356467982939286,3
2023,1,5.316576065583778,u20m,205,-0.045344306135864376,1.5628846272773727,70.60354995399163,73.05499999999999,3,-0.04885807064436358,1.4214274199987071,73.26423242206297,3
2023,2,5.365450488603374,q5_19,205,-0.0012425898839319993,5.18842619764577,3.299336958445841,73.05499999999999,3,6.746240282969662e-4,5.464076863207205,-1.8381750947720212,3
2023,2,6.734334755884586,u20m,205,-0.02130800323011852,3.788245350132646,43.747296689960244,73.05499999999999,3,-0.02083379078176715,3.837060887646552,43.022421267465845,3
2023,3,4.442473281122017,q5_19,205,-0.012030750982600513,3.2103532894980447,27.735000610128168,73.05499999999999,3,-0.010616408657484477,3.3353186862483657,24.92203159844378,3
2023,3,6.02039529545384,u20m,205,-0.03272738780180939,2.4880852784970062,58.67239348260362,73.05499999999999,3,-0.03391381586147672,2.4096461056752165,59.97528422270206,3
2019,1,10.906521699999985,hgap,206,-0.010313270592553093,7.9220462950709125,27.364135762266688,19658.834,3,-0.013948120728312752,7.0778429190686225,35.10448964614785,3
2022,1,160.93754,math,206,0.0103808157821061,215.2239645026446,-33.731362181032836,19658.834,3,0.002240533774503506,171.3573745087451,-6.474458668092654,3
2023,1,3.4969561475482385,nnm,206,-0.04760492167601491,0.9671129679201163,72.3441493940903,19658.834,3,-0.08034317883444983,0.3995673626681095,88.57385263614898,3
2023,1,2.1071590060565137,pnm,206,-0.05250255656701567,0.5105695407886438,75.76976681298676,19658.834,3,-0.04513553916049047,0.6229313494654258,70.43738286123819,3
2023,1,4.516474016128091,q5_19,206,-0.009142974756640655,3.52849447650491,21.875018788886162,19658.834,3,0.010332442990428037,5.969765012465149,-32.177556898311195,3
2023,1,10.087942966901075,u20m,206,-0.03330348259312168,4.104758518858293,59.31025252297558,19658.834,3,-0.03650549543927575,3.7647918275190237,62.68028239382945,3
2019,2,10.943463499999979,hgap,206,-0.0065503123856246685,8.932378005334435,18.377047583386627,19658.834,3,-0.00855109037644084,8.395186750397402,23.285834046986878,3
2022,2,177.22429999999997,math,206,0.004132247437474756,198.96304226213942,-12.266231133168226,19658.834,3,0.01490548757310095,269.0157193120404,-51.7939240341423,3
2023,2,2.857430575660725,nnm,206,-0.04970816517096861,0.7466209601898445,73.87089763266765,19658.834,3,-0.0726343865850454,0.4020392264513602,85.93004393961886,3
2023,2,1.6073315074959238,pnm,206,-0.06995021988096714,0.24314906642602346,84.87250045855025,19658.834,3,-0.08776579846690791,0.15030312308081709,90.64890332953307,3
2023,2,2.966906185577489,q5_19,206,-0.001219500633932258,2.870807084662323,3.2390340275104146,19658.834,3,0.015155973575543191,4.467062385182456,-50.56298061925308,3
2023,2,7.41384252681776,u20m,206,-0.038512667616168804,2.6208713501906824,64.64894768522096,19658.834,3,-0.045836928391570456,2.1506105916886167,70.99195749155301,3
2019,3,10.95530095038302,hgap,206,-0.008128754882407963,8.515023234997114,22.274857865046492,19658.834,3,-0.010847808183410291,7.826703328438349,28.55784278418466,3
2022,3,168.89688,math,206,0.006693961429844552,203.7144526156227,-20.614692595637454,19658.834,3,0.008598076008174749,214.87027617548412,-27.219801914330276,3
2023,3,3.183765096834545,nnm,206,-0.04853707267202469,0.8586134373563513,73.03150793976519,19658.834,3,-0.07710903615370306,0.39697598670669887,87.53124132488946,3
2023,3,1.8623733321315727,pnm,206,-0.06023770859152959,0.36620335958381667,80.33673736271342,19658.834,3,-0.06399647743108905,0.33086222422338696,82.23437704379607,3
2023,3,3.757015654436202,q5_19,206,-0.006184335032515187,3.179258162814115,15.378096467069113,19658.834,3,0.012237538905144386,5.228050649101411,-39.154348290464085,3
2023,3,8.778288579813442,u20m,206,-0.03549941996045618,3.3662424663364274,61.65263381660247,19658.834,3,-0.040386975631487146,2.9500824644872568,66.39342124988613,3
2019,1,11.929525299999995,hgap,207,-0.016582527286489013,7.1346136363975194,40.193650149704425,52321.152,3,-0.018717273088300866,6.677749163104788,44.023345479599335,3
2022,1,193.25164,math,207,0.0013642955240264598,200.77672073872887,-3.89392852693455,52321.152,3,0.018167386206953573,321.39792194339117,-66.31057927549341,3
2023,1,6.698103929378016,nnm,207,-0.03534938996186967,2.5789722368564583,61.4969808762591,52321.152,3,-0.04604113249426485,1.9323056232850657,71.15145355075882,3
2023,1,6.4995206740732225,pnm,207,-0.032118142284777315,2.730647034374895,57.98694747956529,52321.152,3,-0.021249379868169972,3.661947740114823,43.65818767647837,3
2023,1,10.297672058708018,q5_19,207,-0.019948921312152156,6.0092321633599894,41.64475107479847,52321.152,3,-0.02225718956685476,5.646149100614128,45.17062625004089,3
2023,1,23.316305690716298,u20m,207,-0.027686065461512664,11.041149572884141,52.64623084230568,52321.152,3,-0.028813345079534612,10.7101577515406,54.06580316106855,3
2019,2,12.3974786,hgap,207,-0.009405898477111175,9.26190971794828,25.29198866333772,52321.152,3,-0.012070100200558365,8.5277027155575,31.214217094454195,3
2022,2,202.19479,math,207,-0.0066507734004679795,167.83978849245563,16.991041909410416,52321.152,3,0.0036951846695130186,224.2354711997237,-10.900716680050794,3
2023,2,5.401909941479488,nnm,207,-0.027379144271631593,2.5792939238919654,52.25218576699295,52321.152,3,-0.029639251537183497,2.426604105234679,55.07877525684786,3
2023,2,5.296109195507714,pnm,207,-0.03850197536253057,1.872770906140086,64.63874068667968,52321.152,3,-0.03771162298588715,1.913164383179252,63.876039700955495,3
2023,2,4.812953325463165,q5_19,207,-0.008353146914527664,3.841165844979327,20.191084657782753,52321.152,3,-0.017034833270685334,3.0385195126249553,36.8678790930816,3
2023,2,15.431011985041376,u20m,207,-0.02586502284717369,7.675424741860718,50.25974479638033,52321.152,3,-0.02850268854477962,7.147814595925889,53.67889933042052,3
2019,3,12.200635615076493,hgap,207,-0.013011945931140235,8.150813401299757,33.193534677589376,52321.152,3,-0.015428119780771254,7.56260975851738,38.01462483501959,3
2022,3,197.89659999999998,math,207,-0.0030889111333585184,181.4999104529774,8.285483200329157,52321.152,3,0.010626390105492156,266.475843246916,-34.65407856775509,3
2023,3,6.064342497958424,nnm,207,-0.03192525785283364,2.5611187256801973,57.7675778282245,52321.152,3,-0.0389955248180319,2.116041142203193,65.1068332153805,3
2023,3,5.910731594320762,pnm,207,-0.03499727412675875,2.2975497099639743,61.1291821782004,52321.152,3,-0.028706398190024317,2.7228982928382,53.932973450283946,3
2023,3,7.610601396662142,q5_19,207,-0.016385990083958957,4.88964871577178,35.752137565419176,52321.152,3,-0.02055476501104305,4.369128409594511,42.59154852715419,3
2023,3,19.458966072257944,u20m,207,-0.026954312420959692,9.398419238885552,51.70134320607819,52321.152,3,-0.028665318220442694,8.974115271040024,53.88184943785812,3
2019,1,9.741020300000002,hgap,208,-0.016740091993465135,5.79736215921558,40.485062337714474,5105.527,3,-0.016794345472886364,5.7876200148363885,40.585073877359775,3
2022,1,188.55885999999998,math,208,0.015769695141819983,293.2312880875462,-55.51180574996382,5105.527,3,0.026899811136922525,400.45641119686667,-112.37740363771117,3
2023,1,4.802915864988794,nnm,208,-0.028704681619038587,2.212663075525846,53.93083831313359,5105.527,3,-0.02248710048607081,2.617112189735653,45.50993056502856,3
2023,1,3.2730636005812164,pnm,208,-0.019101573887644396,1.9542059207021472,40.29428819057693,5105.527,3,-0.023391209259086887,1.7404849429250446,46.823980364574126,3
2023,1,6.015731490232379,q5_19,208,-0.0010411026506695897,5.848985231380542,2.771836793623173,5105.527,3,-0.033122534367585346,2.4597741213006765,59.11097220189163,3
2023,1,14.02750235152006,u20m,208,-0.015334838649809912,9.271815551130079,33.90259136099622,5105.527,3,-0.027174037332858347,6.735020463856506,51.98703022761083,3
2019,2,10.003536699999984,hgap,208,-0.01357345426092924,6.567686360718353,34.346356117048444,5105.527,3,-0.014752262645500558,6.332015300905604,36.70223351201766,3
2022,2,203.72264,math,208,0.009814997058352226,268.158809703651,-31.629361225463693,5105.527,3,0.021425117735244248,371.17095717519453,-82.1942603802869,3
2023,2,4.196873580195505,nnm,208,-0.023539289341442293,2.222825312915819,47.036162266001064,5105.527,3,-0.019516416303140847,2.4778633149041895,40.959305360139965,3
2023,2,2.931501512356993,pnm,208,-0.0188782977251857,1.7608571626772311,39.93326780645382,5105.527,3,-0.019889402002924016,1.7134363222271685,41.5508975518308,3
2023,2,2.7649206301333384,q5_19,208,-0.017531949333179586,1.7222805217772128,37.70958547572645,5105.527,3,-0.016695955009217788,1.7615976344039774,36.287587599973016,3
2023,2,9.861317207294661,u20m,208,-0.020443718886928242,5.67822872976463,42.419165610408484,5105.527,3,-0.018779703651336365,5.939160254649076,39.77315474391462,3
2019,3,9.858999494355032,hgap,208,-0.015247674182563875,6.145418179190967,37.666918608631136,5105.527,3,-0.015941529356201477,6.014644721503468,38.99335602007817,3
2022,3,196.01738999999998,math,208,0.012148667502057542,275.43896732555777,-40.51761801621672,5105.527,3,0.023736030283256326,381.0048968678795,-94.37300785806788,3
2023,3,4.506818953369399,nnm,208,-0.026379863083150813,2.2107576162350764,50.94638504210904,5105.527,3,-0.02114677903678248,2.5462674425136598,43.50189193621783,3
2023,3,3.105767272692739,pnm,208,-0.019013091962998097,1.8587557469360962,40.15148001335812,5105.527,3,-0.02175045732148497,1.726331170520567,44.41530807220412,3
2023,3,4.425801364962623,q5_19,208,-0.006380750174230676,3.7253883699487953,15.825676239307288,5105.527,3,-0.02835156173071094,2.058462190916276,53.48950345552482,3
2023,3,11.99076061422588,u20m,208,-0.017426736355529337,7.490342490194197,37.532382380250105,5105.527,3,-0.023879481333569697,6.292701113885785,47.52041745858806,3
2019,1,10.223996,hgap,209,-0.019181492494970344,5.641281404337448,44.823125866467,11019.932,3,-0.020228554259029873,5.461111412083403,46.58535261473691,3
2023,1,3.2745358471390045,nnm,209,0.0013988412117131644,3.400576056642333,-3.8491015333807153,11019.932,3,-0.028437553831829065,1.5194708959954568,53.597365644262716,3
2023,1,3.453044635638003,pnm,209,-0.0036246195101683476,3.131122661929653,9.322844262882516,11019.932,3,-0.011969839196073861,2.499449947474688,27.6160544906227,3
2023,1,4.0726617691030365,q5_19,209,-0.014316715568652105,2.7669495355148226,32.06041423557213,11019.932,3,-0.04532158751799638,1.197952584499565,70.5855125611523,3
2023,1,10.761582023677052,u20m,209,-0.00633666888511808,9.069276679324432,15.725432753560781,11019.932,3,-0.029910700001193023,4.798933338708163,55.40680423984309,3
2019,2,10.226277399999987,hgap,209,-0.0066803766791404765,8.313402289261745,18.705488184177792,11019.932,3,-0.00889666998381058,7.761408719388248,24.103283963446383,3
2023,2,2.064785497758937,nnm,209,-0.016077851104367723,1.337663407319699,35.2153815119506,11019.932,3,-0.05815606788923731,0.4294768292669979,79.19992998143678,3
2023,2,2.6109695136319333,pnm,209,-0.016560355238785927,1.669613265514846,36.053896577583316,11019.932,3,-0.04688839985278117,0.7361913684985615,71.80390791026518,3
2023,2,3.117949130493236,q5_19,209,0.0017434862775341786,3.268233370365323,-4.819970871311582,11019.932,3,0.023032277577169323,5.806900491571392,-86.24102730799795,3
2023,2,7.7737510927756714,u20m,209,-0.009469801941119283,6.019885032808524,22.561386890777296,11019.932,3,-0.02514574827412881,3.9425101352025638,49.284327628312795,3
2019,3,10.211057395787947,hgap,209,-0.01316889905097791,6.7885360938396015,33.51779516350709,11019.932,3,-0.015163860612737334,6.3814255481013324,37.504752928588324,3
2023,3,2.6783486974819417,nnm,209,-0.0058584826090046,2.2864980619737953,14.630306945340836,11019.932,3,-0.040618626850216596,0.8944891748633107,66.602960409738,3
2023,3,3.058585198769559,pnm,209,-0.008799344411448317,2.4117922820263247,21.14680071699272,11019.932,3,-0.02669071231975644,1.487806999065397,51.35636569274159,3
2023,3,3.6068400909663456,q5_19,209,-0.007833220277253639,2.9192744824106494,19.062824833231893,11019.932,3,-0.01922452261362966,2.146352645075235,40.49215959279793,3
2023,3,9.314919373439757,u20m,209,-0.007566086137318439,7.593806818211713,18.476945277009754,11019.932,3,-0.027896172976718602,4.38601328120956,52.91410365058351,3
2023,1,7.299280997398516,q5_19,210,0.002837141688408318,7.88040008968465,-7.961319649061956,185.438,3,-0.009572347256137004,5.6368335124311155,22.775496457252455,3
2023,1,19.282259208582285,u20m,210,-0.010910589115260994,14.362197125342163,25.516004271171013,185.438,3,-0.010351619101184983,14.58059806743955,24.383352024694737,3
2023,2,2.8317797977130965,q5_19,210,-0.010048499265024846,2.1588937497509635,23.761948174979775,185.438,3,-0.0066509418516723425,2.366305759509181,16.437508261759106,3
2023,2,11.091377030781446,u20m,210,-0.019550258156645527,6.542445283294275,41.013227977578495,185.438,3,-0.009780410891354573,8.51727852850435,23.208105676448515,3
2023,3,5.111652709248404,q5_19,210,-7.328210472077323e-4,5.011506708571554,1.9591706708802454,185.438,3,-0.009254315940613544,3.9814905052487117,22.10952637597844,3
2023,3,15.279855481587056,u20m,210,-0.014035436514785227,10.460210050899857,31.542480467142497,185.438,3,-0.01031150038143629,11.566636791148559,24.301399282951987,3
2019,1,3.6297548999999947,hgap,211,-0.033661994131389775,1.2784434806997076,64.77879317141469,66.532,3,-0.036367702995726114,1.1755855130597719,67.61253733524065,3
2023,1,18.592749861880034,nnm,211,0.03400474919505285,46.56736345030723,-150.45979640581524,66.532,3,0.032179372456382624,44.327921854929315,-138.4150928949626,3
2023,1,16.3984820140457,pnm,211,0.016838206602293314,25.837330084918325,-57.55927934541757,66.532,3,0.011647363906119867,22.458464834698663,-36.95453527626788,3
2023,1,11.962121359002097,q5_19,211,0.009704058786050584,15.545243244789502,-29.953900134033713,66.532,3,0.014107426149119728,17.5077844891511,-46.36019785884894,3
2023,1,46.23353816408804,u20m,211,0.021014497688593137,81.5402616796784,-76.36604274213843,66.532,3,0.019891229596656235,79.10441337698983,-71.09746845729035,3
2019,2,3.472749399999998,hgap,211,-0.02343775783842339,1.6792984577511647,51.64354624174248,66.532,3,-0.025254537344859072,1.587334122927758,54.29171702030216,3
2023,2,16.17615528231543,nnm,211,0.03388026162197692,40.378817395755846,-149.61937302802698,66.532,3,0.03219950658598982,38.58736686467851,-138.54473570035591,3
2023,2,14.750503485294274,pnm,211,0.016964122589620968,23.319933893419442,-58.095850197036214,66.532,3,0.010988260923428772,19.84516224340171,-34.53888040626293,3
2023,2,4.351623088072132,q5_19,211,-0.03472159968119555,1.7041487305924892,60.83877909225209,66.532,3,-0.025723213358390805,2.1728119072877914,50.06893144667094,3
2023,2,34.90613258375219,u20m,211,0.015667010867870434,53.285903735298525,-52.65484827758202,66.532,3,0.015191421438494057,52.60603838470411,-50.70715227040282,3
2019,3,3.665926371094656,hgap,211,-0.028852313682718744,1.498791835836683,59.11560451256037,66.532,3,-0.03690416027081293,1.1677187936508429,68.1466926652387,3
2023,3,17.398775897617064,nnm,211,0.033919817724953824,43.47712473462095,-149.88611262344943,66.532,3,0.03217762048380033,41.47934556422599,-138.40381535063622,3
2023,3,15.582172717623632,pnm,211,0.0168718565201595,24.57347507740507,-57.70249452832829,66.532,3,0.011320842262884679,21.153179546841702,-35.75243921482909,3
2023,3,8.129984467023842,q5_19,211,-0.00427121216572548,7.244454535323225,10.892147891455746,66.532,3,0.0024376444598660286,8.683072263010427,-6.803060918873497,3
2023,3,40.57389187723581,u20m,211,0.01867251998279973,67.17376987450447,-65.5590991314113,66.532,3,0.01781721981610849,65.64029350071442,-61.77963331524094,3
2019,1,9.132544300000006,hgap,212,-0.016028131199492666,5.556521390650598,39.156918290003865,11331.269,3,-0.020940417612834317,4.771646313658625,47.75118349375408,3
2022,1,243.73474,math,212,-0.006458580230182547,203.41337861333207,16.543132664087164,11331.269,3,-0.013317845161302966,167.86848379479457,31.12656661303408,3
2023,1,20.887492263439864,nnm,212,-0.004523440869429285,18.486072672535258,11.496926297408608,11331.269,3,-0.012086011049159495,15.071841855884127,27.842741168766725,3
2023,1,13.947485957595319,pnm,212,-0.017337494104668984,8.733681023054048,37.381682622896015,11331.269,3,-0.021607785000377168,7.78258915363055,44.20077440986832,3
2023,1,6.943774351032661,q5_19,212,-0.0320318507517201,2.924096403281628,57.8889483520333,11331.269,3,0.082312222102677,64.08917533076787,-822.9731856311934,3
2023,1,41.247561254673215,u20m,212,-0.013650979962658783,28.531693754179315,30.82816805091291,11331.269,3,-0.002716741316039606,38.330271952644566,7.07263463169748,3
2019,2,9.151808499999987,hgap,212,-0.0115868998911965,6.3901491763799205,30.17610479524425,11331.269,3,-0.013653450003054601,5.9936139451340615,34.508966778161174,3
2022,2,239.49291999999997,math,212,-0.006617332848287535,198.98680879704116,16.913281279028546,11331.269,3,-0.014628783094973175,159.00218244069382,33.60881714553656,3
2023,2,16.10681297413066,nnm,212,-0.005668631603317031,13.821001667704413,14.19158035855705,11331.269,3,-0.014017782845530301,11.031581578027481,31.509842476314628,3
2023,2,12.753998409545165,pnm,212,-0.016635725479469253,8.139105098772186,36.1838943567624,11331.269,3,-0.02219597211847768,7.0045054378595974,45.079925424662235,3
2023,2,3.2936885460911336,q5_19,212,-0.025719583471320216,1.644735073452628,50.06403761507572,11331.269,3,0.09956063040567269,48.43124175812917,-1370.4256665556961,3
2023,2,31.8546917489696,u20m,212,-0.012166502317210393,22.93557311188539,27.999387680066675,11331.269,3,-0.008396351455534034,25.393244892256753,20.28412928190352,3
2019,3,9.15535671507871,hgap,212,-0.014139783826492325,5.906218876796064,35.488926749641266,11331.269,3,-0.017560298128469397,5.312007899871163,41.9792361435532,3
2022,3,241.4862,math,212,-0.00659255121454689,200.78223134721304,16.855608582514012,11331.269,3,-0.014095553431276775,162.73723299737307,32.61013134606736,3
2023,3,18.52240140687949,nnm,212,-0.005049362038822824,16.161762477735806,12.744777943679091,11331.269,3,-0.012906419769357491,13.072457717820367,29.423526514412618,3
2023,3,13.378058613350618,pnm,212,-0.01695764507046138,8.463472336765449,36.736169414601484,11331.269,3,-0.021871709865224975,7.4118478571147826,44.59698472453889,3
2023,3,5.1576574717717705,q5_19,212,-0.03000143207602819,2.2943368144692617,55.51591343499773,11331.269,3,0.08775039677010424,55.13271126450061,-968.9486761431115,3
2023,3,36.64707010974222,u20m,212,-0.013016524293069676,25.787434200477993,29.633026260337548,11331.269,3,-0.005122441018930335,31.913450771243195,12.916774313263973,3
2019,1,16.46274059999999,hgap,213,-0.0050099617137408185,14.094587647006998,14.384925393242199,17980.079999999998,3,-0.005593708345934178,13.841823859637838,15.920294221012952,3
2023,1,6.804125575053219,nnm,213,-0.024740523732279106,3.488720289186514,48.726397672940855,17980.079999999998,3,-0.024833461681130632,3.4799769320246385,48.854898493001144,3
2023,1,6.226279484266017,pnm,213,-0.04619369143515566,1.788807670647852,71.27003895073744,17980.079999999998,3,-0.043934649136572856,1.9013105930286303,69.46313447969537,3
2023,1,8.926556171858113,q5_19,213,-0.023213853635218974,4.769572247526471,46.56873092264811,17980.079999999998,3,-0.027807365847545108,4.213239358192434,52.801065975755535,3
2023,1,21.79865836908135,u20m,213,-0.030459192159608506,9.577822185780546,56.06233180219256,17980.079999999998,3,-0.03136546689907087,9.346302578333583,57.12441371350571,3
2019,2,15.112276899999983,hgap,213,-0.010318822350617696,10.975043915319269,27.376635645689625,17980.079999999998,3,-0.010684398907135951,10.851367263289866,28.19502094161683,3
2023,2,4.747665411346578,nnm,213,-0.02961673156152178,2.1340066150599712,55.0514530792366,17980.079999999998,3,-0.029180621228222892,2.15928302066134,54.51905655565345,3
2023,2,5.752455502724629,pnm,213,-0.03722344270219478,2.1055860872853973,63.396742725118095,17980.079999999998,3,-0.0341257023490527,2.2892696674293886,60.20360928745847,3
2023,2,5.314182014051538,q5_19,213,-0.026732966090072606,2.5820638321979166,51.41182922657652,17980.079999999998,3,-0.030174096062701893,2.3529703408814493,55.72281237902986,3
2023,2,15.731337774606668,u20m,213,-0.03132562141427484,6.752163562700269,57.07826213229286,17980.079999999998,3,-0.031147421862171943,6.78472912075365,56.87125139665188,3
2019,3,15.81701888555196,hgap,213,-0.007557012890777637,12.513638197881535,20.884976565893172,17980.079999999998,3,-0.008017015504334691,12.336459000613143,22.005157293692875,3
2023,3,5.792745568094693,nnm,213,-0.026705654184141236,2.81666541296774,51.375986052600325,17980.079999999998,3,-0.026540920812089343,2.8292212826418925,51.15923443583146,3
2023,3,6.001107933681027,pnm,213,-0.04207723281322913,1.9267965819825594,67.89265243558651,17980.079999999998,3,-0.039418469986863915,2.070200408206158,65.50302992240442,3
2023,3,7.157609484917504,q5_19,213,-0.02448012970053228,3.69585733238537,48.36464129297259,17980.079999999998,3,-0.02864899067591038,3.302412645868447,53.86151405958537,3
2023,3,18.83253311681987,u20m,213,-0.030810460420152185,8.196468804022235,56.47707744264241,17980.079999999998,3,-0.031275934865805335,8.094101753379375,57.0206424001968,3
2019,1,13.112707300000011,hgap,214,-0.014532340899436402,8.35683038836556,36.26922192974174,6309.629,3,-0.01726987434863858,7.676898912126116,41.45450869534692,3
2022,1,233.83504,math,214,,,,6309.629,3,,,,3
2023,1,6.206885592980627,nnm,214,-0.020599947006408482,3.5589326630250655,42.661539193667984,6309.629,3,-0.02399073535773839,3.2475777171943223,47.67782217756662,3
2023,1,6.288311134127644,pnm,214,-0.0544401492422556,1.4460106733175933,77.00478487029899,6309.629,3,-0.049907643755482976,1.6342535456927507,74.01124863521142,3
2023,1,11.783372778417235,q5_19,214,-0.04045320929923411,3.9529130974398115,66.45346649237744,6309.629,3,-0.06137520783053292,2.246916517800727,80.93146537877301,3
2023,1,24.092763031561383,u20m,214,-0.039369897262038475,8.32218033651637,65.45775872358699,6309.629,3,-0.04903798304165345,6.410171105674792,73.39379008842819,3
2019,2,13.971640499999978,hgap,214,-0.011598659601203608,9.751987875987494,30.201554527633967,6309.629,3,-0.01268798472549939,9.428170507088717,32.519230600810744,3
2022,2,240.28627999999998,math,214,,,,6309.629,3,,,,3
2023,2,4.628703121057909,nnm,214,-0.025038645359422886,2.3542761212694776,49.13745687082653,6309.629,3,-0.026672345847120128,2.252686237744871,51.332237587317756,3
2023,2,5.752069118461267,pnm,214,-0.04692332393416019,1.6203300945354735,71.83048288945236,6309.629,3,-0.0424636692504504,1.8276675060281142,68.22591195640861,3
2023,2,5.667243437405767,q5_19,214,-0.018421394992199015,3.4463826319483952,39.187672631087665,6309.629,3,-0.02484459010226998,2.897646629631907,48.870263618703284,3
2023,2,15.962711581498755,u20m,214,-0.031156234482056087,6.882879835906871,56.88151226208756,6309.629,3,-0.03167075595356437,6.787923418639983,57.47637621600966,3
2019,3,13.499282198233743,hgap,214,-0.014187550526221893,8.695646057374434,35.58438197171566,6309.629,3,-0.015556678235488963,8.334299656266884,38.26116430577805,3
2022,3,237.12432,math,214,,,,6309.629,3,,,,3
2023,3,5.4244995668943545,nnm,214,-0.022784554578501592,2.9321697436530973,45.94580186625715,6309.629,3,-0.02530051861493523,2.7395992397419286,49.49581604796017,3
2023,3,6.038102923286215,pnm,214,-0.05088560457373918,1.5283344589995598,74.68849937775208,6309.629,3,-0.04629542766745924,1.7299860243064655,71.34884836701447,3
2023,3,8.823440975616714,q5_19,214,-0.03376134813611089,3.5461252465749733,59.810177725735656,6309.629,3,-0.05038166067184653,2.263940975449417,74.34174511162094,3
2023,3,20.152439182827276,u20m,214,-0.036214713850504586,7.5801126298253045,62.38612824454208,6309.629,3,-0.04243191388366681,6.408746240299837,68.19865733294958,3
2023,1,3.396991843069075,q5_19,215,-0.007727362641841218,2.757298777357653,18.83116284240116,3.498,3,-0.012148601523890168,2.4470373472651032,27.964579830892905,3
2023,1,13.977148065445256,u20m,215,-0.007674281410636396,11.361359913984591,18.71474881150825,3.498,3,-0.012064865407947867,10.091286704080618,27.80153249554096,3
2023,2,2.6435793876276037,q5_19,215,-0.01178730929665075,1.922980789101202,27.258443680523623,3.498,3,-0.016402164055736267,1.6977017047632952,35.78018830420509,3
2023,2,13.237872965116582,u20m,215,-0.011100544541943647,9.809655765405969,25.897039567794504,3.498,3,-0.015447579700991287,8.723296744441148,34.10348650853423,3
2023,3,2.9908780131563395,q5_19,215,-0.009696368107714504,2.3019694871300413,23.033655100472583,3.498,3,-0.014878463028098431,2.001403115678059,33.08309108983238,3
2023,3,13.581265240780516,u20m,215,-0.009445051233779722,10.524174076025789,22.50961976337218,3.498,3,-0.013749279297939943,9.36950949258985,31.011512355594164,3
2023,1,3.355102643032515,q5_19,216,-0.10112062188006636,0.21876122806649342,93.47974558928051,303.409,3,-0.06907225213358328,0.5197182487362219,84.50961702124042,3
2023,1,17.34676306776739,u20m,216,-0.03684152234360831,6.415293948082672,63.01734264184914,303.409,3,-0.023300497270365296,9.246938243122544,46.69358077355311,3
2023,2,1.3667524780851537,q5_19,216,-0.10337981260401952,0.08384231317874169,93.86558176969935,303.409,3,-0.17658910415084875,0.01161487888638811,99.15018417214353,3
2023,2,9.424884907860086,u20m,216,-0.03218288480920104,3.9527661779879955,58.06032416701979,303.409,3,-0.044874540587244646,2.8059465303724163,70.22832047495523,3
2023,3,2.371112550063059,q5_19,216,-0.10213615934192077,0.15042103350288302,93.65609896928417,303.409,3,-0.1055272340010945,0.13726031554428939,94.2111429699683,3
2023,3,13.454100754683228,u20m,216,-0.03536349636701761,5.178262350864675,61.51164284196269,303.409,3,-0.030755750312504392,5.86427400403419,56.412739052865355,3
2019,1,5.082478299999991,hgap,217,-0.02736135879102024,2.1762362077045436,57.181593717684,117.094,3,-0.0325339895519853,1.8538143380634093,63.52538606877255,3
2023,1,12.357510704264175,nnm,217,0.016830877991822035,19.466552534474225,-57.5281057839339,117.094,3,0.01158376180729137,16.895133150783543,-36.71955100919784,3
2023,1,5.081460774624014,pnm,217,-0.007459760124053738,4.154471611742666,18.242572441188173,117.094,3,-0.002354396214140175,4.768491829162587,6.159034957513456,3
2023,1,5.57109272528622,q5_19,217,-0.03023576618442625,2.462619271950678,55.796476680898195,117.094,3,-0.028356320105983414,2.5908100108508685,53.495478560397444,3
2023,1,22.850465703459943,u20m,217,-0.0018600314440968102,21.731235489251247,4.898063036147334,117.094,3,-0.0017909162275176805,21.771826245175923,4.720426586844991,3
2019,2,4.372525299999978,hgap,217,-0.018251508373516613,2.4831898275215623,43.20925192767725,117.094,3,-0.021741526794365428,2.2285549778346465,49.03277111204691,3
2023,2,9.772596366201189,nnm,217,0.012019288995533329,13.519092998742636,-38.33675813623917,117.094,3,0.006609280773103432,11.681808006142779,-19.5363807978876,3
2023,2,5.023960379928583,pnm,217,3.196214090820382e-4,5.067503657090835,-0.8667121925605591,117.094,3,0.0061416960555055414,5.9301193333369095,-18.036745612655654,3
2023,2,4.479595140636006,q5_19,217,-0.009423677967723209,3.4732590713563587,22.464888850128744,117.094,3,-0.029203675220366154,2.0360943551321737,54.54735771404796,3
2023,2,19.16099210141098,u20m,217,0.0035887202244284655,21.11053061126074,-10.174517579944094,117.094,3,-0.0023836392808734173,17.966668484801467,6.233099049821981,3
2019,3,4.665967253067862,hgap,217,-0.024193388539251015,2.2040577882376384,52.7631106543134,117.094,3,-0.029141850743140907,1.890606699023534,59.480926537140505,3
2023,3,11.121802464717911,nnm,217,0.014984584351475183,16.668007196701193,-49.86785864591378,117.094,3,0.009710874739172936,14.455876148830868,-29.97781784643053,3
2023,3,5.021467665000556,pnm,217,-0.0043567415858898565,4.464200914080181,11.097686734189361,117.094,3,0.0010076362173446984,5.159957961106907,-2.7579645104881036,3
2023,3,5.03635050872886,q5_19,217,-0.02197312154785853,2.782660355703707,44.74847707916915,117.094,3,-0.028839030137054154,2.311803372462996,54.097647325057224,3
2023,3,21.04275096921604,u20m,217,4.403594761174023e-4,21.29443635627978,-1.1960669374072546,117.094,3,-0.0021025297440719903,19.881463708775208,5.518704574985033,3
2023,1,2.6894010121993883,q5_19,218,-0.02224194302708642,1.475188878837034,45.148050731540906,376.52,3,-0.049555725312966814,0.7056145973309088,73.76313185983899,3
2023,1,13.657848534445737,u20m,218,-0.0050639291425047086,11.91249981858951,12.779089704021652,376.52,3,-0.006226561010967746,11.544362162105568,15.47451904309714,3
2023,2,1.487217844760913,q5_19,218,0.0021780154148825005,1.5772984983188707,-6.0569911714876685,376.52,3,0.029228669060969104,3.2742250688741685,-120.15773145867121,3
2023,2,8.760237357333779,u20m,218,-5.5038894865289126e-5,8.747228873219226,0.1484946535570964,376.52,3,0.00992945512740544,11.453762614135554,-30.747172101984727,3
2023,3,2.10432211262479,q5_19,218,-0.014182929928970611,1.434841328220517,31.814558255494816,376.52,3,-0.02522349129325434,1.064983295001411,49.390671294471055,3
2023,3,11.262104876818446,u20m,218,-0.003117763827307085,10.352871448822695,8.073388038387815,376.52,3,-1.869147866595533e-4,11.205411597989084,0.5033986048741029,3
2019,1,19.424882499999995,hgap,219,-0.009798834515921317,14.336245450237119,26.19648818860489,18124.842,3,-0.01203705309667864,13.37525290425074,31.14371268783354,3
2022,1,230.02634,math,219,,,,18124.842,3,,,,3
2023,1,10.866531228618545,nnm,219,-0.043878303773248195,3.323350079052267,69.41664263293373,18124.842,3,-0.030209728516117362,4.80676771770038,55.76538992460558,3
2023,1,13.03479338491831,pnm,219,-0.028072101353743627,6.108464668869092,53.13723441188726,18124.842,3,-0.03867592786191345,4.587669423241696,64.80443312166511,3
2023,1,11.016011204121767,q5_19,219,-0.020410633927233503,6.348779961944677,42.36770602076723,18124.842,3,-0.022905839495140867,5.935148875837729,46.12252324491986,3
2023,1,34.51395590930473,u20m,219,-0.03060942377514748,15.10324043923643,56.2401931586037,18124.842,3,-0.030788432515271504,15.030419037350292,56.451184335846605,3
2019,2,19.447242799999998,hgap,219,-0.005011327882238348,16.649066308918982,14.388551219615648,18124.842,3,-0.0061519229642034825,16.070667079887524,17.362747793288587,3
2022,2,242.51333999999997,math,219,,,,18124.842,3,,,,3
2023,2,8.145095620975038,nnm,219,-0.03501617597416788,3.1644498914463943,61.14901483418579,18124.842,3,-0.032705622907864565,3.368151788840549,58.64810008900359,3
2023,2,10.993479103618476,pnm,219,-0.03855250806550918,3.8821323230988427,64.68695408880117,18124.842,3,-0.03981494222223425,3.752036833983238,65.8703418761376,3
2023,2,6.87068649360234,q5_19,219,-0.013321939622739021,4.794990167292716,30.210901461482997,18124.842,3,-0.021561036845262428,3.8386319216185694,44.13030014987697,3
2023,2,25.788838354280696,u20m,219,-0.031029995283237355,11.157722998521667,56.734293940503946,18124.842,3,-0.032611843357333026,10.691211039357249,58.54326242817133,3
2019,3,19.497369530741878,hgap,219,-0.007412145859175956,15.49477761327883,20.528881658380044,18124.842,3,-0.009161772781242927,14.676749931932571,24.72446137520522,3
2022,3,236.39394,math,219,,,,18124.842,3,,,,3
2023,3,9.519899387781656,nnm,219,-0.04024607079410507,3.2115072293533222,66.26532383866218,18124.842,3,-0.03149242983325129,4.067744523600081,57.27113955825163,3
2023,3,12.044815101874606,pnm,219,-0.03281667268399917,4.965848220416612,58.77190161562756,18124.842,3,-0.03891818302736079,4.211603034869458,65.03389218308564,3
2023,3,8.968554099686553,q5_19,219,-0.017795421407973987,5.5469492512244285,38.15113127969768,18124.842,3,-0.022408691912513844,4.897328187465476,45.39445117873978,3
2023,3,30.226227235977344,u20m,219,-0.03075013783045586,13.176781158622852,56.40613346895329,18124.842,3,-0.031529634425869625,12.902355215127244,57.314040173131595,3
2019,1,11.632147900000007,hgap,220,-0.0128393542742129,7.812715925417904,32.83513936907646,826.36,3,-0.01536531842030131,7.224281369375889,37.89383154786155,3
2023,1,18.148082198136777,nnm,220,-0.01732725671832802,11.367165266174586,37.36437193709852,826.36,3,-0.012543910677148684,12.934256093227468,28.72935028608478,3
2023,1,10.818711337934662,pnm,220,-0.050379825199309725,2.7760301011456963,74.34047351451329,826.36,3,-0.06342836354936736,1.9517206155869036,81.95976808491596,3
2023,1,7.123417113257813,q5_19,220,-0.03723697243034476,2.606450375541839,63.41011155038471,826.36,3,-0.03312254964066095,2.9126948024981343,59.110989063420895,3
2023,1,35.68892783751365,u20m,220,-0.03176555103298813,15.13743202223372,57.58507486929229,826.36,3,-0.032630023693971034,14.788204301501901,58.563607265451125,3
2019,2,10.792543199999983,hgap,220,-0.007978445330643647,8.427697861845902,21.911845005671,826.36,3,-0.009621852630019223,8.009096992356827,25.790456948489766,3
2023,2,13.234456115177014,nnm,220,-0.018777791689283597,7.971106886606062,39.770045574710444,826.36,3,-0.013742202914270418,9.131995735801235,30.998329993109113,3
2023,2,9.378077794394923,pnm,220,-0.04457187370727422,2.8149210807773986,69.98402932358039,826.36,3,-0.05320643461839776,2.229552920631136,76.22590716869834,3
2023,2,5.065692172534719,q5_19,220,-0.03179345869943615,2.146991159822835,57.617022774035924,826.36,3,-0.026372987183473605,2.4853664969687,50.93727742787225,3
2023,2,27.440192909162665,u20m,220,-0.030240364660358267,12.128026176140267,55.80196459883287,826.36,3,-0.029910490015284185,12.236528317210963,55.406551412672414,3
2019,3,11.231795750247613,hgap,220,-0.01160139947009875,7.838952995219812,30.207482672154214,826.36,3,-0.01491786794278802,7.073071000607765,37.02635662287721,3
2023,3,15.765400135917561,nnm,220,-0.01770710159768494,9.774001289893452,38.003468319045005,826.36,3,-0.01270874779125144,11.186206799665584,29.045842774516196,3
2023,3,10.076123669445657,pnm,220,-0.048077414104849225,2.751313547428932,72.69472231894214,826.36,3,-0.059308125756124055,2.031651962327754,79.8369687691663,3
2023,3,6.111743902849187,q5_19,220,-0.034930063829142634,2.3799998553061856,61.058580118242986,826.36,3,-0.03027848237943829,2.698492074390628,55.84742886342736,3
2023,3,31.637447686895136,u20m,220,-0.03109044707682145,13.66584154257383,56.80485455773825,826.36,3,-0.031438912198933355,13.5378686400221,57.20935274551317,3
2019,1,11.553342200000003,hgap,221,-0.015726835960584308,7.095372764661528,38.5859724239664,11637.402,3,-0.017745829285938087,6.664894037870241,42.31198277957837,3
2023,1,27.94247001491385,nnm,221,-0.012863110560603986,19.74388393164668,29.3409497402746,11637.402,3,-0.01751128794084522,17.41519288885323,37.67482660066148,3
2023,1,33.60633076281094,pnm,221,-0.03917922519963355,11.668295582017256,65.27947170320213,11637.402,3,-0.03578718547348192,12.78740186551171,61.94942567290815,3
2023,1,27.08352716770568,q5_19,221,-0.008077997216775535,21.776246477744,19.595973069157942,11637.402,3,-0.001910842812303315,25.72164701173761,5.028444587498085,3
2023,1,86.05175805847321,u20m,221,-0.02173035081784356,47.85757827582398,44.38512430704301,11637.402,3,-0.019593741900827587,50.69959496902473,41.08244141325533,3
2019,2,9.786218899999994,hgap,221,-0.0059016192023935155,8.150057366256863,16.71903674403944,11637.402,3,-0.006891223002863623,7.903828388415949,19.23511553153636,3
2023,2,22.43087285758708,nnm,221,-0.016878396588307653,14.221025729206898,36.60065830029998,11637.402,3,-0.0214542316497786,12.56825270752055,43.96895391759385,3
2023,2,28.694042836418852,pnm,221,-0.03879246929811346,10.06730317981021,64.91500609655236,11637.402,3,-0.034520695308400295,11.298056968223603,60.625775068949274,3
2023,2,13.317379225318614,q5_19,221,-0.03994820340934431,4.52885160644509,65.99292150639542,11637.402,3,-0.0340828073985711,5.3059779027873955,60.15749185320319,3
2023,2,63.12638409963833,u20m,221,-0.031195837907867043,27.190052518331292,56.9275938957399,11637.402,3,-0.029314699300168102,28.606727933236698,54.6834048215339,3
2019,3,10.78842511986062,hgap,221,-0.011275679153010199,7.605926587143362,29.499194714328926,11637.402,3,-0.012692838945292273,7.279016842141995,32.529384397895925,3
2023,3,25.21679915921329,nnm,221,-0.014650415384465942,16.97852296478124,32.66979342785496,11637.402,3,-0.019258863821595897,14.99206532087186,40.547310440887934,3
2023,3,31.17811607835419,pnm,221,-0.03898609527557033,10.881802172095611,65.09794836625667,11637.402,3,-0.03517894621495756,12.059887865025138,61.31938236833409,3
2023,3,20.26659738538461,q5_19,221,-0.019564340712713867,11.950066970294754,41.035652196295054,11637.402,3,-0.012909805259187035,14.302142336923975,29.429977489768174,3
2023,3,74.74830113790642,u20m,221,-0.025768535382354685,37.27698191918808,50.12999445911935,11637.402,3,-0.023680773135322575,39.438622793929234,47.238101477159745,3
2019,1,14.19185010000001,hgap,222,-0.011637325495445517,9.893824482575656,30.285167805037283,10644.855,3,-0.013420381597177044,9.361785526830225,34.03407264828552,3
2023,1,9.707173874134886,nnm,222,-0.031267962192003826,4.17297916016654,57.01138957358544,10644.855,3,-0.033499685610266464,3.928955739114801,59.52523576832547,3
2023,1,7.459695517316511,pnm,222,-0.04106658119264002,2.461367047125866,67.00445693242855,10644.855,3,-0.036888901782679714,2.7552667169451794,63.06462226843897,3
2023,1,8.628508267297663,q5_19,222,-0.024403037353554913,4.464644658047291,48.25705070054293,10644.855,3,-0.021534213294589755,4.824214274608374,44.08982265344395,3
2023,1,25.575465435231592,u20m,222,-0.031696748255333015,10.867984959242193,57.50620849202239,10644.855,3,-0.030298409734786435,11.286151550801804,55.87117826112163,3
2019,2,15.178070999999989,hgap,222,-0.007617708752196828,11.985561505483147,21.033697197205385,10644.855,3,-0.008838826814233336,11.540332316080363,23.967068568328795,3
2023,2,7.271817754674375,nnm,222,-0.031040707512572773,3.145293449520147,56.746805879474486,10644.855,3,-0.03326843674593083,2.9616854147989646,59.271732120965595,3
2023,2,6.491466072165997,pnm,222,-0.04094894399745008,2.14870839341958,66.89948973726015,10644.855,3,-0.037180833877917555,2.3788231428607247,63.354608706027065,3
2023,2,6.067612902355468,q5_19,222,-0.03233371185166014,2.5343952442917494,58.23076908370525,10644.855,3,-0.023433126597728515,3.222865427075923,46.88412924587203,3
2023,2,19.70046811263193,u20m,222,-0.03450269855497212,7.760676719700909,60.606637997983576,10644.855,3,-0.031394463678679776,8.440080767742469,57.15796843258413,3
2019,3,14.666884695893117,hgap,222,-0.009750992961398674,10.84074183860283,26.086949864422458,10644.855,3,-0.011299755432911684,10.332557086649047,29.551794393377403,3
2023,3,8.514266330735655,nnm,222,-0.03118812110571434,3.6680635456186277,56.91861866738555,10644.855,3,-0.03338731020496226,3.456601126518958,59.40224333785553,3
2023,3,6.992661451484472,pnm,222,-0.04102311459318127,2.3099760142720487,66.9657106911466,10644.855,3,-0.03706183371300038,2.5707346775671653,63.23667754540834,3
2023,3,7.37879242251227,q5_19,222,-0.02762100066964901,3.50028004712029,52.56296902402164,10644.855,3,-0.022261035230550917,4.04532561579506,45.1763190484529,3
2023,3,22.71219973554084,u20m,222,-0.03289466874894127,9.344109616025136,58.85863225567205,10644.855,3,-0.030762463748448356,9.897831494593733,56.42063908453014,3
2019,1,6.808168899999998,hgap,223,-0.024239416933572434,3.2113816820253507,52.83046397357517,2839.785,3,-0.028849606388092176,2.7837123149366265,59.11217309933913,3
2022,1,210.45369999999997,math,223,,,,2839.785,3,,,,3
2023,1,15.106523664981905,nnm,223,-0.0013721696504532144,14.557089135275898,3.6370679442262333,2839.785,3,-0.0011487201107391876,14.645179520188274,3.0539398409911027,3
2023,1,6.55884159110709,pnm,223,0.010758078111951397,8.769520322882723,-33.705322823667785,2839.785,3,0.010368573914825064,8.677777923843024,-32.306563640886345,3
2023,1,8.84607797309589,q5_19,223,0.014837960784030324,13.205047397191363,-49.27572916893419,2839.785,3,0.009680372043627816,11.488473623041834,-29.87081572175174,3
2023,1,30.221584903970534,u20m,223,0.005584535379402178,35.13995690032683,-16.2743681775277,2839.785,3,0.004326988321385272,33.966851246042644,-12.392686730271564,3
2019,2,6.0419504999999845,hgap,223,-0.01205225421672491,4.158302797105244,31.17615251721684,2839.785,3,-0.014348532121765923,3.872585587826712,35.905042786651066,3
2022,2,196.99987,math,223,,,,2839.785,3,,,,3
2023,2,11.64222560716225,nnm,223,0.0012676812206387834,12.04760663067293,-3.4819890731312824,2839.785,3,-7.683367632149718e-4,11.403194492465992,2.053139346047424,3
2023,2,5.61335709737576,pnm,223,0.011103452444087458,7.57567282798122,-34.95797072170666,2839.785,3,0.01414511173454236,8.224084393115907,-46.509196732925844,3
2023,2,5.155413464739911,q5_19,223,0.01061452393216602,6.866396673533806,-33.18808899608236,2839.785,3,0.007450670840473084,6.304195937258111,-22.283032784377383,3
2023,2,22.25702145254449,u20m,223,0.005712725810013808,25.9689378727896,-16.677507492004292,2839.785,3,0.004708591800286044,25.274336373963425,-13.55668784276608,3
2019,3,6.449388374697605,hgap,223,-0.0187353781065726,3.608126199869025,44.0547538736462,2839.785,3,-0.022252713808114645,3.235395485708279,49.83407266336356,3
2022,3,203.17651,math,223,,,,2839.785,3,,,,3
2023,3,13.403143817516778,nnm,223,-2.558697162818202e-4,13.310867546658507,0.6884673634380738,2839.785,3,-0.0010338579293079242,13.034179879376032,2.752816377740733,3
2023,3,6.099212344403693,pnm,223,0.010870862552129167,8.179842759552466,-34.11310014575648,2839.785,3,0.012141214277632085,8.46527434565527,-38.792910750558605,3
2023,3,7.034150228283242,q5_19,223,0.013303966497430108,10.074263331535882,-43.21933715644584,2839.785,3,0.008874652677238392,8.938720995375098,-27.07606043774652,3
2023,3,26.318150299005303,u20m,223,0.005632178657798281,30.640652806931588,-16.42403610746783,2839.785,3,0.004478807041769173,29.701175279376603,-12.854341744902799,3
2023,1,2.835209314823728,q5_19,224,0.029874285810474355,6.351693585523113,-124.02908851609827,346.008,3,0.04444348252702335,9.412981950666126,-232.00306945419848,3
2023,1,12.432977480560048,u20m,224,0.00793211320644529,15.402340421269695,-23.882959213530974,346.008,3,0.014070672832715746,18.178881863297796,-46.21503088638203,3
2023,2,1.8273580956732483,q5_19,224,0.03477200315349214,4.6725985206881955,-155.7024007364404,346.008,3,0.055347963942771604,8.143876430780962,-345.66395880827815,3
2023,2,9.883637002552792,u20m,224,0.007557986588300247,12.121081381686698,-22.637864771399524,346.008,3,0.014202858709287104,14.503032229487337,-46.73780740572955,3
2023,3,2.3405923498026615,q5_19,224,0.03171490516328694,5.510781673846317,-135.4438898474114,346.008,3,0.04801007520739102,8.556370291633549,-265.5643107760712,3
2023,3,11.176582931712087,u20m,224,0.0077577616222279655,13.780855462124968,-23.30115158027057,346.008,3,0.014017046432544422,16.318199741874565,-46.00347746334719,3
2019,1,13.495954699999999,hgap,225,-0.012992185084780195,9.02169517047742,33.152597418858996,129739.765,3,-0.012387642276296606,9.192363436585962,31.888009104046834,3
2022,1,179.14526,math,225,0.011188157176310031,245.0507632601079,-36.78886243493571,129739.765,3,0.01954130122299369,309.6223779703822,-72.8331399727697,3
2023,1,6.56439896631258,nnm,225,-0.03612588009150504,2.475053940399577,62.295802660667825,129739.765,3,-0.041497678885892196,2.140894264675766,67.38628660959694,3
2023,1,6.992973833755856,pnm,225,-0.03222441105873834,2.929544084471364,58.10732094648872,129739.765,3,-0.028363965592788844,3.251377770627417,53.50507741166343,3
2023,1,9.024311326302104,q5_19,225,-0.005157146464178597,7.8513009127982745,12.998337170449714,129739.765,3,-0.018016658989784152,5.548193621897043,38.519478979782406,3
2023,1,22.41384776128552,u20m,225,-0.023329867323964627,11.938548730689583,46.73583555202634,129739.765,3,-0.02804386274535542,10.511760493260944,53.10149062662299,3
2019,2,12.459289299999995,hgap,225,-0.011597202925766803,8.696782959531552,30.19840257235575,129739.765,3,-0.012040773358116397,8.578014694237899,31.151653295040656,3
2022,2,191.24590999999998,math,225,0.009354811895918936,248.51291597556323,-29.944172910972714,129739.765,3,0.01874905213314526,323.2847605964937,-69.04139837369266,3
2023,2,5.222511475013672,nnm,225,-0.03348697781343046,2.1145245976549223,59.511346068428,129739.765,3,-0.03579635527593861,1.9867036722795064,61.95884524553763,3
2023,2,6.103073452955354,pnm,225,-0.03192919032637735,2.577202092543857,57.77206169301679,129739.765,3,-0.028508218043734247,2.8265887668486775,53.685814391109304,3
2023,2,4.668993623409667,q5_19,225,-0.0064612923191395225,3.9215565640108676,16.0085260269206,129739.765,3,-0.012554014664480384,3.326714413532513,28.748790813231317,3
2023,2,15.909974912994285,u20m,225,-0.02554283934917829,7.98280300154571,49.825169145767475,129739.765,3,-0.026299254330199952,7.821422149916005,50.83950670765702,3
2019,3,13.0506095112747,hgap,225,-0.012800077611372451,8.776102764027987,32.75331120400067,129739.765,3,-0.012524534425290756,8.851387897839793,32.176440570129,3
2022,3,185.56354,math,225,0.010353714376986645,247.9684101550397,-33.629920055976356,129739.765,3,0.019278286809225165,318.3620915714536,-71.56500224745315,3
2023,3,5.906714080150042,nnm,225,-0.03498527345886513,2.2967321314262796,61.11658529156471,129739.765,3,-0.03900575985570089,2.0604701140847204,65.11647447082152,3
2023,3,6.555628684148274,pnm,225,-0.03209583298166445,2.755879229379547,57.96163324436978,129739.765,3,-0.028468739786371922,3.039424072042813,53.63642118120203,3
2023,3,6.880610198818027,q5_19,225,-0.00543482204721546,5.941532783375959,13.648170559108047,129739.765,3,-0.016084237217969078,4.456808535187569,35.226551041168214,3
2023,3,19.218748648669347,u20m,225,-0.02419936223696175,9.999184246290877,47.9717205886701,129739.765,3,-0.02730587601420007,9.194703780986673,52.157635499211914,3
2023,1,5.699674773373409,q5_19,226,-0.018120184147119044,3.4944085850844586,38.69108810543135,4.44,3,-0.02029910363687213,3.294759967201692,42.19389529743895,3
2023,1,11.888043105639511,u20m,226,-0.02677725143788221,5.769280206271431,51.46989159608136,4.44,3,-0.027836546977021027,5.606610486419419,52.83823892125924,3
2023,2,3.577844314709089,q5_19,226,-0.01321326831899412,2.5042824031951647,30.005830804329293,4.44,3,-0.014566875785144439,2.4144096988811095,32.517754085746944,3
2023,2,10.139701385760368,u20m,226,-0.027356723950640927,4.844417455670398,52.22327294101947,4.44,3,-0.02784502227770318,4.780967572745077,52.849029859407885,3
2023,3,4.605598026740543,q5_19,226,-0.018510498139750076,2.7940413943204665,39.3337981713125,4.44,3,-0.02017773107290699,2.671055698503553,42.00415053604009,3
2023,3,10.982434808583408,u20m,226,-0.02790940127273407,5.16933124187233,52.93091803438525,4.44,3,-0.02872678729635796,5.056496761578127,53.95832663967936,3
2019,1,13.869585,hgap,227,-0.01108636011015931,9.835724845860927,29.084216680881756,6823.619,3,-0.012547516667468717,9.400146709007945,32.22474422264297,3
2023,1,8.124240114227161,nnm,227,-0.054027779054285616,1.8891030977353631,76.74732564308177,6823.619,3,-0.06981384507140564,1.2335280322524802,84.81669651673235,3
2023,1,8.259323288803744,pnm,227,-0.014698581616405137,5.553792091869023,32.75729865910821,6823.619,3,0.007546815408196128,10.126003041398999,-22.600880088150895,3
2023,1,5.37177675191447,q5_19,227,-0.049194558261216305,1.4231968542370117,73.50603124506631,6823.619,3,-0.08131029415133972,0.5979672921006172,88.86835176298968,3
2023,1,21.600591034481976,u20m,227,-0.03917304931872403,7.501090015767182,65.27368161457775,6823.619,3,-0.04676051138384949,6.111589396156506,71.70637883750354,3
2019,2,14.74010469999999,hgap,227,-0.005850023695816909,12.295351391427584,16.585725531328194,6823.619,3,-0.007237296356350065,11.777792924410454,20.096952062962874,3
2023,2,6.430699433802602,nnm,227,-0.05008177667859368,1.6634193590952806,74.13315027053491,6823.619,3,-0.06403448890128645,1.141281904903597,82.25260072171133,3
2023,2,6.651727324934242,pnm,227,-0.01875222478435339,4.009098888061752,39.72845409592334,6823.619,3,0.0012718720317751232,6.8841186506045355,-3.4936989193643857,3
2023,2,4.251390008047529,q5_19,227,-0.02986803470922672,1.8980158537638125,55.35540493412681,6823.619,3,-0.0057330948780792475,3.641706638398428,14.340800737994412,3
2023,2,17.235604863548247,u20m,227,-0.03383232926957591,6.913696223808075,59.8871273822834,6823.619,3,-0.026891131265469513,8.338778562058168,51.61888063647864,3
2019,3,14.348309563876086,hgap,227,-0.009204089188651033,10.786608057143546,24.823143736037245,6823.619,3,-0.010221301663180781,10.451774611560646,27.15675275173545,3
2023,3,7.292699273194161,nnm,227,-0.0523376900927758,1.7749213563314838,75.66166806225539,6823.619,3,-0.06731100950656685,1.1846844965281749,83.7551988345011,3
2023,3,7.468165969379048,pnm,227,-0.016476667264787047,4.78640416542788,35.909242174677416,6823.619,3,0.00476770236959938,8.494147640541536,-13.738067356419435,3
2023,3,4.8192392840157305,q5_19,227,-0.041172521681152666,1.585592263446998,67.09870230544414,6823.619,3,-0.051873410644065386,1.1877182188947941,75.3546535272865,3
2023,3,19.454767767064784,u20m,227,-0.03686355214886476,7.190611820864008,63.039333561014885,6823.619,3,-0.03834092397412636,6.909430531368439,64.48464143033617,3
2019,1,13.592224700000003,hgap,228,-0.012787186777814341,9.143974391455808,32.72643299182799,4458.759,3,-0.016498565237104846,8.150199403708244,40.03778201438766,3
2022,1,222.19281,math,228,-0.0019011182227990364,210.67448311992408,5.18393321551491,4458.759,3,-0.0019011182227990364,210.67448311992408,5.18393321551491,3
2023,1,8.267439682529233,nnm,228,-0.006349860116762196,6.964867942971842,15.755442913118406,4458.759,3,-0.009773949423958683,6.349831236787251,23.19470742307652,3
2023,1,9.343091975842267,pnm,228,-0.010173796425428084,7.098934771685804,24.019427508141973,4458.759,3,-0.01526049257890696,6.187950569089854,33.769777873432325,3
2023,1,7.2977592790843815,q5_19,228,-0.0470841717333655,2.0468350378640805,71.9525547556717,4458.759,3,-0.02394405108002178,3.8231625539393455,47.61182977223358,3
2023,1,24.703093771377137,u20m,228,-0.02116316782650567,13.950606142191678,43.52688666730521,4458.759,3,-0.01592203609587779,16.07127496971486,34.94225817036631,3
2019,2,12.1747546,hgap,228,-0.010132219775021456,8.893011109719291,26.955315306977184,4458.759,3,-0.011642783061102335,8.486173888693697,30.296961478848228,3
2022,2,225.85397,math,228,-0.006223548376358634,189.73517525431333,15.992100889653024,4458.759,3,-0.006223548376358634,189.73517525431333,15.992100889653024,3
2023,2,6.755051935993631,nnm,228,2.3723396024188936e-5,6.759380146874291,-0.06407368768842862,4458.759,3,-0.021555512451186542,3.774590212115326,44.12196607989359,3
2023,2,7.930011011534122,pnm,228,-0.01647669592592913,5.082400219902564,35.90929177134478,4458.759,3,-0.0094370181629178,6.146328636209092,22.492810826248302,3
2023,2,4.483791379586655,q5_19,228,-0.029147741982682773,2.0410817666521672,54.47866339311425,4458.759,3,0.006685294780732054,5.370773492347779,-19.781966591917854,3
2023,2,19.049682118331248,u20m,228,-0.014151545098286844,13.000121415580606,31.75675407690521,4458.759,3,-0.01015967630868353,14.479576718713513,23.990454912735707,3
2019,3,12.89565541506326,hgap,228,-0.01163413617300626,8.991073427508496,30.278274828853355,4458.759,3,-0.014420278566114497,8.247101700243958,36.04744051542648,3
2022,3,224.01992,math,228,-0.004125305375346278,199.5822487816552,10.908704555534527,4458.759,3,-0.004125305375346278,199.5822487816552,10.908704555534527,3
2023,3,7.537107329296323,nnm,228,-0.0034788487063068365,6.86138660286629,8.96525280731434,4458.759,3,-0.014912548233145006,5.038959754106916,33.14464642793721,3
2023,3,8.64933352173447,pnm,228,-0.013140321106984798,6.065964752456121,29.867836207110443,4458.759,3,-0.012841301333460554,6.115136753244899,29.299329967118467,3
2023,3,5.922464596461285,q5_19,228,-0.04078972198371711,1.968811745058679,66.75688452008546,4458.759,3,-0.013153955933288719,4.1520237626593675,29.893649931816714,3
2023,3,21.948236960652512,u20m,228,-0.018238530257654297,13.413296601185689,38.886678573626455,4458.759,3,-0.013530152547405638,15.231607305323122,30.60213750822247,3
2019,1,9.976216899999997,hgap,229,-0.014471235555565353,6.369975657193525,36.148384492386825,6844.152,3,-0.01667138943647455,5.949997966494807,40.35817358286578,3
2022,1,237.21758999999997,math,229,,,,6844.152,3,,,,3
2023,1,11.15920439549792,nnm,229,-0.012973056169513475,7.861615715691556,29.550392330269943,6844.152,3,-0.03004561850442098,4.958151372299185,55.56895279828814,3
2023,1,7.459091854459365,pnm,229,-0.057455218159102595,1.581134743233469,78.80258382542644,6844.152,3,-0.0401389437673525,2.5235892400111375,66.16760740783172,3
2023,1,10.005775208432821,q5_19,229,5.810178044685533e-4,10.163978273447452,-1.5811175218217737,6844.152,3,-7.352347072390409e-4,9.809105726471289,1.965559667938371,3
2023,1,28.355376296760436,u20m,229,-0.02240902163342855,15.483471005511992,45.39493730054657,6844.152,3,-0.022859370311203088,15.296341067589097,46.05488247624954,3
2019,2,10.598993699999994,hgap,229,-0.010505702476416667,7.652881823688543,27.79614706546578,6844.152,3,-0.011753582466121237,7.362488641304114,30.53596549166627,3
2022,2,248.61894,math,229,,,,6844.152,3,,,,3
2023,2,8.27007411967679,nnm,229,-0.007996813872841412,6.664063921662529,19.4195381416609,6844.152,3,-0.03169710548301321,3.5142341585008725,57.50661834892702,3
2023,2,6.846459032118335,pnm,229,-0.058684976809837905,1.4038763264315774,79.49485537201544,6844.152,3,-0.03939312186973627,2.3634379052140058,65.47941214390436,3
2023,2,5.2516713598276255,q5_19,229,-0.0043438765013635635,4.670479367293871,11.066800504303274,6844.152,3,0.00128828282744613,5.437557747202037,-3.539566256874706,3
2023,2,20.23249407718941,u20m,229,-0.027095343285505936,9.734883396011197,51.88490673037422,6844.152,3,-0.026255590726289933,9.958126784274649,50.78151637517752,3
2019,3,10.288328981077399,hgap,229,-0.012492857236958033,6.984766544908277,32.10980560832699,6844.152,3,-0.01425211661191721,6.614039119414665,35.713184020656776,3
2022,3,243.05367999999999,math,229,,,,6844.152,3,,,,3
2023,3,9.74172517201407,nnm,229,-0.011025278374089486,7.233591831063106,25.7462954113744,6844.152,3,-0.03079261645449005,4.241926715585578,56.45610360912518,3
2023,3,7.168281258913223,pnm,229,-0.057928675741466915,1.5001898518706105,79.07183329329837,6844.152,3,-0.0397113481449106,2.453362452235289,65.77474622407267,3
2023,3,7.680599003523247,q5_19,229,-0.0010708986002524235,7.461700051259501,2.850024485894042,6844.152,3,-3.595231290800527e-5,7.67314696793548,0.09702414595982412,3
2023,3,24.391431377108418,u20m,229,-0.024337357678931193,12.643247019997151,48.165210870474155,6844.152,3,-0.02424440215788968,12.675018883404727,48.03495257231871,3
2019,1,17.03179259999999,hgap,230,-0.00807454942970236,13.260248406681749,22.144141147645506,33845.617,3,-0.010832397629921608,12.17369436143628,28.523704771767317,3
2022,1,181.77107999999998,math,230,-0.010935471601540136,133.82793241346388,26.375564026211485,33845.617,3,0.012716656348393807,259.5149913148907,-42.77023127930513,3
2023,1,7.6366883951691005,nnm,230,-0.019712664051415186,4.4849265729906,41.27131629689483,33845.617,3,-0.033831062091479326,3.0633998969509277,59.885754944658906,3
2023,1,8.644798531571741,pnm,230,-0.021972232667480895,4.776497475597171,44.74715103940381,33845.617,3,-0.0028777912830785014,7.998527398927961,7.475837988398778,3
2023,1,7.8423577782125165,q5_19,230,-0.039314061337135844,2.7130131211508663,65.40564460489031,33845.617,3,-0.04029345678302665,2.6422113339078543,66.30845711670547,3
2023,1,23.9306595605826,u20m,230,-0.027027870742513914,11.535254487368237,51.79717275169241,33845.617,3,-0.02529889725874703,12.086513420501818,49.49360509724469,3
2019,2,15.974046099999981,hgap,230,-0.008107430876762889,12.42406017460507,22.223461126701736,33845.617,3,-0.009471289901929313,11.90972507396786,25.443278431706332,3
2022,2,196.93896,math,230,-0.011830533973265566,141.4065226914402,28.197791492632955,33845.617,3,0.010173912475057945,261.847790410527,-32.95885710502737,3
2023,2,5.746461817865676,nnm,230,-0.020200902734887193,3.3306249383105793,42.04042341400913,33845.617,3,-0.03191736983737856,2.4273869359859543,57.75858236037975,3
2023,2,7.531483794980365,pnm,230,-0.024186211140945258,3.919893059617669,47.95324312813065,33845.617,3,-0.009752363051710854,5.787950584353861,23.14992978924745,3
2023,2,5.584472503672,q5_19,230,-0.028335232033673587,2.5985113266898536,53.468992371594005,33845.617,3,-0.05778373238135779,1.1733104583217346,78.98977105625931,3
2023,2,18.745230102808375,u20m,230,-0.02407893349192878,9.784584345997683,47.80227133871365,33845.617,3,-0.03148942270375095,8.01027355781944,57.267670154556505,3
2019,3,16.63202693464862,hgap,230,-0.00810896947497879,12.935197915285178,22.22717071039631,33845.617,3,-0.01107125580720405,11.800256163160967,29.051003768048755,3
2022,3,189.35766,math,230,-0.011526155620318067,137.126691001731,27.583235343248862,33845.617,3,0.011622719990971087,262.19113677575245,-38.46344361023073,3
2023,3,6.700644151912779,nnm,230,-0.020009519943239917,3.903785117393032,41.740151709464385,33845.617,3,-0.03322418415242021,2.7323189796971574,59.223040087613306,3
2023,3,8.108701986525912,pnm,230,-0.02290033515840286,4.369413349183286,46.11451553597773,33845.617,3,-0.005885942941597921,6.917243450125549,14.693579051002096,3
2023,3,6.729594024144303,q5_19,230,-0.034604061669073836,2.6437679502053406,60.71430251631699,33845.617,3,-0.04745436411984185,1.868707447435342,72.2314980557396,3
2023,3,21.385311391338146,u20m,230,-0.025637633387708504,10.702616040037928,49.95342436597444,33845.617,3,-0.02792608560069576,10.061336327221694,52.95211679126209,3
2019,1,4.300244200000009,hgap,231,-0.031723093481554665,1.608425763260763,62.59687384124,3242.024,3,-0.03789296243979403,1.3284196148084924,69.10827494846711,3
2023,1,3.891905664635153,nnm,231,-0.0219983249970642,2.1488743584644805,44.78606257107399,3242.024,3,-0.01892426849519322,2.334840724024693,40.007777032191434,3
2023,1,2.372388531395875,pnm,231,-0.04185498325137109,0.7662956014593661,67.69940541701699,3242.024,3,-0.07444166522553805,0.31789704887440484,86.60012705897884,3
2023,1,2.5174693126390757,q5_19,231,-0.027759221205254737,1.1897642560961688,52.73967193471237,3242.024,3,-0.025950632947964847,1.2493045872737873,50.37458526300227,3
2023,1,8.75678347197928,u20m,231,-0.029252472966372168,3.9749488649651936,54.6072039158604,3242.024,3,-0.03725519185434543,3.2025215179894677,63.428106584601814,3
2019,2,7.303888999999998,hgap,231,-0.009686582345110195,5.4093173036115125,25.939218084892662,3242.024,3,-0.011738979385502769,5.075873280369743,30.504512317071846,3
2023,2,3.67429837112198,nnm,231,0.0042870772312818325,4.125194954056835,-12.271637667715304,3242.024,3,0.011612842080328045,5.027430060515573,-36.82694089376312,3
2023,2,2.0670502451638484,pnm,231,-0.042176958696588926,0.6618903996793563,67.97898835657523,3242.024,3,-0.056626041917867506,0.448081320922832,78.32266912857195,3
2023,2,1.1804730045318346,q5_19,231,-0.020568052263959368,0.6774481898689672,42.61214044978205,3242.024,3,-0.024389701255702324,0.6110315255800112,48.23841602186057,3
2023,2,6.907458120062215,u20m,231,-0.015937899432589518,4.491911927454353,34.970117091149376,3242.024,3,-0.017162309883596728,4.345841226743389,37.084798037049175,3
2019,3,5.82673965245931,hgap,231,-0.01854306222751323,3.27927604023605,43.720223730058784,3242.024,3,-0.023016677094831683,2.8546253760603646,51.00818731697573,3
2023,3,3.7841447410034488,nnm,231,-0.010519823116252458,2.8484776028301355,24.7259870383605,3242.024,3,-0.005735830050927948,3.2412287115594247,14.347126407750936,3
2023,3,2.2252243036495756,pnm,231,-0.041929147714640104,0.7173228454511136,67.76402072030953,3242.024,3,-0.06573263119303381,0.37722127738729444,83.04794367162823,3
2023,3,1.865392128889698,q5_19,231,-0.02526587004968108,0.9429828307473983,49.44854670804942,3242.024,3,-0.025364252985897572,0.9404812723805681,49.58265032777033,3
2023,3,7.855146480647557,u20m,231,-0.023714713850831303,4.1407281153182565,47.286430297390126,3242.024,3,-0.02889597671559052,3.600157333618915,54.16817060651264,3
2023,1,2.060046962218731,q5_19,232,-0.03892453890060761,0.7201946397054153,65.03989215227674,11.112,3,-0.0462388419659326,0.5911296253779903,71.30504128210134,3
2023,1,8.61493758819698,u20m,232,-0.037405803087768065,3.137859696009943,63.57652433479014,11.112,3,-0.04357865424189793,2.6561400526007635,69.16820318884439,3
2023,2,1.3134678972412939,q5_19,232,0.005257360076591405,1.5137948007061768,-15.251754830524142,11.112,3,0.024687589517521247,2.558025843701503,-94.75358697949011,3
2023,2,6.905016474944903,u20m,232,0.004890649066921382,7.8797462187557485,-14.116255150841237,11.112,3,0.022897125363963867,12.81313168118744,-85.56265184421126,3
2023,3,1.691004028076537,q5_19,232,-0.025172015405821913,0.85699605473117,49.32028306839839,11.112,3,-0.02551218835634934,0.8491608659553346,49.78362843279399,3
2023,3,7.771792136707978,u20m,232,-0.02145538000318927,4.354481418397676,43.97069116361913,11.112,3,-0.018273823894864715,4.745076436805554,38.944887442454146,3
2019,1,10.070741900000002,hgap,233,-0.01632343978193651,6.07151246811082,39.711368552590756,46.783,3,-0.01899656306446156,5.588667704766235,44.505898768329736,3
2023,1,10.558283989554978,nnm,233,-0.01748082996559388,6.585882579641843,37.62355145820025,46.783,3,-0.024314162438633425,5.476292814011274,48.13273805261517,3
2023,1,5.9102484646818,pnm,233,-0.024978548257357236,3.0109844015168736,49.05485920753111,46.783,3,-0.036056514397266114,2.2325891889083422,62.225121291435556,3
2023,1,10.093159528147154,q5_19,233,-0.00812022877506462,8.106058483538119,19.687601677824826,46.783,3,-0.0202950819469657,5.835095937791944,42.18761804448445,3
2023,1,26.333700209555722,u20m,233,-0.01564783653127666,17.259417031089512,34.45882312875052,46.783,3,-0.025244036049884587,13.319918178837034,49.41873693084868,3
2019,2,7.578769399999999,hgap,233,-0.011438920154605015,5.316123186679976,29.855060813963064,46.783,3,-0.012998269995470135,5.065254931052211,33.16520580435906,3
2023,2,8.178460180320156,nnm,233,-0.016512311989394755,5.236594943504615,35.97089393299924,46.783,3,-0.02344050781450262,4.343194685140716,46.89471380454045,3
2023,2,5.248862834869694,pnm,233,-0.02534828458980032,2.6474787349464197,49.560908367456996,46.783,3,-0.036888134865904164,1.9387274590055246,63.06385744877911,3
2023,2,5.373015794961855,q5_19,233,-0.01720681498974559,3.3763841092917035,37.16035392157872,46.783,3,-0.019884615947278972,3.140885356536784,41.543344066065934,3
2023,2,18.685496626577258,u20m,233,-0.019118799808352537,11.151121174855788,40.32205085202271,46.783,3,-0.026120255717979025,9.23038479356778,50.601340825809416,3
2019,3,9.10118355879115,hgap,233,-0.010602010278736973,6.551815244588619,28.011393218632612,46.783,3,-0.0146312783430524,5.782492614093173,36.464388650774296,3
2023,3,9.376009665928443,nnm,233,-0.017015386911801843,5.922382499281303,36.8347227626834,46.783,3,-0.023868753915897843,4.9219161104344575,47.505215056248844,3
2023,3,5.598995903379755,pnm,233,-0.025192099605467887,2.836016961256335,49.34775788022254,46.783,3,-0.03651405306114577,2.0890467178135945,62.6889043345688,3
2023,3,7.652843590860159,q5_19,233,-0.012068795180493596,5.524649575376713,27.80919262514606,46.783,3,-0.020929628210214535,4.349136537707482,43.16966646356546,3
2023,3,22.4611532905763,u20m,233,-0.017344432498976037,14.062161649076648,37.39341222974287,46.783,3,-0.025885742772709008,11.16598654370648,50.28756360257231,3
2019,1,7.348459300000002,hgap,234,-0.017734899518156034,4.2406170407786155,42.29243345229368,179.294,3,-0.020712898723845675,3.8666589423138724,47.38136547461219,3
2023,1,11.789919272224983,nnm,234,-0.00798441045043905,9.503553537316922,19.392547837832485,179.294,3,-0.008347852622545116,9.410751822976957,20.1796754864381,3
2023,1,7.028264991845834,pnm,234,-0.00609816507036951,5.961305006144799,15.180986871424428,179.294,3,0.002589048252807968,7.537150385270458,-7.240555016281126,3
2023,1,9.67578152507631,q5_19,234,0.0039957192567026565,10.778036794633252,-11.391899111201237,179.294,3,-5.290394456410219e-4,9.538554446041381,1.41825317861181,3
2023,1,28.229824233789724,u20m,234,-0.0035643681501155377,25.639678064122982,9.175211819301598,179.294,3,-0.003029550165117456,26.01260326586031,7.854179146023547,3
2019,2,4.836673199999979,hgap,234,-0.014081450520307936,3.125837236202148,35.37216373845226,179.294,3,-0.01682382814464991,2.871080548173403,40.63935210314776,3
2023,2,9.20183931137099,nnm,234,-0.007978963832763374,7.418459089520976,19.38069294088018,179.294,3,-0.005358806471304245,7.962281779515603,13.470758289852217,3
2023,2,6.397732056418581,pnm,234,-0.009303460686196429,4.9766159047673115,22.21281133875437,179.294,3,-0.0020019374581594198,6.061099686323414,5.261745367367148,3
2023,2,4.47194375733917,q5_19,234,-0.019577106654687502,2.635943755828542,41.05597255102907,179.294,3,9.277222049811851e-4,4.585373935643246,-2.536484903637699,3
2023,2,19.943147084357182,u20m,234,-0.011011455311236684,14.814053431034313,25.718577071248593,179.294,3,-0.002890073808780169,18.44611145347741,7.50651652192849,3
2019,3,6.219607922957408,hgap,234,-0.014764100261927782,3.9354284656564467,36.7254573856617,179.294,3,-0.015640777317526267,3.8299156253941127,38.4219122356993,3
2023,3,10.505166332189301,nnm,234,-0.00802752349732141,8.458095527853233,19.486324534087156,179.294,3,-0.007104932863224977,8.671432312938064,17.455544836376546,3
2023,3,6.72795418044736,pnm,234,-0.007563321960074787,5.48524313196216,18.470860757297377,179.294,3,4.8033983770090494e-4,6.815778473103577,-1.3053640126065376,3
2023,3,7.132166414993368,q5_19,234,-0.003878369573748386,6.42308835878646,9.941972956720019,179.294,3,2.85916205354253e-4,7.187437934163211,-0.7749611542104478,3
2023,3,24.172203255782176,u20m,234,-0.006648092244885717,20.20044949890092,16.431078767845385,179.294,3,-0.002865282372025213,22.372683389762233,7.444583544900828,3
2023,1,3.5757044499900026,q5_19,235,-0.00824669164813272,2.861945193364402,19.961360526527756,27.545,3,-0.009758425974178442,2.747481583800484,23.162509032082735,3
2023,1,14.707345673760752,u20m,235,-0.008186274026602991,11.790777710600267,19.830688880617725,27.545,3,-0.009688024321553001,11.322256812762156,23.01631399769099,3
2023,2,1.9465280568033982,q5_19,235,-0.008012946863576231,1.5678382137892966,19.45463060193382,27.545,3,2.4219162310485932e-4,1.9592984505259927,-0.6560600900644661,3
2023,2,9.947870370952572,u20m,235,-0.007416471942930114,8.142634308100721,18.146960058135416,27.545,3,2.2486303827360388e-4,10.008450610944966,-0.6089769743008108,3
2023,3,2.772526268781661,q5_19,235,-0.009130979053331023,2.166737284440437,21.84971126017239,27.545,3,-0.008367768264140674,2.21184978413074,20.222585118996935,3
2023,3,12.370019365266383,u20m,235,-0.008100116155178272,9.940055614926862,19.64397692991965,27.545,3,-0.0062762185094856985,10.441809092342774,15.587770851335977,3
2019,1,6.288515399999994,hgap,236,-0.022525469132237318,3.128130289025565,50.256458161403764,101.331,3,-0.027565753651604474,2.6756347829054308,57.452043722347675,3
2023,1,8.115466311613016,nnm,236,-0.05483266180380366,1.8464960082859752,77.24719766695738,101.331,3,-0.001195304254185725,7.857735396036971,3.17579921694997,3
2023,1,7.1398925239098965,pnm,236,-0.028085741189520164,3.3447190915618625,53.15448964587142,101.331,3,-0.01012323458301756,5.43234222442591,23.915630295074944,3
2023,1,10.764081861211917,q5_19,236,-0.025084738275411002,5.468076473960109,49.200716378196844,101.331,3,-0.002105817705966029,10.169141177794845,5.527091776967291,3
2023,1,25.797910917354283,u20m,236,-0.03572357927397185,9.833125865745584,61.884022713130506,101.331,3,-0.00401896762211198,23.145060551410662,10.283198412624357,3
2019,2,5.058557099999973,hgap,236,-0.016868752130714593,2.998613359993645,40.72196279066098,101.331,3,-0.0202742849332469,2.6981826440949574,46.66102228845115,3
2023,2,7.695851877014721,nnm,236,-0.006046745743707805,6.536614241557032,15.063149005245219,101.331,3,0.005316885280422401,8.883870853944297,-15.437134132971613,3
2023,2,6.636610555598277,pnm,236,-0.0011804712519349891,6.428419138473221,3.1370142240670864,101.331,3,-0.018819652479334304,3.9927122334331693,39.83808150283674,3
2023,2,7.493164308930433,q5_19,236,0.05734876710355739,35.24796831916965,-370.40164696723315,101.331,3,-7.064672550069595e-4,7.351589611984874,1.889384659253089,3
2023,2,21.667539582442828,u20m,236,0.013157395062605205,30.9095418981147,-42.653676853834625,101.331,3,-0.004311011189224878,19.286742961928883,10.987849411582939,3
2019,3,5.4721856128554975,hgap,236,-0.022254988271309294,2.7449791074751166,49.837609655884265,101.331,3,-0.026690929980377566,2.392309627942775,56.28237422497774,3
2023,3,7.900549245563255,nnm,236,-0.03414486183336059,3.142507387485934,60.22419087823945,101.331,3,0.0016409845112611344,8.258466062888182,-4.530277657922632,3
2023,3,6.90092998985381,pnm,236,-0.016515880389376236,4.41817808498787,35.977062635271494,101.331,3,-0.014011021860509797,4.7273206981895894,31.497338690002657,3
2023,3,9.19900210566238,q5_19,236,-9.506704349990792e-5,9.17542029143012,0.25635187340314597,101.331,3,-0.002096744849613863,8.692693980141572,5.503946185740671,3
2023,3,23.810302905257096,u20m,236,-0.01690952002061614,15.082895321952012,36.653912459795514,101.331,3,-0.004355692425949709,21.168509716991426,11.095168334386816,3
2023,1,5.458885453264117,q5_19,237,-0.016940318280768852,3.4551160508396483,36.706566195235396,42.775,3,-0.016644426185854398,3.482829828534778,36.198884216333305,3
2023,1,22.470351136978152,u20m,237,-0.01714212692417334,14.144972859911903,37.050503689573674,42.775,3,-0.01684640447618211,14.258365571916155,36.545871112570246,3
2023,2,3.1677015889365334,q5_19,237,-0.009655333690144463,2.4407668298750447,22.94833457799087,42.775,3,-0.01839316844167227,1.927821726064423,39.141308865787614,3
2023,2,15.72780411191621,u20m,237,-0.009490675025740636,12.172531329886047,22.605016928819087,42.775,3,-0.018079474642403604,9.653150060720767,38.6236629599994,3
2023,3,4.383248099939174,q5_19,237,-0.012128206220975856,3.159230410381773,27.924900933040654,42.775,3,-0.013531045017436539,3.0418071906986666,30.60380974691172,3
2023,3,19.21484905767079,u20m,237,-0.013632854164805063,13.297769389591233,30.794307310560892,42.775,3,-0.01659334452715768,12.276207828947234,36.110828702833714,3
2019,1,9.26795770000001,hgap,238,-0.015685865528735254,5.699059784103356,38.507921932969666,628.892,3,-0.018478515843498668,5.226433170891983,43.607498652135874,3
2023,1,10.530397323509085,nnm,238,-0.027398186700299476,5.025450074771359,52.27672878446804,628.892,3,-0.03188709720996963,4.4518263748449405,57.724041761403925,3
2023,1,7.465562873160692,pnm,238,-0.03212796899100301,3.135678778826041,57.99809294890459,628.892,3,-0.031040105994799293,3.2291468458011665,56.7461033995144,3
2023,1,7.71786435295474,q5_19,238,-0.029757403392794222,3.4559168669189306,55.221850127543995,628.892,3,-0.022534110575122758,4.200135144437467,45.579049431861684,3
2023,1,25.496925569183148,u20m,238,-0.0292042423626528,11.5888489133082,54.54805371783703,628.892,3,-0.02861721839751006,11.773991424321899,53.82191710771384,3
2019,2,8.097349199999996,hgap,238,-0.006169907738775482,6.687697262317714,17.40880753521514,628.892,3,-0.008566353353424639,6.208875464350755,23.32212294424998,3
2023,2,7.589499123846259,nnm,238,-0.027520523208395264,3.6100133522249385,52.43410278706994,628.892,3,-0.03158827088360239,3.234525640897597,57.38156644969238,3
2023,2,6.654354574035182,pnm,238,-0.02971081923132992,2.9834470024774413,55.165493974146806,628.892,3,-0.02849200601692319,3.0832594520470327,53.665537089386675,3
2023,2,6.662270130254666,q5_19,238,-0.01743095794891869,4.161287086653764,37.53950222227483,628.892,3,-0.033546773930824794,2.6931119689448133,59.576662064258436,3
2023,2,20.761060674977628,u20m,238,-0.02494170095004682,10.587279396984341,49.004149822919636,628.892,3,-0.031001711384714616,8.989281668054389,56.70124080467254,3
2019,3,8.74054141642955,hgap,238,-0.010148201110265731,6.381338683142412,26.991494243738234,628.892,3,-0.012880119363209985,5.863158399686449,32.91996318825857,3
2023,3,9.062638664621621,nnm,238,-0.027545309567323616,4.3078414830586365,52.46592474358024,628.892,3,-0.031913159088214196,3.8286222996901196,57.75377965099561,3
2023,3,7.093899329767339,pnm,238,-0.03086310252492839,3.0830870906629526,56.53889423372929,628.892,3,-0.029735902652147806,3.1783614406039833,55.195847969437914,3
2023,3,7.197255403020075,q5_19,238,-0.02439797103229595,3.724581667328707,48.24997226351287,628.892,3,-0.027625529855436603,3.4137467891018014,52.568769649756454,3
2023,3,23.17368392825103,u20m,238,-0.027368582423205147,11.068083387325558,52.23856758556864,628.892,3,-0.029689696233981166,10.395733931483425,55.13991662408932,3
2019,1,7.749123400000002,hgap,239,-0.016349379802821407,4.668085140328917,39.7598296043535,1502.938,3,-0.018198466470609277,4.408027306987584,43.11579414275965,3
2015,1,172.26367,math,239,0.0015968363687341263,182.16548661219235,-5.748058550123983,1502.938,3,0.0015968363687341263,182.16548661219235,-5.748058550123983,3
2023,1,11.191542099819953,nnm,239,-0.021416872538423483,6.277066570982644,43.912407110690964,1502.938,3,-0.021053373413817144,6.338975999848393,43.359226607829385,3
2023,1,6.315098177382739,pnm,239,-0.02982730820008215,2.822451916111353,55.306286033369254,1502.938,3,-0.034467841648853394,2.4900718808175646,60.56954601694628,3
2023,1,9.499869832713115,q5_19,239,0.00490668824193965,10.845591447621768,-14.165684778907353,1502.938,3,5.223718335797045e-4,9.634805705760144,-1.4203970730459148,3
2023,1,26.770195028785526,u20m,239,-0.014991610979795534,17.859144007709574,33.287209941855316,1502.938,3,-0.01689939415937349,16.96250806381127,36.63659138242445,3
2019,2,6.981370799999979,hgap,239,-0.011564050017751449,4.8781192043285335,30.126627791657363,1502.938,3,-0.012883869200008835,4.682561746852576,32.927760449959344,3
2015,2,154.65929999999997,math,239,-0.008295522151813136,115.68620054355719,25.199324875027102,1502.938,3,-0.008295522151813136,115.68620054355719,25.199324875027102,3
2023,2,7.306522864177169,nnm,239,-0.02213885140240692,4.018941278371196,44.9951590779865,1502.938,3,-0.019205370679063628,4.350202883446141,40.461379998212834,3
2023,2,7.257667126422618,pnm,239,-0.026329044348824104,3.5650363398886014,50.879032094079435,1502.938,3,-0.03312790310010283,2.9671593907445186,59.116898873163635,3
2023,2,4.235074539647332,q5_19,239,-0.0017710235496451344,4.037328831478879,4.669237963044682,1502.938,3,2.431839657436985e-4,4.262973390873434,-0.658757029301893,3
2023,2,18.684780368076524,u20m,239,-0.019491354025980324,11.039091543266688,40.91934009496152,1502.938,3,-0.020476526966734455,10.74932627283414,42.47014917446037,3
2019,3,7.33333032683953,hgap,239,-0.01523963565278288,4.572229993591803,37.65138361683058,1502.938,3,-0.017599932139411266,4.249629736816123,42.05047983093378,3
2015,3,163.35003999999998,math,239,-0.0032318525553541497,145.87944238091407,10.695190291404831,1502.938,3,-0.0032318525553541497,145.87944238091407,10.695190291404831,3
2023,3,9.303030910501494,nnm,239,-0.02129842793656924,5.2345595079887275,43.73275163388068,1502.938,3,-0.019820215508131244,5.447705074249746,41.44161051749016,3
2023,3,6.762593202099487,pnm,239,-0.028536619885423154,3.129639084280872,53.72131679738984,1502.938,3,-0.034475999728466086,2.6659339156068467,60.57823033360646,3
2023,3,6.923547675161679,q5_19,239,0.00301246852758581,7.510221492310127,-8.473601174917144,1502.938,3,6.782499845806811e-4,7.05150491852081,-1.8481456236400269,3
2023,3,22.815463638173107,u20m,239,-0.01678292978099045,14.502186508155974,36.437029121371815,1502.938,3,-0.018278316318329945,13.928317461042418,38.952292699681934,3
2023,1,4.258635507285113,q5_19,240,-0.010166870888907775,3.2363407438932383,24.005218611526338,46.221000000000004,3,-0.010466365602498851,3.2102760625918716,24.61726162992457,3
2023,1,10.655705358093126,u20m,240,-0.017732911675193953,6.601565697922182,38.0466569216066,46.221000000000004,3,-0.01946199324038824,6.300453693187261,40.872485851891575,3
2023,2,3.09060130094585,q5_19,240,-0.016238283028943055,1.9935800169739368,35.49539966983706,46.221000000000004,3,-0.011127632389251785,2.2885526638708353,25.951216574896122,3
2023,2,8.242507519072518,u20m,240,-0.01834399861933278,5.022946157272162,39.06046011302438,46.221000000000004,3,-0.015614582557320133,5.407089047252885,34.3999500790105,3
2023,3,3.6177353168797,q5_19,240,-0.013369652720890057,2.5215343960056154,30.3007496363653,46.221000000000004,3,-0.01146356834432427,2.654700604577425,26.619822290727814,3
2023,3,9.407931774278344,u20m,240,-0.018268353212111864,5.7448718374801935,38.93586842129426,46.221000000000004,3,-0.0181542736278713,5.762594177139981,38.74749184624042,3
2023,1,4.189644869011059,nnm,241,-0.03944678272190314,1.4441961079099108,65.52939084188286,85.714,3,-0.03938012254198995,1.446797748510663,65.46729391763051,3
2023,1,2.145299976292536,pnm,241,-0.04757364568492101,0.5938021821293743,72.3207854989319,85.714,3,-0.04439909889496361,0.6469435232513833,69.84368011929884,3
2023,1,11.641621614440488,q5_19,241,-0.014168304151595156,7.94102638440726,31.787626780816687,85.714,3,-0.023981129037472203,6.092730032933369,47.664249580352006,3
2023,1,17.89393401928796,u20m,241,-0.02480150629215818,9.159770318032484,48.81075168736444,85.714,3,-0.02999259104846095,7.9618534282762,55.50529347155255,3
2023,2,3.2594007672467393,nnm,241,-0.030922537344105307,1.4143002084956235,56.60858208331643,85.714,3,-0.028924638223542944,1.4926874196700979,54.20362433886915,3
2023,2,1.8980716976612078,pnm,241,-0.044824467569346604,0.5658523222796511,70.18804279222483,85.714,3,-0.04732299864048659,0.5289388292785497,72.132831972032207,3
2023,2,2.7292656371249446,q5_19,241,-0.02423279314222313,1.4187087980167674,48.018661917010775,85.714,3,-0.013509798444733212,1.8950931966449547,30.563988683736973,3
2023,2,7.866492298122529,u20m,241,-0.03216259251901561,3.3009894590669564,58.03733946507781,85.714,3,-0.028345991002673366,3.6592949804024437,53.482507301560624,3
2023,3,3.7346566633641225,nnm,241,-0.03584203399154116,1.4189554076000483,62.005733444801464,85.714,3,-0.03496624997154667,1.452908109964879,61.09660831161594,3
2023,3,2.023877906207616,pnm,241,-0.046307894533004226,0.5796691751741512,71.35849087555152,85.714,3,-0.04555171560748998,0.5916258258731385,70.76771162635305,3
2023,3,7.315823755818296,q5_19,241,-0.015561976835151547,4.806005421829519,34.306708550663366,85.714,3,-0.021212466849022782,4.125977803944401,43.60200653189604,3
2023,3,13.02472670885324,u20m,241,-0.026741415361442433,6.327032903331409,51.42291239761091,85.714,3,-0.028985718966803818,5.955023763251727,54.2790885646457,3
2019,1,9.459084600000011,hgap,242,-0.01182407365293412,6.556319081279427,30.687594428752448,3388.083,3,-0.012923683465264712,6.336594161665221,33.01049277363252,3
2022,1,166.50905999999998,math,242,7.649549465983619e-4,170.11394221526493,-2.164976617647683,3388.083,3,0.012186012656214995,234.21935170676267,-40.66462912394238,3
2023,1,4.0022446580211755,nnm,242,-0.04401183867212488,1.2196155962858943,69.52671062121156,3388.083,3,-0.04416445135039852,1.2146004582555066,69.6520187534952,3
2023,1,3.302686921349718,pnm,242,-0.050636335533251794,0.8416048252163528,74.5175717451168,3388.083,3,-0.031054038452253165,1.4280035038006371,56.762371432498625,3
2023,1,6.0612563949923315,q5_19,242,-0.0321717194172245,2.5428377459932268,58.04767889221681,3388.083,3,-0.044337633676706914,1.8308878172154435,69.7935923197692,3
2023,1,13.308772868688145,u20m,242,-0.04035482648014375,4.4765072783876025,66.36423716479838,3388.083,3,-0.040893511404911376,4.4118699478093495,66.84991177368984,3
2019,2,8.802747299999993,hgap,242,-0.008934572747086866,6.6731506571052375,24.192409145889684,3388.083,3,-0.010798204053125282,6.298550580223714,28.447899666235802,3
2022,2,177.39126,math,242,4.199768526887304e-4,179.48957950464953,-1.1828764870656752,3388.083,3,0.01521077145918448,271.58071888829585,-53.09701215736101,3
2023,2,3.3770895715493805,nnm,242,-0.029181899255242328,1.5358791990187883,54.52062592719033,3388.083,3,-0.016728835603037107,2.1497159212748618,36.34412485279181,3
2023,2,2.8277138466168417,pnm,242,-0.036564150147912214,1.0536248986481382,62.73933800236805,3388.083,3,-0.032671232575251265,1.1703996569325037,58.609685406010804,3
2023,2,3.067469753436969,q5_19,242,-0.019296395985187377,1.8218461327419198,40.607527402654284,3388.083,3,-0.017922462244244163,1.8906989142804536,38.36291581483383,3
2023,2,9.243719974476594,u20m,242,-0.028300327571153305,4.305251492417015,53.4251199267772,3388.083,3,-0.0220393876621503,5.0981663323170485,44.84724389754439,3
2019,3,9.125445134916617,hgap,242,-0.010456016627796227,6.599079467777595,27.68484857217989,3388.083,3,-0.012194102141108321,6.252925997608012,31.478126215646277,3
2022,3,171.88137,math,242,3.377149384554912e-4,173.51439215159672,-0.9500867671677969,3388.083,3,0.013368174614619255,249.91314031753927,-45.39862017479804,3
2023,3,3.7075422901008936,nnm,242,-0.037404267612046,1.350471750299535,63.57501426469812,3388.083,3,-0.032101601295227454,1.5583475026318685,57.968179977538135,3
2023,3,3.0619825935569445,pnm,242,-0.04484747091893693,0.9122701622331671,70.20655296497192,3388.083,3,-0.03226895405901868,1.281204758652572,58.15767335358155,3
2023,3,4.5992218702232135,q5_19,242,-0.028109094667674396,2.1531708605262456,53.18401848655007,3388.083,3,-0.03611377030548866,1.7346667712820596,62.28347272148733,3
2023,3,11.326311989372062,u20m,242,-0.03571658707901273,4.317949610893601,61.87682614653995,3388.083,3,-0.03364279146254665,4.566619173377414,59.68132276717736,3
2019,1,10.248672099999993,hgap,243,-0.013587015040413819,6.725798669629869,34.373950068810636,28300.861,3,-0.01589604369882718,6.261193308514169,38.907272596669635,3
2023,1,12.772307982751531,nnm,243,0.004392907249666766,14.380712286528043,-12.59290259793762,28300.861,3,0.002230369474837879,13.565087062798181,-6.2070150603733065,3
2023,1,8.070877034857427,pnm,243,0.005520151539708573,9.368062017063153,-16.07241662341398,28300.861,3,-0.006773483570029359,6.721948705313295,16.713528451966564,3
2023,1,16.702822108511928,q5_19,243,-0.015781402526397016,10.907818497662358,34.69475740806924,28300.861,3,-8.481017234204912e-4,16.32469426801076,2.2638560001693997,3
2023,1,37.096505176574254,u20m,243,-0.004847295995310752,32.545716850124684,12.267431405703705,28300.861,3,-0.001082172128050729,36.02827755015562,2.879591005497732,3
2019,2,10.3242032,hgap,243,-0.010612851047316551,7.429752754219738,28.035581920552104,28300.861,3,-0.011627463421315288,7.199701723668293,30.263851028539484,3
2023,2,9.658442728598613,nnm,243,0.002763005552186204,10.406530865748064,-7.745432241725304,28300.861,3,0.0015433720599947521,10.06942366909363,-4.255147046408468,3
2023,2,7.240420876988729,pnm,243,0.010175352100776181,9.529705774784734,-31.618119121662335,28300.861,3,-0.0024992352616950873,6.767961845636744,6.525297898821583,3
2023,2,7.029916922114299,q5_19,243,0.024973143284884713,13.79698040270411,-96.26093104034247,28300.861,3,-0.010693702229987912,5.266915662413141,25.078550418643097,3
2023,2,23.740543340563413,u20m,243,0.011020832350875854,31.96836274491097,-34.65724977864931,28300.861,3,-0.0033081651484359043,21.711972077374774,8.544754996077087,3
2019,3,10.177879839767058,hgap,243,-0.013305852332535607,6.737812382499012,33.799450488961355,28300.861,3,-0.015760930737253976,6.244042875885935,38.650848956880175,3
2023,3,11.25127603720767,nnm,243,0.0036567009961610887,12.41881268164006,-10.376926497682375,28300.861,3,0.0018350581040378344,11.822779262818269,-5.079452532500781,3
2023,3,7.6704169607880734,pnm,243,0.007670693816484641,9.435505075484217,-23.011631880241293,28300.861,3,-0.00475008826828951,6.747139202613976,12.036865308548208,3
2023,3,12.021459025035597,q5_19,243,-0.00558029827604547,10.340055653355726,13.98668304885639,28300.861,3,-0.0035927897448207345,10.910089264894511,9.244882487446612,3
2023,3,30.6304211631242,u20m,243,8.919708856526487e-4,31.377054729157603,-2.437555664210947,28300.861,3,-0.0019049730542225695,29.094798087158207,5.0133919732541,3
2019,1,4.0633014,hgap,244,-0.03209148093352203,1.5025443236931417,63.02158821658807,64.721,3,-0.038733816451613556,1.222927391652837,69.90310904200126,3
2023,1,2.134725314514622,nnm,244,-0.0516599706309932,0.529151114656716,75.21221531131603,64.721,3,-0.05811748541406756,0.4444871532221061,79.17825070045743,3
2023,1,1.1984451634905469,pnm,244,-0.06048880503740946,0.2340611866373388,80.46959562541679,64.721,3,-0.06397146693794023,0.21305507305217566,82.22237616349176,3
2023,1,2.914648226530203,q5_19,244,-0.0376279774456187,1.0552669250827504,63.794364085610006,64.721,3,-0.03837566373434744,1.0341772827102793,64.51793827821773,3
2023,1,6.235552790578192,u20m,244,-0.047099445460525934,1.7481921678688201,71.96411887474824,64.721,3,-0.05021752699861306,1.60704004494439,74.22778542789986,3
2019,2,4.251144499999981,hgap,244,-0.015276891091480093,2.647470397068821,37.723349628109965,64.721,3,-0.01882403974780842,2.3717854088977743,44.2083088707574,3
2023,2,0.7937413799277149,nnm,244,-0.052392254522758565,0.1928990158630103,75.6974978574788,64.721,3,-0.05911653170993827,0.16087237263182375,79.7323943667301,3
2023,2,0.5402069053463965,pnm,244,-0.05859302199343426,0.11104556697889566,79.44388235694802,64.721,3,-0.06186625027536744,0.10165283878987559,81.18261025843555,3
2023,2,1.9605619510657535,q5_19,244,0.0246727178240795,3.816731862739093,-94.67540215520009,64.721,3,0.01077370695794333,2.6224820843282086,-33.7617555468032,3
2023,2,3.291467004171378,u20m,244,-0.015360885765307964,2.17404491303523,33.94905948381085,64.721,3,-0.021027300767579506,1.8656252331943664,43.31933964915942,3
2019,3,4.393479940471167,hgap,244,-0.015734152394206523,2.6976010714029948,38.5999001257828,64.721,3,-0.010066229930796488,3.2157753092847154,26.805735934693985,3
2023,3,1.4745700250342284,nnm,244,-0.051737426293256374,0.3647496427293318,75.26399990933865,64.721,3,-0.05828236530832883,0.30566748307666813,79.27073805331335,3
2023,3,0.878299541351657,pnm,244,-0.060121771786096435,0.1732438016465716,80.27508913645127,64.721,3,-0.06360489598512478,0.15769385189446747,82.04555001226747,3
2023,3,2.4622971898186075,q5_19,244,-0.017663808902234724,1.5283242761621731,37.93095803050639,64.721,3,-0.019160965402350773,1.4677764922198455,40.38995380862317,3
2023,3,4.808081366862504,u20m,244,-0.037534956240609964,1.7451740657357742,63.70331671665156,64.721,3,-0.04023322306358708,1.6225534265613393,66.25361962998288,3
2019,1,5.032831299999998,hgap,245,-0.01814098152873933,2.8679924236949543,43.014334223860125,39299.099,3,-0.02755486930482918,2.142089511725796,57.43768499202831,3
2022,1,77.55681999999996,math,245,0.03000404737748861,179.6704169504793,-131.66294975797024,39299.099,3,0.03980005767565187,236.37332575183103,-204.77439089409694,3
2023,1,3.3165278443723105,nnm,245,-0.008319318708793922,2.649303566914197,20.118156963171614,39299.099,3,-0.008459117649214632,2.6393224305697713,20.41910834403707,3
2023,1,2.0848626618344968,pnm,245,-0.017601292810542502,1.296240403911386,37.82610108376118,39299.099,3,-0.013689030980823991,1.4406568378364157,30.89919714093955,3
2023,1,2.8756063784782793,q5_19,245,-0.0060632973598276465,2.4413582336048996,15.101098263079255,39299.099,3,-0.02960863487933656,1.2928258766031977,55.04162578442538,3
2023,1,8.254569990017945,u20m,245,-0.009950105461267622,6.309864091358744,23.55914240246176,39299.099,3,-0.017294555069372032,5.174868862705816,37.309043730156006,3
2019,2,5.631271399999974,hgap,245,-0.01209875871804591,3.8700743638795907,31.275300212317802,39299.099,3,-0.012901944122062314,3.7749040864123753,32.96533201343497,3
2022,2,89.88211000000001,math,245,0.028527059759783934,199.787958386212,-122.27777962289936,39299.099,3,0.05878868984762309,466.184854302576,-418.6625617740571,3
2023,2,2.633654669983943,nnm,245,-0.01728657429337773,1.651419108483105,37.29553356768777,39299.099,3,-0.03154659602556629,1.1236860497043863,57.33358429595338,3
2023,2,1.6922613863519231,pnm,245,-0.029559816914813474,0.761816684478666,54.98232775251433,39299.099,3,-0.03857741612636414,0.5971872862355196,64.7106947513055,3
2023,2,1.857199263001763,q5_19,245,-0.015917781611218828,1.2083907029653835,34.93478448767636,39299.099,3,-0.019551751741806768,1.0954577180745886,41.01560667733538,3
2023,2,6.170632676348431,u20m,245,-0.020355926850788398,3.561533991082523,42.282514972352615,39299.099,3,-0.029937181145276038,2.749715584399361,55.43867657300663,3
2019,3,5.222689873555424,hgap,245,-0.016825643417262337,3.1000480912729214,40.64269243767068,39299.099,3,-0.019803209941385846,2.826708787991565,45.87638063090197,3
2022,3,83.64553999999998,math,245,0.02910529798061807,188.96020778539804,-125.90589741592686,39299.099,3,0.04965965891001867,335.98232623814175,-301.6739281474443,3
2023,3,2.984494674129648,nnm,245,-0.012257677604427752,2.143571040495697,28.176415958228663,39299.099,3,-0.018667873423209035,1.8029024918298864,39.59103001731249,3
2023,3,1.8933163770934458,pnm,245,-0.02299940158836734,1.0174974634202405,46.25845549478278,39299.099,3,-0.024941756768433687,0.9655113279209128,49.00422667852625,3
2023,3,2.3749427745499707,q5_19,245,-0.010211751688159776,1.8026468313442594,24.09725191438164,39299.099,3,-0.02630180025634088,1.1674533298726686,50.84288588410767,3
2023,3,7.235532130851596,u20m,245,-0.014490012137563379,4.8928432644928614,32.37756151160936,39299.099,3,-0.022777057753184237,3.911900618469333,45.93485941705139,3
2019,1,9.938641700000005,hgap,246,-0.007050039347883397,7.987510559031485,19.631768604441376,55.951,3,-0.011509523998061155,6.956212307313857,30.00842049357858,3
2023,1,6.4480645364191425,nnm,246,0.0015198399758257653,6.718169309581291,-4.188927881173906,55.951,3,3.8521495957257736e-4,6.515479568790614,-1.0455080278850533,3
2023,1,6.437681213464774,pnm,246,0.0065330372626752455,7.67954592720874,-19.290559326649095,55.951,3,0.01765863441239013,10.37035800088727,-61.088405235056996,3
2023,1,27.006035064417677,q5_19,246,-0.002155066618697532,25.479483589914533,5.652630868847835,55.951,3,0.009017151346289332,34.450497834406555,-27.56592277330438,3
2023,1,39.50339836510486,u20m,246,-2.3617654523455656e-4,39.25229587092932,0.6356478292190273,55.951,3,0.008870788382373896,50.194125055897096,-27.062802526467806,3
2019,2,8.965660299999996,hgap,246,-0.0023173013704907318,8.344189388057744,6.931680335270478,55.951,3,-0.0017521085174674767,8.491676032623854,5.286663240811639,3
2023,2,5.5307916440887706,nnm,246,0.007994755811438669,6.863306801606913,-24.09266599189856,55.951,3,0.013779768715691532,8.023580070127057,-45.0710962634534,3
2023,2,4.951846346995192,pnm,246,-3.004486349175828e-4,4.911838901022065,0.8079298744276211,55.951,3,0.003366816239891879,5.423083390354794,-9.516390661950785,3
2023,2,17.13856111066847,q5_19,246,-0.009469958089225638,13.271808076932428,22.56171337119457,55.951,3,0.007183590871210388,20.80696765374172,-21.404402151296864,3
2023,2,27.41462352411972,u20m,246,-0.004577977055588401,24.22708436036487,11.62714914159012,55.951,3,0.007731547119632332,33.778629814185784,-23.2139109423368,3
2019,3,9.535665808696308,hgap,246,-0.004778610032782416,8.222729035850502,13.768695329574546,55.951,3,-0.0072064754675964515,7.6265709307956575,20.020572408898808,3
2023,3,6.022672921162336,nnm,246,0.0046983703139556136,6.837260680373354,-13.525352777314827,55.951,3,0.006996036025723251,7.274856882176472,-20.791166603357123,3
2023,3,5.690267933148085,pnm,246,0.003207103541399081,6.204960985673537,-9.04514617891996,55.951,3,0.010725987224690314,7.601601817333444,-33.58952349240138,3
2023,3,22.226702038328217,q5_19,246,-0.004578006245386091,19.642354762447084,11.627218790374869,55.951,3,0.00866690672570467,28.086831657527146,-26.36526826649132,3
2023,3,33.64579394659928,u20m,246,-0.0017271646029311416,32.112796958686914,4.55628121109417,55.951,3,0.008637772783930409,42.483166677189466,-26.265906355535474,3
2023,1,6.401129129423588,q5_19,247,-0.005538877819825228,5.511984381384859,13.8904360474727,5.707,3,-0.005440440374612265,5.526653679695988,13.661268692549335,3
2023,1,18.506147932446094,u20m,247,-0.005149975725587152,16.103773975865515,12.98149115283247,5.707,3,-0.006828132641475637,15.390391963361466,16.836329097001848,3
2023,2,1.2771127142283678,q5_19,247,-0.0027316587658360704,1.1863092907280857,7.110055556462424,5.707,3,-0.004813914194632984,1.121454108916423,12.188321639722606,3
2023,2,8.548497975099266,u20m,247,-0.008528824134610868,6.790179250787333,20.568744701510155,5.707,3,-0.011669933782205266,6.238048418195208,27.027549911506284,3
2023,3,3.8371577621529873,q5_19,247,-0.009047317835000346,3.0055312615503866,21.67298172634904,5.707,3,-0.017546127426797398,2.3892666692528004,37.73342621408902,3
2023,3,13.596755716519526,u20m,247,-0.007443406969925359,11.121267051821176,18.20646569159677,5.707,3,-0.010708306356072495,10.182870465171717,25.10808697695489,3
2019,1,6.8450611000000094,hgap,248,-0.005832927678151889,5.712784893369434,16.541506205555628,343477.333,3,-0.013596941693518837,4.490761077608067,34.394141819887324,3
2022,1,109.18489999999997,math,248,0.011888411430546331,152.31005754106448,-39.49736414198714,343477.333,3,0.026672788254693547,230.4147271020247,-111.03167846655055,3
2023,1,3.7467619555257565,nnm,248,-0.014617690896351366,2.524932511476607,32.610276781720415,343477.333,3,-0.0161358625927988,2.4235264699379258,35.31677489241908,3
2023,1,2.975511657490215,pnm,248,-0.009843396821423767,2.2810692349664743,23.33858853403012,343477.333,3,-0.013379353614892642,2.073366183975521,30.319003161817076,3
2023,1,4.54935309694382,q5_19,248,6.530517611223141e-4,4.63028047450038,-1.7788765970028988,343477.333,3,-0.013133938546722623,3.1911096392230798,29.855749351115122,3
2023,1,11.229946898420495,u20m,248,-0.00738720336505323,9.199319825730075,18.08224999689028,343477.333,3,-0.014146563651804644,7.664711105998618,31.74757480752942,3
2019,2,7.049328099999997,hgap,248,-0.00835655374973363,5.44054446357737,22.821801079490502,343477.333,3,-0.010541190849297211,5.084289987745725,27.875537702015492,3
2022,2,122.45439999999996,math,248,0.018671378317734178,206.5489248770569,-68.67415534032011,343477.333,3,0.03431877654285698,320.1099270985443,-161.4115353131814,3
2023,2,3.096087034848556,nnm,248,-0.016048592597808886,2.007373331517113,35.164182759632816,343477.333,3,-0.013956133973429142,2.1240474649238017,31.39574433741011,3
2023,2,2.4965900105171634,pnm,248,-0.004233964315091187,2.226896180146164,10.802487762703686,343477.333,3,0.0011321064066530217,2.574081259367881,-3.10388363825366,3
2023,2,2.3431693156817923,q5_19,248,-0.0031064334545042203,2.1546552158818475,8.045261541208466,343477.333,3,-0.023589986559682096,1.2393348002764883,47.10861088944062,3
2023,2,7.915030223741515,u20m,248,-0.008673544181187065,6.262489682930054,20.878512072570302,343477.333,3,-0.012258451325893826,5.684739626503026,28.177916371672527,3
2019,3,6.847866509620076,hgap,248,-0.0071120895828496785,5.492933062064046,19.786212912482753,343477.333,3,-0.012064667396343598,4.711151961911706,31.20263142844057,3
2022,3,115.70540999999997,math,248,0.015364086534032761,177.9035972182589,-53.75564307516731,343477.333,3,0.030665396510747067,273.05643468155955,-135.99279816005114,3
2023,3,3.4290069624362465,nnm,248,-0.01525827211764268,2.271175086395641,33.76580709004998,343477.333,3,-0.015164158116447446,2.276953658306803,33.59728681655783,3
2023,3,2.741739519471875,pnm,248,-0.007382190559992207,2.24627532851325,18.07116202833387,343477.333,3,-0.0070401341769926965,2.267116947974758,17.31100157860879,3
2023,3,3.4806130605529173,q5_19,248,-6.541173370300024e-4,3.4196810175300647,1.7506123766935806,343477.333,3,-0.016700606237452575,2.2173040736458116,36.29558830381511,3
2023,3,9.620512840549654,u20m,248,-0.007919676755220895,7.768416140615808,19.251538152180558,343477.333,3,-0.013408406178342602,6.698412823173406,30.373640842303562,3
2019,1,6.687852700000008,hgap,249,-0.009076303341757175,5.04767351694781,24.524750418803265,47.544,3,-0.015344874807625475,4.156202230664145,37.854459164985194,3
2023,1,4.936363221667168,nnm,249,-0.004764453797917701,4.340495957865767,12.070976892177676,47.544,3,-0.010469389602525858,3.720861959043335,24.62341622854323,3
2023,1,6.230408031116297,pnm,249,-0.003630023307548358,5.648732568937519,9.336073324150478,47.544,3,-0.004992147828176785,5.444760847077339,12.609883335332592,3
2023,1,8.69784632304238,q5_19,249,0.0018428623174269188,9.141575351169468,-5.101596552143699,47.544,3,0.007292743718287831,10.590734619044367,-21.762724077882783,3
2023,1,19.73700266559264,u20m,249,-0.0015457621016623513,18.93022034385982,4.087663843402519,47.544,3,-0.001099345338809421,19.15977171258504,2.9246130366789798,3
2019,2,2.8096890999999857,hgap,249,-0.03818825412192213,0.8600523313968443,69.3897687328876,47.544,3,-0.04143535556134359,0.7776939709311244,72.32099555316893,3
2023,2,4.427424190369963,nnm,249,-0.0020328718258721514,4.190962531959834,5.3408403677346605,47.544,3,-0.005650801887075829,3.8009320658054833,14.150262040107991,3
2023,2,5.607122467437442,pnm,249,-0.005753923788032034,4.800315843647875,14.38896026393183,47.544,3,-0.008816874401587871,4.419303258952873,21.184113872715617,3
2023,2,3.9017202925001326,q5_19,249,-0.016211189677130776,2.5186308370412145,35.44819596928785,47.544,3,0.012636665672543845,5.488239497459733,-40.66204356086723,3
2023,2,13.872386706970218,u20m,249,-0.007623200890391102,11.291766958310637,18.602564959949838,47.544,3,-0.002006007876215676,13.14101274848919,5.272156651411302,3
2019,3,4.722584257135452,hgap,249,-0.019714671060834445,2.5630587231152178,45.72762319184378,47.544,3,-0.027229561911646626,2.0304140598242033,57.00629254509524,3
2023,3,4.683814616741193,nnm,249,-0.0036252823080899386,4.247073870083399,9.32446696538259,47.544,3,-0.008410991252364487,3.7322680425116945,20.315632707332597,3
2023,3,5.930964668948491,pnm,249,-0.004530593636905689,5.248072401835824,11.5140167785511,47.544,3,-0.0067135476607133706,4.947691424906139,16.578639377001686,3
2023,3,6.377108662803277,q5_19,249,-0.003710773741291673,5.769145153893555,9.533529081225833,47.544,3,0.008727470583001783,8.071638622046278,-26.572072844343097,3
2023,3,16.89659396168741,u20m,249,-0.003951462630030322,15.186738347397082,10.11952833906871,47.544,3,-0.0015281883513534212,16.21360939057776,4.042143479675862,3
2019,1,5.008180299999992,hgap,250,-0.007504390777994896,3.9686918096980532,20.755812052172733,26451.126,3,-0.018871085092272154,2.7900764522150445,44.289616485751345,3
2022,1,87.88013999999998,math,250,0.02206647229571255,163.01383343035042,-85.49564603601047,26451.126,3,0.0046240251155595935,100.02763960345395,-13.822804109613354,3
2023,1,2.3279151842467782,nnm,250,-0.012350611676598866,1.6678019819861685,28.35641120980945,26451.126,3,-0.018505631170871582,1.4124433184584242,39.32582561355493,3
2023,1,1.5916801467920072,pnm,250,-0.019560963965393884,0.93860938883798,41.03027604322863,26451.126,3,0.005633769972471369,1.8531778898135671,-16.429038431408618,3
2023,1,0.6366928721061038,q5_19,250,-0.15385550189793404,0.009996038261609039,98.43000625583521,26451.126,3,-0.29735964570759216,2.075416903374987e-4,99.96740317044056,3
2023,1,4.550089687489711,u20m,250,-0.050195237166550125,1.1733648258654463,74.21227038465712,26451.126,3,-0.08332154645533998,0.4797285720153976,89.45672272495217,3
2019,2,5.6954992,hgap,250,-0.0030101738054355343,5.188065340539218,8.909383385758044,26451.126,3,-0.004356992418716432,4.975916048019526,12.634241999023972,3
2022,2,99.25088,math,250,0.01815598587535261,165.01203168359385,-66.25749986659449,26451.126,3,0.01816038284174648,165.0323484002362,-66.27796992856508,3
2023,2,2.1980115995792224,nnm,250,-0.012786817914976423,1.5562966389681923,29.195249048452574,26451.126,3,0.016331489004188616,3.4161129364933878,-55.41833069249286,3
2023,2,1.5061384159855695,pnm,250,-0.006874755397547827,1.2509842470326462,16.940950861143694,26451.126,3,0.0456266781159944,5.162749797136575,-242.7805666691155,3
2023,2,0.35059817915295,q5_19,250,-0.16294356102938798,0.0043066684818273745,98.7716226900458,26451.126,3,-0.31082235668121067,7.945512743650882e-5,99.97733726751562,3
2023,2,4.050140177416672,u20m,250,-0.03741947575009774,1.4746573341542557,63.58996801204924,26451.126,3,-0.03709175210358984,1.487763797290175,63.26636283885055,3
2019,3,5.249093507194573,hgap,250,-0.00596568244707194,4.3628226319406505,16.884265331512413,26451.126,3,-0.013215223898283491,3.4847052209862213,33.61319976087348,3
2022,3,93.50918000000001,math,250,0.020151843435790795,164.40143799227042,-75.81315330994282,26451.126,3,0.01170099504977995,129.76011474941907,-38.76724696914148,3
2023,3,2.2647687346233885,nnm,250,-0.012523403211771488,1.6150093773802685,28.689876688498586,26451.126,3,-0.0029549608728501875,2.0910967858258402,7.6684186841014625,3
2023,3,1.550041581692696,pnm,250,-0.01382266632730289,1.0672334790730287,31.148074240203616,26451.126,3,0.023696233396264366,2.939031364388267,-89.60984009078963,3
2023,3,0.4978416622197779,q5_19,250,-0.15699488467903094,0.0071808674662226625,98.55760013450771,26451.126,3,-0.30195358829936525,1.4335018373019711e-4,99.97120566746241,3
2023,3,4.3072440689813085,u20m,250,-0.04454744252454723,1.293714223455749,69.96422299882066,26451.126,3,-0.06350510214149523,0.7754285107177418,81.99710770276512,3
2019,1,5.459362400000003,hgap,251,-0.009643679279075768,4.048627556421808,25.84065208014391,14.244,3,-0.017805729754984824,3.1435551850531995,42.41900510115984,3
2023,1,2.9180060469093565,nnm,251,-0.03495255935398223,1.135623023618302,61.08222514408043,14.244,3,-0.03943151009047465,1.0062693203703579,65.51517357422337,3
2023,1,3.971837549193613,pnm,251,-0.03731706738229521,1.4501514902794166,63.48915401704092,14.244,3,-0.03197665928897888,1.6750768512194372,57.826148968264796,3
2023,1,6.610642082100826,q5_19,251,-0.020399204960099882,3.811040516174396,42.34991898149675,14.244,3,-0.02013840746690394,3.8379707850330256,41.94254147528527,3
2023,1,13.443426158526005,u20m,251,-0.02868617055449958,6.196369897315,53.90780724908302,14.244,3,-0.02780880561988184,6.344907187376629,52.802900744520386,3
2019,2,3.0526410999999882,hgap,251,-0.040087469623321256,0.8809940489211551,71.1399401350798,14.244,3,-0.04885315926952698,0.6713660330020377,78.00704337624099,3
2023,2,2.682443127828298,nnm,251,-0.03109074533401348,1.1586758796816308,56.80520240443297,14.244,3,-0.033998222089547926,1.0711962318495802,60.066395416300246,3
2023,2,3.8296719993711204,pnm,251,-0.03718711374400807,1.403160354477637,63.36082163934526,14.244,3,-0.033113920939360456,1.5662798641042377,59.10146183899195,3
2023,2,3.8099279134143904,q5_19,251,-0.011877539209833254,2.7646573684844893,27.43544152763636,14.244,3,-0.01491758881196179,2.5467941462180965,33.15374453015033,3
2023,2,10.286998613000865,u20m,251,-0.026780108633537837,4.991906466500853,51.47363527208017,14.244,3,-0.026727253576065823,4.999035434704197,51.40433451224209,3
2019,3,4.5138752868515155,hgap,251,-0.012163849305047192,3.0958940125785785,31.413833660920588,14.244,3,-0.02554242415983703,2.044883666295873,54.697825341953454,3
2023,3,2.8033271545796272,nnm,251,-0.033262543095760246,1.1419282919843419,59.26525057488056,14.244,3,-0.03707131778652935,1.0303323303272993,63.24609032363178,3
2023,3,3.9032571381673042,pnm,251,-0.037194495473013164,1.4298363403889822,63.3681233447937,14.244,3,-0.03235568180457049,1.6293936626163745,58.25553877340955,3
2023,3,5.246533523870722,q5_19,251,-0.01736930485386574,3.282470520345359,37.43544179388644,14.244,3,-0.01626150439967704,3.382134295415746,35.53582989553611,3
2023,3,11.90704679869814,u20m,251,-0.02785335029631324,5.613025813418617,52.85963086974414,14.244,3,-0.02648656931611555,5.8240332573687335,51.08750846594887,3
2019,1,9.805945699999995,hgap,252,-0.0045604246412496606,8.513181626851953,13.183471668092583,924.151,3,-0.0037473495988600723,8.730486260324763,10.967421935400196,3
2023,1,11.62151489241231,nnm,252,0.022374860875800717,21.263231405363765,-82.96436912236402,924.151,3,0.01852696765624806,19.165010353151263,-64.90974309781336,3
2023,1,20.01403664280965,pnm,252,0.0349631608207774,51.44118939693539,-157.02555818701586,924.151,3,0.043431618246519574,64.65642956589389,-223.05541715455337,3
2023,1,7.471924404711561,q5_19,252,-0.011703044117154126,5.447574112287735,27.09275660159696,924.151,3,-0.00956501505104681,5.771298954925673,22.7602068446186,3
2023,1,38.640241985947284,u20m,252,0.020514890181008473,67.23515877647225,-74.00294439388963,924.151,3,0.024647494435273122,75.17183465628601,-94.54286720984967,3
2019,2,6.079741599999977,hgap,252,-0.01862340268027094,3.4131537320196204,43.86021715101127,924.151,3,-0.01758468048662585,3.524847242941625,42.02307474808406,3
2023,2,9.52702053938631,nnm,252,0.024267612377650495,18.345009264685384,-92.55767518128066,924.151,3,0.023321216205309626,17.88218321751234,-87.69963960489406,3
2023,2,16.577064152269894,pnm,252,0.030814652371504315,38.09243387380273,-129.78998889008184,924.151,3,0.03856854245141905,46.96350020294926,-183.30408672827969,3
2023,2,6.541305329543667,q5_19,252,-0.015484124423334179,4.306241051694264,34.16847502523362,924.151,3,-0.015818411345247398,4.267548885425135,34.75998030315387,3
2023,2,32.31773827077322,u20m,252,0.017787418190272943,52.24146577714651,-61.649510678757665,924.151,3,0.02196860101522926,58.48489287118625,-80.96839692546642,3
2019,3,8.087605630839391,hgap,252,-0.008995451586603531,6.119459169100357,24.335341652097416,924.151,3,-0.007731076986420682,6.364077792021919,21.310730486726168,3
2023,3,10.608676189367102,nnm,252,0.023203045263520617,19.849015260674246,-87.10171661727766,924.151,3,0.020574178297420163,18.48898203120894,-74.28170773786212,3
2023,3,18.34650839277785,pnm,252,0.03308138257304294,44.819199484838364,-144.29280234315078,924.151,3,0.041206907462504105,55.81405835829941,-204.2216925606987,3
2023,3,7.008886186131047,q5_19,252,-0.013528016090658878,4.864297783332708,30.598134223408852,924.151,3,-0.012511414349338602,4.999663507691778,28.666789916136068,3
2023,3,35.567859163001756,u20m,252,0.01927694774343558,59.854701679157714,-68.28311595829616,924.151,3,0.023411802783570846,66.92422924991325,-88.15928432242805,3
2019,1,5.465994099999989,hgap,253,-0.008162229233093598,4.244045330948165,22.355471789693784,281.126,3,-0.0170247925026902,3.224498520127911,41.00801316035234,3
2023,1,1.983569963119658,q5_19,253,-0.02660496545517711,0.9671169648990687,51.243617171030536,281.126,3,-0.02734845689580585,0.9478963640948134,52.2126074845371,3
2023,1,8.3178877391437709,u20m,253,-0.025004527337498184,4.234588288560231,49.0905813908456,281.126,3,-0.025356074233303882,4.194584719229843,49.57151562060363,3
2019,2,3.8425546999999938,hgap,253,-0.026922453864742325,1.6678599908029943,56.59502281638315,281.126,3,-0.03180798750185847,1.4334581609803352,62.69517878352291,3
2023,2,1.370067268262276,q5_19,253,-0.025039136704500177,0.6968418106328491,49.138131624975756,281.126,3,-0.02532002119222243,0.6915770341012859,49.52240301467481,3
2023,2,7.181230944264705,u20m,253,-0.023254643489612592,3.83279934177388,46.627543780151676,281.126,3,-0.023534028075060665,3.8039958398012814,47.02863799639607,3
2019,3,4.611727278023238,hgap,253,-0.018688497006062586,2.5837945140828324,43.9733887475162,281.126,3,-0.02774871532225558,1.9510980029503096,57.692684642301224,3
2023,3,1.6846537631304281,q5_19,253,-0.02574837032058922,0.8405944677131616,50.10283500918511,281.126,3,-0.026115628759461162,0.8323003417366032,50.595169170546924,3
2023,3,7.764265760034306,u20m,253,-0.024183285579567438,4.041367738676224,47.94913178424784,281.126,3,-0.024461690266936918,4.011102965731615,48.33892746976384,3
2023,1,5.6642656133155525,nnm,254,-0.03397328761658536,2.2634687565739195,60.039501833159825,166.525,3,-0.04804101457145991,1.5481642231838506,72.66787384503249,3
2023,1,9.024568570133784,pnm,254,0.017771473366656253,14.581891929239328,-61.579933887334406,166.525,3,0.0341094686542287,22.666914559057133,-151.16895486917562,3
2023,1,6.262375719847113,q5_19,254,-0.020201206288315364,3.6296167031953606,42.040898445423004,166.525,3,-0.043629488111794235,1.928154720251035,69.21049124950765,3
2023,1,20.80842546865169,u20m,254,-0.009999839420710633,15.884794182818094,23.661719591668028,166.525,3,-0.015016532042675302,13.872543655805503,33.3320837912279,3
2023,2,7.118699487662511,nnm,254,0.011583306082159872,9.732534221757657,-36.717868743092886,166.525,3,-0.0035080587902961645,6.475381114107183,9.037021083278896,3
2023,2,4.818775496190031,pnm,254,-0.0018801755513047525,4.580256997157996,4.949774049872631,166.525,3,0.004200103233559993,5.397428501156299,-12.008299731410622,3
2023,2,3.4008100247535644,q5_19,254,-0.04885989357553648,0.9091879134352979,73.26554830121154,166.525,3,-0.04955905244013192,0.8921858910622602,73.76548867568953,3
2023,2,15.263501168751304,u20m,254,-0.008996937955129968,11.97171889054833,21.56636437347797,166.525,3,-0.012331720811129187,10.940899031802962,28.3198598352908,3
2023,3,6.095547954661325,nnm,254,-0.016406025817868895,3.91414127900343,35.78688399932531,166.525,3,-0.032376791535596985,2.5431037649459776,58.27932478160161,3
2023,3,7.2654628935920895,pnm,254,0.014730302769576476,10.814092940002526,-48.84244952293703,166.525,3,0.029468363038862265,16.099332517787587,-121.5871549214943,3
2023,3,4.867054683236227,q5_19,254,-0.031046101541162476,2.1048500399936843,56.753104762855955,166.525,3,-0.04690252101239252,1.3717960943296066,71.81465622207752,3
2023,3,18.11896533072821,u20m,254,-0.009664590582535437,13.957475631628817,22.967590163892318,166.525,3,-0.014309223909237102,12.312440235069522,32.04667037919279,3
2019,1,13.691623599999986,hgap,255,-0.0032315760226070632,12.386477744268305,9.532440372752301,132.541,3,-0.008876600059701634,10.397959946694028,24.056048789611488,3
2023,1,22.40405102335441,nnm,255,-0.0025795505810145337,20.89675588437035,6.72777944226616,132.541,3,-0.01118401251868546,16.56469219219989,26.063852582139997,3
2023,1,38.34707451651798,pnm,255,-0.006230303979284102,32.40977366606893,15.483060768798829,132.541,3,-0.014426523771854872,25.97571594020897,32.2615446739752,3
2023,1,18.103990664298575,q5_19,255,-0.004458071009361309,16.050892819430054,11.340581659254113,132.541,3,-0.012010308126709912,13.090071907723296,27.695102419947805,3
2023,1,76.91170225862021,u20m,255,-0.004687568177614487,67.76824342471163,11.888254407844405,132.541,3,-0.012633762822733097,54.682648319284596,28.902043884803234,3
2019,2,9.321286799999996,hgap,255,-0.01632784046861424,5.618909653832947,39.71959264430154,132.541,3,-0.019321551132906123,5.120912279229479,45.06217447113116,3
2023,2,17.487615407935852,nnm,255,-0.0039391268602495975,15.723187194561724,10.089587243401025,132.541,3,-0.01292518770083877,12.335889651017268,29.45928096394857,3
2023,2,32.47677846860042,pnm,255,-0.010069289450824036,24.74576863415378,23.80473125412124,132.541,3,-0.018963594076792312,19.462864887553124,40.07144241116637,3
2023,2,13.991041369759705,q5_19,255,-0.009060793959603419,10.954778850073094,21.70147624785959,132.541,3,-0.01915943515542686,8.340410814025473,40.38749086931819,3
2023,2,62.69638602479133,u20m,255,-0.008051671858361864,50.44626279457068,19.53880280336529,132.541,3,-0.017023662379575377,39.59349838448583,36.84883468589431,3
2019,3,11.615867113372872,hgap,255,-0.008933676565253323,8.805953655871082,24.19030305767575,132.541,3,-0.014537957619520814,7.401593625688708,36.28031765990542,3
2023,3,20.021620704936108,nnm,255,-0.0031474227420397404,18.390464762580848,8.146972547297917,132.541,3,-0.011930947706552165,14.507665092567176,27.54000634428924,3
2023,3,35.501295268782876,pnm,255,-0.007948916242018812,28.644127368153438,19.315261172059564,132.541,3,-0.016427719898275406,22.783139003835704,35.82448518753215,3
2023,3,16.047923981403535,q5_19,255,-0.006538732541833614,13.45073451890105,16.183959155789427,132.541,3,-0.015186766672029072,10.649754008679999,33.63780872204392,3
2023,3,69.98042571149232,u20m,255,-0.0061770557055253585,59.230408446383976,15.361463088874798,132.541,3,-0.01456417800044978,47.22780292717064,32.51283848732746,3
2019,1,18.517977400000007,hgap,256,-0.005203372717328047,15.759407008439153,14.896715402411349,38.849,3,-0.008908445511415675,14.049407172157325,24.130984347365494,3
2023,1,12.582309754169373,nnm,256,-0.02625896365228062,6.192258117536243,50.78599844925668,38.849,3,-0.03360720342729575,5.077897749707126,59.64256286073013,3
2023,1,18.65551498945528,pnm,256,-0.02890090339827247,8.549026531599214,54.174266770810625,38.849,3,-0.02913040445899089,8.49621603371862,54.45734926899116,3
2023,1,15.532883858525693,q5_19,256,-0.019952641179119414,9.063342705603601,41.65061177207663,38.849,3,-0.021801257053659918,8.622071555349716,44.49149537278468,3
2023,1,46.054411655761854,u20m,256,-0.02485328124033197,23.541974246512826,48.88226035221211,38.849,3,-0.02748781064927055,21.925551064441102,52.39207216818717,3
2019,2,15.6039557,hgap,256,-0.008963507734076614,11.818377235929294,24.260376899626205,38.849,3,-0.009806991409198228,11.513355610378921,26.215148057752295,3
2023,2,9.587374756316851,nnm,256,-0.025887300258496237,4.765917156800677,50.289654071772375,38.849,3,-0.03112111783863227,4.137852451544821,56.84061010738622,3
2023,2,14.869095183974167,pnm,256,-0.03224990282737243,6.224776473660047,58.13614482494484,38.849,3,-0.034259076282257085,5.89609254252259,60.346662190464905,3
2023,2,15.858421467574546,q5_19,256,-0.022058027638034793,8.741955760596522,44.8749941570726,38.849,3,-0.023219644036049657,8.472031217888041,46.57708375823745,3
2023,2,39.78675551872135,u20m,256,-0.026422150527100997,19.494571004191144,51.0023605844962,38.849,3,-0.02881061121926489,18.27707565421981,54.062412438682834,3
2019,3,17.021240887657143,hgap,256,-0.006638382109514618,13.85536029558607,18.59958749756484,38.849,3,-0.009717438195336214,12.594011762594343,26.010025674880026,3
2023,3,11.131620521313543,nnm,256,-0.026023368362273525,5.513274932993896,50.471946807405864,38.849,3,-0.03241998499882239,4.638774240905641,58.32795205312784,3
2023,3,16.823226418009373,pnm,256,-0.03039557904428558,7.404440014848317,55.9868016344248,38.849,3,-0.03135262480843526,7.21555842241826,57.10954460736522,3
2023,3,15.693253796599915,q5_19,256,-0.020937754005358977,8.916571996301778,43.18213347041113,38.849,3,-0.02239893944473863,8.571644122855869,45.38007073642693,3
2023,3,43.02506732769673,u20m,256,-0.02553979762157077,21.58952775927582,49.82104828601188,38.849,3,-0.028012562518529637,20.1951750900215,53.0618396568524,3
2019,1,14.210479899999996,hgap,257,-6.776078203317049e-4,13.915090115531743,2.0786756432360343,112.646,3,-0.004293498481330538,12.439554323811011,12.46210957442039,3
2023,1,10.310567264090718,nnm,257,-0.03014920586573755,4.568298238704941,55.69304654443942,112.646,3,-0.035769744537529305,3.9250779651412158,61.93150323735009,3
2023,1,15.683188703451979,pnm,257,-0.03180001351824484,6.645826013398236,57.624523054195976,112.646,3,-0.02979948529776264,7.0146670678822876,55.27269868060498,3
2023,1,16.68810467024251,q5_19,257,-0.015578310572404063,10.958131517102778,34.33567362120616,112.646,3,-0.016253347771501402,10.760217632462268,35.521631454952384,3
2023,1,42.08907005483154,u20m,257,-0.024933884940198416,21.468209112896727,48.99338691748471,112.646,3,-0.025701189730933827,21.028022765746954,50.0392317094374,3
2019,2,10.70267849999999,hgap,257,-0.009545381662190034,7.961259418265687,25.61432712133048,112.646,3,-0.009597664670364114,7.9483664730299894,25.734791781048113,3
2023,2,7.837749971946901,nnm,257,-0.02898966999330672,3.5831084649837828,54.28396570688594,112.646,3,-0.032681976022337265,3.24312848978192,58.621689880516506,3
2023,2,11.87103457695493,pnm,257,-0.03436732606351463,4.693523407866682,60.4623895462477,112.646,3,-0.03347576569904627,4.807877362392125,59.49908720065908,3
2023,2,12.666512227394344,q5_19,257,-0.036660991963584924,4.707301883588942,62.83663727566392,112.646,3,-0.05381200366893531,2.962512065953235,76.61146168125035,3
2023,2,32.033791535073576,u20m,257,-0.033584733849387316,12.935862813180439,59.61807143866484,112.646,3,-0.0410247379434618,10.581671562620286,66.96715856743187,3
2019,3,12.458440372657577,hgap,257,-0.004278067994849977,10.911073892572679,12.420226238597962,112.646,3,-0.006649362811897763,10.137770352286664,18.627291626840115,3
2023,3,9.110388497405951,nnm,257,-0.029731237712223902,4.0823464658995965,55.19020437973656,112.646,3,-0.03463757107938381,3.575842942195456,60.7498303369431,3
2023,3,13.845388629721732,pnm,257,-0.03276211113238792,5.7166057316234165,58.71112119343731,112.646,3,-0.03116536147750919,5.968451218601738,56.892136593484025,3
2023,3,14.682756376515616,q5_19,257,-0.02525794106042043,7.423935897848772,49.43772335742755,112.646,3,-0.03343709657483718,5.952862296420864,59.45677947812177,3
2023,3,37.17719458826008,u20m,257,-0.028734782845340857,17.113307680228623,53.968265035165636,112.646,3,-0.03245270171122279,15.478819079261962,58.36474685437963,3
2019,1,14.212602799999985,hgap,258,-0.0020746169122308087,13.32731872225768,6.228866662919098,11.9,3,-0.005283897831173156,12.06523599704541,15.108891968433664,3
2023,1,10.11731983676039,nnm,258,-0.02844942254583236,4.693198729146772,53.6122332310337,11.9,3,-0.03478141352946888,3.955672502102625,60.90197240053598,3
2023,1,17.900624187675795,pnm,258,-0.03099290413623601,7.752591475293393,56.69094332123408,11.9,3,-0.029955576837515707,7.9727940993383735,55.46080395996764,3
2023,1,20.8057730651483,q5_19,258,-0.021621754257391147,11.605082334635496,44.22181623198063,11.9,3,-0.026779970125962026,10.0963230792519,51.473453797474,3
2023,1,48.06344382169014,u20m,258,-0.02607495742278303,23.7717531655721,50.54088663774786,11.9,3,-0.02910867115803466,21.902214779400484,54.4306170388972,3
2019,2,12.539135799999997,hgap,258,-0.00715734607259888,10.044014541850286,19.898670035535552,11.9,3,-0.007759400217692036,9.858294781555358,21.379790929807456,3
2023,2,8.909227639094059,nnm,258,-0.025629725014637783,4.459715512686912,49.94273697623915,11.9,3,-0.029992883622565268,3.9641033774046783,55.50564495613482,3
2023,2,14.806476843471362,pnm,258,-0.03260672448324766,6.139130676796756,58.53753231307223,11.9,3,-0.032411384431229616,6.171595102030793,58.31827404132239,3
2023,2,32.42689998710902,q5_19,258,0.0075861473824468725,39.79790625212446,-22.731146880971394,11.9,3,0.008627159197787736,40.932387626474,-26.229727919555213,3
2023,2,55.24594099049174,u20m,258,-0.009731791032794668,42.48013324486746,23.107231982565697,11.9,3,-0.00898009993416693,43.35110413919341,21.530698252285223,3
2019,3,13.716880448311258,hgap,258,-0.0015039494257572893,13.092044971558094,4.555230171376832,11.9,3,0.0026523674915805984,14.892394049039432,-8.569831931960126,3
2023,3,9.535676022558626,nnm,258,-0.027174486675382692,4.578305700826186,51.98761272934136,11.9,3,-0.03268293067404837,3.945599895103171,58.62275641738421,3
2023,3,16.40051299786538,pnm,258,-0.03174484589380992,6.9601552182176665,57.561356653151215,11.9,3,-0.031073118591623938,7.087540708384133,56.78464015542309,3
2023,3,26.346923795818157,q5_19,258,-0.005708253420219522,22.583706204022295,14.283328182674472,11.9,3,-0.007317723160802458,21.623333771898213,17.928430888275777,3
2023,3,51.44750443686308,u20m,258,-0.018146889810366496,31.519169982336695,38.735279140667835,11.9,3,-0.019353648419289726,30.50874760319524,40.69926629651027,3
2023,1,4.743316129390163,q5_19,259,-0.057947698503935906,0.9921793782925239,79.08257954503897,289.881,3,-0.07192772497425808,0.6802383157641999,85.65901371090659,3
2023,1,18.192217368308228,u20m,259,-0.03390771685151792,7.282582443173948,59.9686926792081,289.881,3,-0.0368242055022205,6.7311118426464684,63.000047182965126,3
2023,2,2.923529665931235,q5_19,259,-0.006406446872714122,2.4591545460898536,15.884057044225798,289.881,3,-9.196068049917905e-4,2.8518339890499025,2.4523670040644205,3
2023,2,12.828596378609557,u20m,259,-0.020403312640699812,7.394876014027341,42.35631244617235,289.881,3,-0.018353166063332083,7.815752804783617,39.0755420615179,3
2023,3,3.841832488919783,q5_19,259,-0.041769086082843174,1.2438160818193214,67.62440618099286,289.881,3,-0.04719837099089745,1.0742185281585928,72.03890249622432,3
2023,3,15.572046532416062,u20m,259,-0.028700897814973425,7.174644238629414,53.926131522314165,289.881,3,-0.02925796254954278,7.067539709080239,54.61393148056768,3
2019,1,6.063723799999991,hgap,260,-0.0052785325117140625,5.148418560803808,15.094771288827243,5172.839,3,-0.014105019601053304,3.9159912575727724,35.4193662717161,3
2022,1,96.42563999999999,math,260,0.027173302396634114,206.3604936311339,-114.00998078014719,5172.839,3,0.04141298095280477,307.45711313301223,-218.85410678426638,3
2023,1,2.5348520922581708,nnm,260,-0.01808540121780843,1.55555042834685,38.63348346446955,5172.839,3,0.0098680212708129,3.3087545953423305,-30.53047968549239,3
2023,1,3.006121783900917,pnm,260,0.02140202101276144,5.357542448152402,-78.2210713100301,5172.839,3,0.0758574579917877,23.308128674826172,-675.3554363516239,3
2023,1,4.621035483913127,q5_19,260,0.013392186510472826,6.63399937610645,-43.56088368507247,5172.839,3,0.02555648392807921,9.213261161190625,-99.3765508458889,3
2023,1,10.12881946171429,u20m,260,0.006654858076748526,12.122532860752527,-19.683571284632247,5172.839,3,0.0347427942422728,25.87921707854593,-155.50082293762108,3
2019,2,5.701169499999992,hgap,260,-0.0011060812281867172,5.508998306914498,3.3707328485057975,5172.839,3,8.719792398092175e-4,5.8573816461191806,-2.740001785935131,3
2022,2,106.79714000000001,math,260,0.018751771909657045,180.5451275427194,-69.05427199896867,5172.839,3,0.041196673771911385,338.47086331030215,-216.92877104227892,3
2023,2,2.831154404721319,nnm,260,0.009670471747169873,3.6758606014538024,-29.83610485262923,5172.839,3,0.026322602361519065,5.762634848575901,-103.54364420979502,3
2023,2,2.4651231422465614,pnm,260,0.01326636813087383,3.5269508015612807,-43.0740209735338,5172.839,3,0.036572114045194025,6.617309330301638,-168.43727264152128,3
2023,2,2.4169103282855042,q5_19,260,-0.0036548409917191325,2.189797981836952,9.396804829315279,5172.839,3,-8.405668734233318e-4,2.3626755748730592,2.24397044349253,3
2023,2,7.693424971072171,u20m,260,0.0063714186455559926,9.137568920519229,-18.771144904605453,5172.839,3,0.020434897520382654,13.357904369960941,-73.62753806253545,3
2019,3,5.824492746525749,hgap,260,-0.005929352051742232,4.846525225922985,16.79060414636299,5172.839,3,-0.0063988712613708195,4.776494476878786,17.992953468301312,3
2022,3,101.51923999999997,math,260,0.022773265538896935,192.07766054604002,-89.203209702949,5172.839,3,0.04117387220381441,321.5383299707487,-216.72649437756704,3
2023,3,2.663424246375881,nnm,260,-0.005381824747425212,2.303208929733201,13.524518939587821,5172.839,3,0.017514305929338135,4.2737807869580475,-60.461886339488615,3
2023,3,2.7582186183745527,pnm,260,0.018366340433721283,4.528887095076368,-64.19608891427501,5172.839,3,0.05822729037096339,13.286146598512317,-381.6930213581831,3
2023,3,3.5475072773946126,q5_19,260,0.0075095943745772335,4.344906456898687,-22.47773202849372,5172.839,3,0.016306256709643384,5.509721693955979,-55.31248460193352,3
2023,3,8.942596579357144,u20m,260,0.006572386259711261,10.679013081307257,-19.41736369902241,5172.839,3,0.028583965186809744,19.348077338285474,-116.35860643594357,3
2019,1,6.5898163999999895,hgap,261,-0.0031591384992255113,5.975048376414106,9.329061483198291,1.841,3,-0.006886244559505972,5.323079058828873,19.222649984165237,3
2023,1,11.296919792810831,nnm,261,-0.031188094583250957,4.866872579978328,56.91858781651682,1.841,3,-0.03699184590928715,4.160978505585172,63.16714129250392,3
2023,1,15.272599183994483,pnm,261,-0.031560582073029676,6.513810425696815,57.34969308614335,1.841,3,-0.02913687007121153,6.954332369498369,54.465299025286846,3
2023,1,12.233558231611653,q5_19,261,-0.022928462936264448,6.587107641293868,46.15542333159696,1.841,3,-0.02371167380162431,6.449274588831762,47.282103319974695,3
2023,1,38.30761481933409,u20m,261,-0.028382058465917393,17.80239712532323,53.5277849866595,1.841,3,-0.029364763169729004,17.33625704201239,54.744618990836585,3
2019,2,3.3289452999999867,hgap,261,-0.033735566975328514,1.1698235797033996,64.85903268811884,1.841,3,-0.0359891245010294,1.0908886808188336,67.23020108444443,3
2023,2,9.294143317921026,nnm,261,-0.028691874831055886,4.2832147205239295,53.91490561303259,1.841,3,-0.030534722805287285,4.075310480315929,56.15184379115513,3
2023,2,12.503095091122463,pnm,261,-0.0321870426185197,5.243168914658807,58.065032086482326,1.841,3,-0.028989564468975982,5.715935525132316,54.28383545454448,3
2023,2,8.889632759403021,q5_19,261,-0.013581430579661458,6.160679707705799,30.698152843385667,1.841,3,-0.014376873189723138,6.029777813110492,32.1706759288511,3
2023,2,30.37792919085902,u20m,261,-0.025758315097117058,15.153656010329618,50.1162310468171,1.841,3,-0.025078347025233504,15.434433602118498,49.19194950667391,3
2019,3,6.109805108914287,hgap,261,0.07839312134698202,69.41351834405985,-1036.1003682880917,1.841,3,0.05785725660598864,36.72544468120139,-501.0902807295518,3
2023,3,10.332244210075284,nnm,261,-0.030055717130661817,4.589472752367711,55.581065845381616,1.841,3,-0.03425251308032253,4.097805793217731,60.33963474051614,3
2023,3,13.918380193146728,pnm,261,-0.031938630639242585,5.875947099369597,57.78282373502877,1.841,3,-0.0293918970507721,6.294203070924186,54.7777616103389,3
2023,3,10.523260988207772,q5_19,261,-0.021145944987997066,5.945577253784061,43.50061962307504,1.841,3,-0.015568422540809835,6.911873504920381,34.31814042561773,3
2023,3,34.37639496874523,u20m,261,-0.027852587517843697,16.205493230940185,52.858660002963944,1.841,3,-0.026469959668181976,16.82189354216091,51.06556822652505,3
2023,1,3.813637239128331,nnm,262,-0.02737645407160496,1.8210606931292013,52.24871745941325,45.166,3,-0.05736539952035717,0.810355371432497,78.75111551989887,3
2023,1,2.685862517001092,pnm,262,-0.029780398872459857,1.201933057782549,55.249643264519314,45.166,3,-0.0714829357133289,0.38983279892057005,85.4857500541078,3
2023,1,3.560321786026388,q5_19,262,-0.01920365997135476,2.1198643714065244,40.45862989894328,45.166,3,-0.05682823052413588,0.7675809797288331,78.44068525655608,3
2023,1,10.026474794300743,u20m,262,-0.025129613151325402,5.087209858834641,49.262228617716,45.166,3,-0.060806228298337664,1.9415000772309692,80.63626431959358,3
2023,2,2.8284412094221554,nnm,262,-0.023911010861087312,1.4830910502560866,47.565074171752755,45.166,3,-0.054259514816684895,0.6535860038929957,76.89236029669779,3
2023,2,3.072378047767832,pnm,262,-0.026465017084445198,1.5036513881378384,51.05903750255334,45.166,3,-0.06886928497035542,0.4785383983079101,84.42449493949543,3
2023,2,2.3244127054542485,q5_19,262,-0.01905598433689959,1.3895164796084098,40.22075011258109,45.166,3,-0.06959689193260554,0.3549960292237961,84.72749575018258,3
2023,2,8.202846181949997,u20m,262,-0.023466276013991427,4.353115244842821,46.93164849998455,45.166,3,-0.06396946728645644,1.458349873159123,82.22141631317972,3
2023,3,3.370906009503303,nnm,262,-0.025716359055424666,1.683440909625209,50.05969003943658,45.166,3,-0.055783513836291695,0.7475356221533201,77.82389600760574,3
2023,3,2.85043204986124,pnm,262,-0.028633634153786214,1.3156915975609167,53.842379872729644,45.166,3,-0.070772642215397,0.42172967086369245,85.2047106022323,3
2023,3,2.970083478243457,q5_19,262,-0.019182800947759527,1.7694246442255421,40.42508713351044,45.166,3,-0.06166084244481107,0.5620004173699248,81.07795886928072,3
2023,3,9.16336364386028,u20m,262,-0.02449929534334294,4.729087881608072,48.391354251484955,45.166,3,-0.06220085897562093,1.7087978796946752,81.35184910139827,3
2019,1,13.157962700000013,hgap,263,-0.0023060599340304134,12.25016303556057,6.899241813775943,17.751,3,-0.004761694233695301,11.352234339259205,13.723464657190481,3
2023,1,9.765974672465841,nnm,263,0.005646037360892464,11.374197136509741,-16.46760838504033,17.751,3,-0.013953392655058483,6.70037014577916,31.390666364616294,3
2023,1,14.625089127022761,pnm,263,0.008849703088024397,18.572471743589475,-26.990485885471553,17.751,3,9.253468094296834e-5,14.66167466612822,-0.2501560078554353,3
2023,1,12.311001208788475,q5_19,263,-0.008275105021396811,9.846001505841707,20.02273950868492,17.751,3,-0.014773121556576818,8.261605902506508,32.892493775333385,3
2023,1,36.2607167011193,u20m,263,0.0019372229434289068,38.20781172850312,-5.369709163315335,17.751,3,-0.00863810185427365,28.71748643504322,20.80276109336591,3
2019,2,10.843588699999998,hgap,263,-0.009913203644305035,7.974625506494935,26.457691017965878,17.751,3,-0.009300112813826367,8.127639238954446,25.04659237993371,3
2023,2,8.182750077377882,nnm,263,0.008102150156271337,10.183679029375485,-24.453013144436515,17.751,3,-0.008417662270078364,6.51919829898557,20.32998396213255,3
2023,2,11.438567258061694,pnm,263,0.007555367195707463,14.027022569112637,-22.629191686805417,17.751,3,-0.002007136249507635,10.835177963124544,5.275042593397284,3
2023,2,11.272251158064517,q5_19,263,0.012760654410863336,15.90894810821601,-41.13372639709377,17.751,3,0.017887535596195204,18.270861389489884,-62.08706790939754,3
2023,2,30.579848210058213,u20m,263,0.009478051690097411,39.49794449379863,-29.16331115341216,17.751,3,0.0032188038274734154,33.356376054520936,-9.079599824663218,3
2019,3,11.957932397105793,hgap,263,-0.005859200558227684,9.9717853461859,16.60945207718857,17.751,3,-0.0019224053196600366,11.26612338252182,5.785356461384684,3
2023,3,9.019579908691462,nnm,263,0.006785677949057156,10.833152024187704,-20.107057466708014,17.751,3,-0.011511615151259313,6.610003283363397,26.7149540191572,3
2023,3,13.073739714604349,pnm,263,0.008356295305732786,16.38269491503564,-25.309936350766865,17.751,3,-9.185433260284093e-4,12.753489833228592,2.4495659877488127,3
2023,3,11.80000915181112,q5_19,263,4.8766994624100947e-4,11.956408318424693,-1.3254156382545539,17.751,3,-7.666004750931599e-4,11.558280358009533,2.0485475112066736,3
2023,3,33.51609921412879,u20m,263,0.005080736999559488,38.44412144385302,-14.703448030273188,17.751,3,-0.0036915072040303977,30.336609042788545,9.48645649670331,3
2019,1,20.68444020000001,hgap,264,-0.0014245167061039954,19.79088975770614,4.3199160028216355,10389.639,3,-0.005422173470141889,17.484143052618876,15.472002705594777,3
2023,1,22.65947398740764,nnm,264,-0.025874229703029838,11.268078764374662,50.272107946386676,10389.639,3,-0.03170166946932644,9.627590303353921,57.51185438503921,3
2023,1,20.60627903094625,pnm,264,-0.03539296401846444,7.924710650985649,61.54225302353512,10389.639,3,-0.03576944237622506,7.844564664282355,61.931192659764115,3
2023,1,18.278461365949905,q5_19,264,-0.021049879256636615,10.354038659026994,43.353882738100424,10389.639,3,-0.023464300668392203,9.700595487452507,46.92881805947138,3
2023,1,60.29499026085006,u20m,264,-0.027148825547863974,28.969128550805337,51.954335798914315,10389.639,3,-0.03000350718757101,26.820172938937286,55.518405720098755,3
2019,2,13.466712599999994,hgap,264,-0.006588012965826806,10.979089457158073,18.472386073212267,10389.639,3,-0.007407108936156792,10.703818320168564,20.51647170246606,3
2023,2,16.214989116932752,nnm,264,-0.025804389923733462,8.078591521123398,50.178248885241594,10389.639,3,-0.029271651479342343,7.3566265511924245,54.63070312202582,3
2023,2,20.689504426815162,pnm,264,-0.037338562524634876,7.549530312045717,63.51033762673911,10389.639,3,-0.04039843381002095,6.950883864892145,66.40381653664322,3
2023,2,13.974935558578094,q5_19,264,-0.023749098135821888,7.359851516659468,47.33534558489006,10389.639,3,-0.01672852236286131,8.895942768053384,36.34358648192208,3
2023,2,50.03289940674116,u20m,264,-0.029558822788670724,22.52425124529633,54.981119398686026,10389.639,3,-0.030060008611673083,22.221505688367714,55.58621236854863,3
2019,3,17.052970646242755,hgap,264,-0.003466266077449287,15.31557327137208,10.188238817226097,10389.639,3,-0.006161944653837193,14.087729013464395,17.38841691744591,3
2023,3,19.568016006257338,nnm,264,-0.025716249290742475,9.772356808424922,50.05954203379648,10389.639,3,-0.03055842072794972,8.574725983556995,56.17989079314417,3
2023,3,20.616880078682453,pnm,264,-0.03642655592192314,7.71057799473094,62.600655553584154,10389.639,3,-0.03815939457972517,7.358135029466406,64.31014294410816,3
2023,3,16.233772899538202,q5_19,264,-0.02224620918562281,8.903515253338657,45.15436855968379,10389.639,3,-0.020833399897942508,9.24970835473726,43.0218199307175,3
2023,3,55.36943428243224,u20m,264,-0.028204828757858902,25.85482758472777,53.3048731311834,10389.639,3,-0.03005052861847197,24.597958238106536,55.57484276860122,3
2019,1,9.365550299999995,hgap,265,0.0011860394857066581,9.716304197488101,-3.745149897791978,216.67499999999998,3,-0.0017431954197455468,8.872876485592302,5.2604897590234865,3
2023,1,6.945106976652575,nnm,265,-0.01711521739997921,4.375087456618186,37.00475066365494,216.67499999999998,3,-0.026090450566148782,3.43355172650924,50.56157179361182,3
2023,1,10.312362738010062,pnm,265,-0.019444939798261184,6.100251908277927,40.84525473688807,216.67499999999998,3,-0.02329347385972138,5.498193848399685,46.68347120748536,3
2023,1,9.049083763767118,q5_19,265,-0.011142155025098476,6.698109519653552,25.980246238044103,216.67499999999998,3,-0.016826340335250302,5.745128750692371,36.511486680053856,3
2023,1,26.07941682659709,u20m,265,-0.01588985294774172,16.981429188513882,34.88570200237233,216.67499999999998,3,-0.021640819105491628,14.53913908172086,44.25052071374111,3
2019,2,6.5452498999999875,hgap,265,-0.01649429873360344,3.9251961311647485,40.02985079049838,216.67499999999998,3,-0.01753174623509355,3.8009667685956985,41.927858727048665,3
2023,2,5.862333786405312,nnm,265,-0.016611328951584035,3.7435782286994588,36.14184444118867,216.67499999999998,3,-0.024047926178212498,3.062567984239014,47.75855323453135,3
2023,2,8.173670360568819,pnm,265,-0.021133151915863735,4.619668525541254,43.48110063469988,216.67499999999998,3,-0.026187382329907916,4.030372218572376,50.6907907857946,3
2023,2,9.17677665611183,q5_19,265,0.008785162036443906,11.633343229016925,-26.76938390201526,216.67499999999998,3,-0.013212308921595195,6.423374966602045,30.004017670801545,3
2023,2,23.0364984655953,u20m,265,-0.009021827334167032,18.056225167320598,21.619055108191354,216.67499999999998,3,-0.020435858771677928,13.267423385758878,42.40694432978347,3
2019,3,7.909370691455109,hgap,265,-0.00675501674183594,6.415023754453522,18.89337338324534,216.67499999999998,3,-0.008806585124234712,6.019740073089719,23.89103624144021,3
2023,3,6.42140790095264,nnm,265,-0.016919050488083953,4.066664090937403,36.67021074406287,216.67499999999998,3,-0.025244669356101125,3.2479736846772966,49.419601826019374,3
2023,3,9.284011483654432,pnm,265,-0.02013444205029531,5.390638241069725,41.936325148234005,216.67499999999998,3,-0.02444288503827554,4.798655762951498,48.31269035588676,3
2023,3,9.113143265634282,q5_19,265,-0.0018991005705240038,8.657638293494749,4.998329981898175,216.67499999999998,3,-0.015049854966449594,6.0700788937750865,33.39203920270418,3
2023,3,24.616363781668205,u20m,265,-0.012829848087546258,17.409316915119806,29.27746327796587,216.67499999999998,3,-0.021070090512575045,13.936606956978467,43.38478631292794,3
2019,1,20.71295029999999,hgap,266,0.0034561512743163103,23.05539532416281,-11.30908436623257,800.015,3,-0.001821227853426599,19.575936053429338,5.489388185181188,3
2023,1,10.687184836236478,nnm,266,-0.027284691161419784,5.115927352016479,52.13026226822453,800.015,3,-0.028717538022241484,4.9217877002689105,53.946827198301435,3
2023,1,8.775057474977089,pnm,266,-0.036859284635115584,3.243693449296809,63.03507460154523,800.015,3,-0.0332461697500225,3.5760782388136647,59.2472385621269,3
2023,1,12.700577417474657,q5_19,266,-0.023944171502628064,6.653578483826637,47.61200010739658,800.015,3,-0.01730619325513043,7.959611884869633,37.32874007824206,3
2023,1,31.82304842086092,u20m,266,-0.028355372811079117,14.799534897921484,53.49428910078909,800.015,3,-0.025261731943570266,16.08881094271473,49.44289833601217,3
2019,2,13.572366499999987,hgap,266,-0.006448076425064198,11.113332142561864,18.117948387542622,800.015,3,-0.007107376683455247,10.8884998593809,19.77449283158607,3
2023,2,7.979123357657399,nnm,266,-0.026953882019542963,3.8538541904345722,51.70078193193857,800.015,3,-0.028113021201135523,3.7351089122518015,53.188981485449844,3
2023,2,8.211130730335082,pnm,266,-0.038419791393558535,2.910009286279613,64.56018809286623,800.015,3,-0.035167266841162004,3.1771178052393028,61.3071827793241,3
2023,2,9.896610995150157,q5_19,266,-0.018906253352454928,5.940085542088823,39.97858918573473,800.015,3,-0.02470710988774343,5.078928975882582,48.68011909964415,3
2023,2,25.861767213965937,u20m,266,-0.02755865401026898,12.288723465826667,52.483048183998505,800.015,3,-0.028815052563286248,11.87884740611428,54.06792077341321,3
2019,3,17.24304411948367,hgap,266,-6.594013011491206e-4,16.894149564313945,2.023393043317065,800.015,3,-0.0033210452188718875,15.556155632736347,9.783008586292683,3
2023,3,9.34531317060479,nnm,266,-0.02711057167058164,4.494657716175448,51.90468597335864,800.015,3,-0.02841761309019262,4.338806884944001,53.57237573812402,3
2023,3,8.535084037640917,pnm,266,-0.03758906379833715,3.093429914123446,63.75630397450117,800.015,3,-0.03417569347741756,3.392073812812409,60.25728864703748,3
2023,3,11.345644662256404,q5_19,266,-0.021845636104252452,6.290255973986337,44.55796773794482,800.015,3,-0.020267972795776856,6.5639901630174196,42.1452869500323,3
2023,3,28.944319167120813,u20m,266,-0.028013387658608967,13.585628266271566,53.062885370252175,800.015,3,-0.026730960852859996,14.064276665207835,51.40919852354276,3
2019,1,7.726542099999989,hgap,267,-2.4155747041421094e-4,7.6688996678300825,0.7460314254924798,2.424,3,-0.00282664788000897,7.078311164591031,8.389664186375935,3
2023,1,2.652813204424078,nnm,267,-0.04699872254930111,0.7457649227894,71.88777100680542,2.424,3,-0.05145458835482044,0.6612302115422428,75.07437725206155,3
2023,1,3.782937141549758,pnm,267,-0.04240949880151832,1.2037531029216149,68.17940510561927,2.424,3,-0.03677528159636716,1.4015350866496012,62.951139968573905,3
2023,1,4.745385254523726,q5_19,267,-0.022509910639155306,2.5841717054475173,45.54347925736792,2.424,3,-0.01910753494629267,2.8328100708513984,40.303896967039506,3
2023,1,11.14060768206404,u20m,267,-0.035477265539519555,4.274685844412255,61.62968873507378,2.424,3,-0.03303829580314357,4.5656586941011525,59.017866669412555,3
2019,2,4.2858111999999835,hgap,267,-0.023533312632266656,2.0663363378514537,51.786575716367025,2.424,3,-0.02342859039659819,2.0730553704374324,51.629801834540906,3
2023,2,1.69781550882057,nnm,267,-0.04523216824499372,0.5006109068444952,70.51441076820785,2.424,3,-0.047587023900632096,0.46977227856692677,72.33078175300297,3
2023,2,2.571410450392997,pnm,267,-0.0437991175038846,0.7881068429162363,69.3511845689284,2.424,3,-0.04040837978508793,0.86366381193988,66.41283728904953,3
2023,2,5.5433453759468065,q5_19,267,-0.011628213749303095,4.049674087884053,26.94530444637203,2.424,3,-0.00820122502068581,4.4422681980814085,19.86304484369844,3
2023,2,9.784563961667603,u20m,267,-0.02708585643876007,4.709058122758303,51.872580717886905,2.424,3,-0.024126919878551333,5.100707222627906,47.869856616905565,3
2019,3,6.140569668914253,hgap,267,0.011648266447084499,8.811113105627538,-43.49015776553314,2.424,3,0.009697551273772077,8.2940766822948,-35.07015031980446,3
2023,3,2.184439781840857,nnm,267,-0.04617687516671842,0.6278737130670682,71.25699145902065,2.424,3,-0.04970946411368375,0.5707544892094895,73.87181400219205,3
2023,3,3.182597669353582,pnm,267,-0.04319178703918236,0.9915553485115909,68.84446444300369,2.424,3,-0.03849916361481598,1.1254920557088666,64.63605605739461,3
2023,3,5.11986181471602,q5_19,267,-0.017413094931783113,3.199433894592484,37.50937016705509,2.424,3,-0.01411312959873654,3.4975857690218843,31.685934199068175,3
2023,3,10.45250417711474,u20m,267,-0.031997958354605546,4.405689211379292,57.85039511368636,2.424,3,-0.029369362506028996,4.729733205773623,54.75023854925455,3
2019,1,8.669276200000013,hgap,268,0.012976738461368242,12.962546960353132,-49.522828218959184,104.614,3,0.005544095558727325,10.294937467048955,-18.751983782094054,3
2023,1,4.967552408354416,nnm,268,-0.016313666088777136,3.1977846118061364,35.62655511337714,104.614,3,-0.022777227214648567,2.6857019047599584,45.93510678934856,3
2023,1,6.941780230715233,pnm,268,-0.019204727990784765,4.133111872471468,40.4603468403721,104.614,3,-0.02046441134810628,3.994902416927892,42.45132683325694,3
2023,1,8.898802686934438,q5_19,268,-0.012967847882787976,6.270053236602438,29.54048474624154,104.614,3,-0.014583997914539727,6.002336406039127,32.54894374889347,3
2023,1,20.667979730873085,u20m,268,-0.015764875735112448,13.503298445207628,34.66561018038504,104.614,3,-0.01839527664459073,12.577545995199616,39.144772933893826,3
2019,2,4.28181619999998,hgap,268,-0.013649392731056986,2.8045583924008612,34.50072909713233,104.614,3,-0.011130109611317263,3.032368106076012,29.180329924576725,3
2023,2,4.004363720562934,nnm,268,-0.012762857115417737,2.83711461338664,29.14942769015504,104.614,3,-0.017303991936979825,2.509734358636245,37.32501506423033,3
2023,2,5.421310291696457,pnm,268,-0.01989064184074434,3.168601133760263,41.55285413909167,104.614,3,-0.022832415652540617,2.926661386591408,46.01560823637,3
2023,2,6.030617492344126,q5_19,268,-0.01292387318732251,4.254191927939358,29.456777297846227,104.614,3,-0.013441284668860253,4.195173604822576,30.435422074964094,3
2023,2,15.377870889839551,u20m,268,-0.015298571242960125,10.174332195106361,33.8378357576878,104.614,3,-0.017681594748520536,9.540314607044648,37.960757536674905,3
2019,3,6.6424658277717015,hgap,268,0.004292499864237786,7.58786871260526,-14.232709800039817,104.614,3,4.4699756357688967e-4,6.7351506553115925,-1.395337664401404,3
2023,3,4.504025738186426,nnm,268,-0.014814304633887887,3.0191803287422947,32.967072031919905,104.614,3,-0.02048628342605783,2.590476803632752,42.485301945103366,3
2023,3,6.211379478763268,pnm,268,-0.019487708745103704,3.67008518675036,40.91352493760209,104.614,3,-0.021411465491177804,3.4843218748405818,43.90421826981442,3
2023,3,7.457622822936272,q5_19,268,-0.013411872347738552,5.191985328468832,30.380156629795813,104.614,3,-0.014798442154035207,5.001204427031189,32.93835655445395,3
2023,3,18.06534901238599,u20m,268,-0.015769426207586833,11.801435500049895,34.67363685053316,104.614,3,-0.018374021224240165,11.000020222101117,39.10983831776918,3
2019,1,12.484156100000007,hgap,269,0.004188779213910987,14.215209514492392,-13.866002640678161,9.837,3,-1.0551073522284682e-4,12.443389220017606,0.3265489445650333,3
2023,1,8.842827547640793,nnm,269,-0.032998489255579154,3.6278764385288538,58.97379634530194,9.837,3,-0.03624445669193177,3.3234598146562817,62.41632219161666,3
2023,1,13.223433985780852,pnm,269,-0.03592900565359218,5.012362720932501,62.09484823441255,9.837,3,-0.03179518383344471,5.604223971595571,57.618996868575984,3
2023,1,15.602879239341782,q5_19,269,-0.019993854551992207,9.094059434422551,41.715504587817406,9.837,3,-0.023389894360016948,8.297284695257312,46.82209246139535,3
2023,1,37.209735496869236,u20m,269,-0.02848441301911695,17.244466034775783,53.656037043781986,9.837,3,-0.02902398658234029,16.995061404297484,54.326304185291995,3
2019,2,6.791149599999983,hgap,269,-0.018752822627216024,3.797271314273024,44.08499977274786,9.837,3,-0.01876241233443987,3.7961426257253685,44.10161976515172,3
2023,2,6.573576820460234,nnm,269,-0.031825102945647665,2.783698173600907,57.6532190977573,9.837,3,-0.03343665341865605,2.665171635660154,59.45629436679257,3
2023,2,10.814957216620291,pnm,269,-0.037343815663139115,3.9457816855487056,63.51551276148482,9.837,3,-0.03450798808371784,4.259766834965274,60.61226364891285,3
2023,2,14.449921700107172,q5_19,269,-0.02291832570667838,7.782629022873066,46.14068377397959,9.837,3,-0.025295333051145442,7.298836876585937,49.488744450900356,3
2023,2,31.51712711738963,u20m,269,-0.029498049035376582,14.211958983785587,54.90718766703798,9.837,3,-0.02981123359344462,14.092289573576915,55.2868841087947,3
2019,3,9.630430060013765,hgap,269,-0.0013435448413528395,9.237561954432977,4.079445083267933,9.837,3,-0.008913767240611038,7.30530720736467,24.143499700009986,3
2023,3,7.736123525951044,nnm,269,-0.03241287374854616,3.2244201463162603,58.31995009516261,9.837,3,-0.03512180268649727,2.997000793697977,61.2596569374254,3
2023,3,12.07761680358832,pnm,269,-0.036528866327821596,4.504489191968916,62.703824229374376,9.837,3,-0.03327512704753923,4.918115645645106,59.27908853521575,3
2023,3,15.047462490498376,q5_19,269,-0.021313836133517672,8.463271458497346,43.75615514016782,9.837,3,-0.024249579326551716,7.818328069780635,48.04221592366508,3
2023,3,34.47102831378046,u20m,269,-0.028888697214554115,15.801808372327836,54.15916163426214,9.837,3,-0.029471946345093335,15.554914923003377,54.87539628521903,3
2019,1,15.488345900000013,hgap,270,-1.2672082061180313e-4,15.427621677977742,0.3920639583744781,320.422,3,-0.002372049846094804,14.390299280231375,7.089502177044208,3
2023,1,10.054421578328514,nnm,270,-0.01960302574867221,5.922335022351956,41.09720806697556,320.422,3,-0.02379823119241218,5.288106559826287,47.405163801522214,3
2023,1,8.816085128160012,pnm,270,-0.02317772463607346,4.715143466442604,46.51658419924205,320.422,3,-0.023580792113819006,4.664107610638152,47.09547897013571,3
2023,1,9.558326838181364,q5_19,270,-0.017448302104301573,5.967383388863866,37.568745138252005,320.422,3,-0.01766784435285542,5.932115515059434,37.937720529044796,3
2023,1,28.160669693593434,u20m,270,-0.01980297978830392,16.498110487757035,41.41435318382942,320.422,3,-0.021472508236524135,15.770933444126554,43.99659661604408,3
2019,2,9.877580299999977,hgap,270,-0.010673083424036278,7.095082842417943,28.169828774584,320.422,3,-0.01127120068117975,6.964740520341986,29.489406222878262,3
2023,2,6.320516326206138,nnm,270,-0.019821684389105476,3.7010457820098712,41.44393288465078,320.422,3,-0.02405390152284954,3.30139650037922,47.76698089219448,3
2023,2,10.185226931903157,pnm,270,-0.02425415090346501,5.29136504983059,48.04862881104335,320.422,3,-0.025953631030474524,5.054051973751966,50.3786021897934,3
2023,2,7.94819509735456,q5_19,270,-0.011566902786505785,5.816149796757166,26.82426984343922,320.422,3,-0.019629345041054604,4.678383082326041,41.13905075275301,3
2023,2,24.258883266870313,u20m,270,-0.018969715079897354,14.535596374851778,40.08134581074208,320.422,3,-0.023228840332625556,12.956585369163552,46.59034702204119,3
2019,3,12.882639571653442,hgap,270,-0.003942887028850661,11.40043072376118,11.505474787586756,320.422,3,-0.00673342815011182,10.455669453337052,18.839074902449493,3
2023,3,8.364616402542605,nnm,270,-0.01971154081083428,4.912578093959078,41.269535175984956,320.422,3,-0.023914221275088198,4.385600241019026,47.56961909591062,3
2023,3,9.365006523943563,pnm,270,-0.023768950008220012,4.929405449504629,47.36356630503576,320.422,3,-0.024816896645738763,4.791884812621084,48.83201842551155,3
2023,3,8.771849668239295,q5_19,270,-0.01455669447819168,5.921068614510815,32.49920098437682,320.422,3,-0.01803749211826764,5.389946211361888,38.554051708414995,3
2023,3,26.268303460659446,u20m,270,-0.01932275316450376,15.590296247659582,40.64977865430751,320.422,3,-0.022102305344432603,14.46310286635751,44.940856618250656,3
2023,1,1.939127933585083,q5_19,271,-0.024160905158425793,1.0099430205485644,47.917669429815824,11.394,3,-0.02254816565743356,1.0548914603917112,45.59969756913278,3
2023,1,10.941716949701696,u20m,271,-0.02108602313172305,6.192012174856206,43.40913584841894,11.394,3,-0.01971262120377739,6.425933773149292,41.27124835445061,3
2023,2,2.4373751106784303,q5_19,271,-0.012071286581203666,1.7594424133176039,27.814048579995855,11.394,3,-0.017841224322623184,1.5056258052606384,38.22757118244489,3
2023,2,19.39769462795915,u20m,271,-0.010640836565436195,14.553792871943804,24.971533210103836,11.394,3,-0.015727552527427503,12.686143148939097,34.599737792274865,3
2023,3,2.1812140229332533,q5_19,271,-0.017762487536679028,1.3502563314278273,38.096109908003,11.394,3,-0.020105175363120842,1.267494197095263,41.89042506746945,3
2023,3,15.068995536260621,u20m,271,-0.014826272764034875,10.097925357377548,32.98872952029984,11.394,3,-0.017333832151443573,9.436884454907815,37.3754910723825,3
