year,sex,value,ageg,lid,aapc,projected2050,pct_decrease2050,pop,tercile
2023,3,2.564901020377874,nnm,12,-.062951952,.46870446,81.726219,,3
2023,2,7.9543087631464,nnm,6,-.019679889,4.6755967,41.219322,,3
2023,1,78.65196466445923,u20m,11,-.031284735,33.796078,57.030853,,3
2023,2,6.966210317759236,q5_19,32,.023924947,13.29044,-90.784355,,3
2019,3,163.3242645263672,hgap,9,.0010018138,168.47609,-3.1543536,,3
2023,3,30.02642653882504,pnm,11,-.039644554,10.295171,65.712967,,3
2023,2,.7031296919024488,q5_19,7,-.100194,.047007322,93.31456,,3
2023,2,4.99481810513136,q5_19,9,-.011695385,3.6423373,27.077679,,3
2019,1,175.3754119873047,hgap,12,.0017420417,185.10666,-5.5488091,,3
2019,2,160.0414886474609,hgap,32,.00072532182,163.68079,-2.2739713,,3
2023,2,17.59136613921497,q5_19,11,-.046075068,5.0702057,71.177872,,3
2023,3,2.154798246920109,nnm,13,-.065436557,.36821437,82.911888,,3
2023,3,6.126806568464538,q5_19,20,-.0049790954,5.3561106,12.579082,,3
2019,1,169.6555938720703,hgap,9,.0010641161,175.34546,-3.3537738,,3
2023,3,2.337389392778277,nnm,7,-.010621491,1.7546237,24.932335,,3
2023,2,15.76063609828993,q5_19,31,-.022930665,8.4857435,46.158623,,3
2023,1,55.60328438878059,u20m,14,-.024987111,28.320623,49.066635,,3
2023,2,14.82932455837727,nnm,14,-.02340159,7.8834343,46.838886,,3
2019,3,167.8322296142578,hgap,8,.00074434542,171.74994,-2.334301,,3
2023,1,2.157240873202682,pnm,3,-.046191558,.61981016,71.268387,,3
2023,2,6.843913751461317,q5_19,8,-.026052253,3.3870146,50.510559,,3
2023,1,16.81680838352007,q5_19,14,-.020183126,9.7516308,42.012596,,3
2023,3,50.99944770336151,u20m,14,-.025911227,25.335629,50.321758,,3
2023,2,1.737520812306936,q5_19,3,-.028969118,.79476649,54.258591,,3
2023,1,45.64352706074715,u20m,15,-.0084303487,36.351749,20.357273,,3
2023,3,17.8665928542614,pnm,8,-.024484849,9.2243042,48.37122,,3
2023,1,23.1386199593544,nnm,11,-.028752675,10.645964,53.990498,,3
2019,2,165.7771606445313,hgap,28,.000013227595,165.84515,-.041014794,,3
2019,1,174.2057952880859,hgap,8,.0009839565,179.60141,-3.0972648,,3
2023,3,11.80955488234758,nnm,15,-.0090929773,9.2386761,21.769482,,3
2023,3,18.28670874238014,pnm,15,-.0073205899,15.007028,17.93478,,3
2019,2,160.1972045898438,hgap,21,.0007626724,164.02985,-2.3924522,,3
2023,1,2.365744905546308,nnm,7,-.01291599,1.669228,29.441761,,3
2023,1,36.97153553366661,u20m,32,-.0052710851,32.067051,13.265569,,3
2023,2,12.33165431767702,pnm,2,-.043488562,3.8113306,69.093109,,3
2023,2,61.89929693937302,u20m,11,-.038271967,22.024725,64.418457,,3
2023,2,1.654597697779536,pnm,7,-.0033167452,1.5128659,8.565937,,3
2023,2,11.58348180580226,q5_19,23,-.028448591,5.3734393,53.611191,,3
2019,1,169.4906463623047,hgap,16,.00036017195,171.39368,-1.1227938,,3
2023,2,33.69355574250221,u20m,17,-.022787023,18.211567,45.949406,,3
2019,1,176.7526092529297,hgap,29,.00040584125,178.9904,-1.2660594,,3
2023,2,3.055608365684748,nnm,18,-.016125308,1.9770293,35.29834,,3
2019,1,178.5963439941406,hgap,7,.00021294836,179.77924,-.66232705,,3
2019,3,170.5139923095703,hgap,18,.00032338253,172.23196,-1.0075254,,3
2023,2,26.61497704684734,u20m,27,-.015721284,17.409212,34.588665,,3
2023,2,1.975680934265256,nnm,19,-.0054887501,1.7035544,13.77381,,3
2023,3,8.045473136007786,nnm,21,-.018059334,4.9407029,38.590275,,3
2023,2,23.08648824691772,u20m,6,-.024291949,11.981513,48.10162,,3
2023,3,19.07490007579327,pnm,14,-.033182014,7.7870259,59.176582,,3
2023,2,9.585805237293243,pnm,6,-.027213071,4.5975819,52.037605,,3
2023,2,4.804974421858788,u20m,19,-.012304949,3.446703,28.268026,,3
2023,3,1.525772968307137,pnm,19,-.0225771,.82937694,45.642178,,3
2019,1,176.28662109375,hgap,20,-.000048062044,176.02417,.14887753,,3
2023,1,7.659666705876589,pnm,20,-.014713095,5.1485491,32.783642,,3
2023,2,4.52116597443819,nnm,20,-.013386906,3.1497512,30.33321,,3
2023,2,5.574019500976357,q5_19,20,.0018975086,5.8670335,-5.2567806,,3
2023,3,9.413192048668861,u20m,5,-.0083611421,7.5109448,20.208311,,3
2023,2,16.28890819847584,u20m,20,-.0098008318,12.501666,23.250435,,3
2023,3,3.389132209122181,nnm,5,-.015035274,2.2583208,33.36581,,3
2023,1,9.077483788132668,nnm,21,-.017319137,5.6869855,37.350639,,3
2023,2,7.762350142002106,u20m,5,-.0095496895,5.9981046,22.728239,,3
2023,1,2.746161771938205,pnm,13,-.064030007,.48743132,82.25045,,3
2023,2,2.424678998067975,pnm,5,-.0060453541,2.0595233,15.059958,,3
2023,2,12.67430558800697,nnm,2,-.029281432,5.7487249,54.642685,,3
2023,3,5.085302516818047,u20m,7,-.032005507,2.1429982,57.858982,,3
2023,1,12.92352287359655,q5_19,22,-.015847966,8.4245834,34.812019,,3
2023,3,10.44587697833776,nnm,22,-.026559206,5.099328,51.183342,,3
2023,3,7.598820142447948,pnm,33,-.023782607,3.9982734,47.382973,,3
2019,3,161.3687286376953,hgap,22,.0011560342,167.25658,-3.6486919,,3
2023,3,11.86636828026921,q5_19,32,-.0058639427,10.128789,14.642891,,3
2023,2,23.73489923775196,u20m,32,.0098822154,30.993153,-30.580511,,3
2019,2,163.0186614990234,hgap,12,.001835666,172.56438,-5.8555965,,3
2023,2,31.07256256043911,u20m,2,-.038171463,11.08614,64.32177,,3
2023,3,20.20709589123726,nnm,11,-.02918317,9.1897449,54.52219,,3
2023,3,2.763503483002916,q5_19,3,-.019587524,1.6284621,41.072552,,3
2023,2,7.159340661019087,nnm,4,-.021319956,4.0260234,43.765446,,3
2023,2,55.25527521967888,u20m,31,-.03162311,23.526791,57.421638,,3
2023,1,20.70921845734119,nnm,14,-.023449484,10.995025,46.907581,,3
2019,2,156.2619171142578,hgap,31,.00081434852,160.25693,-2.5566115,,3
2023,2,7.099624862703435,q5_19,27,.0079266224,8.7939215,-23.864594,,3
2023,2,79.3127715587616,u20m,30,-.033281453,32.291367,59.286045,,3
2019,2,157.6543121337891,hgap,30,.00022143088,158.74023,-.68879956,,3
2023,1,1.97734753601253,nnm,25,-.023536982,1.0473444,47.03286,,3
2023,2,8.999413810670376,nnm,22,-.026301729,4.4238605,50.842793,,3
2023,3,11.30341086536646,nnm,32,.0027381314,12.170732,-7.6730967,,3
2023,2,5.029847322610137,q5_19,33,-.027599927,2.3873682,52.535973,,3
2019,1,168.9384613037109,hgap,30,.00042863519,171.19824,-1.3376355,,3
2023,1,8.515030145645142,u20m,29,-.014549336,5.7488556,32.485786,,3
2023,2,4.710344768682151,q5_19,21,-.015818454,3.0730264,34.760052,,3
2023,3,33.4799736738205,u20m,2,-.034755331,13.099232,60.874428,,3
2023,3,1.72922578357082,q5_19,28,-.01886303,1.0391177,39.908501,,3
2023,1,16.46273140600329,q5_19,32,-.015902361,10.715973,34.907684,,3
2023,2,1.947647426277399,nnm,28,-.010597622,1.462996,24.88394,,3
2023,1,6.319975480437279,u20m,28,-.01118676,4.6724,26.069334,,3
2019,1,173.4885406494141,hgap,21,.00094331295,178.63672,-2.9674456,,3
2023,3,6.996417418122292,pnm,20,-.015624314,4.5884476,34.417183,,3
2023,2,134.4131529331207,u20m,26,-.020656629,76.952576,42.749222,,3
2023,1,14.70581255853176,pnm,24,-.045717899,4.2795997,70.898582,,3
2023,2,56.17827177047729,pnm,26,-.029804671,25.123507,55.278961,,3
2023,2,5.420306231826544,u20m,3,-.037203226,1.9850919,63.376759,,3
2019,2,158.9974822998047,hgap,26,.000053564905,159.26172,-.16618907,,3
2019,3,171.8102416992188,hgap,3,.00030687131,173.45247,-.95583779,,3
2019,3,171.8598175048828,hgap,7,.00019214035,172.88654,-.59741604,,3
2023,3,1.987701281905174,pnm,3,-.045194428,.58668292,70.484352,,3
2023,2,6.282185669988394,pnm,20,-.016852416,3.9856594,36.556168,,3
2023,1,48.39135937679529,q5_19,26,-.015605298,31.752714,34.383503,,3
2023,3,2.099694684147835,nnm,3,-.039728414,.7182948,65.790512,,3
2023,1,8.144480176270008,pnm,4,-.026252665,4.0089064,50.777626,,3
2019,2,164.8490295410156,hgap,3,.00012303528,165.47897,-.38213378,,3
2023,1,9.353957909796984,q5_19,24,-.042116757,3.0001047,67.926895,,3
2019,1,170.3545227050781,hgap,1,.00056673191,173.37387,-1.772391,,3
2023,3,15.15068206936121,pnm,24,-.051655553,3.7559664,75.209259,,3
2019,3,165.9299926757813,hgap,4,.00086228404,170.42525,-2.7091272,,3
2023,1,1.761387684382498,pnm,25,-.0257459,.87894112,50.099506,,3
2023,1,1.937391516647846,q5_19,25,-.026303731,.95231611,50.845448,,3
2023,1,5.665407050400972,u20m,25,-.025119951,2.8752513,49.248989,,3
2019,2,158.6201171875,hgap,34,.00059171411,161.55656,-1.851245,,3
2023,1,8.057444356381893,pnm,33,-.023013355,4.3285642,46.278698,,3
2023,2,5.507379304617643,nnm,33,-.026338376,2.7045965,50.891407,,3
2019,1,167.0185089111328,hgap,22,.0011958508,173.32631,-3.7767074,,3
2019,1,177.1109771728516,hgap,5,.00026672581,178.5815,-.83028167,,3
2023,1,20.92480659484863,pnm,34,-.023837561,10.993688,47.460983,,3
2019,1,173.4654083251953,hgap,33,.0011721164,179.88429,-3.7003829,,3
2023,1,26.37699246406555,u20m,10,-.035791434,10.035445,61.953793,,3
2023,1,53.71205881237984,pnm,16,-.037771646,19.371504,63.934536,,3
2019,2,156.8389587402344,hgap,9,.00084294722,160.99139,-2.647579,,3
2023,1,27.28360332548618,nnm,1,-.021585928,15.233027,44.167835,,3
2019,2,160.846435546875,hgap,33,.0010527238,166.18216,-3.3172784,,3
2019,3,171.7927703857422,hgap,13,.00039974588,173.93489,-1.2469212,,3
2023,3,5.523311905562878,u20m,28,-.012061615,3.9880967,27.795193,,3
2023,2,17.54444465041161,u20m,33,-.025803344,8.7411966,50.176842,,3
2023,2,47.6122722029686,pnm,16,-.039847903,16.235451,65.900703,,3
2023,3,20.36720700562,nnm,31,-.029519267,9.1788864,54.933014,,3
2023,2,19.05437558889389,pnm,14,-.034139305,7.5801687,60.218227,,3
2023,1,6.313110762911522,q5_19,13,-.013338243,4.403924,30.241617,,3
2023,1,19.53265257179737,u20m,20,-.013143356,13.69755,29.873581,,3
2023,1,11.37136574834585,pnm,27,-.022377741,6.2145877,45.348801,,3
2023,3,22.96750433743,nnm,30,-.02573012,11.465782,50.078239,,3
2023,3,23.43836985528469,u20m,10,-.034804594,9.158206,60.926437,,3
2019,2,159.5655670166016,hgap,27,.0007040599,163.0865,-2.2065756,,3
2023,3,32.73006156086922,u20m,22,-.02315712,17.514896,46.48682,,3
2023,3,30.5623896420002,u20m,32,.00023170329,30.754187,-.62755889,,3
2023,2,5.722559473281041,q5_19,6,-.02642276,2.8038728,51.00317,,3
2023,1,18.00986938178539,nnm,34,-.020209357,10.436062,42.05365,,3
2023,2,28.45752611756325,pnm,11,-.040237684,9.6022291,66.257683,,3
2023,2,7.808080462101241,q5_19,22,-.022110574,4.2981024,44.953148,,3
2023,1,2.897496335208416,pnm,18,-.010360839,2.1904442,24.402174,,3
2023,3,6.10326799871308,q5_19,10,-.020142343,3.5430257,41.948711,,3
2023,2,17.42768287658691,u20m,9,-.027032057,8.3996868,51.80262,,3
2023,2,3.255102277858302,q5_19,12,-.05745,.69009477,78.799599,,3
2023,3,5.006143357604742,u20m,25,-.02393277,2.623426,47.595867,,3
2023,1,12.78946734964848,nnm,15,-.011818102,9.2955265,27.318893,,3
2023,3,17.07786880433559,nnm,8,-.0054495186,14.741201,13.682429,,3
2023,1,11.93755585700274,nnm,27,-.020543108,6.8553233,42.573475,,3
2023,2,4.061664920300245,pnm,12,-.049949322,1.0543888,74.040482,,3
2023,2,7.101193070411682,pnm,4,-.026338637,3.4872715,50.89175,,3
2023,1,26.05247497558594,u20m,21,-.022315018,14.262123,45.256168,,3
2023,2,8.773503530749238,q5_19,17,-.017251665,5.5065665,37.236401,,3
2023,3,1.6507338732481,pnm,28,-.0064479276,1.3869761,15.978211,,3
2023,2,11.26978732645512,pnm,27,-.02120449,6.3573027,43.589863,,3
2023,2,7.196915335953236,nnm,10,-.040981218,2.3801408,66.928322,,3
2023,1,19.006272777915,nnm,8,-.0040968363,17.016006,10.471628,,3
2019,1,172.9155578613281,hgap,27,.001103042,178.93054,-3.4785674,,3
2019,2,160.4580841064453,hgap,10,.00044146337,162.66911,-1.377948,,3
2023,2,96.80923819541931,u20m,16,-.034847364,37.783165,60.971531,,3
2019,2,157.2538604736328,hgap,11,.00018627266,158.16454,-.5791114,,3
2023,1,15.44452158535181,q5_19,23,-.020092297,8.9778671,41.870216,,3
2023,1,37.50772401690483,u20m,22,-.021927355,20.749212,44.680161,,3
2019,2,159.4371948242188,hgap,15,.00095465413,164.22614,-3.0036533,,3
2023,2,12.34066733459038,q5_19,34,-.023480725,6.5464344,46.952347,,3
2023,3,6.774900884662705,q5_19,6,-.02638858,3.3225517,50.957928,,3
2023,1,35.71338579058647,u20m,2,-.031899251,15.093223,57.737911,,3
2019,3,161.1243133544922,hgap,24,.00084569369,165.40428,-2.6563144,,3
2023,3,17.88404583930969,nnm,14,-.023310479,9.5307751,46.707947,,3
2023,3,3.386806897474837,q5_19,5,-.0011998239,3.2788486,3.1876116,,3
2023,3,25.50850063562393,pnm,23,-.02538049,12.855073,49.604748,,3
2023,1,2.303915563970804,nnm,3,-.041004032,.76147437,66.948685,,3
2023,3,9.407536126673222,nnm,6,-.019748854,5.5195265,41.328671,,3
2023,3,6.65233051404357,pnm,21,-.024201054,3.4609349,47.974098,,3
2019,3,167.8556976318359,hgap,6,-7.5447647e-06,167.81644,.023389652,,3
2023,1,13.38078703916379,q5_19,8,-.0063554975,11.270869,15.768264,,3
2023,3,33.9893102645874,nnm,26,-.016685203,21.661697,36.269089,,3
2023,2,2.380775520578027,pnm,13,-.058717135,.48775774,79.51265,,3
2023,1,7.371227722615004,nnm,9,-.036269087,2.7685366,62.441311,,3
2023,3,14.92828162654891,q5_19,14,-.021011647,8.4650259,43.295376,,3
2023,3,5.648284219205379,u20m,19,-.011530612,4.1372252,26.752533,,3
2023,3,7.636282593011856,pnm,4,-.026276086,3.7563832,50.808746,,3
2023,3,49.39964413642883,u20m,34,-.022715786,26.752207,45.845345,,3
2023,3,16.26387424767017,nnm,34,-.020681124,9.3050385,42.787075,,3
2023,1,12.27486133575439,pnm,2,-.033514746,4.9662013,59.541691,,3
2019,3,167.4362945556641,hgap,33,.0011558735,173.54466,-3.6481743,,3
2023,1,12.84223701804876,nnm,32,.003551967,14.134839,-10.065241,,3
2023,2,10.60642581433058,nnm,17,-.020534804,6.092267,42.560604,,3
2023,3,10.42590857882131,q5_19,22,-.018293783,6.3621211,38.977779,,3
2023,3,38.56741636991501,u20m,17,-.021858234,21.375288,44.57682,,3
2019,1,163.9033203125,hgap,14,-.000038050519,163.7101,.11788782,,3
2023,3,20.39339579641819,pnm,34,-.026501024,9.9710255,51.106594,,3
2023,1,52.70779505372047,u20m,34,-.020837884,30.028305,43.028721,,3
2023,2,19.07875575125217,u20m,4,-.021622326,10.641619,44.222679,,3
2023,3,7.479822013415238,q5_19,21,-.022520449,4.0720921,45.558971,,3
2023,2,7.263986393809319,pnm,32,.0089262547,9.2436571,-27.253227,,3
2023,3,20.81937715411186,u20m,9,-.02641798,10.202152,50.996841,,3
2023,1,16.78931571249276,q5_19,31,-.020207807,9.7292023,42.051228,,3
2023,1,115.2267977595329,u20m,16,-.029456554,52.017246,54.85664,,3
2023,1,24.08695407211781,u20m,9,-.026039276,11.924677,50.493214,,3
2023,2,10.64662920746862,q5_19,15,-.019947743,6.2130647,41.642895,,3
2023,1,56.77039921283722,u20m,23,-.016415285,36.444931,35.802933,,3
2023,2,14.41016048192978,nnm,34,-.021044981,8.1638765,43.346386,,3
2023,3,1.903817966888766,q5_19,19,-.012538372,1.3570664,28.718689,,3
2023,3,7.589645537452783,q5_19,2,-.040562131,2.5385861,66.551979,,3
2023,3,3.389132209122181,nnm,18,-.015035274,2.2583208,33.36581,,3
2019,1,178.3515319824219,hgap,3,.00037926305,180.46082,-1.1826551,,3
2023,2,22.24279940128326,pnm,31,-.040699631,7.4122076,66.675926,,3
2023,3,10.17042574463556,q5_19,8,-.013258451,7.1100259,30.091167,,3
2019,1,169.1719207763672,hgap,15,.00031243367,170.81839,-.973252,,3
2019,1,169.5970458984375,hgap,2,.00072445389,173.44896,-2.271215,,3
2023,3,92.94754266738892,u20m,1,-.025574734,46.596127,49.868362,,3
2023,3,25.6433691829443,u20m,6,-.023941768,13.43492,47.608601,,3
2023,2,86.88679337501526,u20m,1,-.027054466,41.85183,51.831772,,3
2023,3,1.830007997341454,nnm,25,-.022043543,1.0091866,44.853432,,3
2023,1,10.05067583173513,nnm,10,-.041223731,3.3022339,67.144157,,3
2023,2,20.32490074634552,nnm,16,-.028862679,9.3236523,54.126949,,3
2023,3,58.13087895512581,pnm,26,-.029271614,26.373598,54.630657,,3
2023,1,3.318113102328213,q5_19,29,-.011561435,2.428412,26.813467,,3
2023,2,6.219949573278427,u20m,29,-.014711737,4.1809769,32.781178,,3
2023,3,7.068037458095811,q5_19,9,-.012520991,5.0405545,28.685232,,3
2023,3,11.15904655307531,u20m,12,-.053225197,2.6516187,76.237946,,3
2019,1,176.0635223388672,hgap,25,.00021429542,177.23703,-.66652519,,3
2019,1,166.7867889404297,hgap,24,.00068938173,170.38953,-2.1600857,,3
2023,3,9.680707007646561,pnm,6,-.026785905,4.69696,51.481232,,3
2023,1,50.61274766921997,u20m,8,-.01256224,36.054188,28.76461,,3
2023,1,60.13914942741394,pnm,26,-.028785247,27.645401,54.030941,,3
2023,3,6.58723060041666,nnm,9,-.035027958,2.5583899,61.161373,,3
2023,2,9.703105315566063,u20m,12,-.055258431,2.1824942,77.507263,,3
2023,3,11.95413333217532,q5_19,15,-.014849157,8.0056686,33.030121,,3
2019,2,165.1569366455078,hgap,13,.00023484358,166.36369,-.73067266,,3
2023,1,22.32814207673073,nnm,31,-.029477993,10.073841,54.882763,,3
2019,3,164.940673828125,hgap,34,.00062339869,168.15921,-1.9513297,,3
2023,2,10.78544743359089,nnm,15,-.0052323253,9.3644915,13.174752,,3
2023,3,2.15347926132381,nnm,28,-.010644894,1.6155455,24.979752,,3
2023,1,4.408502283927307,q5_19,5,.00039183564,4.45539,-1.0635742,,3
2023,3,7.533593269494432,q5_19,4,-.019099379,4.4982519,40.290752,,3
2023,1,10.97349543124437,u20m,5,-.0075130723,8.9587431,18.360168,,3
2023,2,45.90543732047081,u20m,34,-.024923226,23.421549,48.978706,,3
2023,3,23.71847629547119,nnm,16,-.027826376,11.189123,52.825287,,3
2023,3,1.01689339926736,q5_19,7,-.091945581,.084942698,91.646843,,3
2023,1,7.324738492808791,q5_19,10,-.018228672,4.4775825,38.870411,,3
2023,1,3.707309020683169,nnm,18,-.014158187,2.5295343,31.768991,,3
2023,3,20.14709450304508,u20m,33,-.025492206,10.1226,49.756531,,3
2023,1,20.39558626711369,nnm,24,-.040580705,6.8184996,66.568748,,3
2023,2,40.00090435147285,u20m,24,-.049344331,10.555058,73.612953,,3
2019,2,157.4912567138672,hgap,14,.00047545612,159.82973,-1.4848256,,3
2023,1,4.932351876050234,pnm,12,-.044178985,1.496282,69.663925,,3
2023,2,20.83324268460274,nnm,1,-.022026189,11.494204,44.827583,,3
2019,2,165.0325317382813,hgap,19,.00018694237,165.99171,-.58120829,,3
2023,3,70.38655877113342,u20m,11,-.034352634,27.840204,60.446705,,3
2023,1,2.138961974965436,q5_19,28,-.017010126,1.3512732,36.825748,,3
2023,3,41.47724434733391,u20m,15,-.0098570604,31.785313,23.366865,,3
2023,1,96.30347043275833,u20m,30,-.027679797,45.611042,52.638214,,3
2019,1,179.8166961669922,hgap,28,.00015914947,180.70604,-.49458325,,3
2019,3,169.6263275146484,hgap,12,.0018576242,179.68123,-5.9276772,,3
2023,3,1.561872478558768,q5_19,25,-.02627049,.76842076,50.801311,,3
2023,1,5.486784502863884,u20m,7,-.035742875,2.0902524,61.903873,,3
2023,3,10.25346759706736,nnm,27,-.022653699,5.5620461,45.754486,,3
2023,3,13.56687518927624,q5_19,34,-.020881038,7.720222,43.095062,,3
2023,2,23.85459467768669,pnm,23,-.025990104,11.825333,50.427444,,3
2023,2,18.29111389815807,nnm,31,-.029311448,8.2896376,54.679428,,3
2019,2,155.4532318115234,hgap,22,.001083403,160.76286,-3.4155812,,3
2023,1,27.03768387436867,nnm,16,-.027146906,12.991108,51.951847,,3
2023,2,31.98156652132067,q5_19,16,-.035060525,12.410284,61.195511,,3
2023,1,20.33181302249432,pnm,15,-.005077505,17.727093,12.811058,,3
2023,1,10.97349543124437,u20m,18,-.0075130723,8.9587431,18.360168,,3
2023,2,20.32210491597652,u20m,10,-.033447091,8.2370129,59.467716,,3
2019,3,163.3415374755859,hgap,30,.00033827202,165.06342,-1.0541581,,3
2023,3,44.45746913552284,u20m,8,-.014876973,29.750761,33.080399,,3
2023,1,13.26847355812788,pnm,22,-.024136337,6.9151158,47.88311,,3
2023,3,87.94497698545456,u20m,30,-.030192118,38.92062,55.74435,,3
2023,2,19.57138627767563,nnm,30,-.026092956,9.6751318,50.564915,,3
2023,3,6.407249501676038,q5_19,33,-.028357947,2.9795299,53.49752,,3
2019,3,166.4415588378906,hgap,27,.00083174714,170.78893,-2.6119475,,3
2023,2,27.65887789428234,u20m,22,-.024798376,14.159569,48.806423,,3
2023,2,6.761199794709682,pnm,9,-.032277033,2.8284261,58.166801,,3
2023,2,54.64260812443422,q5_19,26,-.015627677,35.832909,34.423138,,3
2023,3,51.95817723870277,u20m,23,-.017893057,32.050941,38.313961,,3
2023,2,1.393941114656627,pnm,19,-.021975439,.77012551,44.751934,,3
2019,2,163.1689910888672,hgap,29,.000278755,164.58511,-.86788696,,3
2023,2,37.04623132944107,u20m,15,-.011640778,27.054832,26.970081,,3
2023,1,7.837125100195408,pnm,9,-.030576969,3.4325173,56.201832,,3
2023,3,18.9634133130312,nnm,24,-.040367864,6.3762441,66.376076,,3
2023,2,1.915907370857894,nnm,13,-.06276501,.35188037,81.633751,,3
2023,1,32.95491658513016,q5_19,1,-.018580081,19.954971,39.447666,,3
2023,3,7.399400230497122,u20m,29,-.014664332,4.9801598,32.695087,,3
2019,3,172.2929992675781,hgap,19,.00034811767,174.1624,-1.0850122,,3
2023,1,26.18861198425293,nnm,30,-.025511978,13.151045,49.783344,,3
2023,2,2.302070615793017,q5_19,5,-.0040878332,2.0615075,10.44986,,3
2023,2,6.974168121814728,nnm,21,-.018981529,4.177495,40.100456,,3
2023,3,11.49057858103719,q5_19,17,-.016584158,7.3430567,36.094978,,3
2023,3,9.413192048668861,u20m,18,-.0083611421,7.5109448,20.208311,,3
2019,2,159.2669067382813,hgap,4,.00073466252,162.93576,-2.3035882,,3
2023,3,136.9803696870804,u20m,26,-.020528024,78.695107,42.550083,,3
2023,1,9.073843975890394,q5_19,9,-.013145261,6.3628345,29.87719,,3
2023,1,2.897496335208416,pnm,5,-.010360839,2.1904442,24.402174,,3
2019,3,166.2495727539063,hgap,10,.00048084589,168.74629,-1.5017899,,3
2023,2,6.381475020654448,q5_19,2,-.046562251,1.8152416,71.554512,,3
2019,3,171.0801239013672,hgap,20,.00027900338,172.56624,-.86866581,,3
2023,2,38.35476189851761,pnm,30,-.036667753,14.251318,62.843418,,3
2023,2,11.10756117850542,pnm,22,-.026082756,5.4925447,50.5513,,3
2023,1,19.09353397786617,pnm,8,-.024667747,9.8091984,48.625549,,3
2023,2,7.437630068688028,q5_19,24,-.056919795,1.5995427,78.493919,,3
2023,2,2.10799160413444,pnm,29,-.012151293,1.5183903,27.969812,,3
2023,3,13.96326813846827,nnm,2,-.029359816,6.3199744,54.738571,,3
2019,1,172.3994445800781,hgap,4,.00094062474,177.50052,-2.9588692,,3
2023,3,4.943491891026497,nnm,20,-.014260614,3.3636792,31.957426,,3
2023,3,22.01456762850285,u20m,21,-.021262072,12.399157,43.677494,,3
2023,2,2.417028124880205,q5_19,13,-.037101202,.88763583,63.275734,,3
2023,1,22.76835776865482,pnm,31,-.033706944,9.1640129,59.751102,,3
2023,2,2.309231553226709,nnm,7,-.008062291,1.8575027,19.561869,,3
2023,3,27.47105115249149,q5_19,30,-.029182764,12.493371,54.521687,,3
2019,1,173.2090606689453,hgap,6,-.00012793725,172.52347,.395818,,3
2019,2,158.5751953125,hgap,1,.00013210697,159.22594,-.41036782,,3
2019,2,157.9664154052734,hgap,16,-8.6159162e-06,157.92422,.026708558,,3
2023,1,6.448130588978529,u20m,19,-.010984459,4.7932558,25.664412,,3
2023,1,27.14587934315205,u20m,4,-.022293806,14.869208,45.224804,,3
2023,2,17.13131554424763,nnm,11,-.029919371,7.6376128,55.417244,,3
2019,1,174.4636383056641,hgap,17,.0015607916,183.11253,-4.9574199,,3
2023,1,4.858020038802646,q5_19,12,-.052661516,1.1720684,75.873535,,3
2019,3,160.8352203369141,hgap,14,.00020676934,161.86946,-.6430437,,3
2019,1,179.09033203125,hgap,19,.00037006708,181.15671,-1.1538175,,3
2019,2,163.4478149414063,hgap,5,.00038368965,165.40353,-1.1965404,,3
2023,1,10.75998973101377,nnm,6,-.019933196,6.2816854,41.619968,,3
2023,3,6.835442036390305,u20m,3,-.03373494,2.7491114,59.781513,,3
2023,3,7.310149725526571,pnm,9,-.031342141,3.1362441,57.097404,,3
2023,3,40.24339467287064,pnm,1,-.033013858,16.503487,58.990818,,3
2023,1,15.09289909154177,pnm,17,-.02694845,7.2908216,51.693699,,3
2023,2,38.05298358201981,u20m,8,-.018013328,23.397278,38.513947,,3
2023,2,1.442964572730854,q5_19,19,-.011589332,1.0552607,26.868568,,3
2023,1,9.234978817403316,pnm,10,-.04325616,2.8722107,68.898567,,3
2023,3,41.97390750050545,u20m,24,-.045353204,12.335875,70.610611,,3
2023,1,39.02379344076401,q5_19,16,-.022958705,20.995047,46.199371,,3
2023,1,7.066338788717985,pnm,21,-.024621921,3.6347876,48.561939,,3
2023,3,16.28982832861903,q5_19,31,-.021501577,9.1157007,44.040535,,3
2023,3,11.32274139672518,pnm,27,-.021846944,6.2773361,44.559925,,3
2023,1,22.54447527229786,u20m,33,-.025169112,11.426373,49.316307,,3
2023,2,3.055608365684748,nnm,5,-.016125308,1.9770293,35.29834,,3
2023,1,14.66972101479769,nnm,17,-.020752624,8.3767891,42.897419,,3
2023,1,7.661333245661206,q5_19,33,-.028925391,3.5085418,54.204552,,3
2023,3,51.4763095314571,q5_19,26,-.015619918,33.763622,34.409397,,3
2023,3,13.52711956145447,q5_19,23,-.023782434,7.1176019,47.382725,,3
2023,3,2.302753273397684,pnm,29,-.012590843,1.6391089,28.819605,,3
2023,1,14.09452680491197,q5_19,17,-.016048646,9.1382885,35.164276,,3
2023,2,6.698775570839643,u20m,13,-.052566297,1.620338,75.811432,,3
2023,2,1.808552071452141,pnm,3,-.043927431,.55238277,69.457184,,3
2023,3,12.69197650253773,nnm,17,-.020668866,7.2638545,42.768139,,3
2023,3,8.838767185807228,pnm,10,-.038709644,3.1080234,64.836464,,3
2019,2,162.1003723144531,hgap,6,.000082078892,162.51335,-.25476754,,3
2023,2,4.939246769894434,q5_19,4,-.015514392,3.2489252,34.222252,,3
2023,3,40.13646394014359,pnm,30,-.035590585,15.353438,61.74691,,3
2023,1,7.757451743875543,q5_19,6,-.026353069,3.8080645,50.910885,,3
2023,2,1.296640164861862,q5_19,28,-.022174936,.71252036,45.048721,,3
2019,3,164.5204620361328,hgap,1,.00036556213,166.39548,-1.1396852,,3
2023,1,2.348233014345169,nnm,28,-.010715162,1.758311,25.121952,,3
2019,1,171.8818969726563,hgap,10,.00047713835,174.44315,-1.4901214,,3
2019,2,161.0756530761719,hgap,17,.00080706534,165.15645,-2.5334649,,3
2023,3,9.108920581638813,u20m,13,-.04466952,2.7269318,70.063065,,3
2019,3,173.0476684570313,hgap,28,.00015367792,173.87404,-.47753906,,3
2023,3,23.19730259478092,u20m,4,-.021991622,12.810462,44.77607,,3
2023,3,13.80160730332136,nnm,23,.0035163201,15.176159,-9.9593592,,3
2023,2,8.433307521045208,pnm,10,-.032893877,3.4696522,58.857754,,3
2023,2,1.673480495810509,nnm,25,-.02008708,.97292763,41.862026,,3
2023,2,7.762350142002106,u20m,18,-.0095496895,5.9981046,22.728239,,3
2023,2,4.30790102109313,u20m,25,-.022253599,2.3622241,45.16531,,3
2023,1,1.650885329581797,pnm,19,-.023050474,.88598871,46.332512,,3
2019,1,168.0808715820313,hgap,11,.0002515201,169.39655,-.78276241,,3
2023,2,12.86621423151657,q5_19,14,-.022003695,7.1029134,44.794067,,3
2023,3,24.13193136453629,nnm,1,-.021742232,13.416639,44.402962,,3
2023,1,2.487959805876017,pnm,29,-.012934919,1.7545637,29.477812,,3
2023,3,1.739226514473557,pnm,7,-.0072568501,1.4297584,17.793432,,3
2023,1,43.82989183068275,u20m,24,-.04186625,14.153009,67.709229,,3
2023,2,14.69000428915024,pnm,17,-.02809987,6.8789825,53.172359,,3
2023,1,10.13577788044595,q5_19,21,-.025566934,5.0823021,49.8578,,3
2023,1,12.44321558624506,u20m,12,-.051679406,3.0827794,75.22522,,3
2023,2,8.480682037770748,nnm,27,-.025745202,4.2319818,50.098568,,3
2019,3,164.2754821777344,hgap,23,-.00031124771,162.69806,.96023041,,3
2023,3,21.84382404795837,q5_19,11,-.034802832,8.5355673,60.924576,,3
2023,2,1.44615164026618,pnm,28,-.0086791208,1.1440444,20.890427,,3
2023,2,29.88179214298725,nnm,26,-.016582454,19.096844,36.092041,,3
2023,1,9.788515046238899,pnm,6,-.026248952,4.8186221,50.772694,,3
2023,3,29.77431006729603,u20m,27,-.018320475,18.155855,39.021744,,3
2019,3,162.3307189941406,hgap,31,.00080950873,166.45592,-2.5412309,,3
2023,2,12.31634244322777,nnm,23,.0031113222,13.395686,-8.7635088,,3
2023,1,3.707309020683169,nnm,5,-.014158187,2.5295343,31.768991,,3
2019,2,155.0204620361328,hgap,24,.00099950365,159.8989,-3.1469607,,3
2023,2,1.475472003221512,pnm,25,-.021568019,.82418638,44.140831,,3
2023,1,27.13467553257942,pnm,23,-.024792859,13.89328,48.798798,,3
2023,3,8.496535268381567,q5_19,27,-.0084039792,6.7716923,20.300545,,3
2023,2,30.10084646477262,q5_19,1,-.024234667,15.64603,48.021294,,3
2023,3,2.666770480573177,pnm,18,-.0084613953,2.1221092,20.424004,,3
2019,3,166.9500274658203,hgap,21,.00086870108,171.50703,-2.7295635,,3
2019,1,169.7078704833984,hgap,23,-.0002453207,168.42215,.75760823,,3
2023,1,15.16368146985769,nnm,2,-.029077165,6.9158764,54.391838,,3
2023,1,2.380016259849072,nnm,13,-.067436188,.38532442,83.810005,,3
2023,2,7.109638303518295,pnm,33,-.024530234,3.6661243,48.434448,,3
2023,1,9.829308019709382,q5_19,27,-.017881207,6.0652514,38.29422,,3
2023,2,2.417213749140501,nnm,12,-.061720137,.45665452,81.108231,,3
2019,3,163.7324829101563,hgap,16,.00018226594,164.66023,-.5666253,,3
2023,3,58.00623819231987,u20m,31,-.029685745,26.024424,55.135128,,3
2023,1,31.36724250865564,q5_19,30,-.023089865,16.816116,46.389561,,3
2019,3,170.5139923095703,hgap,5,.00032338253,172.23196,-1.0075254,,3
2023,3,2.515583299100399,nnm,29,-.019430552,1.4886651,40.822269,,3
2023,2,23.47974235733075,q5_19,30,-.036979347,8.6511793,63.154709,,3
2023,1,6.996980868279934,nnm,33,-.024139915,3.6462564,47.888145,,3
2023,2,17.79177598655224,u20m,21,-.019728156,10.444506,41.295879,,3
2023,2,9.692743420600891,nnm,32,.0017401547,10.159017,-4.8105388,,3
2023,3,12.22092378884554,pnm,22,-.025017057,6.2194967,49.107803,,3
2023,2,4.827742480242869,q5_19,10,-.023349639,2.5700843,46.764263,,3
2023,1,11.79409306496382,nnm,22,-.026779454,5.7233458,51.472778,,3
2023,3,2.599365981698631,q5_19,29,-.011829254,1.8886791,27.340776,,3
2019,2,157.5078887939453,hgap,2,.00081853598,161.55573,-2.569926,,3
2023,1,8.17719753831625,u20m,3,-.031501092,3.493206,57.281136,,3
2023,1,1.817742828279734,pnm,7,-.010530199,1.3679047,24.747074,,3
2023,2,19.86018754541874,pnm,34,-.02947039,8.9622078,54.873497,,3
2019,3,162.6680908203125,hgap,11,.00022493022,163.80632,-.69972503,,3
2023,1,60.62883511185646,u20m,31,-.027998552,28.468826,53.044083,,3
2023,2,5.773109849542379,nnm,9,-.033346239,2.3463535,59.357201,,3
2019,3,165.1675415039063,hgap,26,.0004927023,167.70964,-1.5391033,,3
2023,1,2.469282131642103,nnm,19,.00011301482,2.4768283,-.30560321,,3
2023,3,14.88857250660658,pnm,17,-.02749224,7.0872931,52.397766,,3
2023,2,17.43714697659016,nnm,24,-.039581448,5.9888754,65.654503,,3
2023,3,6.277327425777912,nnm,33,-.025219072,3.1772923,49.384632,,3
2023,2,4.660353530198336,u20m,7,-.027184812,2.2369232,52.000996,,3
2023,1,13.21659376023598,q5_19,15,-.010658562,9.9114628,25.007435,,3
2023,1,32.77470543980598,u20m,27,-.020150691,19.021851,41.961796,,3
2019,2,162.8023986816406,hgap,25,.000057386042,163.09227,-.17805095,,3
2023,1,15.25336783379316,nnm,23,.0038209495,16.911028,-10.867502,,3
2023,2,38.51750120520592,pnm,1,-.033735726,15.490828,59.782368,,3
2023,1,14.71744387558993,q5_19,34,-.01877035,8.8660908,39.757942,,3
2019,1,170.8672027587891,hgap,34,.00062909821,174.23216,-1.9693421,,3
2023,2,16.58468507230282,pnm,8,-.024328521,8.5986881,48.15284,,3
2023,1,5.341778509318829,nnm,20,-.014891616,3.5732839,33.10685,,3
2023,3,31.54335031753053,q5_19,1,-.021286637,17.754227,43.714836,,3
2023,1,28.04204449057579,u20m,6,-.023667445,14.80084,47.219112,,3
2023,2,4.683225881308317,u20m,28,-.013343317,3.2664952,30.251171,,3
2023,2,16.07158407568932,pnm,15,-.010425191,12.128676,24.533411,,3
2023,3,12.29676324874163,pnm,2,-.03828264,4.3741174,64.428711,,3
2023,1,1.846077502705157,pnm,28,-.0047154692,1.6253862,11.954604,,3
2023,1,98.84282201528549,u20m,1,-.024317097,51.263004,48.136848,,3
2023,3,1.622620271518826,pnm,25,-.023907144,.85090858,47.559601,,3
2023,1,26.02368298055779,q5_19,11,-.026596263,12.691188,51.232162,,3
2023,2,2.286682138219476,nnm,29,-.019223049,1.3608093,40.489792,,3
2023,1,2.733058528974652,nnm,29,-.019591948,1.6103294,41.079586,,3
2023,3,3.386806897474837,q5_19,18,-.0011998239,3.2788486,3.1876116,,3
2023,3,8.67950078099966,nnm,10,-.040992528,2.8695803,66.938416,,3
2019,3,167.0314483642578,hgap,32,.00087043206,171.59988,-2.7350752,,3
2023,1,37.90639340877533,nnm,26,-.01679524,24.086422,36.458153,,3
2019,1,178.1264343261719,hgap,13,.00049908925,180.90379,-1.5592065,,3
2023,3,7.704213261604309,pnm,32,.0065170028,9.1864214,-19.23893,,3
2023,2,1.838165482366261,q5_19,29,-.011941136,1.3315682,27.559937,,3
2023,1,9.220669977366924,nnm,4,-.020871269,5.2484012,43.080044,,3
2019,1,171.1226348876953,hgap,26,.00084738393,175.6774,-2.6616957,,3
2019,2,158.7352600097656,hgap,23,-.00038313019,156.86111,1.1806737,,3
2023,3,50.66581070423126,pnm,16,-.038715146,17.813248,64.841682,,3
2019,1,177.1109771728516,hgap,18,.00026672581,178.5815,-.83028167,,3
2023,3,17.95918680727482,u20m,20,-.011682115,13.100949,27.051544,,3
2019,2,163.4478149414063,hgap,18,.00038368965,165.40353,-1.1965404,,3
2023,1,11.4004323258996,u20m,13,-.039953396,3.8764105,65.997688,,3
2023,3,4.412250122542982,q5_19,13,-.020228926,2.5553873,42.084263,,3
2023,2,15.64290188252926,pnm,24,-.057838351,3.2817662,79.020729,,3
2023,2,2.302070615793017,q5_19,18,-.0040878332,2.0615075,10.44986,,3
2023,3,106.0993149876595,u20m,16,-.031904005,44.83403,57.743336,,3
2023,3,4.114103892167376,q5_19,12,-.054392464,.94726586,76.975159,,3
2019,2,165.6228942871094,hgap,20,.00060828088,168.77563,-1.9035656,,3
2023,1,31.62765875458717,pnm,11,-.039124213,10.997614,65.227859,,3
2023,2,2.424678998067975,pnm,18,-.0060453541,2.0595233,15.059958,,3
2023,2,46.0350327193737,u20m,14,-.027084673,22.156181,51.871044,,3
2023,1,4.408502283927307,q5_19,18,.00039183564,4.45539,-1.0635742,,3
2023,3,2.666770480573177,pnm,5,-.0084613953,2.1221092,20.424004,,3
2023,1,10.02923384673948,q5_19,4,-.020939557,5.6981192,43.184902,,3
2023,1,8.114052005112171,pnm,32,.0044417521,9.1479034,-12.741494,,3
2023,1,2.341678240277645,q5_19,19,-.013071824,1.6453097,29.738012,,3
2023,1,139.5229995250702,u20m,26,-.020423332,80.382744,42.387459,,3
2023,3,2.568220719695091,pnm,13,-.061683923,.48565704,81.089745,,3
2023,1,41.99541360139847,pnm,1,-.032368544,17.524672,58.270035,,3
2023,1,2.703205682337284,nnm,12,-.063657962,.48465079,82.071259,,3
2023,2,1.884050667285919,nnm,3,-.038046103,.67447495,64.200806,,3
2023,2,1.165083611185502,q5_19,25,-.026250131,.57352102,50.774261,,3
2023,1,8.698016129563779,q5_19,2,-.036273789,3.2664464,62.446075,,3
2023,2,47.045037150383,u20m,23,-.019624151,27.695038,41.130798,,3
2023,1,1.313084679895549,q5_19,7,-.08759556,.12335351,90.60582,,3
2023,1,19.13698948919773,pnm,14,-.032118641,8.0399246,57.987514,,3
2023,3,8.209012448787689,nnm,4,-.021083837,4.6458254,43.405796,,3
2019,2,161.28271484375,hgap,8,.00047234207,163.66168,-1.4750293,,3
2023,3,2.229236997663975,nnm,19,-.0023232743,2.0936961,6.0801468,,3
2019,1,168.0595855712891,hgap,31,.00078643614,172.20715,-2.4679151,,3
2023,1,41.94903001189232,pnm,30,-.034624029,16.471088,60.735474,,3
2019,3,163.8113098144531,hgap,2,.00078519655,167.84758,-2.4639752,,3
2023,1,3.737667488066143,q5_19,3,-.015202232,2.4793625,33.665516,,3
2023,2,6.212498992681503,pnm,21,-.023756437,3.2711427,47.345783,,3
2019,3,169.6785278320313,hgap,25,.00019045915,170.68332,-.59217352,,3
2019,2,164.6647491455078,hgap,7,.000093998009,165.14528,-.29182312,,3
2023,2,15.08970744907856,nnm,8,-.0071109789,12.453684,17.469017,,3
2019,3,170.2051696777344,hgap,29,.00033447583,171.97917,-1.0422727,,3
2023,3,8.432359030662194,q5_19,24,-.048675857,2.2655747,73.132378,,3
2019,1,173.5361480712891,hgap,32,.00086251635,178.23875,-2.7098713,,3
2019,3,167.9069671630859,hgap,17,.0012090112,174.31943,-3.8190556,,3
2023,1,6.658420419128452,q5_19,20,-.010134856,5.0644279,23.939501,,3
2019,3,164.3897552490234,hgap,15,.00060623657,167.50839,-1.8970994,,3
2023,3,35.5158903931575,q5_19,16,-.028565258,16.423582,53.757088,,3
2023,3,4.520739894360304,pnm,12,-.046815671,1.2771775,71.748489,,3
2023,3,22.49823696911335,pnm,31,-.037026688,8.2789516,63.201775,,3
2023,1,43.21936890482903,u20m,17,-.021125056,24.432451,43.468746,,3
2023,1,20.86441032588482,u20m,197,-.020246124,12.078168,42.111145,107.946,3
2023,2,3.230542550235804,q5_19,197,-.00057576312,3.1807101,1.5425419,107.946,3
2023,3,18.60255189239979,u20m,197,-.016260773,11.992217,35.534561,107.946,3
2023,2,16.23360626399517,u20m,197,-.010699694,12.160485,25.090673,107.946,3
2023,3,4.354062065877073,q5_19,197,-.011831747,3.1634147,27.345667,107.946,3
2023,1,5.424533394418396,q5_19,197,-.017911362,3.3445265,38.344437,107.946,3
2023,1,26.09820291399956,nnm,93,-.027427845,12.444946,52.31493,41454.76300000003,3
2023,1,34.46739166975021,pnm,93,-.038809504,12.087321,64.931137,41454.76300000003,3
2019,1,168.4951934814453,hgap,93,.00037760127,170.47913,-1.1774416,41454.76300000003,3
2023,2,67.40232557058334,u20m,93,-.036994632,24.824337,63.16991,41454.76300000003,3
2023,2,15.72391957926933,q5_19,93,-.039502036,5.4120512,65.580772,41454.76300000003,3
2023,2,20.73519118130207,nnm,93,-.022261411,11.36768,45.176876,41454.76300000003,3
2023,1,18.7225879666747,q5_19,93,-.034359712,7.403986,60.454262,41454.76300000003,3
2023,3,17.260270204013,q5_19,93,-.036673766,6.4122849,62.849453,41454.76300000003,3
2023,1,77.27154344320297,u20m,93,-.033107534,31.608383,59.094406,41454.76300000003,3
2019,3,162.4470520019531,hgap,93,.00038384207,164.39157,-1.1970171,41454.76300000003,3
2019,2,156.1131439208984,hgap,93,.00037006015,157.91437,-1.1537938,41454.76300000003,3
2023,2,32.44146704673767,pnm,93,-.04608994,9.3465662,71.189445,41454.76300000003,3
2023,3,72.45292514562607,u20m,93,-.03488902,28.245483,61.0154,41454.76300000003,3
2023,3,33.45204144716263,pnm,93,-.042442057,10.635285,68.207367,41454.76300000003,3
2023,3,23.49597401916981,nnm,93,-.025058912,11.944113,49.165279,41454.76300000003,3
2023,1,89.46450799703598,u20m,36,-.040471807,29.997175,66.470306,36749.91,3
2023,2,16.22580716010369,q5_19,36,-.048841227,4.3400674,73.252068,36749.91,3
2023,3,41.57542809844017,pnm,36,-.047518592,11.524871,72.27961,36749.91,3
2019,1,168.4641723632813,hgap,36,.00054409035,171.32973,-1.7009877,36749.91,3
2023,3,23.7505454570055,nnm,36,-.036040314,8.9756651,62.208595,36749.91,3
2023,2,39.71359506249428,pnm,36,-.048372153,10.757955,72.911156,36749.91,3
2023,2,19.83390934765339,nnm,36,-.037348941,7.2352986,63.520561,36749.91,3
2019,2,158.0968933105469,hgap,36,.00025490334,159.35112,-.79332787,36749.91,3
2023,1,27.58993580937386,nnm,36,-.035239715,10.654462,61.382797,36749.91,3
2023,1,43.48151385784149,pnm,36,-.046912678,12.252053,71.822388,36749.91,3
2023,3,18.65198956566561,q5_19,36,-.043864585,5.7065177,69.405312,36749.91,3
2023,3,81.79048448801041,u20m,36,-.042186275,26.183554,67.987045,36749.91,3
2019,3,163.2656097412109,hgap,36,.00040620627,165.33452,-1.2672042,36749.91,3
2023,2,74.03220981359482,u20m,36,-.044394806,22.327978,69.840187,36749.91,3
2023,1,21.06452973061812,q5_19,36,-.039915942,7.1696739,65.963287,36749.91,3
2023,3,2.917912116803256,q5_19,194,-.023307191,1.5551534,46.703213,14.435,3
2023,2,5.56281441822648,u20m,194,-.026934141,2.6882284,51.67503,14.435,3
2023,1,11.548126116395,u20m,194,-.030264806,5.1006775,55.831123,14.435,3
2023,2,1.685988604743671,q5_19,194,-.014229943,1.1481404,31.901056,14.435,3
2023,1,4.168762386721925,q5_19,194,-.027163632,2.0021091,51.973537,14.435,3
2023,3,8.58072005212307,u20m,194,-.029110882,3.9099476,54.433338,14.435,3
2023,2,12.20009475946426,u20m,144,-.019226827,7.2595611,40.495865,2811.661999999999,3
2022,2,378.11514,math,144,-.004285953,335.3558,11.308549,2811.661999999999,3
2022,3,368.2217,math,144,-.0068501271,303.9556,17.4531,2811.661999999999,3
2023,3,13.1376888602972,u20m,144,-.022723261,7.1132345,45.856274,2811.661999999999,3
2023,1,5.518685095012188,pnm,144,-.013504609,3.8324916,30.55426,2811.661999999999,3
2023,1,4.646205343306065,nnm,144,-.020467414,2.6736128,42.45599,2811.661999999999,3
2019,1,174.0708312988281,hgap,144,.00049029058,176.73674,-1.5315081,2811.661999999999,3
2022,1,359.06293,math,144,-.0092872605,276.84406,22.89818,2811.661999999999,3
2023,3,3.686088394400544,q5_19,144,-.041339386,1.2073193,67.246597,2811.661999999999,3
2023,2,3.442625961982859,q5_19,144,-.036521733,1.2842152,62.69664,2811.661999999999,3
2023,1,14.00868594646454,u20m,144,-.025598422,7.0182939,49.900414,2811.661999999999,3
2019,2,162.2285766601563,hgap,144,.00049761427,164.75052,-1.554561,2811.661999999999,3
2023,2,4.928799346089363,pnm,144,-.0079969103,3.9716389,19.419748,2811.661999999999,3
2023,3,4.275109153240919,nnm,144,-.018743103,2.5773089,39.713612,2811.661999999999,3
2023,2,3.878036048263311,nnm,144,-.016208706,2.50351,35.443871,2811.661999999999,3
2023,1,3.909071320819635,q5_19,144,-.04592349,1.1312979,71.059677,2811.661999999999,3
2023,3,5.233835428953171,pnm,144,-.011150126,3.8732383,25.996176,2811.661999999999,3
2019,3,168.2840423583984,hgap,144,.00049957458,170.91051,-1.5607332,2811.661999999999,3
2019,1,178.8426361083984,hgap,145,.00014384995,179.64194,-.44692987,80.86899999999997,3
2023,1,2.609381917864084,pnm,145,-.0023977726,2.4458032,6.2688699,80.86899999999997,3
2023,2,3.349319798871875,nnm,145,.010480424,4.4447727,-32.70673,80.86899999999997,3
2023,3,7.794845383614302,u20m,145,.0046425369,8.8357954,-13.354339,80.86899999999997,3
2023,2,1.44680674388642,q5_19,145,.0074749426,1.7703589,-22.363192,80.86899999999997,3
2023,2,7.5544323772192,u20m,145,.0069497991,9.1137028,-20.640471,80.86899999999997,3
2023,1,1.908205594198797,q5_19,145,.0031632588,2.0783439,-8.9161396,80.86899999999997,3
2019,3,172.4619598388672,hgap,145,.000048585269,172.72191,-.15072815,80.86899999999997,3
2023,1,3.527722787111998,nnm,145,.0069559533,4.2565684,-20.660513,80.86899999999997,3
2023,3,3.441027365624905,nnm,145,.0085841687,4.3385606,-26.083292,80.86899999999997,3
2019,2,165.533935546875,hgap,145,.000031917538,165.6978,-.098991267,80.86899999999997,3
2023,1,8.024412207305431,u20m,145,.0029343858,8.6860371,-8.2451506,80.86899999999997,3
2023,3,1.687629212425823,q5_19,145,.0045585781,1.9086694,-13.097672,80.86899999999997,3
2023,2,2.776454435661435,pnm,145,.0026293842,2.9807296,-7.3574104,80.86899999999997,3
2023,3,2.685754792764783,pnm,145,-.00011153504,2.6776791,.30068758,80.86899999999997,3
2023,2,.8663212840436252,q5_19,140,-.086011842,.084939227,90.195412,10642.089,3
2023,3,2.948301611468196,nnm,140,-.030996257,1.2767659,56.694866,10642.089,3
2023,2,2.48941732570529,nnm,140,-.029996401,1.107545,55.509869,10642.089,3
2023,1,8.209357969462872,u20m,140,-.042702843,2.5916584,68.430435,10642.089,3
2022,2,434.74857,math,140,-.00037878839,430.16196,1.0550036,10642.089,3
2023,1,1.65753064858154,q5_19,140,-.082722895,.17760572,89.28492,10642.089,3
2019,2,160.5303039550781,hgap,140,.00070146029,164.05931,-2.1983433,10642.089,3
2023,3,1.293133868112362,q5_19,140,-.08319106,.13681988,89.41951,10642.089,3
2023,3,7.258959114551544,u20m,140,-.040927142,2.4041672,66.880005,10642.089,3
2022,3,431.11047,math,140,-.00066966866,423.10214,1.8576045,10642.089,3
2019,1,174.0772552490234,hgap,140,.0013583743,181.5641,-4.3008761,10642.089,3
2022,1,427.65567,math,140,-.00089790433,417.03787,2.4827912,10642.089,3
2023,3,3.034193767234683,pnm,140,-.027103348,1.4595897,51.895302,10642.089,3
2023,1,3.387526609003544,nnm,140,-.031726036,1.4383507,57.539799,10642.089,3
2023,2,6.219513714313507,u20m,140,-.0384259,2.2038205,64.566032,10642.089,3
2019,3,168.4677429199219,hgap,140,.00076019816,172.48503,-2.3846037,10642.089,3
2023,2,2.875575330108404,pnm,140,-.026628276,1.4011444,51.274292,10642.089,3
2023,1,3.185970708727837,pnm,140,-.027451374,1.5182675,52.345215,10642.089,3
2023,3,3.942695446312428,pnm,196,-.037188448,1.4445192,63.362141,45538.403,3
2023,1,17.11593382060528,u20m,196,-.030430846,7.5261002,56.02869,45538.403,3
2023,1,7.013196125626564,nnm,196,-.024252608,3.6436033,48.046463,45538.403,3
2022,3,377.52902,math,196,-.0028469909,348.60229,7.6621194,45538.403,3
2019,1,174.7549896240234,hgap,196,.000415847,177.02238,-1.2974708,45538.403,3
2022,2,372.03882,math,196,-.0025646449,346.25937,6.9292369,45538.403,3
2023,3,5.058272614954951,q5_19,196,-.026538627,2.4706521,51.156208,45538.403,3
2023,2,5.701996386051178,nnm,196,-.024370961,2.9529374,48.212219,45538.403,3
2022,1,383.03476,math,196,-.0032169914,350.04089,8.6138048,45538.403,3
2023,2,13.38717900216579,u20m,196,-.025367586,6.7488537,49.587185,45538.403,3
2023,1,6.244919618181743,q5_19,196,-.031063905,2.6994359,56.773888,45538.403,3
2023,3,15.30091464519501,u20m,196,-.028310115,7.1244998,53.437424,45538.403,3
2019,2,161.2204132080078,hgap,196,.00061744836,164.33604,-1.932529,45538.403,3
2023,2,3.806549953786376,q5_19,196,-.018402455,2.3160357,39.156567,45538.403,3
2023,2,3.937694244086742,pnm,196,-.033412065,1.5975473,59.429371,45538.403,3
2023,1,3.953862935304642,pnm,196,-.040448718,1.3265448,66.449402,45538.403,3
2023,3,6.377163343131542,nnm,196,-.024297511,3.3091474,48.109417,45538.403,3
2019,3,168.1433715820313,hgap,196,.00051249837,170.83607,-1.6014329,45538.403,3
2023,3,4.788639489561319,pnm,94,-.053076986,1.1424416,76.14267,2943.398,3
2023,2,4.691142588853836,pnm,94,-.052030269,1.1512622,75.458809,2943.398,3
2023,1,14.45820368826389,u20m,94,-.049672004,3.7814891,73.845375,2943.398,3
2019,2,159.8502349853516,hgap,94,.0001548744,160.61954,-.48126447,2943.398,3
2023,2,4.160167649388313,nnm,94,-.043488637,1.2857757,69.093178,2943.398,3
2023,2,2.284424173475297,q5_19,94,-.01067234,1.7125112,25.035324,2943.398,3
2023,1,5.877135787159204,nnm,94,-.046243455,1.6862317,71.308617,2943.398,3
2023,1,3.759556215833459,q5_19,94,-.050962251,.94963282,74.740829,2943.398,3
2023,3,3.033995506091847,q5_19,94,-.037828621,1.0925426,63.989971,2943.398,3
2023,2,11.09604258090258,u20m,94,-.041326024,3.6356425,67.234779,2943.398,3
2023,3,12.82924134284258,u20m,94,-.046394896,3.6658671,71.42569,2943.398,3
2019,3,166.9668579101563,hgap,94,.0005902967,170.05034,-1.8467622,2943.398,3
2023,3,5.060649011284113,nnm,94,-.045393985,1.4856571,70.642952,2943.398,3
2019,1,173.6666564941406,hgap,94,.00044200127,176.06262,-1.3796347,2943.398,3
2023,1,4.89062862470746,pnm,94,-.053575423,1.1511766,76.461586,2943.398,3
2019,1,177.0945434570313,hgap,249,.00035944028,179.07889,-1.1205001,47.54400000000003,3
2023,2,3.901720292500133,q5_19,249,-.016211189,2.5186307,35.4482,47.54400000000003,3
2023,3,4.683814477175474,nnm,249,-.0036252893,4.2470732,9.3244791,47.54400000000003,3
2023,1,6.230408325791359,pnm,249,-.0036300151,5.6487341,9.3360529,47.54400000000003,3
2023,3,5.930964834988117,pnm,249,-.0045305914,5.2480731,11.514008,47.54400000000003,3
2023,3,6.377108662803277,q5_19,249,-.0037107738,5.769145,9.5335312,47.54400000000003,3
2019,2,167.5515289306641,hgap,249,.00078289153,171.66769,-2.4566562,47.54400000000003,3
2019,3,172.4836120605469,hgap,249,.00059845811,175.71342,-1.8725331,47.54400000000003,3
2023,3,16.89659431576729,u20m,249,-.0039514643,15.186738,10.119533,47.54400000000003,3
2023,2,5.607122555375099,pnm,249,-.0057539209,4.8003163,14.388953,47.54400000000003,3
2023,1,8.697846323042381,q5_19,249,.0018428623,9.1415758,-5.1016021,47.54400000000003,3
2023,2,13.87238688766956,u20m,249,-.0076231989,11.291768,18.602558,47.54400000000003,3
2023,2,4.427424166351557,nnm,249,-.0020328742,4.1909623,5.3408446,47.54400000000003,3
2023,1,19.7370033711195,u20m,249,-.001545754,18.930225,4.0876417,47.54400000000003,3
2023,1,4.936363082379103,nnm,249,-.0047644582,4.3404951,12.070992,47.54400000000003,3
2023,1,3.496373688927301,q5_19,195,-.078667916,.41798601,88.045158,93.33299999999998,3
2023,2,4.39941743580774,q5_19,195,.0052011679,5.0627189,-15.077029,93.33299999999998,3
2023,2,12.78802193701267,u20m,195,-.011487481,9.3778162,26.667187,93.33299999999998,3
2019,1,178.8352661132813,hgap,195,.00075599796,183.07594,-2.3712754,93.33299999999998,3
2019,2,165.7236938476563,hgap,195,.00040403334,167.81244,-1.2603781,93.33299999999998,3
2023,3,13.23216687887907,u20m,195,-.026030749,6.5523291,50.481815,93.33299999999998,3
2023,3,3.941450219317688,q5_19,195,-.040994879,1.3030231,66.940514,93.33299999999998,3
2023,1,5.480660125613213,nnm,195,-.016422322,3.5177546,35.815132,93.33299999999998,3
2023,3,4.597173072397709,pnm,195,-.021469666,2.5747709,43.992298,93.33299999999998,3
2023,2,4.459105432033539,pnm,195,-.020537142,2.5611217,42.564228,93.33299999999998,3
2023,2,3.984333481639624,nnm,195,-.017815521,2.4629283,38.184685,93.33299999999998,3
2023,3,4.752153530716896,nnm,195,-.016928954,3.0087242,36.687141,93.33299999999998,3
2019,3,172.3544006347656,hgap,195,.00070858735,176.18227,-2.220927,93.33299999999998,3
2023,1,13.66185676306486,u20m,195,-.037758011,4.9290261,63.921257,93.33299999999998,3
2023,1,4.746503662317991,pnm,195,-.022179114,2.60797,45.054924,93.33299999999998,3
2023,1,.6366928721061038,q5_19,250,-.1538555,.0099960379,98.430008,26451.126,3
2023,3,4.307243973016739,u20m,250,-.044547442,1.2937142,69.964226,26451.126,3
2023,2,.35059817915295,q5_19,250,-.16294356,.0043066684,98.771622,26451.126,3
2023,3,1.550041488371789,pnm,250,-.013822672,1.0672332,31.148088,26451.126,3
2019,3,171.9571075439453,hgap,250,.00018782634,172.96127,-.58396286,26451.126,3
2022,2,481.34256,math,250,-.0033662077,438.04663,8.9948263,26451.126,3
2023,3,2.264768816530704,nnm,250,-.012523401,1.6150095,28.689873,26451.126,3
2023,2,4.050140269100666,u20m,250,-.037419472,1.4746575,63.589962,26451.126,3
2022,3,487.08426,math,250,-.0034438223,442.3096,9.1923847,26451.126,3
2022,1,492.7133,math,250,-.0034708413,447.08286,9.261054,26451.126,3
2019,2,164.6657104492188,hgap,250,.00010575916,165.20645,-.32838711,26451.126,3
2023,3,.4978416622197779,q5_19,250,-.15699488,.0071808673,98.557602,26451.126,3
2023,1,2.327915281057358,nnm,250,-.012350608,1.6678022,28.356403,26451.126,3
2023,2,1.506138360127807,pnm,250,-.0068747601,1.2509841,16.94096,26451.126,3
2023,2,2.198011614382267,nnm,250,-.012786818,1.5562967,29.195246,26451.126,3
2023,1,4.550089593976736,u20m,250,-.050195239,1.1733648,74.212273,26451.126,3
2023,1,1.591680105775595,pnm,250,-.019560965,.93860936,41.030277,26451.126,3
2019,1,178.7742156982422,hgap,250,.00021855274,179.98955,-.67981392,26451.126,3
2023,3,1.936844317242503,nnm,146,-.016025279,1.2565596,35.123356,9130.435000000003,3
2023,3,1.563677680678666,pnm,146,.0019807459,1.6495799,-5.4936004,9130.435000000003,3
2022,1,496.6009,math,146,-.0039640525,444.4303,10.505539,9130.435000000003,3
2022,3,487.2675,math,146,-.0036815375,439.54065,9.794795,9130.435000000003,3
2023,3,2.048903454585416,q5_19,146,-.011259478,1.5117967,26.214352,9130.435000000003,3
2023,2,1.231758384810155,q5_19,146,-.03213454,.51727021,58.005547,9130.435000000003,3
2023,1,6.68982183560729,u20m,146,-.0073416024,5.4869032,17.981325,9130.435000000003,3
2019,3,172.931884765625,hgap,146,.00015157161,173.74635,-.47097641,9130.435000000003,3
2022,2,477.54532,math,146,-.0034811741,433.19421,9.2873087,9130.435000000003,3
2023,1,2.824369891798795,q5_19,146,-.0011114127,2.7408748,2.956239,9130.435000000003,3
2019,1,178.5244140625,hgap,146,.00013151631,179.25374,-.40852919,9130.435000000003,3
2023,2,1.387933851219714,pnm,146,.0094498405,1.7913363,-29.064962,9130.435000000003,3
2023,2,1.712143886834383,nnm,146,-.013108483,1.2017962,29.807526,9130.435000000003,3
2023,1,1.733250333927572,pnm,146,-.0030462381,1.5963982,7.8956914,9130.435000000003,3
2019,2,166.9267120361328,hgap,146,.000052208798,167.1971,-.16197872,9130.435000000003,3
2023,2,4.325644113123417,u20m,146,-.012577319,3.0801351,28.793608,9130.435000000003,3
2023,3,5.53923100233078,u20m,146,-.0094361249,4.293406,22.490938,9130.435000000003,3
2023,1,2.146870829164982,nnm,146,-.018132629,1.315781,38.711681,9130.435000000003,3
2023,2,4.454367281625071,q5_19,95,-.0099951141,3.4008212,23.651979,10318.211,3
2023,1,25.51566809415817,u20m,95,-.046361409,7.2975206,71.399841,10318.211,3
2023,2,7.44185782968998,nnm,95,-.05328802,1.7653412,76.278221,10318.211,3
2023,2,8.369154296815395,pnm,95,-.061410375,1.5943605,80.949562,10318.211,3
2023,3,8.847085759043694,pnm,95,-.061800428,1.6677519,81.149139,10318.211,3
2023,3,8.719856850802898,nnm,95,-.052679192,2.1027892,75.885048,10318.211,3
2023,1,9.883004240691662,nnm,95,-.051971924,2.4292307,75.42012,10318.211,3
2023,1,6.594934616299453,q5_19,95,-.0097250165,5.0719552,23.09317,10318.211,3
2019,2,161.3748779296875,hgap,95,.00056206033,164.21129,-1.7576531,10318.211,3
2019,3,167.82421875,hgap,95,.00083220046,172.21011,-2.6133862,10318.211,3
2023,3,5.58279052509425,q5_19,95,-.0092767924,4.3458238,22.156782,10318.211,3
2023,3,22.97494560480118,u20m,95,-.047309957,6.4047217,72.123016,10318.211,3
2023,2,20.13294771313667,u20m,95,-.048608039,5.4191589,73.08313,10318.211,3
2019,1,174.0023956298828,hgap,95,.00081306219,178.44385,-2.5525234,10318.211,3
2023,1,9.254803881049156,pnm,95,-.062020082,1.7342942,81.260605,10318.211,3
2023,2,29.2445607483387,pnm,40,-.05158966,7.2628536,75.165115,13689.456,3
2023,1,94.6524515748024,u20m,40,-.033905167,37.893223,59.965935,13689.456,3
2023,1,20.00963129103184,nnm,40,-.034803767,7.8186512,60.92556,13689.456,3
2023,1,33.61836820840836,pnm,40,-.049221609,8.9003372,73.525375,13689.456,3
2023,1,44.02869413511723,q5_19,40,-.023381637,23.418758,46.810238,13689.456,3
2023,3,31.44979849457741,pnm,40,-.050306335,8.0858984,74.289505,13689.456,3
2019,3,161.2122955322266,hgap,40,.00016599338,162.04401,-.51591027,13689.456,3
2023,3,86.47709339857101,u20m,40,-.037605543,31.328552,63.772427,13689.456,3
2023,2,78.14179360866547,u20m,40,-.042019937,25.128099,67.842949,13689.456,3
2019,1,167.3366851806641,hgap,40,.00020458466,168.40132,-.63622403,13689.456,3
2023,2,15.69005474448204,nnm,40,-.034799851,6.1314483,60.921436,13689.456,3
2019,2,155.0750885009766,hgap,40,.0001034974,155.57344,-.32136178,13689.456,3
2023,3,17.87131279706955,nnm,40,-.034758337,6.9916854,60.877605,13689.456,3
2023,2,35.23304095155522,q5_19,40,-.039909463,11.994267,65.957336,13689.456,3
2023,3,39.65139638635961,q5_19,40,-.031016823,17.16156,56.718903,13689.456,3
2023,2,1.490807975642383,pnm,148,-.018022086,.91642219,38.528488,11712.894,3
2023,2,1.3628529835783,q5_19,148,-.019037601,.81510776,40.191071,11712.894,3
2019,2,163.4017333984375,hgap,148,-.0012203387,157.33563,3.7123847,11712.894,3
2019,1,179.0933227539063,hgap,148,-.00077190058,174.85867,2.3644934,11712.894,3
2023,3,5.661728326231241,u20m,148,-.012618085,4.0270772,28.871946,11712.894,3
2022,3,489.48682,math,148,-.0049894848,425.6647,13.038577,11712.894,3
2023,2,4.816990345716476,u20m,148,-.011830887,3.4998333,27.343983,11712.894,3
2023,1,1.871236367151141,pnm,148,-.019992262,1.0906876,41.712994,11712.894,3
2023,3,2.196561312302947,nnm,148,-.0022373281,2.0678,5.8619475,11712.894,3
2022,1,493.37115,math,148,-.0052723298,425.65811,13.724564,11712.894,3
2019,3,171.4592132568359,hgap,148,-.00093905261,166.53987,2.8691034,11712.894,3
2023,1,6.466556340456009,u20m,148,-.013177725,4.5305581,29.938627,11712.894,3
2023,1,2.195685816414827,q5_19,148,-.01791838,1.3535058,38.356125,11712.894,3
2023,3,1.686413190327585,pnm,148,-.019099416,1.0069437,40.290806,11712.894,3
2022,2,485.7286,math,148,-.0046669492,426.22845,12.249669,11712.894,3
2023,1,2.413548761978745,nnm,148,-.0028635149,2.2339766,7.4401712,11712.894,3
2023,3,1.78939979115933,q5_19,148,-.018329343,1.0908836,39.036339,11712.894,3
2023,2,1.970981480553746,nnm,148,-.0013563812,1.9001054,3.5959811,11712.894,3
2023,3,52.03790590167046,pnm,37,-.029470291,23.482948,54.873379,14111.03700000001,3
2023,2,50.29740929603577,pnm,37,-.030462611,22.097469,56.066387,14111.03700000001,3
2023,2,43.28354868939832,q5_19,37,-.01117487,32.01009,26.045597,14111.03700000001,3
2019,3,163.5046844482422,hgap,37,.000079197467,163.9066,-.24581344,14111.03700000001,3
2023,3,119.6634620428085,u20m,37,-.018595351,72.429153,39.472626,14111.03700000001,3
2023,1,45.77332663163924,q5_19,37,-.0008798468,44.698757,2.3475888,14111.03700000001,3
2019,2,158.4004211425781,hgap,37,-.00011707893,157.82655,.36228931,14111.03700000001,3
2023,2,23.56493100523949,nnm,37,-.020393014,13.587473,42.340282,14111.03700000001,3
2023,3,28.0382577329874,nnm,37,-.01976683,16.442436,41.35714,14111.03700000001,3
2023,1,32.47058391571045,nnm,37,-.019249827,19.309347,40.532799,14111.03700000001,3
2019,1,168.4402923583984,hgap,37,.00022290625,169.60826,-.69340223,14111.03700000001,3
2023,3,44.54863532310993,q5_19,37,-.0059342128,37.95335,14.804686,14111.03700000001,3
2023,2,112.8149107098579,u20m,37,-.020822421,64.298943,43.004925,14111.03700000001,3
2023,1,53.63286286592484,pnm,37,-.028655916,24.740765,53.87014,14111.03700000001,3
2023,1,126.2737512588501,u20m,37,-.016665608,80.518005,36.235359,14111.03700000001,3
2023,2,14.77461494505405,u20m,202,-.0041774386,13.198717,10.666253,29.91999999999999,3
2023,2,2.97059489405016,q5_19,202,-.0043150908,2.6438992,10.997652,29.91999999999999,3
2023,1,4.354272012411453,q5_19,202,-.025782147,2.1706777,50.148323,29.91999999999999,3
2023,3,16.3683146238327,u20m,202,-.017040687,10.332031,36.877853,29.91999999999999,3
2023,3,3.68251747610937,q5_19,202,-.017695978,2.2837188,37.984848,29.91999999999999,3
2023,1,17.88255013525486,u20m,202,-.026049724,8.8505783,50.507179,29.91999999999999,3
2023,3,107.9581454396248,u20m,39,-.029495157,48.685165,54.903667,23025.778,3
2019,1,171.8936309814453,hgap,39,.00059234741,175.07924,-1.8532437,23025.778,3
2023,3,33.39025391335804,q5_19,39,-.019949475,19.484674,41.645622,23025.778,3
2023,1,49.94599893689156,pnm,39,-.040589426,16.693642,66.576622,23025.778,3
2023,1,113.7642934918404,u20m,39,-.027764373,53.7579,52.746246,23025.778,3
2023,1,35.13487278655625,q5_19,39,-.015735894,22.973125,34.614464,23025.778,3
2019,3,166.6722869873047,hgap,39,.00029595979,168.2085,-.9216944,23025.778,3
2019,2,161.3260498046875,hgap,39,-.000028106278,161.18555,.087092526,23025.778,3
2023,2,26.43176540732384,nnm,39,-.024781037,13.537702,48.782455,23025.778,3
2023,2,47.47558385133743,pnm,39,-.041691989,15.402531,67.556946,23025.778,3
2023,3,29.89377826452255,nnm,39,-.023929078,15.667136,47.590645,23025.778,3
2023,2,101.9525304436684,u20m,39,-.031481069,43.576519,57.25803,23025.778,3
2023,3,48.70596528053284,pnm,39,-.041115947,16.049393,67.048401,23025.778,3
2023,2,31.5955338850944,q5_19,39,-.02456899,16.275372,48.48838,23025.778,3
2023,1,33.20511803030968,nnm,39,-.023294818,17.703175,46.685402,23025.778,3
2023,3,10.33305376768112,pnm,97,-.054129612,2.3961141,76.811172,171466.986,3
2019,3,158.4930267333984,hgap,97,.00071868312,162.06375,-2.2529221,171466.986,3
2023,2,14.8620530962944,nnm,97,-.039381564,5.1320696,65.468636,171466.986,3
2023,3,38.94295915961266,u20m,97,-.040185161,13.158905,66.209793,171466.986,3
2023,1,11.93132064979108,q5_19,97,-.026374962,5.853519,50.939892,171466.986,3
2023,2,11.41160040808964,q5_19,97,-.040576007,3.8155248,66.564507,171466.986,3
2019,2,152.3776092529297,hgap,97,.00049231667,154.72101,-1.5378894,171466.986,3
2019,1,165.0814819335938,hgap,97,.0012775483,171.75056,-4.0398731,171466.986,3
2023,1,41.15033894777298,u20m,97,-.037105735,15.11031,63.280231,171466.986,3
2023,1,19.8105126619339,nnm,97,-.035855126,7.524199,62.019161,171466.986,3
2023,1,9.958622977137566,pnm,97,-.053050198,2.3775806,76.125404,171466.986,3
2023,2,36.60044446587563,u20m,97,-.043848444,11.202673,69.391975,171466.986,3
2023,3,17.41491444408894,nnm,97,-.037262324,6.3677378,63.435146,171466.986,3
2023,3,11.69741554743275,q5_19,97,-.033267353,4.7642941,59.270542,171466.986,3
2023,2,10.77773328870535,pnm,97,-.05504211,2.4384079,77.375504,171466.986,3
2022,1,414.66373,math,150,-.0053725825,356.75012,13.966403,6795.805000000002,3
2023,2,2.244933508336544,nnm,150,-.0503483,.57652986,74.318619,6795.805000000002,3
2023,1,3.179136430844665,pnm,150,-.052333169,.77384329,75.658691,6795.805000000002,3
2019,3,169.4795684814453,hgap,150,.00066378014,173.00311,-2.0790379,6795.805000000002,3
2023,3,3.174213692545891,pnm,150,-.040293377,1.0694439,66.30838,6795.805000000002,3
2022,3,417.3039,math,150,-.005008826,362.69693,13.08566,6795.805000000002,3
2022,2,420.32513,math,150,-.00457749,369.76172,12.029595,6795.805000000002,3
2023,2,8.164548315107822,u20m,150,-.02757,3.8783562,52.497601,6795.805000000002,3
2023,2,3.16666136495769,pnm,150,-.025712952,1.581586,50.055096,6795.805000000002,3
2019,1,174.1662902832031,hgap,150,.00070411019,178.00969,-2.2067411,6795.805000000002,3
2023,2,2.775059951956149,q5_19,150,-.007310648,2.2779703,17.912754,6795.805000000002,3
2023,1,4.740825741103238,q5_19,150,-.0095584914,3.6624491,22.746599,6795.805000000002,3
2023,3,9.417968802154064,u20m,150,-.033778559,3.7833064,59.82885,6795.805000000002,3
2019,2,164.5764007568359,hgap,150,.00063995406,167.87396,-2.0036662,6795.805000000002,3
2023,3,2.486217301338911,nnm,150,-.056617953,.53906327,78.317932,6795.805000000002,3
2023,1,2.715135226026177,nnm,150,-.061288763,.51894629,80.886909,6795.805000000002,3
2023,1,10.5985626578331,u20m,150,-.038090691,3.7896349,64.243881,6795.805000000002,3
2023,3,3.786835339631311,q5_19,150,-.0087255966,2.9919925,20.989634,6795.805000000002,3
2023,2,3.125092014670372,nnm,96,-.0059979758,2.6578522,14.951235,1569.675,3
2023,3,3.232357790693641,nnm,96,-.01003191,2.4653907,23.727791,1569.675,3
2023,3,3.11159947887063,pnm,96,-.035322435,1.1989319,61.468952,1569.675,3
2023,1,11.50827575474977,u20m,96,-.017681569,7.1396523,37.960712,1569.675,3
2023,2,3.039608476683497,pnm,96,-.037605021,1.1011919,63.771915,1569.675,3
2023,1,3.18379863165319,pnm,96,-.032890391,1.3100096,58.853882,1569.675,3
2023,2,2.458322569769633,q5_19,96,-.031033088,1.0635219,56.737904,1569.675,3
2023,2,8.598392829298973,u20m,96,-.025155693,4.3595619,49.297943,1569.675,3
2023,3,10.08879113942385,u20m,96,-.020953352,5.7298222,43.206059,1569.675,3
2023,3,3.778826348845965,q5_19,96,-.017219916,2.3737612,37.182583,1569.675,3
2019,1,172.7639312744141,hgap,96,.001191981,179.26721,-3.7642584,1569.675,3
2023,1,3.332806983962655,nnm,96,-.013827801,2.2943838,31.157616,1569.675,3
2019,2,158.2908325195313,hgap,96,.000789196,162.2112,-2.4766843,1569.675,3
2023,1,5.035038624551902,q5_19,96,-.0096645355,3.8786173,22.967478,1569.675,3
2019,3,166.2357482910156,hgap,96,.0010507142,171.73955,-3.3108399,1569.675,3
2023,1,9.370543989440151,q5_19,198,-.0061735976,7.9318318,15.35356,399.4519999999999,3
2023,3,7.293540984392166,nnm,198,-.0086146044,5.7799487,20.752502,399.4519999999999,3
2023,2,5.108722951263189,pnm,198,-.019511774,3.0166037,40.951904,399.4519999999999,3
2023,2,6.658778991550207,nnm,198,-.0084533151,5.2999458,20.406641,399.4519999999999,3
2023,3,19.14113014936447,u20m,198,-.013215155,13.396993,30.009396,399.4519999999999,3
2023,3,5.439194850623608,pnm,198,-.019369645,3.2240896,40.724873,399.4519999999999,3
2023,1,5.760936997830868,pnm,198,-.019232119,3.4275062,40.504364,399.4519999999999,3
2019,2,163.4605102539063,hgap,198,.00052065059,166.12019,-1.6271106,399.4519999999999,3
2023,2,3.657499524099661,q5_19,198,-.029577622,1.6457298,55.003963,399.4519999999999,3
2019,3,168.9118347167969,hgap,198,.00076284329,172.95389,-2.3929958,399.4519999999999,3
2023,1,7.911269553005695,nnm,198,-.0087697897,6.243269,21.083855,399.4519999999999,3
2023,2,15.34806843847036,u20m,198,-.017377447,9.6003408,37.449192,399.4519999999999,3
2023,1,22.86948449909687,u20m,198,-.010379914,17.279932,24.441095,399.4519999999999,3
2023,3,6.530962692499975,q5_19,198,-.013227272,4.5695648,30.032293,399.4519999999999,3
2019,1,174.3971252441406,hgap,198,.0010032404,179.90617,-3.15891,399.4519999999999,3
2019,2,167.4703979492188,hgap,149,.00031472647,169.11232,-.98042518,3185.072999999999,3
2023,3,1.561888726428151,pnm,149,-.050702732,.39729428,74.563217,3185.072999999999,3
2023,3,1.931409693503472,q5_19,149,-.020062571,1.1236258,41.823544,3185.072999999999,3
2023,1,1.587614766322076,pnm,149,-.055859599,.35134858,77.869408,3185.072999999999,3
2023,3,7.873237133026123,u20m,149,-.011613866,5.7539978,26.917002,3185.072999999999,3
2018,3,406.3844,math,149,,,,3185.072999999999,3
2023,2,1.535712042823434,pnm,149,-.044559259,.4611159,69.973808,3185.072999999999,3
2023,2,3.890219144523144,nnm,149,.01187911,5.3612733,-37.814171,3185.072999999999,3
2018,1,407.64792,math,149,,,,3185.072999999999,3
2018,2,405.0571,math,149,,,,3185.072999999999,3
2023,2,1.072312260586128,q5_19,149,-.011310418,.79012513,26.315762,3185.072999999999,3
2023,1,2.726239035657829,q5_19,149,-.023140335,1.4595585,46.462563,3185.072999999999,3
2023,1,9.161517955362797,u20m,149,-.01383298,6.3061252,31.167246,3185.072999999999,3
2023,1,4.872992634773254,nnm,149,.011454462,6.6391153,-36.24308,3185.072999999999,3
2023,2,6.48645730689168,u20m,149,-.0081578027,5.2041473,19.769033,3185.072999999999,3
2019,3,175.2757568359375,hgap,149,.00047562752,177.87924,-1.4853652,3185.072999999999,3
2019,1,182.4739685058594,hgap,149,.00052178715,185.44955,-1.6306907,3185.072999999999,3
2023,3,4.398306366056204,nnm,149,.011652085,6.0244479,-36.971992,3185.072999999999,3
2023,1,2.060046962218731,q5_19,232,-.038924538,.72019464,65.039894,11.11199999999999,3
2023,3,7.771792355924845,u20m,232,-.021455379,4.3544817,43.970688,11.11199999999999,3
2023,1,8.614937774837017,u20m,232,-.0374058,3.1378598,63.576523,11.11199999999999,3
2023,2,6.905016489326954,u20m,232,.0048906459,7.8797455,-14.116244,11.11199999999999,3
2023,2,1.313467897241294,q5_19,232,.0052573602,1.5137948,-15.251753,11.11199999999999,3
2023,3,1.691004028076537,q5_19,232,-.025172016,.85699606,49.320282,11.11199999999999,3
2023,1,1.228163833729923,nnm,147,-.063548207,.22084783,82.018051,9115.680999999999,3
2023,2,1.222396269440651,pnm,147,-.064705655,.21304762,82.571312,9115.680999999999,3
2023,1,3.680792684628398,q5_19,147,-.041110914,1.2130446,67.04393,9115.680999999999,3
2023,2,.9056110284291208,nnm,147,-.062993944,.16530189,81.746925,9115.680999999999,3
2023,3,1.349465921521187,pnm,147,-.066368714,.22486693,83.336601,9115.680999999999,3
2018,2,468.60886,math,147,,,,9115.680999999999,3
2023,2,2.123132465006505,q5_19,147,-.026632104,1.0344044,51.279327,9115.680999999999,3
2019,2,166.9286193847656,hgap,147,.00032045378,168.59517,-.99836069,9115.680999999999,3
2023,1,6.366134621202946,u20m,147,-.052153669,1.5571284,75.540443,9115.680999999999,3
2018,1,474.87045,math,147,,,,9115.680999999999,3
2018,3,471.86514,math,147,,,,9115.680999999999,3
2019,3,172.9671478271484,hgap,147,.00053274381,175.84743,-1.6652176,9115.680999999999,3
2023,2,4.245517309755087,u20m,147,-.04697087,1.1944073,71.866623,9115.680999999999,3
2023,1,1.468902919441462,pnm,147,-.067637041,.23652905,83.897568,9115.680999999999,3
2019,1,178.6913146972656,hgap,147,.00074189744,182.84863,-2.3265362,9115.680999999999,3
2023,3,2.923758330898307,q5_19,147,-.036283866,1.0976872,62.456295,9115.680999999999,3
2023,3,1.071099657565355,nnm,147,-.063370407,.19353147,81.931519,9115.680999999999,3
2023,3,5.335805471986532,u20m,147,-.050224293,1.374904,74.232491,9115.680999999999,3
2023,2,3.024958695890367,q5_19,200,-.042730492,.95425355,68.453995,411.1149999999997,3
2023,3,5.414846818894148,nnm,200,-.047515295,1.5011501,72.277145,411.1149999999997,3
2023,2,4.298681393265724,pnm,200,-.049234848,1.137653,73.534836,411.1149999999997,3
2019,1,170.5235443115234,hgap,200,.00089374639,175.31415,-2.8093503,411.1149999999997,3
2023,2,5.074338521808386,nnm,200,-.049155079,1.3458275,73.477776,411.1149999999997,3
2023,3,4.396840233497401,q5_19,200,-.036229923,1.6531429,62.401569,411.1149999999997,3
2023,1,16.99157059192657,u20m,200,-.04397684,5.1827855,69.497902,411.1149999999997,3
2023,1,5.723465234041214,nnm,200,-.045896869,1.6575805,71.038864,411.1149999999997,3
2019,3,164.3925323486328,hgap,200,.00075548061,168.28802,-2.3696287,411.1149999999997,3
2023,2,12.3478788882494,u20m,200,-.047409199,3.4330051,72.197617,411.1149999999997,3
2023,1,5.718648138366533,q5_19,200,-.033252019,2.3301389,59.253677,411.1149999999997,3
2019,2,158.1200714111328,hgap,200,.00045056472,160.34412,-1.4065543,411.1149999999997,3
2023,1,5.64661156386137,pnm,200,-.052861616,1.3549873,76.003532,411.1149999999997,3
2023,3,4.981603473424911,pnm,200,-.051247243,1.2486665,74.934448,411.1149999999997,3
2023,3,14.72072303295135,u20m,200,-.045325518,4.329566,70.588631,411.1149999999997,3
2023,3,2.462297189818607,q5_19,244,-.017663809,1.5283242,37.930958,64.721,3
2023,2,.5402069073170424,pnm,244,-.05859302,.11104558,79.443878,64.721,3
2019,3,172.8127136230469,hgap,244,.00043414222,175.15422,-1.3549391,64.721,3
2023,3,4.808081313967705,u20m,244,-.03753496,1.7451738,63.703323,64.721,3
2023,3,.8782995282672346,pnm,244,-.060121771,.17324381,80.275085,64.721,3
2019,2,166.1100616455078,hgap,244,.00042331064,168.30423,-1.3209122,64.721,3
2023,1,2.914648226530203,q5_19,244,-.037627976,1.055267,63.794361,64.721,3
2023,1,2.134725218638778,nnm,244,-.051659975,.52915102,75.212219,64.721,3
2023,1,6.235552951693535,u20m,244,-.047099445,1.7481922,71.964119,64.721,3
2023,2,3.291466971859336,u20m,244,-.015360885,2.1740448,33.949062,64.721,3
2023,2,1.960561951065753,q5_19,244,.024672719,3.8167319,-94.675407,64.721,3
2023,2,.7937413756735623,nnm,244,-.052392256,.192899,75.697502,64.721,3
2019,1,179.7190856933594,hgap,244,.00085917709,184.57013,-2.6992369,64.721,3
2023,3,1.474570017307997,nnm,244,-.051737431,.36474961,75.264,64.721,3
2023,1,1.198445213958621,pnm,244,-.060488801,.23406121,80.469597,64.721,3
2023,3,17.68681220710278,nnm,201,-.024090044,9.2293453,47.817928,12244.161,3
2019,3,161.9183959960938,hgap,201,.00090130389,166.50626,-2.8334396,12244.161,3
2023,1,64.32349979877472,u20m,201,-.019943925,37.541203,41.636879,12244.161,3
2023,1,25.30335821211338,pnm,201,-.027756108,11.959455,52.735699,12244.161,3
2023,3,24.13967065513134,pnm,201,-.03134013,10.357108,57.095074,12244.161,3
2023,1,21.00046906002129,q5_19,201,-.0092617264,16.354092,22.125113,12244.161,3
2023,2,22.90726080536842,pnm,201,-.035406176,8.8064747,61.555969,12244.161,3
2023,3,57.79745057225227,u20m,201,-.02340026,30.726873,46.836975,12244.161,3
2023,2,13.07009660979574,q5_19,201,-.016742103,8.316905,36.36692,12244.161,3
2023,1,19.4409154355526,nnm,201,-.021901546,10.76218,44.641598,12244.161,3
2019,2,155.5752258300781,hgap,201,.00088536087,159.90431,-2.7826321,12244.161,3
2019,1,168.1020050048828,hgap,201,.00093165215,173.02779,-2.9302335,12244.161,3
2023,3,17.1061060074531,q5_19,201,-.012104413,12.337166,27.878584,12244.161,3
2023,2,15.89497923851013,nnm,201,-.026690884,7.7318602,51.35659,12244.161,3
2023,2,51.00583657622337,u20m,201,-.027806461,24.0748,52.799911,12244.161,3
2023,1,9.140814654529095,nnm,203,-.017304737,5.728889,37.326275,211140.7310000001,3
2023,3,6.918900894523738,q5_19,203,-.029382927,3.1296396,54.766808,211140.7310000001,3
2022,2,374.64868,math,203,-.0015462647,358.77423,4.2371559,211140.7310000001,3
2019,3,169.1692047119141,hgap,203,.0010385882,174.70444,-3.2720096,211140.7310000001,3
2023,2,3.69235164077053,q5_19,203,-.026683627,1.7964376,51.347061,211140.7310000001,3
2023,3,20.59381455183029,u20m,203,-.023306137,10.976153,46.701698,211140.7310000001,3
2019,1,175.7294769287109,hgap,203,.001160283,182.1653,-3.6623461,211140.7310000001,3
2023,2,5.25478832423687,pnm,203,-.021809842,2.9161785,44.50436,211140.7310000001,3
2023,2,6.990581285208464,nnm,203,-.01899844,4.1854148,40.1278,211140.7310000001,3
2023,2,15.85590839385986,u20m,203,-.021621207,8.8442688,44.220989,211140.7310000001,3
2023,1,25.13309940695763,u20m,203,-.024358604,13.020218,48.194939,211140.7310000001,3
2022,3,378.69138,math,203,-.0025594686,352.50204,6.9157462,211140.7310000001,3
2023,3,8.085830137133598,nnm,203,-.018059336,4.9654856,38.590282,211140.7310000001,3
2023,1,10.02152873819073,q5_19,203,-.030460328,4.403091,56.063679,211140.7310000001,3
2023,3,5.730695556849241,pnm,203,-.023618981,3.0286727,47.149998,211140.7310000001,3
2022,1,382.76984,math,203,-.0036920335,345.17685,9.8213043,211140.7310000001,3
2023,1,6.180223077535629,pnm,203,-.025160955,3.1330552,49.305145,211140.7310000001,3
2019,2,162.4109649658203,hgap,203,.0008782635,166.89354,-2.7600195,211140.7310000001,3
2023,3,14.02898970991373,u20m,199,-.028406203,6.5153337,53.558071,282.349,3
2023,2,2.404495482558389,q5_19,199,-.033901773,.96270543,59.962269,282.349,3
2023,2,11.94927841424942,u20m,199,-.029426822,5.3986382,54.820381,282.349,3
2019,2,165.6637573242188,hgap,199,.00045861912,168.03586,-1.4318768,282.349,3
2019,1,177.0283660888672,hgap,199,.0008028883,181.48981,-2.5201843,282.349,3
2019,3,171.4734497070313,hgap,199,.00073002337,175.39825,-2.2888701,282.349,3
2023,2,3.665419528260827,pnm,199,-.035894834,1.3906653,62.05986,282.349,3
2023,2,5.924083758145571,nnm,199,-.023544623,3.1371703,47.043789,282.349,3
2023,1,4.735642555134811,q5_19,199,-.030425813,2.082607,56.022717,282.349,3
2023,3,3.587054868420592,q5_19,199,-.031294636,1.5409149,57.042339,282.349,3
2023,3,6.801031064242125,nnm,199,-.024385503,3.5207205,48.232548,282.349,3
2023,1,3.738560946658254,pnm,199,-.031283937,1.6064624,57.029926,282.349,3
2023,3,3.703683614730835,pnm,199,-.033276029,1.508137,59.280079,282.349,3
2023,1,7.650640793144703,nnm,199,-.024715232,3.9254389,48.691372,282.349,3
2023,1,16.0424429923296,u20m,199,-.027789956,7.5754223,52.778873,282.349,3
2023,3,14.89581167697906,u20m,99,-.0038205937,13.435817,9.8013783,458.9590000000001,3
2019,2,154.8975067138672,hgap,99,.0010279756,159.91316,-3.2380478,458.9590000000001,3
2022,3,442.0931,math,99,.0068681436,535.83618,-21.204376,458.9590000000001,3
2023,2,4.672364797443151,nnm,99,.0019718285,4.9278593,-5.4682055,458.9590000000001,3
2023,2,4.300467204302549,pnm,99,-.0039772764,3.8625872,10.182149,458.9590000000001,3
2023,1,5.071570165455341,pnm,99,-.0048786518,4.4456534,12.341676,458.9590000000001,3
2022,1,436.5615,math,99,.0059159086,515.21008,-18.015465,458.9590000000001,3
2019,3,161.0083312988281,hgap,99,.00082891219,165.19926,-2.6029294,458.9590000000001,3
2022,2,447.84024,math,99,.0078782104,558.37256,-24.681194,458.9590000000001,3
2019,1,166.310791015625,hgap,99,.00061875483,169.53166,-1.9366578,458.9590000000001,3
2023,2,4.577971769063161,q5_19,99,-.011885656,3.3212571,27.451342,458.9590000000001,3
2023,1,16.19826257228851,u20m,99,-.0029595834,14.954246,7.6799412,458.9590000000001,3
2023,1,5.905806622434007,q5_19,99,-.0050489106,5.1531878,12.74371,458.9590000000001,3
2023,3,5.267607633597682,q5_19,99,-.0081696324,4.2249026,19.794661,458.9590000000001,3
2023,2,13.48972506821156,u20m,99,-.0047415658,11.868716,12.016619,458.9590000000001,3
2023,1,5.30895683914423,nnm,99,.0012800577,5.4956503,-3.5165751,458.9590000000001,3
2023,3,4.694959614425898,pnm,99,-.0045333048,4.1540771,11.520494,458.9590000000001,3
2023,3,5.007741507142782,nnm,99,.0016146327,5.2308831,-4.4559331,458.9590000000001,3
2023,3,12.29843776673079,nnm,98,-.031302355,5.2820201,57.051292,786.3869999999996,3
2023,2,10.09170897305012,nnm,98,-.03255887,4.1896815,58.483925,786.3869999999996,3
2023,3,6.545356029941551,q5_19,98,-.039991617,2.2232769,66.032761,786.3869999999996,3
2019,2,155.1525573730469,hgap,98,.00079552794,159.0264,-2.4967945,786.3869999999996,3
2023,1,7.825551529395236,q5_19,98,-.036605678,2.9125845,62.781097,786.3869999999996,3
2023,2,25.52450448274612,u20m,98,-.04084881,8.4716139,66.809875,786.3869999999996,3
2023,1,10.42376738041639,pnm,98,-.048307702,2.8285964,72.863976,786.3869999999996,3
2023,3,10.50221547484398,pnm,98,-.048015878,2.8724277,72.649315,786.3869999999996,3
2023,2,10.48592198640108,pnm,98,-.047574922,2.9023206,72.321739,786.3869999999996,3
2019,1,167.0474090576172,hgap,98,.00091796997,171.86937,-2.8865819,786.3869999999996,3
2023,3,29.06845510005951,u20m,98,-.039026365,10.134462,65.135872,786.3869999999996,3
2019,3,161.3938446044922,hgap,98,.00085408689,165.72409,-2.6830304,786.3869999999996,3
2023,2,5.158294750996717,q5_19,98,-.044318415,1.5589443,69.777916,786.3869999999996,3
2023,1,32.40514174103737,u20m,98,-.037464213,11.78448,63.633919,786.3869999999996,3
2023,1,14.50084149837494,nnm,98,-.03060054,6.3470626,56.229694,786.3869999999996,3
2023,1,53.6896288394928,u20m,38,-.036319498,20.137693,62.492397,2480.243,3
2023,2,26.05965733528137,pnm,38,-.045127787,7.7055292,70.431198,2480.243,3
2019,3,167.6341400146484,hgap,38,.00015291033,168.43065,-.47514713,2480.243,3
2023,1,13.90506467396457,q5_19,38,-.043383889,4.3097854,69.005646,2480.243,3
2023,1,27.8193075209856,pnm,38,-.050852761,7.0477309,74.666046,2480.243,3
2023,1,12.88470719009638,nnm,38,.013781878,18.69305,-45.079357,2480.243,3
2019,1,173.15625,hgap,38,.00022139463,174.34875,-.68868715,2480.243,3
2023,3,26.88944526016712,pnm,38,-.048284173,7.3013639,72.846725,2480.243,3
2023,2,10.22909327676258,q5_19,38,-.056602512,2.2188036,78.308891,2480.243,3
2023,2,44.71302404999733,u20m,38,-.037903916,16.068472,64.063103,2480.243,3
2023,3,49.2461696267128,u20m,38,-.037038423,18.115974,63.213436,2480.243,3
2023,3,11.02877408266068,nnm,38,.015517913,16.768318,-52.041542,2480.243,3
2019,2,162.0619964599609,hgap,38,.000021525926,162.17018,-.066755205,2480.243,3
2023,3,12.07893905135315,q5_19,38,-.049173653,3.201997,73.491074,2480.243,3
2023,2,9.015602059662342,nnm,38,.017613204,14.505286,-60.890934,2480.243,3
2023,2,62.53273040056229,pnm,43,-.041528899,20.37706,67.413773,5152.416999999999,3
2023,1,33.42457562932722,q5_19,43,-.057713673,7.0358768,78.949989,5152.416999999999,3
2023,2,113.7850880622864,u20m,43,-.038415652,40.329727,64.556229,5152.416999999999,3
2023,3,31.28896281123161,nnm,43,-.024028441,16.354408,47.731064,5152.416999999999,3
2023,2,28.55288868595318,q5_19,43,-.050299075,7.3425274,74.28447,5152.416999999999,3
2023,2,26.88586711883545,nnm,43,-.024439462,13.897865,48.307915,5152.416999999999,3
2023,3,65.25366753339767,pnm,43,-.039670929,22.357618,65.737373,5152.416999999999,3
2023,1,131.3547343015671,u20m,43,-.037523746,47.691841,63.692333,5152.416999999999,3
2023,1,35.56608408689499,nnm,43,-.023373818,18.921511,46.799004,5152.416999999999,3
2023,3,122.5586012005806,u20m,43,-.038022194,43.903324,64.177689,5152.416999999999,3
2023,1,68.17526370286942,pnm,43,-.037818164,24.556862,63.979805,5152.416999999999,3
2019,1,169.0103607177734,hgap,43,.00017133259,169.91042,-.53254426,5152.416999999999,3
2019,3,164.3294677734375,hgap,43,.000064053216,164.6561,-.1987651,5152.416999999999,3
2023,3,30.98589160903675,q5_19,43,-.054429915,7.1272416,76.998428,5152.416999999999,3
2019,2,159.6509552001953,hgap,43,-.000095644871,159.1783,.296056,5152.416999999999,3
2019,1,178.7495574951172,hgap,245,.00056160503,181.88879,-1.7562206,39299.09899999999,3
2022,3,496.9479,math,245,-.0041625947,442.2753,11.001677,39299.09899999999,3
2023,1,2.084862673655152,pnm,245,-.017601296,1.2962403,37.826103,39299.09899999999,3
2023,1,8.254569955170155,u20m,245,-.009950107,6.3098636,23.559149,39299.09899999999,3
2023,3,2.984494669362903,nnm,245,-.012257678,2.1435709,28.17642,39299.09899999999,3
2019,3,171.9835052490234,hgap,245,.00055800308,174.98438,-1.7448591,39299.09899999999,3
2023,2,2.633654745295644,nnm,245,-.017286573,1.6514193,37.295528,39299.09899999999,3
2023,3,1.893316395580769,pnm,245,-.022999404,1.0174974,46.258457,39299.09899999999,3
2023,2,1.857199263001763,q5_19,245,-.015917782,1.2083907,34.934784,39299.09899999999,3
2023,3,7.235532160848379,u20m,245,-.014490006,4.8928442,32.377548,39299.09899999999,3
2023,1,3.316527931019664,nnm,245,-.0083193146,2.6493039,20.118149,39299.09899999999,3
2023,1,2.875606378478279,q5_19,245,-.0060632974,2.4413583,15.101095,39299.09899999999,3
2023,2,1.692261314019561,pnm,245,-.029559821,.76181656,54.982334,39299.09899999999,3
2023,3,2.374942774549971,q5_19,245,-.010211752,1.8026469,24.09725,39299.09899999999,3
2019,2,164.7299346923828,hgap,245,.00044062419,166.99548,-1.3753109,39299.09899999999,3
2023,2,6.170632783323526,u20m,245,-.020355929,3.5615339,42.282516,39299.09899999999,3
2022,1,503.03662,math,245,-.0039186641,450.76239,10.391734,39299.09899999999,3
2022,2,490.71133,math,245,-.0044457046,433.27658,11.704386,39299.09899999999,3
2023,1,1.357594039291143,pnm,191,-.034212969,.53900188,60.297272,8870.563999999998,3
2023,1,2.049122793823743,q5_19,191,-.020954179,1.1637516,43.207329,8870.563999999998,3
2019,1,178.7319183349609,hgap,191,.00035377691,180.70288,-1.1027479,8870.563999999998,3
2022,2,502.47095,math,191,-.0042855549,445.65375,11.30756,8870.563999999998,3
2022,1,513.35223,math,191,-.004572242,451.6644,12.016667,8870.563999999998,3
2023,1,2.488201018422842,nnm,191,-.023736544,1.3108467,47.317493,8870.563999999998,3
2023,2,2.251818310469389,nnm,191,-.014384524,1.5270777,32.184685,8870.563999999998,3
2023,3,1.245690742507577,pnm,191,-.025542095,.62503576,49.824162,8870.563999999998,3
2023,3,5.274031311273575,u20m,191,-.02103325,2.9888756,43.328445,8870.563999999998,3
2022,3,507.9906,math,191,-.0044169128,448.89517,11.633174,8870.563999999998,3
2023,3,1.662082906826456,q5_19,191,-.019794058,.97397661,41.400238,8870.563999999998,3
2023,2,1.1326385429129,pnm,191,-.013106317,.79507351,29.803421,8870.563999999998,3
2019,3,171.7984771728516,hgap,191,.000282333,173.30872,-.87907571,8870.563999999998,3
2023,1,5.883666221052408,u20m,191,-.025256757,2.9750109,49.436104,8870.563999999998,3
2023,2,1.252336553926758,q5_19,191,-.017972181,.77086824,38.445602,8870.563999999998,3
2023,2,4.630007781088352,u20m,191,-.015034472,3.0852349,33.364368,8870.563999999998,3
2019,2,164.3299713134766,hgap,191,.000072322713,164.69881,-.22444807,8870.563999999998,3
2023,3,2.375229960307479,nnm,191,-.019556561,1.4008331,41.023262,8870.563999999998,3
2023,2,2.966906185577489,q5_19,206,-.0012195007,2.8708072,3.2390311,19658.834,3
2022,2,403.36914,math,206,-.0017629135,383.94162,4.8163128,19658.834,3
2023,1,3.496956080198288,nnm,206,-.047604922,.96711296,72.344147,19658.834,3
2023,1,10.08794270455837,u20m,206,-.033303484,4.1047583,59.310253,19658.834,3
2023,3,8.778288960456848,u20m,206,-.03549942,3.3662426,61.652634,19658.834,3
2023,2,2.857430605217814,nnm,206,-.049708162,.74662107,73.870895,19658.834,3
2023,3,3.757015654436202,q5_19,206,-.0061843349,3.1792581,15.378098,19658.834,3
2023,1,4.516474016128091,q5_19,206,-.0091429744,3.5284944,21.875021,19658.834,3
2022,1,419.6559,math,206,-.0037116262,378.23267,9.8707619,19658.834,3
2023,3,3.183765104040504,nnm,206,-.048537076,.85861337,73.031509,19658.834,3
2019,1,172.8758697509766,hgap,206,.00068774162,176.60115,-2.1548877,19658.834,3
2023,1,2.107159001752734,pnm,206,-.052502561,.51056945,75.769768,19658.834,3
2019,3,166.2509002685547,hgap,206,.00055959553,169.1601,-1.7498822,19658.834,3
2023,2,7.413842715322971,u20m,206,-.038512662,2.6208718,64.648941,19658.834,3
2023,2,1.607331447303295,pnm,206,-.06995023,.24314898,84.872505,19658.834,3
2022,3,411.69656,math,206,-.0026216079,382.5585,7.0775566,19658.834,3
2023,3,1.862373319454491,pnm,206,-.060237702,.36620343,80.336731,19658.834,3
2019,2,159.4177398681641,hgap,206,.00046579269,161.73636,-1.4544296,19658.834,3
2023,2,3.342990700623827,q5_19,101,-.062229335,.62292677,81.36618,1422584.931,3
2023,3,4.656427074223757,pnm,101,-.048624776,1.252798,73.095299,1422584.931,3
2023,3,2.547045471146703,nnm,101,-.068034381,.40575963,84.069397,1422584.931,3
2023,1,12.64783926308155,u20m,101,-.054987099,2.8657634,77.341873,1422584.931,3
2019,2,163.4641418457031,hgap,101,.0020660046,174.27592,-6.614162,1422584.931,3
2023,3,11.37309800833464,u20m,101,-.056690939,2.4610679,78.360619,1422584.931,3
2023,2,9.91356186568737,u20m,101,-.058958996,2.0178061,79.646004,1422584.931,3
2023,3,4.211774735869533,q5_19,101,-.058767602,.86170602,79.54055,1422584.931,3
2023,2,4.186106380075216,pnm,101,-.052094426,1.0255423,75.501282,1422584.931,3
2023,1,4.955783701561245,q5_19,101,-.056803726,1.0691402,78.426414,1422584.931,3
2019,3,170.0245971679688,hgap,101,.0020731366,181.31038,-6.6377349,1422584.931,3
2019,1,175.6608581542969,hgap,101,.0019121716,186.38837,-6.1069431,1422584.931,3
2023,1,2.670180518180132,nnm,101,-.068841495,.4162063,84.412804,1422584.931,3
2023,2,2.416620263829827,nnm,101,-.06665425,.39959857,83.464569,1422584.931,3
2023,1,5.073732696473598,pnm,101,-.045746285,1.475397,70.920876,1422584.931,3
2023,3,40.18209874629974,pnm,48,-.03803217,14.390281,64.187332,31165.653,3
2023,1,31.88328072428703,nnm,48,-.02406689,16.64776,47.785297,31165.653,3
2023,2,24.60939064621925,nnm,48,-.02433659,12.75649,48.164139,31165.653,3
2023,1,22.96319194919894,q5_19,48,-.033001095,9.4202633,58.976681,31165.653,3
2023,2,35.60786694288254,pnm,48,-.039727319,12.181629,65.789497,31165.653,3
2023,3,28.27010676264763,nnm,48,-.024247579,14.689315,48.03941,31165.653,3
2023,1,96.41627967357635,u20m,48,-.030747443,42.034641,56.402962,31165.653,3
2019,2,158.6523742675781,hgap,48,-.000056363366,158.37541,.17457178,31165.653,3
2023,1,44.7220541536808,pnm,48,-.036641326,16.629047,62.816898,31165.653,3
2023,2,18.22037463666248,q5_19,48,-.038655624,6.4162807,64.785133,31165.653,3
2023,3,86.57169342041016,u20m,48,-.032142412,36.347584,58.014469,31165.653,3
2023,2,76.48012787103653,u20m,48,-.033863407,30.652645,59.920773,31165.653,3
2019,1,168.2335510253906,hgap,48,.00038121233,170.23346,-1.1887691,31165.653,3
2019,3,163.6868438720703,hgap,48,.00033408715,165.39091,-1.0410556,31165.653,3
2023,3,20.64520295071681,q5_19,48,-.035458833,7.9255724,61.610588,31165.653,3
2023,3,25.70104412734509,nnm,42,-.025657026,12.85576,49.979622,28372.69,3
2023,2,40.82656651735306,pnm,42,-.043582954,12.586102,69.171783,28372.69,3
2019,2,160.4111785888672,hgap,42,.00008395272,160.82919,-.26058939,28372.69,3
2023,3,87.66798675060272,u20m,42,-.036514904,32.709133,62.689762,28372.69,3
2023,2,80.04570007324219,u20m,42,-.038495909,28.309805,64.63295,28372.69,3
2019,3,166.2752990722656,hgap,42,.00034433758,168.05971,-1.0731652,28372.69,3
2023,1,95.17781436443329,u20m,42,-.034922987,37.070675,61.05114,28372.69,3
2023,3,43.02479699254036,pnm,42,-.043267075,13.377384,68.907738,28372.69,3
2023,1,23.85510632437826,q5_19,42,-.03545567,9.158617,61.607311,28372.69,3
2023,1,29.15162593126297,nnm,42,-.025282579,14.729924,49.471348,28372.69,3
2023,2,22.1868958324194,nnm,42,-.026338888,10.895522,50.892086,28372.69,3
2023,2,19.12592184345663,q5_19,42,-.045596387,5.5842052,70.802948,28372.69,3
2023,3,21.50188638671558,q5_19,42,-.040063582,7.2894197,66.098694,28372.69,3
2023,1,45.23268342018127,pnm,42,-.043068107,14.139623,68.74025,28372.69,3
2019,1,172.1273498535156,hgap,42,.00059103244,175.31013,-1.8490874,28372.69,3
2023,2,18.9735684543848,nnm,47,-.028162537,8.869854,53.251526,105789.734,3
2023,3,40.40501821340936,q5_19,47,-.026182419,19.926065,50.684181,105789.734,3
2019,2,156.3007202148438,hgap,47,-.000028941493,156.16055,.089677922,105789.734,3
2023,1,121.05393409729,u20m,47,-.027101859,58.234966,51.893372,105789.734,3
2023,2,48.71939867734909,pnm,47,-.038032621,17.447502,64.187775,105789.734,3
2023,1,44.71191098891214,q5_19,47,-.020004155,26.052864,41.731712,105789.734,3
2023,3,21.65384218096733,nnm,47,-.027569411,10.286258,52.496849,105789.734,3
2019,1,168.5966339111328,hgap,47,.00031857667,170.26993,-.99248368,105789.734,3
2023,2,36.08682895336391,q5_19,47,-.033360641,14.660996,59.372997,105789.734,3
2023,1,57.00372904539108,pnm,47,-.034926891,22.199963,61.055244,105789.734,3
2019,3,162.44140625,hgap,47,.00014650357,163.18083,-.45519531,105789.734,3
2023,1,24.29644018411636,nnm,47,-.027176781,11.664578,51.990585,105789.734,3
2023,2,100.4459485411644,u20m,47,-.03336544,40.802887,59.378265,105789.734,3
2023,3,52.88849025964737,pnm,47,-.03632747,19.832937,62.500465,105789.734,3
2023,3,110.836498439312,u20m,47,-.029947426,49.376553,55.451,105789.734,3
2019,1,171.2318572998047,hgap,46,.00022901218,172.45183,-.71246713,6182.890000000001,3
2023,1,16.0627115412727,q5_19,46,-.029781139,7.1879773,55.250538,6182.890000000001,3
2023,3,14.83741402626038,nnm,46,-.029951749,6.6091475,55.456203,6182.890000000001,3
2023,1,26.38852782547474,pnm,46,-.037442457,9.6021118,63.612553,6182.890000000001,3
2023,3,14.7647814745161,q5_19,46,-.032331783,6.1674571,58.228592,6182.890000000001,3
2019,2,158.7799377441406,hgap,46,.000047898215,159.01587,-.14859018,6182.890000000001,3
2023,2,12.84616813063622,nnm,46,-.030367887,5.6582384,55.95388,6182.890000000001,3
2023,2,13.44916622077352,q5_19,46,-.035360716,5.1767516,61.508755,6182.890000000001,3
2023,2,24.42804723978043,pnm,46,-.036889445,9.022459,63.065166,6182.890000000001,3
2023,3,54.05150353908539,u20m,46,-.033281077,22.006731,59.285625,6182.890000000001,3
2023,2,49.91248995065689,u20m,46,-.03421,19.818211,60.294086,6182.890000000001,3
2023,1,58.11886489391327,u20m,46,-.032526836,24.149551,58.447998,6182.890000000001,3
2023,1,16.79745130240917,nnm,46,-.029764008,7.520247,55.229832,6182.890000000001,3
2023,3,25.41515789926052,pnm,46,-.037176471,9.3145809,63.350292,6182.890000000001,3
2019,3,165.0328979492188,hgap,46,.00014804406,165.79204,-.45999315,6182.890000000001,3
2023,3,3.903257194906473,pnm,251,-.037194498,1.4298364,63.368122,14.24400000000001,3
2023,2,3.80992791341439,q5_19,251,-.01187754,2.7646573,27.435444,14.24400000000001,3
2023,1,6.610642082100826,q5_19,251,-.020399205,3.8110404,42.349922,14.24400000000001,3
2019,1,178.3230285644531,hgap,251,.00031042664,180.04735,-.96696401,14.24400000000001,3
2023,2,10.28699893504381,u20m,251,-.026780104,4.9919071,51.473629,14.24400000000001,3
2023,1,3.97183746099472,pnm,251,-.037317071,1.4501513,63.489159,14.24400000000001,3
2023,2,2.682443242520094,nnm,251,-.03109074,1.158676,56.805199,14.24400000000001,3
2023,1,2.918006153777242,nnm,251,-.034952555,1.1356232,61.082218,14.24400000000001,3
2023,3,11.90704666078091,u20m,251,-.027853353,5.6130252,52.859634,14.24400000000001,3
2023,3,5.246533523870722,q5_19,251,-.017369306,3.2824705,37.435444,14.24400000000001,3
2019,2,167.3085632324219,hgap,251,.00090381119,172.06253,-2.8414369,14.24400000000001,3
2019,3,172.6923217773438,hgap,251,.00033865793,174.51486,-1.0553684,14.24400000000001,3
2023,3,2.803327050060034,nnm,251,-.033262551,1.1419281,59.265255,14.24400000000001,3
2023,2,3.829671768471599,pnm,251,-.037187122,1.4031599,63.360832,14.24400000000001,3
2023,1,13.4434262290597,u20m,251,-.02868617,6.1963701,53.907806,14.24400000000001,3
2023,3,6.064342334866524,nnm,207,-.031925257,2.5611186,57.767578,52321.15200000002,3
2023,3,5.910731852054596,pnm,207,-.034997266,2.2975502,61.129177,52321.15200000002,3
2019,3,165.0055541992188,hgap,207,.0010328261,170.37413,-3.2535729,52321.15200000002,3
2023,1,6.698104087263346,nnm,207,-.035349391,2.5789721,61.496983,52321.15200000002,3
2023,1,23.31630513072014,u20m,207,-.027686067,11.041148,52.646236,52321.15200000002,3
2023,3,7.610601396662142,q5_19,207,-.016385989,4.8896489,35.752136,52321.15200000002,3
2023,1,6.499520502984524,pnm,207,-.032118142,2.7306468,57.98695,52321.15200000002,3
2023,1,10.29767205870802,q5_19,207,-.019948922,6.009232,41.644753,52321.15200000002,3
2022,3,382.69684,math,207,.0016355368,400.62994,-4.6859818,52321.15200000002,3
2022,1,387.3418,math,207,-.00067377393,380.10284,1.8688806,52321.15200000002,3
2019,2,157.9637298583984,hgap,207,.00077704125,161.815,-2.4380739,52321.15200000002,3
2019,1,171.8528747558594,hgap,207,.0012599654,178.69807,-3.9831743,52321.15200000002,3
2022,2,378.39865,math,207,.0037438537,420.21906,-11.051944,52321.15200000002,3
2023,2,4.812953325463165,q5_19,207,-.0083531467,3.8411658,20.191086,52321.15200000002,3
2023,3,19.45896632969379,u20m,207,-.026954312,9.3984194,51.701344,52321.15200000002,3
2023,2,5.401909817010164,nnm,207,-.027379146,2.5792937,52.25219,52321.15200000002,3
2023,2,15.43101202696562,u20m,207,-.025865026,7.6754241,50.25975,52321.15200000002,3
2023,2,5.296109244227409,pnm,207,-.038501974,1.872771,64.638741,52321.15200000002,3
2023,1,26.77173539996147,pnm,45,-.036357481,10.031144,62.530842,850.3920000000001,3
2023,3,25.93295276165009,pnm,45,-.037773427,9.3523903,63.936268,850.3920000000001,3
2023,1,17.28719512296095,q5_19,45,-.026249358,8.5099268,50.773235,850.3920000000001,3
2023,3,15.23744674976357,q5_19,45,-.031028213,6.5929065,56.732208,850.3920000000001,3
2023,2,13.08550359213179,q5_19,45,-.037465535,4.7585149,63.63522,850.3920000000001,3
2019,3,162.2083435058594,hgap,45,.00015050142,162.9669,-.46764559,850.3920000000001,3
2023,3,21.16857841610909,nnm,45,-.030941024,9.1807623,56.630238,850.3920000000001,3
2023,1,65.69553911685944,u20m,45,-.031189181,28.301735,56.919853,850.3920000000001,3
2019,2,156.5389099121094,hgap,45,.000087513254,156.96416,-.27165592,850.3920000000001,3
2023,2,19.11187544465065,nnm,45,-.030858334,8.3073015,56.533298,850.3920000000001,3
2023,2,25.18138475716114,pnm,45,-.039380528,8.6957188,65.467674,850.3920000000001,3
2023,1,23.10678549110889,nnm,45,-.031031823,9.9968204,56.736431,850.3920000000001,3
2019,1,167.7249145507813,hgap,45,.00016576657,168.58904,-.51520103,850.3920000000001,3
2023,3,61.08067184686661,u20m,45,-.033053704,25.021751,59.034912,850.3920000000001,3
2023,2,56.32419884204865,u20m,45,-.035375938,21.670979,61.524567,850.3920000000001,3
2023,2,4.42304415628314,nnm,41,-.057925191,.92574912,79.069862,522.3349999999999,3
2023,1,16.22211188077927,u20m,41,-.05973817,3.2331102,80.069733,522.3349999999999,3
2023,1,6.223513279110193,pnm,41,-.057356555,1.3227429,78.74604,522.3349999999999,3
2023,3,14.4336735829711,u20m,41,-.058461938,2.9775226,79.371002,522.3349999999999,3
2023,1,3.402388887204455,q5_19,41,-.067255035,.55354726,83.730629,522.3349999999999,3
2023,1,6.681559607386589,nnm,41,-.059032708,1.3572605,79.68647,522.3349999999999,3
2023,2,6.266499403864145,pnm,41,-.058757227,1.2824507,79.534813,522.3349999999999,3
2023,2,1.905628587531849,q5_19,41,-.049288739,.50359446,73.573318,522.3349999999999,3
2019,2,163.0984039306641,hgap,41,.00012131241,163.71292,-.37677696,522.3349999999999,3
2019,3,170.1337738037109,hgap,41,.00039784369,172.24506,-1.2409543,522.3349999999999,3
2023,3,2.683245758947073,q5_19,41,-.061110172,.51533014,80.794525,522.3349999999999,3
2019,1,176.2878112792969,hgap,41,.00043797959,178.69766,-1.3669981,522.3349999999999,3
2023,3,5.599464289844036,nnm,41,-.058390565,1.1573417,79.331207,522.3349999999999,3
2023,2,12.5471381470561,u20m,41,-.056798965,2.7072153,78.423645,522.3349999999999,3
2023,3,6.217392161488533,pnm,41,-.058234278,1.290494,79.243805,522.3349999999999,3
2023,3,3.105767304077744,pnm,208,-.019013088,1.8587559,40.151474,5105.526999999999,3
2019,1,174.0413665771484,hgap,208,.0010251584,179.66121,-3.2290268,5105.526999999999,3
2023,3,4.425801364962623,q5_19,208,-.0063807503,3.7253883,15.825678,5105.526999999999,3
2023,1,4.8029157333076,nnm,208,-.028704684,2.2126629,53.93084,5105.526999999999,3
2019,3,167.3471984863281,hgap,208,.00097513583,172.48322,-3.0690784,5105.526999999999,3
2023,1,14.02750238776207,u20m,208,-.015334833,9.2718172,33.90258,5105.526999999999,3
2023,2,2.764920630133338,q5_19,208,-.01753195,1.7222805,37.709587,5105.526999999999,3
2023,3,11.99076045304537,u20m,208,-.017426737,7.4903421,37.532383,5105.526999999999,3
2019,2,160.3576812744141,hgap,208,.00091104751,164.95114,-2.8645089,5105.526999999999,3
2022,2,376.8708,math,208,-.0049300226,328.27832,12.893671,5105.526999999999,3
2023,2,9.861317463219166,u20m,208,-.020443719,5.6782289,42.419167,5105.526999999999,3
2023,1,3.27306380495429,pnm,208,-.019101562,1.9542067,40.29427,5105.526999999999,3
2023,1,6.015731490232379,q5_19,208,-.0010411027,5.8489852,2.7718375,5105.526999999999,3
2022,3,384.57605,math,208,-.0056671333,328.14706,14.673037,5105.526999999999,3
2023,2,2.931501716375351,pnm,208,-.018878294,1.7608575,39.933262,5105.526999999999,3
2023,2,4.196873400360346,nnm,208,-.023539292,2.2228251,47.036167,5105.526999999999,3
2023,3,4.506818950176239,nnm,208,-.026379865,2.2107575,50.946388,5105.526999999999,3
2022,1,392.03458,math,208,-.0067817643,324.23242,17.294943,5105.526999999999,3
2019,3,166.9951324462891,hgap,209,.00086437317,171.53035,-2.7157781,11019.932,3
2023,2,2.064785454422235,nnm,209,-.016077854,1.3376633,35.215385,11019.932,3
2019,1,173.5583953857422,hgap,209,.0012534086,180.43484,-3.962038,11019.932,3
2023,3,3.058585105463862,pnm,209,-.0087993508,2.4117918,21.146814,11019.932,3
2023,3,3.606840090966346,q5_19,209,-.0078332201,2.9192746,19.062822,11019.932,3
2023,1,4.072661769103036,q5_19,209,-.014316715,2.7669497,32.06041,11019.932,3
2023,3,2.678348682820797,nnm,209,-.0058584828,2.2864981,14.630306,11019.932,3
2023,2,2.61096959002316,pnm,209,-.016560351,1.6696135,36.05389,11019.932,3
2019,2,160.1349334716797,hgap,209,.0004421552,162.34499,-1.3801188,11019.932,3
2023,3,9.314919821918011,u20m,209,-.0075660846,7.5938077,18.47694,11019.932,3
2023,2,7.773750927299261,u20m,209,-.0094698053,6.0198846,22.561392,11019.932,3
2023,1,10.76158229261637,u20m,209,-.006336668,9.0692768,15.725433,11019.932,3
2023,2,3.117949130493236,q5_19,209,.0017434863,3.2682333,-4.8199687,11019.932,3
2023,1,3.27453576028347,nnm,209,.0013988357,3.4005754,-3.8490841,11019.932,3
2023,1,3.453044686466455,pnm,209,-.0036246134,3.1311233,9.3228273,11019.932,3
2023,3,5.111652709248404,q5_19,210,-.00073282106,5.0115066,1.9591737,185.438,3
2023,2,11.09137665480375,u20m,210,-.01955026,6.5424447,41.013229,185.438,3
2023,2,2.831779797713097,q5_19,210,-.010048499,2.1588938,23.761946,185.438,3
2023,1,7.299280997398516,q5_19,210,.0028371417,7.8804002,-7.9613209,185.438,3
2023,3,15.2798555791378,u20m,210,-.014035437,10.46021,31.542482,185.438,3
2023,1,19.2822590470314,u20m,210,-.01091059,14.362196,25.51601,185.438,3
2023,3,4.442473281122017,q5_19,205,-.012030751,3.2103534,27.734999,73.05499999999999,3
2023,1,5.316575989127159,u20m,205,-.045344312,1.5628844,70.603554,73.05499999999999,3
2023,2,5.365450488603374,q5_19,205,-.0012425899,5.188426,3.2993402,73.05499999999999,3
2023,1,3.536460328387392,q5_19,205,-.026294934,1.7387443,50.833771,73.05499999999999,3
2023,3,6.020395085215569,u20m,205,-.032727391,2.488085,58.672398,73.05499999999999,3
2023,2,6.734334863722324,u20m,205,-.021307997,3.7882462,43.747284,73.05499999999999,3
2023,2,1.755255274474621,nnm,102,.012821719,2.4813449,-41.366615,1344.981,3
2023,3,1.645828597247601,pnm,102,.014542797,2.4373209,-48.090813,1344.981,3
2023,1,2.062135841697454,nnm,102,.010363589,2.7279739,-32.288761,1344.981,3
2023,2,4.013632424175739,u20m,102,.0048170886,4.5711193,-13.889834,1344.981,3
2023,3,1.915202708914876,nnm,102,.011420926,2.6069696,-36.119774,1344.981,3
2019,1,172.7485656738281,hgap,102,.00016259651,173.62151,-.50532407,1344.981,3
2023,3,4.523109644651413,u20m,102,-.00079182826,4.4274349,2.1152422,1344.981,3
2023,3,.9686768095299447,q5_19,102,-.039258517,.33561042,65.353729,1344.981,3
2019,2,160.5529022216797,hgap,102,.00029572303,162.03152,-.92095655,1344.981,3
2023,2,.6861816142198496,q5_19,102,-.027705856,.32475927,52.671528,1344.981,3
2019,3,166.7943115234375,hgap,102,-.000045959478,166.55684,.14237449,1344.981,3
2023,1,1.713489764370024,pnm,102,.015535402,2.6064467,-52.113354,1344.981,3
2023,2,1.577248680405319,pnm,102,.013332383,2.260659,-43.329266,1344.981,3
2023,1,5.002481862902641,u20m,102,-.004621285,4.4156694,11.730426,1344.981,3
2022,2,426.32986,math,102,-.0030493017,391.44028,8.1837063,1344.981,3
2022,3,418.30667,math,102,-.0049869618,363.79114,13.032432,1344.981,3
2023,1,1.235048268228289,q5_19,102,-.0442327,.3741222,69.707886,1344.981,3
2022,1,410.62997,math,102,-.0068756612,338.72006,17.512094,1344.981,3
2023,3,1.345720258541405,pnm,152,-.011243889,.99336648,26.183285,10809.722,3
2019,3,174.7805328369141,hgap,152,.0004156809,177.04735,-1.2969495,10809.722,3
2022,3,486.9992,math,152,-.0024259244,455.01782,6.567029,10809.722,3
2023,2,1.220333972014487,pnm,152,-.0017482953,1.1640677,4.6107235,10809.722,3
2023,1,5.856494419276714,u20m,152,-.019975847,3.4150882,41.68716,10809.722,3
2022,1,490.65738,math,152,-.0028238082,453.35681,7.6021619,10809.722,3
2023,1,1.528989407233894,nnm,152,-.014989725,1.0200834,33.283813,10809.722,3
2019,2,167.9634704589844,hgap,152,.00034726106,169.78139,-1.0823287,10809.722,3
2023,1,1.464931992813945,pnm,152,-.0182196,.89572632,38.855434,10809.722,3
2023,2,4.1140909306705,u20m,152,-.00014442403,4.0980797,.38918072,10809.722,3
2023,2,1.718534883993872,q5_19,152,.0066036722,2.0539634,-19.518286,10809.722,3
2023,3,5.006107036024332,u20m,152,-.01256999,3.5653737,28.779516,10809.722,3
2023,2,1.180786988697946,nnm,152,-.0076840385,.95955282,18.736162,10809.722,3
2023,3,2.309147018220603,q5_19,152,-.013731964,1.5937905,30.979252,10809.722,3
2022,2,483.23355,math,152,-.0019812789,457.15579,5.396512,10809.722,3
2019,1,181.1866302490234,hgap,152,.00039954239,183.44473,-1.2462853,10809.722,3
2023,3,1.359311048872769,nnm,152,-.011964511,.98406452,27.60564,10809.722,3
2023,1,2.873409401269345,q5_19,152,-.023467356,1.5248265,46.933197,10809.722,3
2023,3,1.669996445380018,q5_19,158,-.021174412,.94281274,43.544025,84548.23499999994,3
2019,1,180.2812042236328,hgap,158,.00022241561,181.52852,-.69187158,84548.23499999994,3
2023,3,1.978039275854826,nnm,158,-.013152407,1.3867892,29.890715,84548.23499999994,3
2023,1,5.876227747648954,u20m,158,-.014484888,3.9741983,32.368206,84548.23499999994,3
2023,2,4.408725537359715,u20m,158,-.015802847,2.8774624,34.732559,84548.23499999994,3
2023,1,2.135722199454904,nnm,158,-.014203511,1.4554427,31.852436,84548.23499999994,3
2022,2,469.04053,math,158,-.0077080992,377.98798,19.412514,84548.23499999994,3
2022,1,480.41202,math,158,-.0079550212,384.48453,19.967754,84548.23499999994,3
2023,1,2.049236351436168,q5_19,158,-.018552486,1.2417853,39.402534,84548.23499999994,3
2023,3,1.52424571570009,pnm,158,-.010405132,1.1509194,24.492525,84548.23499999994,3
2023,3,5.163422785699368,u20m,158,-.01500519,3.4434006,33.311665,84548.23499999994,3
2023,1,1.702764304354787,pnm,158,-.0098382132,1.3055458,23.327862,84548.23499999994,3
2022,3,474.82645,math,158,-.0078349542,381.29398,19.698244,84548.23499999994,3
2019,2,166.1772613525391,hgap,158,5.4543971e-06,166.20537,-.01691368,84548.23499999994,3
2019,3,173.5834045410156,hgap,158,.00024129909,174.88672,-.7508288,84548.23499999994,3
2023,2,1.337238936685026,pnm,158,-.011130939,.99012077,25.957827,84548.23499999994,3
2023,2,1.267836355633434,q5_19,158,-.025658023,.63415951,49.980965,84548.23499999994,3
2023,2,1.810057903639972,nnm,158,-.011908224,1.3123728,27.495535,84548.23499999994,3
2023,1,34.87381445452964,q5_19,49,-.028715193,16.061514,53.943913,1152.952,3
2023,2,29.41681817173958,pnm,49,-.039266113,10.189742,65.360832,1152.952,3
2023,1,88.02652359008789,u20m,49,-.029124811,40.095665,54.450474,1152.952,3
2023,3,77.78096199035645,u20m,49,-.032189023,32.615677,58.067276,1152.952,3
2023,3,31.73047304153442,pnm,49,-.036891386,11.718985,63.067097,1152.952,3
2023,2,67.1796128153801,u20m,49,-.036206208,25.274656,62.377491,1152.952,3
2023,3,28.95813814211201,q5_19,49,-.034379385,11.445629,60.475258,1152.952,3
2023,3,19.15616914629936,nnm,49,-.024797065,9.8070745,48.804615,1152.952,3
2019,3,165.3247680664063,hgap,49,.00009015829,165.78748,-.27987793,1152.952,3
2023,1,21.85271866619587,nnm,49,-.024843259,11.173639,48.868423,1152.952,3
2023,1,33.96278992295265,pnm,49,-.034848772,13.254653,60.973015,1152.952,3
2019,1,170.7670745849609,hgap,49,.00016852135,171.66153,-.52378654,1152.952,3
2019,2,159.8239898681641,hgap,49,.000015801939,159.9023,-.048996463,1152.952,3
2023,2,22.89528992100976,q5_19,49,-.042642064,7.2398138,68.378586,1152.952,3
2023,2,16.3872204720974,nnm,49,-.024813665,8.3857422,48.827549,1152.952,3
2019,2,166.8884582519531,hgap,211,.00055111712,169.76418,-1.7231373,66.53199999999998,3
2023,1,16.39848202466965,pnm,211,.016838208,25.837332,-57.559288,66.53199999999998,3
2023,3,15.58217220008373,pnm,211,.016871849,24.573469,-57.702461,66.53199999999998,3
2023,3,40.57389125227928,u20m,211,.018672522,67.173775,-65.559113,66.53199999999998,3
2019,3,173.5402679443359,hgap,211,.0007090235,177.39687,-2.2223072,66.53199999999998,3
2023,1,18.59275065362453,nnm,211,.034004752,46.567371,-150.45982,66.53199999999998,3
2023,1,11.9621213590021,q5_19,211,.009704059,15.545243,-29.953899,66.53199999999998,3
2023,1,46.23353853821754,u20m,211,.021014504,81.540276,-76.366074,66.53199999999998,3
2023,2,14.75050393491983,pnm,211,.016964128,23.319939,-58.095879,66.53199999999998,3
2023,3,8.129984467023842,q5_19,211,-.004271212,7.2444544,10.89215,66.53199999999998,3
2023,2,4.351623088072132,q5_19,211,-.034721598,1.7041488,60.838779,66.53199999999998,3
2023,3,17.398776486516,nnm,211,.033919822,43.477135,-149.88615,66.53199999999998,3
2023,2,16.17615483701229,nnm,211,.033880256,40.378811,-149.61934,66.53199999999998,3
2019,1,180.1526336669922,hgap,211,.00080961367,184.73132,-2.5415614,66.53199999999998,3
2023,2,34.90613400936127,u20m,211,.015667018,53.285915,-52.654877,66.53199999999998,3
2022,3,489.27386,math,153,-.0021739244,460.38013,5.9054317,5948.133999999999,3
2019,2,169.4706115722656,hgap,153,.00083691982,173.92497,-2.6283972,5948.133999999999,3
2023,2,1.771716051734984,nnm,153,-.03332606,.72046745,59.335049,5948.133999999999,3
2023,1,2.098826225847006,nnm,153,-.0041878349,1.8744339,10.691326,5948.133999999999,3
2023,3,1.461100880987942,pnm,153,-.017716896,.90559232,38.019863,5948.133999999999,3
2023,1,2.000438844471431,q5_19,153,-.009399578,1.552052,22.414423,5948.133999999999,3
2023,1,5.622603464871645,u20m,153,-.011633635,4.1069746,26.955997,5948.133999999999,3
2023,3,1.9437171285972,nnm,153,-.017845981,1.2005271,38.235504,5948.133999999999,3
2019,1,181.8926544189453,hgap,153,.00078501919,186.37341,-2.4634082,5948.133999999999,3
2023,3,1.622861962641831,q5_19,153,-.0069780182,1.3441808,17.172203,5948.133999999999,3
2023,2,1.392175327055156,pnm,153,-.0093648424,1.0811408,22.341623,5948.133999999999,3
2022,1,494.99423,math,153,-.0023872685,462.98868,6.4658437,5948.133999999999,3
2023,2,1.228724250001201,q5_19,153,-.0024514867,1.150028,6.4047127,5948.133999999999,3
2022,2,483.32324,math,153,-.0019881825,457.15228,5.414794,5948.133999999999,3
2019,3,175.8282928466797,hgap,153,.00080135674,180.25093,-2.5153165,5948.133999999999,3
2023,2,4.386264365166426,u20m,153,-.018007463,2.6973679,38.504211,5948.133999999999,3
2023,1,1.53381796553731,pnm,153,-.023669373,.8095206,47.221859,5948.133999999999,3
2023,3,5.019319243729115,u20m,153,-.014401283,3.4023273,32.215363,5948.133999999999,3
2023,1,6.943774351032661,q5_19,212,-.032031849,2.9240963,57.88895,11331.269,3
2023,3,18.52240227162838,nnm,212,-.0050493572,16.161766,12.744762,11331.269,3
2023,1,13.94748594611883,pnm,212,-.017337492,8.7336817,37.38168,11331.269,3
2019,3,168.0508422851563,hgap,212,.00083089957,172.4357,-2.6092443,11331.269,3
2019,2,161.2093963623047,hgap,212,.00069984852,164.7451,-2.1932378,11331.269,3
2023,3,13.37805762887001,pnm,212,-.016957656,8.4634695,36.736187,11331.269,3
2023,2,16.10681228339672,nnm,212,-.0056686318,13.821001,14.191581,11331.269,3
2019,1,174.6498565673828,hgap,212,.00091318478,179.66461,-2.8713195,11331.269,3
2022,2,341.10052,math,212,.0048363907,390.56567,-14.501636,11331.269,3
2023,2,3.293688546091134,q5_19,212,-.025719583,1.6447351,50.064037,11331.269,3
2023,2,12.75399886071682,pnm,212,-.016635727,8.1391048,36.183899,11331.269,3
2023,3,5.15765747177177,q5_19,212,-.030001432,2.2943368,55.515915,11331.269,3
2022,3,339.10724,math,212,.0048873783,388.83807,-14.665223,11331.269,3
2023,3,36.64707019925117,u20m,212,-.013016525,25.787434,29.633028,11331.269,3
2023,2,31.85469284653664,u20m,212,-.012166495,22.935577,27.999376,11331.269,3
2023,1,41.24756157398224,u20m,212,-.013650977,28.531696,30.828163,11331.269,3
2023,1,20.88749222457409,nnm,212,-.0045234393,18.486073,11.496926,11331.269,3
2022,1,336.8587,math,212,.0048621758,385.9873,-14.584336,11331.269,3
2023,1,28.27403135597706,u20m,35,-.022975903,15.204545,46.224346,46164.22199999997,3
2023,1,5.670167735198128,q5_19,35,-.033172563,2.3153467,59.166168,46164.22199999997,3
2023,3,9.998672641813755,pnm,35,-.021917328,5.5327473,44.665184,46164.22199999997,3
2015,3,359.60623,math,35,,,,46164.22199999997,3
2015,2,363.07248,math,35,,,,46164.22199999997,3
2023,1,10.08999720215797,pnm,35,-.02197773,5.5741835,44.755352,46164.22199999997,3
2023,2,9.72663052380085,nnm,35,-.022532232,5.2935934,45.576286,46164.22199999997,3
2023,2,9.946567937731743,pnm,35,-.021570532,5.5556931,44.144623,46164.22199999997,3
2019,3,168.80517578125,hgap,35,.0009839792,174.03363,-3.0973308,46164.22199999997,3
2023,2,4.136817288277306,q5_19,35,-.032646038,1.7134068,58.58152,46164.22199999997,3
2019,2,162.3471832275391,hgap,35,.0010108169,167.51492,-3.183141,46164.22199999997,3
2023,2,23.63228425383568,u20m,35,-.023756944,12.443225,47.3465,46164.22199999997,3
2015,1,356.49512,math,35,,,,46164.22199999997,3
2023,3,11.30453404039145,nnm,35,-.020636609,6.4754329,42.718269,46164.22199999997,3
2023,3,4.920496963110255,q5_19,35,-.033105079,2.0128918,59.091698,46164.22199999997,3
2023,1,12.77163159102201,nnm,35,-.01950244,7.5433059,40.937023,46164.22199999997,3
2019,1,175.0402069091797,hgap,35,.0010958198,181.08855,-3.4554002,46164.22199999997,3
2023,3,26.00640803575516,u20m,35,-.023341214,13.847853,46.752151,46164.22199999997,3
2023,1,6.804125383496284,nnm,213,-.024740523,3.4887204,48.726395,17980.08,3
2023,1,21.79865911602974,u20m,213,-.03045919,9.5778227,56.062332,17980.08,3
2023,3,5.792745389044285,nnm,213,-.026705656,2.8166652,51.375988,17980.08,3
2019,3,161.3891754150391,hgap,213,.00077230931,165.29971,-2.4230483,17980.08,3
2019,2,155.2489318847656,hgap,213,.001063745,160.45378,-3.3525829,17980.08,3
2019,1,167.3196563720703,hgap,213,.00050677825,169.96902,-1.5834173,17980.08,3
2023,3,18.83253268897533,u20m,213,-.030810462,8.1964684,56.477077,17980.08,3
2023,2,5.752455443143845,pnm,213,-.037223443,2.1055861,63.396744,17980.08,3
2023,1,8.926556171858113,q5_19,213,-.023213854,4.7695723,46.568729,17980.08,3
2023,1,6.226279772818089,pnm,213,-.046193689,1.7888079,71.270035,17980.08,3
2023,3,6.001108326017857,pnm,213,-.042077221,1.9267973,67.892647,17980.08,3
2023,2,15.7313384115696,u20m,213,-.031325616,6.7521644,57.078259,17980.08,3
2023,2,4.747665487229824,nnm,213,-.029616732,2.1340065,55.051456,17980.08,3
2023,3,7.157609484917504,q5_19,213,-.024480131,3.6958573,48.364643,17980.08,3
2023,2,5.314182014051538,q5_19,213,-.026732966,2.5820639,51.411827,17980.08,3
2023,3,24.90759640932083,u20m,50,-.03083957,10.831997,56.511272,114535.772,3
2023,2,5.716371201426984,q5_19,50,-.0089958543,4.4836888,21.564072,114535.772,3
2019,1,174.5695343017578,hgap,50,.0027478202,190.09151,-8.8915701,114535.772,3
2023,1,27.6118703186512,u20m,50,-.031035718,11.944625,56.740978,114535.772,3
2019,2,160.8845062255859,hgap,50,.0011978825,166.97116,-3.7832448,114535.772,3
2023,1,8.884372731383984,q5_19,50,-.022233769,4.8743272,45.135944,114535.772,3
2023,2,22.06338010728359,u20m,50,-.030529039,9.6758699,56.145115,114535.772,3
2023,1,10.0294379517436,nnm,50,-.029923763,4.4708695,55.422531,114535.772,3
2023,2,7.06310523673892,nnm,50,-.027349586,3.3751709,52.214066,114535.772,3
2019,3,167.8942108154297,hgap,50,.0020161967,178.72284,-6.4496737,114535.772,3
2023,3,9.209026582539082,pnm,50,-.042776823,2.901448,68.493431,114535.772,3
2023,1,8.955754339694977,pnm,50,-.041161947,2.9474008,67.08931,114535.772,3
2023,3,7.336560636456602,q5_19,50,-.017537931,4.5692358,37.719646,114535.772,3
2023,3,8.570801466703415,nnm,50,-.028703997,3.9485693,53.929989,114535.772,3
2023,2,9.444594383239746,pnm,50,-.04414928,2.8674181,69.639587,114535.772,3
2023,3,57.16623738408089,u20m,52,-.035359181,22.00491,61.507156,3470.391999999998,3
2023,2,20.64547501504421,pnm,52,-.039700191,7.0680947,65.764435,3470.391999999998,3
2023,2,18.43420526102246,q5_19,52,-.047443733,5.1203723,72.223526,3470.391999999998,3
2019,3,164.1394805908203,hgap,52,.000236944,165.34956,-.73722851,3470.391999999998,3
2019,1,170.6043701171875,hgap,52,.00018066118,171.56252,-.56161815,3470.391999999998,3
2023,2,10.31510066241026,nnm,52,-.027700543,4.8826799,52.664738,3470.391999999998,3
2023,3,14.00339975953102,nnm,52,-.026645625,6.8200603,51.297112,3470.391999999998,3
2023,1,26.81874822300212,q5_19,52,-.031346962,11.504442,57.102985,3470.391999999998,3
2023,1,17.45782233774662,nnm,52,-.025989445,8.6544428,50.426563,3470.391999999998,3
2019,2,157.5803070068359,hgap,52,.00023183215,158.71689,-.72127122,3470.391999999998,3
2023,3,22.6677563808545,q5_19,52,-.038111791,8.1004953,64.264236,3470.391999999998,3
2023,3,21.59766294062138,pnm,52,-.039924856,7.3493657,65.971474,3470.391999999998,3
2023,1,22.65573479235172,pnm,52,-.040102355,7.6725531,66.134171,3470.391999999998,3
2023,1,65.4715970158577,u20m,52,-.032212634,27.436529,58.093998,3470.391999999998,3
2023,2,48.61501231789589,u20m,52,-.039581381,16.697102,65.654434,3470.391999999998,3
2023,2,6.309559180407098,q5_19,90,-.045648489,1.8396155,70.843994,579.735,3
2023,3,36.12539544701576,u20m,90,-.037482187,13.131016,63.651566,579.735,3
2023,1,9.893307820377672,q5_19,90,-.033904817,3.9607308,59.965557,579.735,3
2023,3,8.14435297551741,q5_19,90,-.038590968,2.8730342,64.723602,579.735,3
2023,2,30.81116266548634,u20m,90,-.041012682,10.181116,66.956406,579.735,3
2023,1,41.17976129055023,u20m,90,-.034869701,16.06214,60.995064,579.735,3
2023,3,1.402940251864493,nnm,189,-.0057300483,1.2018462,14.333755,47911.584,3
2023,3,1.35844252464179,q5_19,189,-.02229825,.74400026,45.231377,47911.584,3
2023,1,1.599243143573403,pnm,189,-.013225312,1.119013,30.028591,47911.584,3
2019,1,176.1060791015625,hgap,189,.000051506649,176.3875,-.15980019,47911.584,3
2023,2,1.051938779667361,q5_19,189,-.02707874,.50636828,51.863331,47911.584,3
2023,2,1.283027813769877,nnm,189,-.01006196,.97780001,23.789648,47911.584,3
2023,3,1.48557557258755,pnm,189,-.014906863,.9933393,33.13438,47911.584,3
2022,2,468.01498,math,189,-.0016843304,446.4552,4.6066432,47911.584,3
2023,1,4.755042493343353,u20m,189,-.012028387,3.4364507,27.730389,47911.584,3
2022,3,473.1402,math,189,-.002335265,443.19257,6.3295474,47911.584,3
2023,1,1.515419338829815,nnm,189,-.0021908451,1.4283777,5.7437296,47911.584,3
2023,3,4.240952897816896,u20m,189,-.014441359,2.8716056,32.28867,47911.584,3
2022,1,478.1631,math,189,-.0029384997,440.39581,7.8984108,47911.584,3
2023,2,3.695440478622913,u20m,189,-.017635597,2.2954724,37.883659,47911.584,3
2023,2,1.365008880384266,pnm,189,-.0169225,.86437672,36.676109,47911.584,3
2023,1,1.647932071612401,q5_19,189,-.019263722,.97961146,40.555107,47911.584,3
2019,3,169.296875,hgap,189,-.000052820465,169.01988,.16361365,47911.584,3
2019,2,162.0278778076172,hgap,189,-.00020156419,161.0186,.62290353,47911.584,3
2019,3,175.9402313232422,hgap,154,.0005497713,178.96446,-1.7188967,1367.196,3
2019,1,182.7907104492188,hgap,154,.0008189631,187.49078,-2.5712867,1367.196,3
2019,2,168.6627655029297,hgap,154,.00027409897,170.10201,-.85332382,1367.196,3
2023,2,3.752196207642555,u20m,154,-.060475841,.73307562,80.462761,1367.196,3
2023,2,.5444219568744302,nnm,154,-.09526328,.041579869,92.362564,1367.196,3
2022,3,509.94696,math,154,-.0020570639,481.405,5.5970449,1367.196,3
2023,3,.8889343007467687,nnm,154,-.031171817,.3831338,56.899651,1367.196,3
2023,1,1.181443105451763,nnm,154,.011574748,1.6148707,-36.686283,1367.196,3
2023,3,1.150989322923124,pnm,154,-.055913381,.25435117,77.90152,1367.196,3
2022,1,513.00916,math,154,-.0019697298,485.48154,5.3659124,1367.196,3
2022,2,506.69025,math,154,-.0021939841,476.50027,5.9582705,1367.196,3
2023,1,3.733725616897665,q5_19,154,-.010843095,2.7861006,25.380146,1367.196,3
2023,2,.6747486186213791,pnm,154,-.12320269,.024236692,96.408043,1367.196,3
2023,3,5.181780550628901,u20m,154,-.028473658,2.4021399,53.642578,1367.196,3
2023,2,2.536484496825198,q5_19,154,-.021979306,1.4012123,44.757702,1367.196,3
2023,3,3.14930130781399,q5_19,154,-.015455702,2.0748248,34.117931,1367.196,3
2023,1,6.536926608532667,u20m,154,-.0054763793,5.6384258,13.745004,1367.196,3
2023,1,1.634194166399539,pnm,154,-.0042123529,1.4585114,10.750424,1367.196,3
2019,1,168.8434906005859,hgap,54,.00039449343,170.92101,-1.2304381,128691.6969999999,3
2023,2,22.3908256739378,pnm,54,-.056599554,4.8572059,78.307159,128691.6969999999,3
2023,3,24.01640824973583,pnm,54,-.055890236,5.3105793,77.887703,128691.6969999999,3
2019,2,157.1513366699219,hgap,54,.00039803085,159.10243,-1.2415392,128691.6969999999,3
2023,3,21.10023610293865,nnm,54,-.033877295,8.4536409,59.935799,128691.6969999999,3
2023,2,16.83864556252956,nnm,54,-.03567354,6.4268918,61.832489,128691.6969999999,3
2023,1,25.81581473350525,pnm,54,-.054934669,5.857666,77.309776,128691.6969999999,3
2023,3,25.0220234283065,q5_19,54,-.047265023,6.9838529,72.08918,128691.6969999999,3
2023,3,68.51568818092346,u20m,54,-.045210529,20.214062,70.497177,128691.6969999999,3
2023,2,16.04274537044859,q5_19,54,-.07615117,2.0527396,87.204559,128691.6969999999,3
2023,1,24.90794472396374,nnm,54,-.032902621,10.245269,58.867466,128691.6969999999,3
2023,1,33.64706398110373,q5_19,54,-.030650249,14.707669,56.288403,128691.6969999999,3
2023,2,54.2718842625618,u20m,54,-.05572328,12.054978,77.787804,128691.6969999999,3
2023,1,82.04273879528046,u20m,54,-.037975252,29.426878,64.132256,128691.6969999999,3
2019,3,163.0602111816406,hgap,54,.0003740266,164.96187,-1.16623,128691.6969999999,3
2022,3,484.13922,math,156,-.0069050142,399.0282,17.579865,5601.187000000002,3
2023,2,4.17607557028532,u20m,156,.0050276667,4.7832437,-14.539203,5601.187000000002,3
2019,2,166.4751129150391,hgap,156,.00025342547,167.78812,-.78870863,5601.187000000002,3
2023,1,1.295825582928956,pnm,156,-.00039852897,1.2819569,1.0702577,5601.187000000002,3
2023,3,5.341852083802223,u20m,156,.016159769,8.263814,-54.699417,5601.187000000002,3
2022,1,481.65552,math,156,-.0071569453,394.19067,18.159212,5601.187000000002,3
2023,1,3.836804994768239,q5_19,156,.036053061,10.156081,-164.70152,5601.187000000002,3
2019,1,180.5693969726563,hgap,156,.0004942565,183.35738,-1.5439931,5601.187000000002,3
2023,1,6.454837042838335,u20m,156,.023663109,12.228065,-89.440346,5601.187000000002,3
2023,2,1.118668238632381,nnm,156,.016465032,1.7448957,-55.979729,5601.187000000002,3
2023,3,1.230758265592158,nnm,156,.016739508,1.9340131,-57.139965,5601.187000000002,3
2019,3,173.77001953125,hgap,156,.00043039603,176.10405,-1.343172,5601.187000000002,3
2023,3,2.828519323101797,q5_19,156,.022631604,5.2111821,-84.237106,5601.187000000002,3
2023,2,1.772950762637393,q5_19,156,-.0025294316,1.6559098,6.60148,5601.187000000002,3
2023,2,1.290168263949454,pnm,156,.0064843018,1.5370251,-19.133692,5601.187000000002,3
2022,2,486.7237,math,156,-.0066488869,404.04562,16.986654,5601.187000000002,3
2023,3,1.291292952373624,pnm,156,.0028877682,1.3960038,-8.1089954,5601.187000000002,3
2023,1,1.334018656052649,nnm,156,.016933216,2.1072688,-57.96397,5601.187000000002,3
2023,2,32.31773898005486,u20m,252,.017787419,52.24147,-61.649521,924.151,3
2023,1,7.471924404711561,q5_19,252,-.011703044,5.4475741,27.092756,924.151,3
2023,3,18.3465089648962,pnm,252,.033081383,44.819202,-144.29282,924.151,3
2023,2,16.57706499099731,pnm,252,.030814659,38.092442,-129.79002,924.151,3
2023,3,7.008886186131047,q5_19,252,-.013528016,4.8642979,30.598133,924.151,3
2023,3,35.56785732507706,u20m,252,.019276941,59.854687,-68.283081,924.151,3
2019,3,169.1185913085938,hgap,252,.0004511415,171.5004,-1.4083641,924.151,3
2023,2,9.527020156383514,nnm,252,.02426761,18.345007,-92.557655,924.151,3
2023,1,11.62151526659727,nnm,252,.022374863,21.263233,-82.964378,924.151,3
2023,1,20.01403644680977,pnm,252,.034963161,51.441189,-157.02556,924.151,3
2023,1,38.64024206995964,u20m,252,.020514887,67.235153,-74.00293,924.151,3
2023,3,10.60867588967085,nnm,252,.023203041,19.849012,-87.101692,924.151,3
2023,2,6.541305329543667,q5_19,252,-.015484124,4.306241,34.168476,924.151,3
2019,2,164.2814636230469,hgap,252,.00076044817,168.20023,-2.3853953,924.151,3
2019,1,173.9764556884766,hgap,252,.00026334182,175.40254,-.81970084,924.151,3
2023,1,3.396991843069075,q5_19,215,-.0077273627,2.7572987,18.831165,3.497999999999998,3
2023,2,13.23787309229374,u20m,215,-.011100542,9.8096571,25.89703,3.497999999999998,3
2023,3,13.58126569539309,u20m,215,-.0094450498,10.524175,22.509619,3.497999999999998,3
2023,1,13.97714763879776,u20m,215,-.0076742871,11.361358,18.714762,3.497999999999998,3
2023,2,2.643579387627604,q5_19,215,-.011787309,1.9229808,27.258444,3.497999999999998,3
2023,3,2.990878013156339,q5_19,215,-.0096963681,2.3019695,23.033653,3.497999999999998,3
2023,2,1.585551770403981,pnm,157,-.0043394999,1.4102485,11.056293,66438.82800000001,3
2023,3,1.856876537203789,pnm,157,.0027996523,2.0026803,-7.852098,66438.82800000001,3
2023,1,2.50110006891191,nnm,157,-.0080375494,2.0131826,19.508114,66438.82800000001,3
2022,3,473.94443,math,157,-.0043436736,419.66937,11.451777,66438.82800000001,3
2019,2,164.4886322021484,hgap,157,.00018762615,165.44815,-.58333421,66438.82800000001,3
2023,3,2.271919511258602,nnm,157,-.0087281279,1.7949293,20.995033,66438.82800000001,3
2023,1,2.231367006243046,q5_19,157,-.016306194,1.4366976,35.613567,66438.82800000001,3
2023,2,2.03024735674262,nnm,157,-.0096720736,1.5636325,22.983154,66438.82800000001,3
2023,3,5.881932564079762,u20m,157,-.0080590658,4.7317286,19.554865,66438.82800000001,3
2023,2,4.880240652710199,u20m,157,-.010883119,3.6376953,25.460739,66438.82800000001,3
2023,1,6.833766587078571,u20m,157,-.0061597517,5.7867031,15.321909,66438.82800000001,3
2019,3,171.72900390625,hgap,157,.00021935409,172.90074,-.68231785,66438.82800000001,3
2022,2,469.14087,math,157,-.0045240852,413.32272,11.89795,66438.82800000001,3
2023,2,1.272256885045508,q5_19,157,-.020313095,.7351644,42.215725,66438.82800000001,3
2019,1,178.6048736572266,hgap,157,.00020455678,179.74106,-.63614428,66438.82800000001,3
2022,1,478.93073,math,157,-.004176083,426.07938,11.035281,66438.82800000001,3
2023,3,1.764633572712393,q5_19,157,-.017605472,1.0970178,37.833111,66438.82800000001,3
2023,1,2.116886898875237,pnm,157,.0082908142,2.6479838,-25.088581,66438.82800000001,3
2023,3,1.985559484426358,q5_19,155,-.022250129,1.0888774,45.160172,54.73799999999999,3
2023,1,11.96286734193563,u20m,155,-.011842288,8.6890678,27.366344,54.73799999999999,3
2023,1,2.972012954366998,q5_19,155,-.021129446,1.6799171,43.475445,54.73799999999999,3
2023,2,.952119079598579,q5_19,155,-.026461644,.46601868,51.054581,54.73799999999999,3
2023,3,9.679512120783329,u20m,155,-.011638482,7.0693779,26.965555,54.73799999999999,3
2023,2,7.257395423948765,u20m,155,-.0114046,5.3339753,26.502897,54.73799999999999,3
2019,1,169.5719146728516,hgap,257,.00005699422,169.87178,-.17683691,112.646,3
2023,2,32.03378990292549,u20m,257,-.03358474,12.935861,59.618076,112.646,3
2019,3,164.7477569580078,hgap,257,.00033107723,166.44734,-1.0316286,112.646,3
2023,3,13.84538877755404,pnm,257,-.032762114,5.7166052,58.711124,112.646,3
2023,3,14.68275637651562,q5_19,257,-.025257941,7.4239359,49.437725,112.646,3
2023,3,9.110388346016407,nnm,257,-.029731236,4.0823464,55.190205,112.646,3
2023,2,7.837750017642975,nnm,257,-.028989673,3.5831082,54.28397,112.646,3
2023,2,12.66651222739434,q5_19,257,-.036660992,4.7073021,62.836636,112.646,3
2023,2,11.87103427946568,pnm,257,-.034367323,4.6935234,60.462387,112.646,3
2023,1,10.31056698411703,nnm,257,-.030149208,4.5682979,55.69305,112.646,3
2023,3,37.1771939098835,u20m,257,-.028734781,17.113308,53.968262,112.646,3
2023,1,42.0890711247921,u20m,257,-.024933882,21.468212,48.993382,112.646,3
2023,1,15.68318903446198,pnm,257,-.031800006,6.6458273,57.624516,112.646,3
2023,1,16.68810467024251,q5_19,257,-.015578311,10.958132,34.33567,112.646,3
2019,2,159.6585388183594,hgap,257,.00067367224,163.02788,-2.1103406,112.646,3
2023,2,43.82810741662979,u20m,55,-.038521286,15.490091,64.657173,2484.792,3
2023,3,16.04689471423626,nnm,55,-.03062004,7.0200777,56.252735,2484.792,3
2023,3,21.67408727109432,pnm,55,-.043251898,6.7417274,68.894989,2484.792,3
2023,3,12.7811410458275,q5_19,55,-.032471515,5.318758,58.385891,2484.792,3
2023,1,18.04403774440289,nnm,55,-.030032832,8.0199232,55.553612,2484.792,3
2023,1,55.44044077396393,u20m,55,-.033978157,22.151365,60.044754,2484.792,3
2023,3,49.67664927244186,u20m,55,-.035983965,18.802088,62.151054,2484.792,3
2023,1,23.40628020465374,pnm,55,-.042409912,7.4479346,68.179756,2484.792,3
2019,1,170.4814910888672,hgap,55,.00044416441,172.84511,-1.3864361,2484.792,3
2023,1,15.02907929361208,q5_19,55,-.027484398,7.1556926,52.387684,2484.792,3
2023,2,10.51659483078782,q5_19,55,-.039161928,3.6531229,65.263252,2484.792,3
2019,2,160.0451965332031,hgap,55,.000057230209,160.32939,-.17757168,2484.792,3
2023,2,14.00848664343357,nnm,55,-.031466756,5.9898171,57.241512,2484.792,3
2019,3,165.2914428710938,hgap,55,.00024133324,166.53268,-.75094116,2484.792,3
2023,2,19.93635296821594,pnm,55,-.04429014,6.0297832,69.754829,2484.792,3
2023,3,6.010659039020538,u20m,193,-.0088580633,4.7320886,21.271719,68682.96499999998,3
2022,1,496.04343,math,193,-.00085342809,484.33047,2.3612761,68682.96499999998,3
2023,1,2.890386153012514,nnm,193,.0048691183,3.2964835,-14.049934,68682.96499999998,3
2023,1,6.801717914640903,u20m,193,-.0095768096,5.2519598,22.784803,68682.96499999998,3
2019,2,163.9391479492188,hgap,193,.00023494814,165.13754,-.73099977,68682.96499999998,3
2023,3,1.77861000497892,q5_19,193,-.014224596,1.2113895,31.891222,68682.96499999998,3
2023,1,1.776100252754986,pnm,193,-.022495938,.96756732,45.522934,68682.96499999998,3
2023,2,5.176660139113665,u20m,193,-.0078623686,4.1865463,19.126499,68682.96499999998,3
2022,3,488.9751,math,193,-.0010090803,475.35281,2.7858856,68682.96499999998,3
2019,1,178.2080230712891,hgap,193,.0004116332,180.49664,-1.2842407,68682.96499999998,3
2022,2,481.67358,math,193,-.0012669325,464.88617,3.4852254,68682.96499999998,3
2023,1,2.150388632513711,q5_19,193,-.016131278,1.3911129,35.308765,68682.96499999998,3
2019,3,171.2805480957031,hgap,193,.00038568568,173.34071,-1.2028017,68682.96499999998,3
2023,2,1.387321418845344,q5_19,193,-.011011307,1.0305262,25.718283,68682.96499999998,3
2023,3,2.606325317174196,nnm,193,.0037386513,2.8831542,-10.621423,68682.96499999998,3
2023,2,1.491443370468915,pnm,193,-.01916448,.88896573,40.395611,68682.96499999998,3
2023,3,1.63753202650696,pnm,193,-.02101857,.92838275,43.305981,68682.96499999998,3
2023,2,2.306600101292133,nnm,193,.0022559629,2.4514647,-6.2804365,68682.96499999998,3
2023,1,6.197542883455753,nnm,103,-.029664475,2.7821169,55.109356,3807.494,3
2022,3,390.02423,math,103,-.0049704434,339.3515,12.9922,3807.494,3
2023,1,16.40084385871887,u20m,103,-.021506598,9.1765804,44.048119,3807.494,3
2022,1,387.4693,math,103,-.0037402166,348.9437,9.9428797,3807.494,3
2023,2,2.882736069119263,q5_19,103,-.014469273,1.9504683,32.339684,3807.494,3
2023,3,13.80430068820715,u20m,103,-.020995751,7.8310366,43.271038,3807.494,3
2019,2,163.2389984130859,hgap,103,.00026588803,164.59006,-.82765698,3807.494,3
2023,3,3.824242856353521,pnm,103,-.013929172,2.625504,31.345781,3807.494,3
2023,2,3.554072929546237,pnm,103,-.011264713,2.6220253,26.224777,3807.494,3
2023,3,5.437253974378109,nnm,103,-.030062441,2.4147317,55.58913,3807.494,3
2022,2,392.75235,math,103,-.0063472148,328.80249,16.28249,3807.494,3
2023,1,4.063072614371777,pnm,103,-.016262507,2.6191552,35.537575,3807.494,3
2023,2,4.641717299818993,nnm,103,-.030172385,2.0553167,55.720768,3807.494,3
2023,3,4.60616165786798,q5_19,103,-.015617481,3.0214078,34.405083,3807.494,3
2019,1,175.9786376953125,hgap,103,.00039939408,178.17101,-1.2458146,3807.494,3
2019,3,169.8227691650391,hgap,103,.00051117421,172.53528,-1.5972588,3807.494,3
2023,2,11.03845052421093,u20m,103,-.020328898,6.3757672,42.240379,3807.494,3
2023,1,6.229166945256881,q5_19,103,-.016597185,3.9793503,36.117455,3807.494,3
2023,1,9.051457978785038,u20m,161,-.0022004957,8.5293446,5.7682796,64.04300000000001,3
2023,2,1.554166911380439,q5_19,161,-.011001613,1.1547642,25.698832,64.04300000000001,3
2023,1,2.172856150510549,q5_19,161,-.0023736889,2.0379672,6.2079096,64.04300000000001,3
2023,3,8.580852299928665,u20m,161,-.0059003276,7.3171754,14.726707,64.04300000000001,3
2023,3,1.876107679646077,q5_19,161,-.0057757613,1.6052085,14.439425,64.04300000000001,3
2023,2,8.07403028011322,u20m,161,-.010211948,6.1283784,24.097654,64.04300000000001,3
2023,2,63.04151564836502,u20m,57,-.037575718,22.85681,63.74324,33787.916,3
2019,3,164.6321716308594,hgap,57,.00025095104,165.91792,-.78098428,33787.916,3
2023,1,22.40987122058868,nnm,57,-.031826317,9.4895477,57.65461,33787.916,3
2023,3,21.68880961835384,pnm,57,-.046738129,6.1402593,71.689278,33787.916,3
2023,2,19.85106058418751,pnm,57,-.048885945,5.3033404,73.284348,33787.916,3
2019,1,170.3046722412109,hgap,57,.00023906156,171.57147,-.74384332,33787.916,3
2023,1,23.48354086279869,pnm,57,-.04498772,6.9701123,70.31916,33787.916,3
2023,2,16.92303083837032,nnm,57,-.03108844,7.3103237,56.802513,33787.916,3
2023,1,82.79353380203247,u20m,57,-.026855065,40.095463,51.571747,33787.916,3
2023,1,39.20500500308322,q5_19,57,-.01329353,27.381815,30.157349,33787.916,3
2019,2,158.8551025390625,hgap,57,.00028370597,160.25838,-.8833676,33787.916,3
2023,3,19.71958950161934,nnm,57,-.031515393,8.4207335,57.297623,33787.916,3
2023,3,73.09065014123917,u20m,57,-.031533536,31.196161,57.318535,33787.916,3
2023,3,33.4820645634567,q5_19,57,-.022755221,18.112803,45.902969,33787.916,3
2023,2,27.60940191588446,q5_19,57,-.035123672,10.695437,61.261612,33787.916,3
2023,2,2.981389491061304,q5_19,159,-.011315515,2.1965117,26.325905,38.49300000000001,3
2023,1,5.254172331557228,q5_19,159,-.010195706,3.9897892,24.064363,38.49300000000001,3
2023,3,4.130474587085597,q5_19,159,-.011455716,3.0315924,26.604261,38.49300000000001,3
2023,2,11.87976635992527,u20m,159,-.011012373,8.8242407,25.720419,38.49300000000001,3
2023,1,17.17654056847095,u20m,159,-.010092872,13.07938,23.853235,38.49300000000001,3
2023,3,14.59028851240873,u20m,159,-.010694896,10.930903,25.080965,38.49300000000001,3
2023,3,34.5081090927124,nnm,58,-.016017754,22.392252,35.110172,14405.469,3
2019,3,164.8017120361328,hgap,58,.000046740479,165.04068,-.14500329,14405.469,3
2023,1,38.31196948885918,nnm,58,-.016424047,24.589342,35.818119,14405.469,3
2019,1,170.69921875,hgap,58,.00027884694,172.18118,-.86817276,14405.469,3
2023,3,40.24923775653744,q5_19,58,-.022039996,22.198198,44.848152,14405.469,3
2023,3,60.72699651122093,pnm,58,-.025285125,30.682425,49.474819,14405.469,3
2023,2,122.9132786393166,u20m,58,-.021088006,69.553963,43.412167,14405.469,3
2023,2,57.47565627098083,pnm,58,-.025577387,28.811426,49.871948,14405.469,3
2019,2,158.7521667480469,hgap,58,-.00024373429,157.55719,.75273103,14405.469,3
2023,3,129.6399682760239,u20m,58,-.020985147,73.564468,43.254791,14405.469,3
2023,1,136.1463367938995,u20m,58,-.020903455,77.427116,43.12949,14405.469,3
2023,2,30.50738386809826,nnm,58,-.015528768,20.059282,34.24778,14405.469,3
2023,2,40.14539131778938,q5_19,58,-.021760045,22.308916,44.429695,14405.469,3
2023,1,63.96032124757767,pnm,58,-.025035093,32.534966,49.13258,14405.469,3
2023,1,40.35256088328276,q5_19,58,-.022304317,22.096922,45.240349,14405.469,3
2023,1,13.65784835070372,u20m,218,-.0050639305,11.912499,12.779092,376.52,3
2023,3,11.26210484653711,u20m,218,-.0031177613,10.352872,8.0733843,376.52,3
2023,2,1.487217844760913,q5_19,218,.0021780154,1.5772985,-6.0569925,376.52,3
2023,3,2.10432211262479,q5_19,218,-.01418293,1.4348413,31.81456,376.52,3
2023,2,8.760237134993076,u20m,218,-.000055044085,8.7472277,.14850587,376.52,3
2023,1,2.689401012199388,q5_19,218,-.022241943,1.4751889,45.148052,376.52,3
2023,1,33.93878316908028,q5_19,56,-.021436451,19.025387,43.942047,2697.848,3
2023,3,25.20558796823025,pnm,56,-.042631853,7.9725604,68.369873,2697.848,3
2023,1,80.90206235647202,u20m,56,-.030182835,35.812706,55.733261,2697.848,3
2023,2,16.52236096560955,nnm,56,-.035556618,6.3261127,61.711811,2697.848,3
2023,2,66.82982295751572,u20m,56,-.038169861,23.84473,64.320229,2697.848,3
2023,2,28.64405386718516,q5_19,56,-.036800914,10.604954,62.976772,2697.848,3
2023,3,19.31077614426613,nnm,56,-.034062605,7.6980953,60.135754,2697.848,3
2023,1,22.02273532748222,nnm,56,-.03290512,9.0578976,58.870243,2697.848,3
2023,3,31.31818027020827,q5_19,56,-.028674303,14.439862,53.893036,2697.848,3
2023,3,73.96887987852097,u20m,56,-.0338086,29.690058,59.86142,2697.848,3
2023,1,27.18919329345226,pnm,56,-.040977482,8.9928303,66.92498,2697.848,3
2019,1,168.3550415039063,hgap,56,.00054603879,171.22908,-1.7071296,2697.848,3
2019,2,161.7281951904297,hgap,56,.00015544645,162.50941,-.48304471,2697.848,3
2023,2,23.17232079803944,pnm,56,-.044665437,6.9378486,70.059761,2697.848,3
2019,3,165.0649261474609,hgap,56,.00036684988,166.95282,-1.1437279,2697.848,3
2023,3,39.80905190110207,pnm,59,-.043924037,12.159921,69.454384,2153.344999999999,3
2023,1,97.42589294910431,u20m,59,-.035409562,37.451015,61.559486,2153.344999999999,3
2023,1,23.95717991319735,q5_19,59,-.037089135,8.8009653,63.263767,2153.344999999999,3
2023,2,19.20405905487932,q5_19,59,-.045016244,5.695538,70.34201,2153.344999999999,3
2023,1,41.35242477059364,pnm,59,-.043953668,12.621251,69.478813,2153.344999999999,3
2023,2,26.05678699910641,nnm,59,-.028616944,12.032614,53.821575,2153.344999999999,3
2023,2,81.38985186815262,u20m,59,-.038377516,28.877354,64.519714,2153.344999999999,3
2019,3,163.4705047607422,hgap,59,.00025609616,164.77345,-.79705387,2153.344999999999,3
2023,3,30.82128241658211,nnm,59,-.027994642,14.473945,53.039124,2153.344999999999,3
2023,2,38.34577649831772,pnm,59,-.043918274,11.714777,69.449631,2153.344999999999,3
2019,1,168.1699371337891,hgap,59,.00042372759,170.39351,-1.3222171,2153.344999999999,3
2019,2,158.7193603515625,hgap,59,.00006027678,159.01622,-.18703435,2153.344999999999,3
2023,1,35.38275510072708,nnm,59,-.027681932,16.756939,52.640945,2153.344999999999,3
2023,3,89.50947970151901,u20m,59,-.036714561,33.216656,62.89035,2153.344999999999,3
2023,3,21.60561272925632,q5_19,59,-.040633082,7.2128191,66.615997,2153.344999999999,3
2023,1,22.14916041260906,q5_19,51,-.032152969,9.296792,58.026436,1847.556,3
2019,2,158.049560546875,hgap,51,.00029794476,159.51611,-.92790687,1847.556,3
2023,3,24.124875664711,nnm,51,-.031870946,10.20347,57.705605,1847.556,3
2023,1,50.46363547444344,pnm,51,-.035950162,19.117395,62.116493,1847.556,3
2019,1,168.1772613525391,hgap,51,.00057600637,171.20724,-1.8016607,1847.556,3
2023,3,20.04416009612886,q5_19,51,-.036971617,7.3868709,63.147018,1847.556,3
2023,1,96.85265272855759,u20m,51,-.032662217,40.097378,58.599609,1847.556,3
2023,3,89.26675468683243,u20m,51,-.034559693,35.111103,60.667213,1847.556,3
2019,3,163.3526000976563,hgap,51,.00044072603,165.59972,-1.3756231,1847.556,3
2023,1,27.31012552976608,nnm,51,-.031420708,11.691925,57.188316,1847.556,3
2023,2,20.774956792593,nnm,51,-.032553524,8.6261911,58.477936,1847.556,3
2023,2,81.55219256877899,u20m,51,-.036912382,30.10252,63.088032,1847.556,3
2023,2,17.87973907022689,q5_19,51,-.042692762,5.6460919,68.421844,1847.556,3
2023,2,44.99136283993721,pnm,51,-.038696263,15.826274,64.823753,1847.556,3
2023,3,47.66348376870155,pnm,51,-.037172627,17.470341,63.346489,1847.556,3
2023,1,5.305742379277945,u20m,160,-.019360458,3.1457658,40.710167,10242.90999999999,3
2023,1,1.220073192229387,q5_19,160,-.049502186,.32057208,73.725174,10242.90999999999,3
2023,2,1.758837141096592,nnm,160,-.0057132826,1.507412,14.294967,10242.90999999999,3
2019,3,172.8230590820313,hgap,160,.00053196424,175.6967,-1.6627654,10242.90999999999,3
2023,3,.9465163509303487,q5_19,160,-.046672944,.26843768,71.639404,10242.90999999999,3
2022,1,433.0575,math,160,-.0053897686,372.39569,14.007795,10242.90999999999,3
2023,3,1.962310401722789,nnm,160,-.0037443317,1.7736253,9.6154585,10242.90999999999,3
2023,2,1.79511122405529,pnm,160,-.0067481101,1.4961094,16.656452,10242.90999999999,3
2022,2,427.14774,math,160,-.0049858196,371.49188,13.029651,10242.90999999999,3
2019,1,179.2597808837891,hgap,160,.00060853997,182.67357,-1.9043802,10242.90999999999,3
2022,3,430.14633,math,160,-.0051707993,372.16714,13.478945,10242.90999999999,3
2019,2,165.8130798339844,hgap,160,.00027620475,167.23892,-.85990942,10242.90999999999,3
2023,1,2.154052024707198,nnm,160,-.0022095242,2.0293055,5.7912512,10242.90999999999,3
2023,2,4.202989395707846,u20m,160,-.01273651,2.9799612,29.099009,10242.90999999999,3
2023,3,4.772081039845943,u20m,160,-.016458344,3.0599763,35.877529,10242.90999999999,3
2023,1,1.940788817591965,pnm,160,-.014749827,1.3032343,32.850277,10242.90999999999,3
2023,2,.6545223276054335,q5_19,160,-.042240828,.20922355,68.034164,10242.90999999999,3
2023,3,1.870549167506397,pnm,160,-.011076014,1.3870507,25.84794,10242.90999999999,3
2023,1,12.35751062631607,nnm,217,.016830875,19.466551,-57.528091,117.094,3
2023,2,9.772595949470997,nnm,217,.012019283,13.519091,-38.336739,117.094,3
2023,2,19.16099153459072,u20m,217,.0035887184,21.110529,-10.174512,117.094,3
2019,1,178.6999206542969,hgap,217,.00089909864,183.75072,-2.8264122,117.094,3
2023,2,4.479595140636006,q5_19,217,-.0094236778,3.473259,22.464891,117.094,3
2023,3,21.04275114834309,u20m,217,.00044035862,21.294436,-1.196062,117.094,3
2019,2,165.9886779785156,hgap,217,.00052885292,168.73239,-1.6529521,117.094,3
2023,3,5.02146827057004,pnm,217,-.0043567363,4.4642019,11.097677,117.094,3
2023,1,22.85046502947807,u20m,217,-.0018600364,21.731232,4.898077,117.094,3
2023,2,5.023960955440998,pnm,217,.00031963535,5.0675063,-.86675352,117.094,3
2023,3,11.12180203199387,nnm,217,.014984585,16.668007,-49.867863,117.094,3
2019,3,172.5402221679688,hgap,217,.0007429368,176.56012,-2.3298321,117.094,3
2023,1,5.57109272528622,q5_19,217,-.030235766,2.4626193,55.796474,117.094,3
2023,1,5.081460811197758,pnm,217,-.0074597578,4.1544719,18.242567,117.094,3
2023,3,5.03635050872886,q5_19,217,-.021973122,2.7826602,44.748478,117.094,3
2023,2,4.951846320182085,pnm,246,-.00030044132,4.91184,.80790794,55.95100000000002,3
2023,2,27.41462364792824,u20m,246,-.0045779771,24.227085,11.627147,55.95100000000002,3
2023,1,27.00603506441768,q5_19,246,-.0021550667,25.479483,5.6526341,55.95100000000002,3
2023,1,6.448064465075731,nnm,246,.0015198418,6.7181697,-4.1889348,55.95100000000002,3
2023,1,6.437681149691343,pnm,246,.0065330304,7.6795444,-19.290537,55.95100000000002,3
2023,2,5.530791822820902,nnm,246,.0079947552,6.863307,-24.092665,55.95100000000002,3
2023,2,17.13856111066847,q5_19,246,-.009469958,13.271808,22.561716,55.95100000000002,3
2023,3,6.022673100233078,nnm,246,.004698372,6.8372612,-13.525358,55.95100000000002,3
2023,1,39.50339928269386,u20m,246,-.0002361763,39.252296,.63564867,55.95100000000002,3
2019,3,167.6705322265625,hgap,246,.00027875302,169.1257,-.86787444,55.95100000000002,3
2023,3,22.22670203832822,q5_19,246,-.0045780065,19.642355,11.627218,55.95100000000002,3
2019,2,161.3955535888672,hgap,246,.0001303176,162.04889,-.40480396,55.95100000000002,3
2023,3,33.64579379558563,u20m,246,-.0017271683,32.112793,4.5562925,55.95100000000002,3
2023,3,5.690267775207758,pnm,246,.0032070987,6.2049599,-9.0451298,55.95100000000002,3
2019,1,173.84375,hgap,246,.00041847202,176.11365,-1.3057113,55.95100000000002,3
2023,2,25.78883804380894,u20m,219,-.031029997,11.157722,56.734299,18124.842,3
2019,2,150.9139709472656,hgap,219,.00066443736,154.05466,-2.0811102,18124.842,3
2023,1,34.51395407319069,u20m,219,-.030609431,15.103236,56.240204,18124.842,3
2023,3,9.519899263978004,nnm,219,-.040246069,3.2115073,66.26532,18124.842,3
2019,1,164.3575134277344,hgap,219,.0012241922,170.71474,-3.867924,18124.842,3
2019,3,157.7088317871094,hgap,219,.0009557305,162.45128,-3.0070903,18124.842,3
2023,3,12.04481534659863,pnm,219,-.032816671,4.9658484,58.7719,18124.842,3
2023,3,8.968554099686553,q5_19,219,-.017795421,5.5469494,38.151131,18124.842,3
2023,1,11.01601120412177,q5_19,219,-.020410635,6.3487802,42.367702,18124.842,3
2023,2,6.87068649360234,q5_19,219,-.01332194,4.7949901,30.210903,18124.842,3
2022,1,350.5671,math,219,,,,18124.842,3
2023,2,10.9934788197279,pnm,219,-.038552515,3.8821316,64.686958,18124.842,3
2023,1,13.03479354828596,pnm,219,-.028072093,6.1084661,53.137222,18124.842,3
2023,1,10.86653117090464,nnm,219,-.043878306,3.3233497,69.416649,18124.842,3
2022,2,338.0801,math,219,,,,18124.842,3
2023,3,30.22622689604759,u20m,219,-.030750139,13.176781,56.406136,18124.842,3
2022,3,344.1995,math,219,,,,18124.842,3
2023,2,8.145095780491829,nnm,219,-.035016172,3.1644502,61.149014,18124.842,3
2023,2,9.424884803593159,u20m,216,-.032182887,3.9527657,58.060329,303.409,3
2023,2,1.366752478085154,q5_19,216,-.10337982,.083842315,93.865585,303.409,3
2023,1,3.355102643032515,q5_19,216,-.10112062,.21876124,93.479744,303.409,3
2023,1,17.34676398336887,u20m,216,-.036841519,6.4152946,63.017342,303.409,3
2023,3,13.45410104840994,u20m,216,-.035363492,5.1782627,61.511642,303.409,3
2023,3,2.371112550063059,q5_19,216,-.10213616,.15042104,93.656097,303.409,3
2023,1,5.664265714585781,nnm,254,-.033973284,2.263469,60.039497,166.5250000000001,3
2023,2,3.400810024753564,q5_19,254,-.048859894,.90918791,73.265549,166.5250000000001,3
2023,2,4.818775225430727,pnm,254,-.0018801879,4.580255,4.9498096,166.5250000000001,3
2023,3,4.867054683236227,q5_19,254,-.031046102,2.1048501,56.753105,166.5250000000001,3
2023,1,6.262375719847113,q5_19,254,-.020201206,3.6296167,42.040897,166.5250000000001,3
2023,3,18.11896450817585,u20m,254,-.0096645933,13.957474,22.967598,166.5250000000001,3
2023,1,20.80842480063438,u20m,254,-.0099998433,15.884792,23.661726,166.5250000000001,3
2023,2,15.26350155472755,u20m,254,-.0089969328,11.971721,21.566355,166.5250000000001,3
2023,2,7.118699606508017,nnm,254,.011583311,9.7325354,-36.717884,166.5250000000001,3
2023,3,6.095548160374165,nnm,254,-.01640602,3.9141419,35.786877,166.5250000000001,3
2023,1,9.02456883341074,pnm,254,.017771475,14.581893,-61.579941,166.5250000000001,3
2023,3,7.265462540090084,pnm,254,.014730299,10.814092,-48.842438,166.5250000000001,3
2023,2,5.065692172534719,q5_19,220,-.03179346,2.1469913,57.61702,826.3599999999998,3
2023,1,7.123417113257813,q5_19,220,-.037236974,2.6064503,63.41011,826.3599999999998,3
2023,2,27.44019217789173,u20m,220,-.030240366,12.128025,55.801968,826.3599999999998,3
2023,1,35.68892925977707,u20m,220,-.031765547,15.137435,57.585068,826.3599999999998,3
2019,3,165.9743957519531,hgap,220,.00083592429,170.3316,-2.6252291,826.3599999999998,3
2023,1,10.818712413311,pnm,220,-.05037982,2.7760308,74.340469,826.3599999999998,3
2023,3,15.76540060341358,nnm,220,-.0177071,9.7740021,38.003464,826.3599999999998,3
2019,2,159.5686645507813,hgap,220,.00056332449,162.3797,-1.7616462,826.3599999999998,3
2023,2,9.378077462315559,pnm,220,-.044571873,2.8149211,69.984024,826.3599999999998,3
2023,2,13.23445606976748,nnm,220,-.018777795,7.9711061,39.77005,826.3599999999998,3
2023,3,31.63744881749153,u20m,220,-.031090442,13.665844,56.804848,826.3599999999998,3
2019,1,172.1502532958984,hgap,220,.00093002163,177.1857,-2.9250298,826.3599999999998,3
2023,3,6.111743902849187,q5_19,220,-.034930065,2.3799999,61.058578,826.3599999999998,3
2023,3,10.07612328976393,pnm,220,-.048077412,2.7513134,72.694725,826.3599999999998,3
2023,1,18.14808137714863,nnm,220,-.01732726,11.367164,37.364376,826.3599999999998,3
2022,2,535.7127,math,104,-.0031681398,490.23755,8.4887199,7442.739000000001,3
2023,1,1.857251259748116,q5_19,104,-.0046151914,1.6396575,11.715903,7442.739000000001,3
2023,3,3.347896737977862,u20m,104,-.028826647,1.5372773,54.082294,7442.739000000001,3
2023,3,1.553989205085426,q5_19,104,-.0096403277,1.1978598,22.917112,7442.739000000001,3
2019,3,167.7986602783203,hgap,104,.0010507455,173.35437,-3.3109381,7442.739000000001,3
2019,1,174.8348999023438,hgap,104,.0011977911,181.44882,-3.782953,7442.739000000001,3
2023,2,1.246800930367886,q5_19,104,-.016720014,.79385114,36.32896,7442.739000000001,3
2022,3,540.3518,math,104,-.0037930172,485.90637,10.075922,7442.739000000001,3
2019,2,160.6180572509766,hgap,104,.0008517048,164.91531,-2.6754503,7442.739000000001,3
2023,1,3.759796265512705,u20m,104,-.025951346,1.8657786,50.375542,7442.739000000001,3
2022,1,544.4365,math,104,-.0043034847,482.63165,11.352077,7442.739000000001,3
2023,2,2.923965221270919,u20m,104,-.032286942,1.2228611,58.17799,7442.739000000001,3
2023,2,19.70046758651733,u20m,222,-.0345027,7.7606764,60.60664,10644.855,3
2023,2,7.27181788533926,nnm,222,-.031040709,3.1452932,56.746811,10644.855,3
2019,2,155.1831359863281,hgap,222,.00077719492,158.96738,-2.4385643,10644.855,3
2023,3,6.992661394178867,pnm,222,-.041023117,2.3099759,66.965714,10644.855,3
2023,2,6.491465959697962,pnm,222,-.040948946,2.1487083,66.89949,10644.855,3
2019,1,169.5905456542969,hgap,222,.0010381491,175.13719,-3.2706106,10644.855,3
2023,3,22.71219901740551,u20m,222,-.032894675,9.3441076,58.858639,10644.855,3
2023,2,6.067612902355468,q5_19,222,-.032333713,2.5343952,58.23077,10644.855,3
2023,1,25.57546459138393,u20m,222,-.031696755,10.867983,57.506214,10644.855,3
2019,3,162.539306640625,hgap,222,.00092851231,167.2858,-2.9202108,10644.855,3
2023,1,7.459694985300303,pnm,222,-.041066587,2.4613664,67.004463,10644.855,3
2023,3,7.37879242251227,q5_19,222,-.027621001,3.5002801,52.562969,10644.855,3
2023,1,8.628508267297663,q5_19,222,-.024403038,4.4646444,48.257053,10644.855,3
2023,1,9.707174263894558,nnm,222,-.031267956,4.1729798,57.011383,10644.855,3
2023,3,8.514266461133957,nnm,222,-.031188121,3.6680636,56.918617,10644.855,3
2023,2,1.700897502244114,q5_19,151,.0038295246,1.8861792,-10.893173,3896.023999999999,3
2019,2,166.8030700683594,hgap,151,.00023094621,168.00156,-.71850377,3896.023999999999,3
2022,3,463.1052,math,151,-.0017182942,441.35168,4.6973162,3896.023999999999,3
2022,2,459.75385,math,151,-.0011859908,444.73718,3.2662406,3896.023999999999,3
2023,2,2.301231259480119,nnm,151,-.018406948,1.3999783,39.163948,3896.023999999999,3
2023,1,2.748189959675074,nnm,151,-.018445734,1.6701404,39.227623,3896.023999999999,3
2023,3,2.467994816558017,q5_19,151,-.0057675368,2.1120996,14.420418,3896.023999999999,3
2023,1,3.189941094805748,q5_19,151,-.0106982,2.3896599,25.087648,3896.023999999999,3
2019,1,180.7589111328125,hgap,151,.00012881603,181.48218,-.40012777,3896.023999999999,3
2023,3,2.531217643991113,nnm,151,-.01846789,1.5373613,39.263966,3896.023999999999,3
2023,2,1.309470739215612,pnm,151,-.023007613,.70357382,46.270367,3896.023999999999,3
2023,3,6.41927681863308,u20m,151,-.016706239,4.0887408,36.305275,3896.023999999999,3
2023,1,7.470669690519571,u20m,151,-.019227123,4.445322,40.496338,3896.023999999999,3
2023,1,1.550498651340604,pnm,151,-.036181141,.58373147,62.352016,3896.023999999999,3
2022,1,466.24802,math,151,-.0022372324,437.93707,6.0720787,3896.023999999999,3
2019,3,173.99951171875,hgap,151,.00021951192,175.18759,-.68280643,3896.023999999999,3
2023,3,1.433468773029745,pnm,151,-.030582683,.62773621,56.208588,3896.023999999999,3
2023,2,5.302449688315392,u20m,151,-.013019336,3.73089,29.638371,3896.023999999999,3
2023,1,27.08352716770568,q5_19,221,-.0080779968,21.776247,19.59597,11637.402,3
2023,2,13.31737922531861,q5_19,221,-.039948203,4.5288515,65.99292,11637.402,3
2023,2,63.12638521194458,u20m,221,-.03119584,27.190052,56.927597,11637.402,3
2019,3,166.4177703857422,hgap,221,.0007767874,170.47382,-2.4372671,11637.402,3
2023,1,33.60633179545403,pnm,221,-.039179228,11.668295,65.279472,11637.402,3
2023,2,22.43087254464626,nnm,221,-.0168784,14.221024,36.600666,11637.402,3
2023,2,28.69404293596745,pnm,221,-.038792469,10.067304,64.915001,11637.402,3
2023,3,74.74830001592636,u20m,221,-.025768537,37.276981,50.129993,11637.402,3
2023,1,86.05175465345383,u20m,221,-.021730356,47.857571,44.385132,11637.402,3
2019,2,160.5749969482422,hgap,221,.00037119418,162.43341,-1.1573493,11637.402,3
2023,3,20.2665973853845,q5_19,221,-.01956434,11.950067,41.035656,11637.402,3
2019,1,172.2290496826172,hgap,221,.0011490292,178.4744,-3.6261861,11637.402,3
2023,3,25.21679922938347,nnm,221,-.014650414,16.978523,32.669792,11637.402,3
2023,1,27.94246934354305,nnm,221,-.012863108,19.743885,29.340944,11637.402,3
2023,3,31.17811679840088,pnm,221,-.038986091,10.881804,65.097946,11637.402,3
2022,1,480.1987,math,163,-.00032233587,475.88422,.89847887,9686.465,3
2023,2,1.756722573190928,nnm,163,-.044002634,.53546423,69.519135,9686.465,3
2019,2,162.5462493896484,hgap,163,.00032334385,164.18375,-1.0074037,9686.465,3
2023,2,1.611726358532906,pnm,163,-.031543862,.6877166,57.330437,9686.465,3
2023,1,2.808163838471711,q5_19,163,-.0084358668,2.2361653,20.369131,9686.465,3
2023,1,2.292798133566976,nnm,163,-.048532199,.6184144,73.027962,9686.465,3
2022,2,465.34106,math,163,-.001561312,445.43613,4.2774935,9686.465,3
2019,3,169.7870788574219,hgap,163,.00021702908,170.93324,-.67505956,9686.465,3
2022,3,472.77612,math,163,-.00089877367,461.02686,2.4851646,9686.465,3
2023,2,5.094187334179878,u20m,163,-.029901518,2.2722242,55.395748,9686.465,3
2023,1,7.106896489858627,u20m,163,-.031209493,3.0599828,56.943474,9686.465,3
2023,1,2.02267779968679,pnm,163,-.038111374,.72282743,64.26384,9686.465,3
2023,2,1.734407059900245,q5_19,163,-.011618802,1.2673877,26.926743,9686.465,3
2023,3,2.285427368101778,q5_19,163,-.0096150544,1.762876,22.864491,9686.465,3
2023,3,2.032781951129436,nnm,163,-.046654861,.57679057,71.625557,9686.465,3
2019,1,176.5873260498047,hgap,163,.000054504562,176.88594,-.16910303,9686.465,3
2023,3,1.822742749936879,pnm,163,-.035356898,.70166874,61.504784,9686.465,3
2023,3,6.128443870693445,u20m,163,-.030693227,2.675734,56.339096,9686.465,3
2023,2,26.88032016158104,u20m,106,-.034310888,10.644044,60.402096,281190.0700000001,3
2023,3,10.95601823180914,pnm,106,-.032518238,4.5535016,58.438354,281190.0700000001,3
2023,3,9.684223681688309,nnm,106,-.043135535,3.0217576,68.797112,281190.0700000001,3
2022,1,362.25262,math,106,-.0040898952,323.05569,10.820329,281190.0700000001,3
2023,1,11.67312823235989,pnm,106,-.030837603,5.0767646,56.508961,281190.0700000001,3
2023,2,8.656833791020336,q5_19,106,-.027612239,4.1075163,52.551746,281190.0700000001,3
2023,1,10.2703218389445,q5_19,106,-.02410146,5.357615,47.834011,281190.0700000001,3
2022,2,368.63916,math,106,-.0011182278,357.27576,3.0825274,281190.0700000001,3
2019,3,160.4589080810547,hgap,106,.0012708607,166.90663,-4.018302,281190.0700000001,3
2023,3,29.82416190207005,u20m,106,-.033620771,12.031859,59.657341,281190.0700000001,3
2023,1,32.60114416480064,u20m,106,-.033121694,13.330594,59.110043,281190.0700000001,3
2023,1,11.01803500205278,nnm,106,-.044211164,3.3395367,69.690269,281190.0700000001,3
2019,1,166.2576599121094,hgap,106,.0013536867,173.383,-4.2857189,281190.0700000001,3
2019,2,154.3551635742188,hgap,106,.0011777977,160.09509,-3.7186506,281190.0700000001,3
2023,2,8.253872394561768,nnm,106,-.041907754,2.6622541,67.745392,281190.0700000001,3
2023,3,9.48478220020621,q5_19,106,-.025675694,4.7419333,50.004826,281190.0700000001,3
2022,3,365.52527,math,106,-.0025895739,339.95978,6.9941792,281190.0700000001,3
2023,2,10.2130463346839,pnm,106,-.034419637,4.0322952,60.518192,281190.0700000001,3
2023,2,16.77894219756126,u20m,166,-.015279162,11.10713,33.803158,84.18199999999999,3
2023,1,6.312698934477279,q5_19,166,-.003424054,5.7552581,8.8304682,84.18199999999999,3
2023,1,20.60577273368835,u20m,166,-.0034020178,18.797367,8.7762089,84.18199999999999,3
2023,3,5.333547370026115,q5_19,166,-.0076815239,4.3345399,18.730639,84.18199999999999,3
2023,3,18.77029426395893,u20m,166,-.0085894046,14.885114,20.698559,84.18199999999999,3
2023,2,4.248734635438733,q5_19,166,-.015328358,2.808795,33.891026,84.18199999999999,3
2023,3,6.961823207332407,q5_19,105,-.064192519,1.2302821,82.328163,1438069.597,3
2023,2,34.25110876560211,u20m,105,-.061330561,6.5390625,80.908463,1438069.597,3
2023,3,15.17146732658148,nnm,105,-.052992906,3.6277335,76.088448,1438069.597,3
2023,2,6.518577692408156,q5_19,105,-.070726991,.9656319,85.186462,1438069.597,3
2023,2,13.40853795409203,pnm,105,-.070949547,1.9743789,85.275208,1438069.597,3
2023,3,34.38965603709221,u20m,105,-.058153339,7.1535993,79.198395,1438069.597,3
2023,1,34.52694043517113,u20m,105,-.055249736,7.7678785,77.501976,1438069.597,3
2019,1,166.4952697753906,hgap,105,.00082621956,170.81476,-2.5943611,1438069.597,3
2023,2,14.70310147851706,nnm,105,-.049377382,3.8762536,73.63649,1438069.597,3
2019,2,155.1781768798828,hgap,105,.0013895842,162.00887,-4.4018359,1438069.597,3
2019,3,161.1185302734375,hgap,105,.0011151568,166.78577,-3.5174329,1438069.597,3
2023,1,11.93510927259922,pnm,105,-.055491187,2.6677153,77.64817,1438069.597,3
2023,1,7.366049681395093,q5_19,105,-.058588602,1.5143545,79.441429,1438069.597,3
2023,1,15.61368722468615,nnm,105,-.055371556,3.5012357,77.575859,1438069.597,3
2023,3,12.64042593538761,pnm,105,-.063167907,2.2964549,81.832458,1438069.597,3
2023,2,.9181028733374896,q5_19,165,-.053892177,.21426652,76.662033,5196.632000000001,3
2023,1,2.052053270791276,q5_19,165,-.015126885,1.363991,33.53043,5196.632000000001,3
2019,1,179.0393829345703,hgap,165,.00020466618,180.17894,-.63648391,5196.632000000001,3
2023,3,4.761777352541685,u20m,165,-.026572619,2.323699,51.201015,5196.632000000001,3
2019,3,171.8870391845703,hgap,165,.00027415779,173.35411,-.85350913,5196.632000000001,3
2023,2,1.730172894895077,nnm,165,-.022626748,.93922436,45.715,5196.632000000001,3
2023,2,3.922381903976202,u20m,165,-.029675269,1.7602693,55.12244,5196.632000000001,3
2023,1,1.461322419345379,pnm,165,-.030706268,.63780195,56.354469,5196.632000000001,3
2023,2,1.279080170206726,pnm,165,-.018786384,.77021068,39.784019,5196.632000000001,3
2023,1,5.559316370636225,u20m,165,-.024447227,2.8731244,48.318748,5196.632000000001,3
2023,3,1.373517443425953,pnm,165,-.025360644,.69255859,49.577736,5196.632000000001,3
2023,1,2.056157449260354,nnm,165,-.028782783,.94525909,54.027885,5196.632000000001,3
2023,3,1.896905247122049,nnm,165,-.026129916,.93680137,50.614223,5196.632000000001,3
2022,2,485.1204,math,165,-.0017540539,461.87006,4.7926955,5196.632000000001,3
2022,1,497.84567,math,165,-.0022226293,467.80731,6.0336685,5196.632000000001,3
2023,3,1.498858241311241,q5_19,165,-.028372249,.69673711,53.515476,5196.632000000001,3
2022,3,491.6483,math,165,-.0019834938,465.08762,5.4023747,5196.632000000001,3
2019,2,164.4968566894531,hgap,165,.00013154648,165.16904,-.40862799,5196.632000000001,3
2023,3,5.598129704594612,nnm,107,-.036464665,2.0915105,62.639118,90608.70900000002,3
2019,3,168.5977630615234,hgap,107,.00084199198,173.0564,-2.6445389,90608.70900000002,3
2019,2,161.1837005615234,hgap,107,.0010067514,166.29346,-3.1701446,90608.70900000002,3
2023,1,5.805664695799351,pnm,107,-.036117543,2.1894722,62.287312,90608.70900000002,3
2023,3,19.41312104463577,u20m,107,-.030262114,8.575181,55.827911,90608.70900000002,3
2023,2,16.77392795681953,u20m,107,-.03316766,6.8503442,59.160763,90608.70900000002,3
2023,1,6.38935761526227,nnm,107,-.037482161,2.322433,63.651543,90608.70900000002,3
2023,2,4.732400178909302,nnm,107,-.035057932,1.8365123,61.192795,90608.70900000002,3
2019,1,175.6229400634766,hgap,107,.00066594395,179.28622,-2.0858803,90608.70900000002,3
2023,1,21.91189490258694,u20m,107,-.028095273,10.262097,53.166546,90608.70900000002,3
2023,2,5.734422328732003,q5_19,107,-.025341114,2.8929505,49.551144,90608.70900000002,3
2023,3,7.860545003618991,q5_19,107,-.019891992,4.5940967,41.554985,90608.70900000002,3
2023,1,9.87401364867846,q5_19,107,-.016764926,6.2792678,36.406128,90608.70900000002,3
2023,3,6.080012768507004,pnm,107,-.037595499,2.2032385,63.7626,90608.70900000002,3
2023,2,6.401068530976772,pnm,107,-.038910482,2.2386699,65.026619,90608.70900000002,3
2023,3,10.84997598081827,pnm,108,-.039901882,3.6943777,65.950363,45074.056,3
2019,3,166.4247741699219,hgap,108,.00081378646,170.67664,-2.5548248,45074.056,3
2019,2,158.7487487792969,hgap,108,.00052116788,161.33435,-1.6287384,45074.056,3
2023,1,11.18713803589344,pnm,108,-.042156506,3.5842135,67.961304,45074.056,3
2023,3,30.40040284395218,u20m,108,-.039055161,10.590597,65.162971,45074.056,3
2023,2,26.53707936406136,u20m,108,-.037553918,9.6271496,63.721893,45074.056,3
2023,1,34.06152501702309,u20m,108,-.04015296,11.519469,66.180405,45074.056,3
2023,3,7.727566764112237,q5_19,108,-.052743915,1.8602451,75.927155,45074.056,3
2023,3,12.13105209171772,nnm,108,-.029826662,5.4219122,55.305508,45074.056,3
2023,1,13.98790627717972,nnm,108,-.027159588,6.7186298,51.968296,45074.056,3
2023,2,10.51879767328501,pnm,108,-.036919177,3.8819833,63.094799,45074.056,3
2023,2,6.101305636004861,q5_19,108,-.04594909,1.7645177,71.079674,45074.056,3
2019,1,173.7936859130859,hgap,108,.0010294921,179.42964,-3.2429001,45074.056,3
2023,2,10.14918461441994,nnm,108,-.033974487,4.0555334,60.040794,45074.056,3
2023,1,9.275013429025037,q5_19,108,-.056832038,1.9994237,78.442902,45074.056,3
2022,3,458.914,math,164,-.0071231858,375.93402,18.081814,387.5589999999999,3
2023,1,1.574923982843757,pnm,164,.0091741839,2.0176027,-28.107941,387.5589999999999,3
2023,3,2.049723640084267,u20m,164,-.09771841,.14650552,92.852425,387.5589999999999,3
2019,2,168.9134826660156,hgap,164,.000053718548,169.19501,-.16666797,387.5589999999999,3
2023,1,.708075328260338,q5_19,164,-.15176821,.011761233,98.338989,387.5589999999999,3
2023,1,.952554983086884,nnm,164,.060207028,4.8403268,-408.14145,387.5589999999999,3
2019,3,175.4875030517578,hgap,164,.00011090643,176.09189,-.34440365,387.5589999999999,3
2023,3,.9513079421594739,pnm,164,-.061042115,.18303926,80.759201,387.5589999999999,3
2023,1,3.232265589758754,u20m,164,-.047190558,.90396762,72.033005,387.5589999999999,3
2023,2,.2591844531707466,nnm,164,-.18220444,.0018927295,99.269737,387.5589999999999,3
2023,3,.6154875736683607,nnm,164,-.05301521,.14708404,76.102844,387.5589999999999,3
2023,2,.2500444668652735,q5_19,164,-.21149066,.00082811021,99.668816,387.5589999999999,3
2023,2,.7938649505376816,u20m,164,-.19775362,.0038097568,99.520103,387.5589999999999,3
2023,3,.4842721572133613,q5_19,164,-.17026515,.0048816721,98.991959,387.5589999999999,3
2019,1,182.1015777587891,hgap,164,.00027857115,183.68097,-.86731344,387.5589999999999,3
2022,1,460.5763,math,164,-.0061355205,387.87534,15.784781,387.5589999999999,3
2023,2,.2848458534572273,pnm,164,-.198386,.0013438332,99.528221,387.5589999999999,3
2022,2,457.18365,math,164,-.0081383754,364.02066,20.377586,387.5589999999999,3
2019,2,162.2225494384766,hgap,109,.0002542873,163.50639,-.79140908,9256.310999999998,3
2022,1,463.43143,math,109,-.0019162929,439.22079,5.2242107,9256.310999999998,3
2023,1,1.694672973826528,nnm,109,-.016131459,1.0962995,35.309082,9256.310999999998,3
2023,2,1.211286522448063,nnm,109,-.034210064,.48095158,60.294151,9256.310999999998,3
2019,3,169.2717590332031,hgap,109,.00017671156,170.20158,-.5493089,9256.310999999998,3
2023,2,1.748597010940767,q5_19,109,.014836228,2.6101089,-49.268745,9256.310999999998,3
2023,1,2.717900322750211,pnm,109,.018403701,4.4671898,-64.361794,9256.310999999998,3
2023,1,8.228180930018425,u20m,109,.0184999,13.559159,-64.789268,9256.310999999998,3
2023,2,5.181198939681053,u20m,109,.0012032331,5.3522863,-3.3020813,9256.310999999998,3
2022,3,457.89667,math,109,-.0018574708,434.69052,5.0679879,9256.310999999998,3
2023,2,2.230029553174973,pnm,109,.015225611,3.3639178,-50.846333,9256.310999999998,3
2023,3,2.818718790281283,q5_19,109,.03096378,6.5032659,-130.71709,9256.310999999998,3
2023,1,3.837127355474812,q5_19,109,.03885708,10.955758,-185.51979,9256.310999999998,3
2023,3,2.481854055076838,pnm,109,.017064491,3.9343557,-58.524864,9256.310999999998,3
2022,2,452.21875,math,109,-.0018687925,429.16431,5.0980735,9256.310999999998,3
2023,3,1.457887701690197,nnm,109,-.02393412,.76396549,47.597782,9256.310999999998,3
2023,3,6.743747740983963,u20m,109,.01167355,9.2424011,-37.051407,9256.310999999998,3
2019,1,175.9835662841797,hgap,109,.000087376873,176.46089,-.27123296,9256.310999999998,3
2023,1,1.492011360824108,nnm,167,-.02984537,.66651016,55.328075,59499.45199999999,3
2023,3,4.051177762448788,u20m,167,-.025629694,2.0279105,49.942692,59499.45199999999,3
2023,3,1.404974515859303,q5_19,167,-.024554187,.72401446,48.467789,59499.45199999999,3
2023,1,1.390844699926674,pnm,167,-.032309595,.5813235,58.203564,59499.45199999999,3
2023,3,1.413820078596473,nnm,167,-.024068968,.73818058,47.788223,59499.45199999999,3
2023,1,4.680469632148743,u20m,167,-.028862497,2.147085,54.12672,59499.45199999999,3
2022,2,460.91284,math,167,-.0031776661,421.67477,8.5131207,59499.45199999999,3
2023,2,3.384271170943975,u20m,167,-.020617165,1.9395871,42.688187,59499.45199999999,3
2019,3,168.4318084716797,hgap,167,.00043249308,170.70523,-1.3497583,59499.45199999999,3
2022,3,471.25946,math,167,-.0029402066,434.01669,7.9028158,59499.45199999999,3
2019,2,161.8101654052734,hgap,167,.0002355382,162.99597,-.73283792,59499.45199999999,3
2023,2,1.331715262494981,nnm,167,-.016498132,.85301191,35.946373,59499.45199999999,3
2019,1,174.4246978759766,hgap,167,.00044387204,176.84137,-1.3855101,59499.45199999999,3
2023,3,1.237856224179268,pnm,167,-.028695263,.57041502,53.919121,59499.45199999999,3
2023,2,1.075293053872883,pnm,167,-.023859551,.56461304,47.492172,59499.45199999999,3
2023,2,.9810548262076946,q5_19,167,-.022554295,.5336085,45.608696,59499.45199999999,3
2023,1,1.804888238537083,q5_19,167,-.025421727,.90856582,49.660828,59499.45199999999,3
2022,1,481.97507,math,167,-.002504675,449.33176,6.7728219,59499.45199999999,3
2023,3,13.40314373373985,nnm,223,-.00025587191,13.310866,.68847561,2839.784999999999,3
2023,2,11.64222601801157,nnm,223,.0012676863,12.047608,-3.4820004,2839.784999999999,3
2023,3,7.034150228283242,q5_19,223,.013303966,10.074264,-43.219341,2839.784999999999,3
2019,3,170.7568054199219,hgap,223,.00078129629,174.94305,-2.4515853,2839.784999999999,3
2023,3,26.3181496411562,u20m,223,.0056321761,30.64065,-16.424028,2839.784999999999,3
2023,3,6.099212449043989,pnm,223,.010870871,8.1798449,-34.113132,2839.784999999999,3
2022,2,383.59357,math,223,,,,2839.784999999999,3
2023,2,22.25702069699764,u20m,223,.0057127266,25.968937,-16.677507,2839.784999999999,3
2023,1,15.10652340948582,nnm,223,-.0013721702,14.557089,3.6370683,2839.784999999999,3
2023,2,5.155413464739911,q5_19,223,.010614524,6.8663969,-33.188095,2839.784999999999,3
2023,1,8.846077973095889,q5_19,223,.014837961,13.205048,-49.27573,2839.784999999999,3
2022,3,377.41693,math,223,,,,2839.784999999999,3
2019,1,176.9742279052734,hgap,223,.0010608239,182.89087,-3.3432219,2839.784999999999,3
2023,1,6.558842025697231,pnm,223,.010758081,8.7695217,-33.705334,2839.784999999999,3
2023,2,5.613356828689575,pnm,223,.011103444,7.5756707,-34.957939,2839.784999999999,3
2023,1,30.22158518433571,u20m,223,.0055845371,35.139957,-16.274368,2839.784999999999,3
2019,2,164.3192596435547,hgap,223,.00047208308,166.74168,-1.4742181,2839.784999999999,3
2022,1,370.13974,math,223,,,,2839.784999999999,3
2023,2,12.54043355584145,u20m,168,.014808087,18.704731,-49.155376,103.68,3
2023,2,2.496042259955256,q5_19,168,.015842505,3.8284271,-53.379898,103.68,3
2023,1,3.156481798751276,q5_19,168,.0070786555,3.8212659,-21.060921,103.68,3
2023,3,2.829256911215494,q5_19,168,.010467827,3.7533376,-32.661606,103.68,3
2023,1,12.99501396715641,u20m,168,.0069901263,15.694324,-20.771894,103.68,3
2023,3,12.76568789035082,u20m,168,.010537744,16.967165,-32.912266,103.68,3
2022,1,353.47638,math,111,-.005937431,299.33658,15.316384,11439.221,3
2019,2,159.46240234375,hgap,111,.00043157805,161.61017,-1.3468794,11439.221,3
2019,3,167.2556915283203,hgap,111,.00087031833,171.82965,-2.7347107,11439.221,3
2023,1,6.666486151516438,pnm,111,-.027010079,3.2149789,51.77401,11439.221,3
2023,2,6.302160676568747,nnm,111,-.029251132,2.8608305,54.60556,11439.221,3
2023,1,18.88911798596382,u20m,111,-.035287768,7.2849917,61.432865,11439.221,3
2022,2,368.46002,math,111,-.0071681668,301.45584,18.184925,11439.221,3
2023,3,17.14210212230682,u20m,111,-.033457112,6.9462056,59.478683,11439.221,3
2023,3,6.424429826438427,pnm,111,-.028272688,2.9944043,53.39035,11439.221,3
2023,2,2.945833091833272,q5_19,111,-.038026236,1.0551504,64.181595,11439.221,3
2022,3,361.22803,math,111,-.0065279603,300.88452,16.705101,11439.221,3
2019,1,174.8389739990234,hgap,111,.0013131378,182.10304,-4.1547194,11439.221,3
2023,3,7.325577083975077,nnm,111,-.032396071,3.0546899,58.301033,11439.221,3
2023,1,4.019900769791751,q5_19,111,-.049925052,1.0442312,74.02346,11439.221,3
2023,1,8.318198844790459,nnm,111,-.03465572,3.2633076,60.769062,11439.221,3
2023,2,6.153949536383152,pnm,111,-.029586179,2.7683935,55.014362,11439.221,3
2023,2,15.32658096402884,u20m,111,-.030936675,6.6478829,56.625141,11439.221,3
2023,3,3.486938182252541,q5_19,111,-.045385916,1.0238851,70.636559,11439.221,3
2019,3,165.4543304443359,hgap,110,.00021113805,166.54083,-.65667796,124370.947,3
2023,3,.8283724309876561,nnm,110,-.019663692,.48713592,41.193611,124370.947,3
2023,2,3.56295146048069,u20m,110,-.011833918,2.5884869,27.349924,124370.947,3
2023,3,1.697966395933448,q5_19,110,-.010055896,1.294238,23.777174,124370.947,3
2023,2,1.379006140529326,q5_19,110,.002935546,1.4927541,-8.2485466,124370.947,3
2023,1,.8306479430757463,nnm,110,-.021395309,.46616176,43.879742,124370.947,3
2023,3,1.441003521904349,pnm,110,-.026211778,.71007955,50.723259,124370.947,3
2022,2,531.14746,math,110,.00078178843,542.90253,-2.2131457,124370.947,3
2023,1,4.339681472629309,u20m,110,-.022841079,2.3422027,46.028236,124370.947,3
2023,1,1.516088144853711,pnm,110,-.030010423,.67425424,55.526714,124370.947,3
2019,1,172.0628204345703,hgap,110,.00023484699,173.32005,-.73068237,124370.947,3
2023,2,1.359240966849029,pnm,110,-.02190382,.75240791,44.644997,124370.947,3
2023,3,3.962297458201647,u20m,110,-.01816405,2.4263661,38.763657,124370.947,3
2019,2,158.5037384033203,hgap,110,.00016733765,159.32811,-.52009583,124370.947,3
2023,1,1.998893010153324,q5_19,110,-.017751206,1.2377695,38.077251,124370.947,3
2022,1,540.06067,math,110,-.00088922872,526.78003,2.4591017,124370.947,3
2022,3,535.5793,math,110,-.000154405,533.2688,.43140227,124370.947,3
2023,2,.828846707008779,nnm,110,-.017219497,.520666,37.18187,124370.947,3
2023,1,4.158520139753819,nnm,112,-.07349214,.57170713,86.252151,20330.109,3
2023,3,5.686333868652582,pnm,112,-.026252307,2.7989755,50.777153,20330.109,3
2023,3,14.3763730302453,u20m,112,-.04256817,4.5550909,68.315437,20330.109,3
2023,1,6.563523318618536,pnm,112,-.021815829,3.6418805,44.513329,20330.109,3
2022,2,425.54648,math,112,-.0014026418,409.15753,3.8512709,20330.109,3
2023,1,16.81168936192989,u20m,112,-.043098886,5.2509265,68.76622,20330.109,3
2023,2,4.778583999723196,pnm,112,-.031799488,2.0249765,57.62392,20330.109,3
2019,1,175.4969329833984,hgap,112,.00066609983,179.15846,-2.0863781,20330.109,3
2019,2,161.7446136474609,hgap,112,.00043834219,163.9575,-1.3681387,20330.109,3
2023,2,3.50338127464056,nnm,112,-.055650763,.77970314,77.74427,20330.109,3
2023,1,6.183066360864742,q5_19,112,-.040389601,2.0777698,66.395805,20330.109,3
2023,2,3.571547442816736,q5_19,112,-.041466065,1.1658089,67.358437,20330.109,3
2022,3,425.43912,math,112,-.0014836953,408.12698,4.0692396,20330.109,3
2023,3,4.905684726616788,q5_19,112,-.040411245,1.6475528,66.415436,20330.109,3
2022,1,425.33615,math,112,-.0015641156,407.11047,4.2850051,20330.109,3
2019,3,168.7657470703125,hgap,112,.00066691567,172.2912,-2.0889616,20330.109,3
2023,2,11.80725172162056,u20m,112,-.04204217,3.7945859,67.862244,20330.109,3
2023,3,3.852952271699905,nnm,112,-.065619841,.65514672,82.996239,20330.109,3
2023,1,19.97777819633484,nnm,60,-.015677884,13.083053,34.511974,55339.00799999999,3
2023,1,24.3848841637373,pnm,60,-.021862879,13.513183,44.583775,55339.00799999999,3
2023,2,14.890406280756,nnm,60,-.018642556,9.0012922,39.549721,55339.00799999999,3
2023,3,56.76625296473503,u20m,60,-.017207349,35.6712,37.161259,55339.00799999999,3
2023,3,23.96519295871258,pnm,60,-.02042108,13.807796,42.383957,55339.00799999999,3
2023,2,15.1251598415173,q5_19,60,-.014186143,10.312263,31.820473,55339.00799999999,3
2023,1,60.85168942809105,u20m,60,-.01724023,38.204502,37.217022,55339.00799999999,3
2023,2,23.55039678514004,pnm,60,-.018901542,14.137079,39.970951,55339.00799999999,3
2023,3,16.44086089569419,q5_19,60,-.013955431,11.279345,31.394442,55339.00799999999,3
2019,1,170.4552612304688,hgap,60,.00047044698,172.95937,-1.4690685,55339.00799999999,3
2023,2,52.63916775584221,u20m,60,-.01719068,33.092678,37.132977,55339.00799999999,3
2019,3,164.8604583740234,hgap,60,.00025918637,166.19041,-.8067162,55339.00799999999,3
2019,2,159.4338073730469,hgap,60,.00013209465,160.08801,-.41033036,55339.00799999999,3
2023,1,17.75520044671641,q5_19,60,-.013777439,12.239735,31.063946,55339.00799999999,3
2023,3,17.45251938700676,nnm,60,-.016918533,11.052798,36.669327,55339.00799999999,3
2019,2,160.2019348144531,hgap,114,.0003419118,161.90898,-1.0655593,7073.523,3
2023,3,22.27642573416233,u20m,114,-.034210008,8.8450565,60.294094,7073.523,3
2023,2,7.828991860151291,nnm,114,-.053830236,1.8301855,76.622971,7073.523,3
2023,1,7.027951137089428,q5_19,114,-.014179206,4.7925215,31.807701,7073.523,3
2023,1,25.72974562644958,u20m,114,-.031950649,10.858849,57.796516,7073.523,3
2019,3,166.0184936523438,hgap,114,.00048915471,168.55515,-1.5279331,7073.523,3
2019,1,171.6648101806641,hgap,114,.00054836093,174.60791,-1.7144457,7073.523,3
2023,1,8.63629300147295,pnm,114,-.017637914,5.3642135,37.887547,7073.523,3
2023,3,5.375126443184608,q5_19,114,-.02239576,2.9361422,45.375385,7073.523,3
2023,2,3.627307246155898,q5_19,114,-.038099974,1.2966595,64.252838,7073.523,3
2023,3,9.087137877941132,nnm,114,-.053193353,2.1611478,76.217506,7073.523,3
2023,3,7.977996952831745,pnm,114,-.01728991,5.0021095,37.301186,7073.523,3
2023,2,7.274716626852751,pnm,114,-.016950902,4.6031027,36.724648,7073.523,3
2023,2,18.6194833368063,u20m,114,-.037561502,6.7534127,63.729324,7073.523,3
2023,1,10.28670649975538,nnm,114,-.05266184,2.4817965,75.873749,7073.523,3
2022,3,336.39603,math,100,,,,17423.88399999999,3
2023,2,32.2386771440506,u20m,100,-.040102471,10.917862,66.134277,17423.88399999999,3
2023,3,12.22958415746689,pnm,100,-.046794768,3.4569933,71.732536,17423.88399999999,3
2022,1,334.23004,math,100,,,,17423.88399999999,3
2023,1,13.46104126423597,pnm,100,-.047461942,3.7371647,72.237183,17423.88399999999,3
2023,3,18.5217634990692,q5_19,100,-.018388599,11.273494,39.133801,17423.88399999999,3
2023,1,49.29330945014954,u20m,100,-.029707653,22.102301,55.161663,17423.88399999999,3
2022,2,338.2048,math,100,,,,17423.88399999999,3
2019,1,165.3497009277344,hgap,100,.0010110873,170.61446,-3.1840127,17423.88399999999,3
2023,1,12.12284155189991,nnm,100,-.043496192,3.7460213,69.09948,17423.88399999999,3
2023,2,9.371372871100903,nnm,100,-.045781307,2.7225373,70.948364,17423.88399999999,3
2019,3,160.0379943847656,hgap,100,.00094150502,164.7778,-2.9616761,17423.88399999999,3
2019,2,154.74951171875,hgap,100,.00097522163,159.49931,-3.0693483,17423.88399999999,3
2023,1,24.49530162175406,q5_19,100,-.011506005,17.954113,26.70385,17423.88399999999,3
2023,2,12.2753433581978,q5_19,100,-.03141062,5.2567129,57.176651,17423.88399999999,3
2023,3,40.97878560423851,u20m,100,-.033823378,16.44174,59.877434,17423.88399999999,3
2023,2,10.94261184334755,pnm,100,-.045908466,3.1681123,71.047935,17423.88399999999,3
2023,3,10.78310236334801,nnm,100,-.044419415,3.2500033,69.860222,17423.88399999999,3
2023,1,18.10399066429857,q5_19,255,-.0044580712,16.050892,11.340587,132.5410000000001,3
2023,3,69.9804276227951,u20m,255,-.0061770561,59.230408,15.361466,132.5410000000001,3
2023,3,20.02162113785744,nnm,255,-.0031474163,18.390469,8.1469555,132.5410000000001,3
2023,1,22.40405045449734,nnm,255,-.0025795514,20.896755,6.7277799,132.5410000000001,3
2023,2,13.9910413697597,q5_19,255,-.0090607936,10.954779,21.701477,132.5410000000001,3
2019,1,170.0907745361328,hgap,255,.00026473351,171.4924,-.82404619,132.5410000000001,3
2023,2,17.48761534690857,nnm,255,-.0039391252,15.723187,10.089585,132.5410000000001,3
2023,1,76.91170275211334,u20m,255,-.0046875649,67.76825,11.888247,132.5410000000001,3
2019,3,165.59033203125,hgap,255,.00065768848,169.0011,-2.059762,132.5410000000001,3
2023,2,62.69638240337372,u20m,255,-.0080516785,50.446251,19.538816,132.5410000000001,3
2023,1,38.34707662463188,pnm,255,-.0062302989,32.409779,15.483052,132.5410000000001,3
2023,3,35.50129383802414,pnm,255,-.0079489229,28.644121,19.315275,132.5410000000001,3
2019,2,161.0399169921875,hgap,255,.0010319207,166.2748,-3.2506714,132.5410000000001,3
2023,2,32.47677907347679,pnm,255,-.010069292,24.745768,23.804735,132.5410000000001,3
2023,3,16.04792398140354,q5_19,255,-.0065387324,13.450734,16.183962,132.5410000000001,3
2023,1,10.09315952814715,q5_19,233,-.0081202285,8.1060581,19.687605,46.78300000000001,3
2023,1,5.910248495638371,pnm,233,-.024978548,3.0109844,49.054859,46.78300000000001,3
2019,3,168.1050109863281,hgap,233,.0006073633,171.30013,-1.9006656,46.78300000000001,3
2023,3,22.46115356683731,u20m,233,-.017344428,14.062163,37.393406,46.78300000000001,3
2019,2,162.7824401855469,hgap,233,.00056582142,165.6629,-1.7695168,46.78300000000001,3
2023,3,7.652843590860159,q5_19,233,-.012068795,5.5246496,27.809193,46.78300000000001,3
2023,2,18.68549734354019,u20m,233,-.019118799,11.151122,40.322048,46.78300000000001,3
2023,1,26.33370086550713,u20m,233,-.015647834,17.259418,34.45882,46.78300000000001,3
2023,1,10.55828388780355,nnm,233,-.01748083,6.5858827,37.62355,46.78300000000001,3
2019,1,173.7116546630859,hgap,233,.0010332734,179.36597,-3.2549987,46.78300000000001,3
2023,2,5.373015794961855,q5_19,233,-.017206814,3.376384,37.160355,46.78300000000001,3
2023,3,9.376009926199913,nnm,233,-.017015388,5.9223824,36.834724,46.78300000000001,3
2023,2,5.248862784355879,pnm,233,-.025348289,2.6474783,49.560917,46.78300000000001,3
2023,3,5.598995834589005,pnm,233,-.025192097,2.8360171,49.347755,46.78300000000001,3
2023,2,8.178460411727428,nnm,233,-.016512305,5.2365961,35.970882,46.78300000000001,3
2023,1,4.51283436268568,u20m,131,-.028455447,2.0930626,53.619778,51748.74400000004,3
2023,1,1.134019228629768,nnm,131,-.049240004,.30007824,73.538521,51748.74400000004,3
2023,3,1.663929899223149,pnm,131,-.022341838,.91023964,45.295795,51748.74400000004,3
2023,2,3.663380863144994,u20m,131,-.028418437,1.7007829,53.573406,51748.74400000004,3
2022,3,527.3025,math,131,-.004896902,459.74002,12.81285,51748.74400000004,3
2022,2,524.64233,math,131,-.0036587394,473.55688,9.737195,51748.74400000004,3
2023,2,1.418443513102829,pnm,131,-.032758534,.58571601,58.70713,51748.74400000004,3
2022,1,529.72235,math,131,-.0059351586,448.61658,15.310997,51748.74400000004,3
2019,1,175.5218658447266,hgap,131,.00095279905,180.78354,-2.9977307,51748.74400000004,3
2019,2,163.2254028320313,hgap,131,.0010953713,168.86314,-3.4539607,51748.74400000004,3
2023,1,1.902369549497962,pnm,131,-.013863061,1.3083903,31.223129,51748.74400000004,3
2023,2,1.040181145071983,nnm,131,-.033838227,.41718009,59.893517,51748.74400000004,3
2023,2,1.209202920775199,q5_19,131,-.018021792,.74332124,38.528,51748.74400000004,3
2023,3,1.091682235710323,nnm,131,-.042012293,.35112533,67.836304,51748.74400000004,3
2023,1,1.483102832037342,q5_19,131,-.028366907,.68951273,53.50877,51748.74400000004,3
2023,3,4.100413527339697,u20m,131,-.028574008,1.8957027,53.768013,51748.74400000004,3
2023,3,1.350336210772962,q5_19,131,-.024448402,.6978485,48.320389,51748.74400000004,3
2019,3,169.637451171875,hgap,131,.00086258253,174.23476,-2.7100768,51748.74400000004,3
2023,2,2.618735050823551,q5_19,113,-.013800867,1.8041111,31.107534,4838.783000000001,3
2019,3,168.2818145751953,hgap,113,.001356429,175.50882,-4.2945848,4838.783000000001,3
2019,2,160.1019592285156,hgap,113,.00061932014,163.20544,-1.9384429,4838.783000000001,3
2023,1,13.76985479146242,u20m,113,-.018574776,8.3391628,39.438992,4838.783000000001,3
2023,3,3.590252674932071,q5_19,113,-.025069945,1.8245513,49.18042,4838.783000000001,3
2023,1,4.545612260699272,pnm,113,-.011177216,3.3614674,26.050283,4838.783000000001,3
2023,3,4.290454555302858,nnm,113,-.014111891,2.931082,31.683649,4838.783000000001,3
2023,3,12.09098938852549,u20m,113,-.016803633,7.681097,36.472553,4838.783000000001,3
2023,1,4.52551332147999,q5_19,113,-.029500911,2.0405235,54.910671,4838.783000000001,3
2023,2,3.959349356591702,pnm,113,-.0135717,2.7446232,30.679945,4838.783000000001,3
2023,2,10.33863238990307,u20m,113,-.013551783,7.1706009,30.642656,4838.783000000001,3
2023,2,3.795847063884139,nnm,113,-.013494963,2.6367407,30.536171,4838.783000000001,3
2023,1,4.762403201311827,nnm,113,-.014603345,3.2106137,32.584167,4838.783000000001,3
2023,3,4.259186331182718,pnm,113,-.012331911,3.0529749,28.32023,4838.783000000001,3
2019,1,174.9625091552734,hgap,113,.0011869215,181.52008,-3.7479866,4838.783000000001,3
2019,2,153.0990905761719,hgap,115,.00093851076,157.61876,-2.9521198,7665.002000000002,3
2019,1,162.7805938720703,hgap,115,.0012363528,169.14058,-3.9070907,7665.002000000002,3
2023,1,14.9216115571178,q5_19,115,-.031783424,6.3259368,57.605537,7665.002000000002,3
2023,2,8.668879602792723,q5_19,115,-.045452431,2.5409143,70.68924,7665.002000000002,3
2023,1,18.07555742561817,nnm,115,-.031193262,7.786119,56.924599,7665.002000000002,3
2023,2,13.60697951167822,nnm,115,-.03513857,5.2690048,61.277191,7665.002000000002,3
2023,1,25.43537132441998,pnm,115,-.046602584,7.2273397,71.585472,7665.002000000002,3
2023,3,23.41538108885288,pnm,115,-.04700698,6.5811181,71.894035,7665.002000000002,3
2019,3,158.0131225585938,hgap,115,.0011006462,163.49757,-3.4708834,7665.002000000002,3
2023,1,57.33038857579231,u20m,115,-.03749859,20.829472,63.66766,7665.002000000002,3
2023,2,21.29203267395496,pnm,115,-.047586605,5.8914056,72.330467,7665.002000000002,3
2023,3,15.89016616344452,nnm,115,-.032852814,6.5448236,58.812115,7665.002000000002,3
2023,2,42.97814890742302,u20m,115,-.042706855,13.566544,68.433861,7665.002000000002,3
2023,3,50.32454058527946,u20m,115,-.039682005,17.237352,65.74762,7665.002000000002,3
2023,3,11.85252861632902,q5_19,115,-.03684362,4.383132,63.019436,7665.002000000002,3
2023,1,23.73887971043587,u20m,116,.030496504,54.082996,-127.82455,5773.496999999997,3
2023,1,11.389484629035,nnm,116,.04661179,40.093285,-252.02019,5773.496999999997,3
2018,3,393.45004,math,116,-.0023634569,364.79059,7.2841401,5773.496999999997,3
2018,1,393.6188,math,116,-.012008063,268.03699,31.904425,5773.496999999997,3
2023,3,3.580507328033722,q5_19,116,-.0016438471,3.4250655,4.3413348,5773.496999999997,3
2023,3,8.027747273445129,pnm,116,.026350616,16.352333,-103.69765,5773.496999999997,3
2023,3,22.05591276288033,u20m,116,.029982986,49.556892,-124.68756,5773.496999999997,3
2023,2,9.771243669092655,nnm,116,.047646534,35.371277,-261.99359,5773.496999999997,3
2023,1,8.484769612550735,pnm,116,.028751869,18.440941,-117.34168,5773.496999999997,3
2018,2,393.30518,math,116,.0062587941,480.51923,-22.17465,5773.496999999997,3
2023,3,10.59913448989391,nnm,116,.047045745,37.750828,-256.16898,5773.496999999997,3
2023,2,7.545036263763905,pnm,116,.02350376,14.231978,-88.627037,5773.496999999997,3
2023,1,4.041188298391951,q5_19,116,-.0011731297,3.9151917,3.1178119,5773.496999999997,3
2019,1,178.9571380615234,hgap,116,.001972771,190.24301,-6.3064675,5773.496999999997,3
2019,3,171.6250457763672,hgap,116,.0015986101,180.34453,-5.0805421,5773.496999999997,3
2023,2,3.080663935847494,q5_19,116,-.0029445754,2.8452234,7.6425247,5773.496999999997,3
2023,2,20.27010172605515,u20m,116,.029241279,44.641392,-120.2327,5773.496999999997,3
2019,2,163.6704864501953,hgap,116,.00099596451,168.80261,-3.1356452,5773.496999999997,3
2019,2,156.5414123535156,hgap,62,-.0002388,155.38684,.7375502,5493.035000000002,3
2023,1,21.76531914506974,q5_19,62,-.020735186,12.434412,42.870529,5493.035000000002,3
2023,1,44.57805305719376,pnm,62,-.03016419,19.743189,55.710968,5493.035000000002,3
2023,1,33.78977999091148,nnm,62,-.019335192,20.047575,40.669708,5493.035000000002,3
2023,3,89.8355096578598,u20m,62,-.025048343,45.68066,49.150776,5493.035000000002,3
2023,3,43.36870461702347,pnm,62,-.030713901,18.924603,56.363461,5493.035000000002,3
2019,1,165.4756164550781,hgap,62,-.00018639812,164.5222,.57616639,5493.035000000002,3
2023,2,24.18674901127815,nnm,62,-.020890146,13.760071,43.109051,5493.035000000002,3
2023,1,96.95395082235336,u20m,62,-.023741057,51.071548,47.323914,5493.035000000002,3
2023,2,42.24497452378273,pnm,62,-.031301796,18.143944,57.050644,5493.035000000002,3
2023,2,82.5958177447319,u20m,62,-.02670609,40.160931,51.376556,5493.035000000002,3
2023,3,29.06086109578609,nnm,62,-.019848021,17.004801,41.485558,5493.035000000002,3
2023,3,20.09653359727659,q5_19,62,-.023589537,10.629465,47.107967,5493.035000000002,3
2023,2,18.38866539961204,q5_19,62,-.027017169,8.8664179,51.783245,5493.035000000002,3
2019,3,161.0389556884766,hgap,62,-.00019026126,160.09193,.5880698,5493.035000000002,3
2023,2,62.94429302215576,u20m,63,.11388479,1362.5857,-2064.7485,7305.660999999998,3
2023,3,31.18180581670171,q5_19,63,.13527413,1202.594,-3756.717,7305.660999999998,3
2023,1,9.657849557697773,nnm,63,.020167546,16.648077,-72.378716,7305.660999999998,3
2023,1,30.51382617971354,q5_19,63,.12044012,788.44543,-2483.8958,7305.660999999998,3
2023,1,23.54673855006695,pnm,63,.10157521,365.59198,-1452.6226,7305.660999999998,3
2019,1,176.3925170898438,hgap,63,.0010776051,182.38457,-3.3969979,7305.660999999998,3
2019,2,162.5616607666016,hgap,63,.00067501969,165.99921,-2.1146104,7305.660999999998,3
2023,3,24.22684989869595,pnm,63,.10905042,460.27448,-1799.8528,7305.660999999998,3
2023,3,8.522170595824718,nnm,63,.022524977,15.655863,-83.707458,7305.660999999998,3
2023,1,62.4847449362278,u20m,63,.090197816,713.5578,-1041.9712,7305.660999999998,3
2023,3,62.70962208509445,u20m,63,.1010405,959.68835,-1430.3685,7305.660999999998,3
2023,2,31.88468516652154,q5_19,63,.15299082,1984.0154,-6122.4712,7305.660999999998,3
2023,2,7.329163607209921,nnm,63,.024810277,14.321171,-95.399796,7305.660999999998,3
2019,3,169.6440277099609,hgap,63,.00089633162,174.4239,-2.8175921,7305.660999999998,3
2023,2,24.93614330887794,pnm,63,.1179478,602.3924,-2315.74,7305.660999999998,3
2023,2,9.201839566230774,nnm,234,-.0079789618,7.4184599,19.380686,179.294,3
2023,3,6.727954838424921,pnm,234,-.0075633079,5.4852457,18.470831,179.294,3
2019,1,176.4339294433594,hgap,234,.00081148942,180.92863,-2.5475287,179.294,3
2023,1,9.67578152507631,q5_19,234,.0039957194,10.778037,-11.391902,179.294,3
2023,2,6.397731602191925,pnm,234,-.0093034673,4.9766145,22.212828,179.294,3
2023,3,7.132166414993368,q5_19,234,-.0038783695,6.4230886,9.9419699,179.294,3
2023,1,7.02826539054513,pnm,234,-.0060981633,5.9613056,15.180983,179.294,3
2023,3,24.17220361530781,u20m,234,-.0066480869,20.200453,16.431067,179.294,3
2019,3,170.9865875244141,hgap,234,.00058039144,174.09085,-1.8155011,179.294,3
2023,1,11.78991887718439,nnm,234,-.0079844128,9.5035524,19.392555,179.294,3
2019,2,165.5245361328125,hgap,234,.00044281909,167.81242,-1.3822045,179.294,3
2023,2,4.47194375733917,q5_19,234,-.019577106,2.6359437,41.055973,179.294,3
2023,1,28.22982333600521,u20m,234,-.0035643722,25.639675,9.1752195,179.294,3
2023,3,10.50516590476036,nnm,234,-.0080275312,8.4580936,19.48634,179.294,3
2023,2,19.94314789772034,u20m,234,-.011011451,14.814055,25.718571,179.294,3
2023,3,8.29660426825285,u20m,171,-.014611734,5.591958,32.599438,39.62199999999999,3
2023,2,1.607957806734839,q5_19,171,-.01406623,1.0998533,31.599369,39.62199999999999,3
2023,3,1.795015195960703,q5_19,171,-.015709711,1.1745104,34.568222,39.62199999999999,3
2023,1,8.264509961009026,u20m,171,-.016111648,5.3492475,35.274475,39.62199999999999,3
2023,2,8.333467878401279,u20m,171,-.013039703,5.8603406,29.677048,39.62199999999999,3
2023,1,1.969855037098678,q5_19,171,-.017377915,1.2321446,37.449986,39.62199999999999,3
2023,2,1.87923578972915,q5_19,132,-.046754733,.53178686,71.701965,22971.616,3
2023,1,2.960298908874393,pnm,132,-.041451503,.96666789,67.345596,22971.616,3
2019,1,168.0746459960938,hgap,132,.00064745132,171.48215,-2.0273738,22971.616,3
2019,2,155.8757934570313,hgap,132,.00076457352,159.61446,-2.3984883,22971.616,3
2023,2,2.587422961369157,pnm,132,-.042681921,.81729966,68.412598,22971.616,3
2019,3,162.0599822998047,hgap,132,.00081608741,166.21219,-2.5621417,22971.616,3
2023,1,10.01909654587507,u20m,132,-.045210272,2.9559364,70.496979,22971.616,3
2023,2,3.04025923833251,nnm,132,-.048989333,.80996102,73.358818,22971.616,3
2023,3,8.776813745498657,u20m,132,-.045551963,2.5656464,70.767906,22971.616,3
2023,1,3.956053871661425,nnm,132,-.047391627,1.1003993,72.184425,22971.616,3
2023,3,2.516653085131826,q5_19,132,-.046432532,.71838582,71.454712,22971.616,3
2023,3,3.50728933699429,nnm,132,-.048081167,.95757806,72.697487,22971.616,3
2023,1,3.136109112161445,q5_19,132,-.046510708,.89332378,71.5149,22971.616,3
2023,2,7.488490547984838,u20m,132,-.046149313,2.1540198,71.235596,22971.616,3
2023,3,2.778410213068128,pnm,132,-.041985285,.89429128,67.812843,22971.616,3
2019,3,162.3008880615234,hgap,61,.000054553235,162.57559,-.16925599,2311.476,3
2023,1,34.69442948698997,nnm,61,-.014974895,23.156071,33.257092,2311.476,3
2023,1,43.84680092334747,pnm,61,-.019553732,25.861387,41.018761,2311.476,3
2023,2,86.57767623662949,u20m,61,-.020217072,50.15815,42.065723,2311.476,3
2019,1,167.9243927001953,hgap,61,.000057735393,168.22522,-.17914432,2311.476,3
2023,3,40.67537188529968,pnm,61,-.018766599,24.506163,39.751842,2311.476,3
2023,2,21.73743303377262,q5_19,61,-.033052985,8.9049311,59.034119,2311.476,3
2019,2,156.7207641601563,hgap,61,5.4232610e-06,156.74712,-.016814575,2311.476,3
2023,3,93.35719048976898,u20m,61,-.020091392,54.269661,41.868793,2311.476,3
2023,1,100.1207455992699,u20m,61,-.020030558,58.29707,41.773235,2311.476,3
2023,3,32.2832390666008,nnm,61,-.015007459,21.527836,33.31575,2311.476,3
2023,2,30.01077845692635,nnm,61,-.015070803,19.978264,33.429703,2311.476,3
2023,2,37.39241883158684,pnm,61,-.01797476,23.015076,38.449886,2311.476,3
2023,1,25.02844883715605,q5_19,61,-.030532349,10.975217,56.149033,2311.476,3
2023,3,23.38730526937627,q5_19,61,-.031698059,9.9378014,57.50771,2311.476,3
2022,3,475.14676,math,172,-.00077078486,465.00201,2.1350763,2854.105,3
2023,2,1.455686404369771,nnm,172,-.018200167,.89054024,38.823345,2854.105,3
2023,3,1.376412459649146,pnm,172,-.052079942,.33733529,75.491699,2854.105,3
2023,3,3.458845623946827,q5_19,172,-.036814932,1.2800918,62.99078,2854.105,3
2023,1,8.203598670661449,u20m,172,-.031048497,3.5475724,56.755901,2854.105,3
2023,3,1.860818476416171,nnm,172,-.016172897,1.2024344,35.381424,2854.105,3
2019,2,167.6298980712891,hgap,172,.00020748279,168.71156,-.64526975,2854.105,3
2023,2,2.464298497407258,q5_19,172,-.043119606,.76926315,68.783684,2854.105,3
2023,1,2.247120486572385,nnm,172,-.015171131,1.491868,33.609791,2854.105,3
2023,2,5.093769170343876,u20m,172,-.040895447,1.6885008,66.851646,2854.105,3
2022,1,477.7459,math,172,-.0002432476,474.50305,.67878097,2854.105,3
2023,1,4.416504299037283,q5_19,172,-.032965127,1.8135569,58.936825,2854.105,3
2019,3,174.3895111083984,hgap,172,.00035833439,176.33749,-1.1170298,2854.105,3
2019,1,180.7233123779297,hgap,172,.00039945825,182.97516,-1.2460188,2854.105,3
2023,2,1.182000851258636,pnm,172,-.05967705,.23596501,80.036812,2854.105,3
2023,1,1.560279750265181,pnm,172,-.046006311,.45054141,71.124321,2854.105,3
2023,3,6.682327017188072,u20m,172,-.03492073,2.602849,61.048763,2854.105,3
2022,2,472.59616,math,172,-.001290764,455.82083,3.5496118,2854.105,3
2023,2,15.47052152454853,u20m,173,-.0091222664,12.093102,21.831326,665.101,3
2023,1,2.686368534341455,pnm,173,.024052417,5.1428404,-91.442101,665.101,3
2023,3,12.22878601402044,u20m,173,-.000304185,12.128762,.81793702,665.101,3
2023,1,9.156389161944389,u20m,173,.015611366,13.956688,-52.425674,665.101,3
2018,3,483.42148,math,173,-.0012901248,463.87027,4.0443406,665.101,3
2019,1,178.4613952636719,hgap,173,.00030895052,180.17882,-.96234959,665.101,3
2023,3,3.480066545307636,pnm,173,.0063289907,4.1285825,-18.635159,665.101,3
2023,1,2.018619744660222,q5_19,173,-.038466427,.71449482,64.604782,665.101,3
2023,2,9.209215089868049,q5_19,173,-.010056269,7.0194535,23.777939,665.101,3
2019,2,165.0690155029297,hgap,173,.00010885975,165.62701,-.33803961,665.101,3
2019,3,171.9549102783203,hgap,173,.00020634916,173.0584,-.64172935,665.101,3
2023,1,4.477867856621742,nnm,173,.04782727,16.288891,-263.76443,665.101,3
2023,2,4.284570924937725,pnm,173,-.0049732751,3.7462001,12.565338,665.101,3
2018,2,479.62448,math,173,.000088625478,480.98663,-.28400412,665.101,3
2023,2,2.043689601123333,nnm,173,-.01361502,1.4150307,30.760977,665.101,3
2023,3,3.287098137661815,nnm,173,.024484066,6.3666596,-93.686325,665.101,3
2023,3,5.510286383923146,q5_19,173,-.016091717,3.5684819,35.239628,665.101,3
2018,1,487.11444,math,173,-.0025972824,448.26566,7.9752889,665.101,3
2023,2,6.638223305344582,u20m,170,-.0067057922,5.538856,16.561167,1882.4,3
2023,2,1.75552221480757,nnm,170,-.040328633,.59090102,66.340439,1882.4,3
2023,1,1.609368831850588,pnm,170,-.07014437,.2421844,84.951591,1882.4,3
2023,1,4.460218720360176,q5_19,170,-.016797785,2.8339107,36.462517,1882.4,3
2022,3,483.15945,math,170,-.0015223295,462.99744,4.1729522,1882.4,3
2023,1,1.980057219043374,nnm,170,-.052126024,.48467493,75.522179,1882.4,3
2023,2,1.918151043355465,pnm,170,-.022828858,1.0356016,46.010426,1882.4,3
2023,3,7.353993132710457,u20m,170,-.025795013,3.6648159,50.165634,1882.4,3
2023,2,2.978850621841223,q5_19,170,.036022268,7.87851,-164.48154,1882.4,3
2023,3,1.73828040715307,pnm,170,-.049049549,.46234614,73.4021,1882.4,3
2023,3,1.891924766823649,nnm,170,-.045771372,.54978263,70.940567,1882.4,3
2022,2,478.4573,math,170,-.00289708,441.17813,7.7915354,1882.4,3
2019,1,181.1711120605469,hgap,170,.00058302929,184.47536,-1.8238255,1882.4,3
2019,3,175.1542053222656,hgap,170,.00047560825,177.75578,-1.4853071,1882.4,3
2023,3,3.740643559105639,q5_19,170,.0005725876,3.7989228,-1.5579997,1882.4,3
2022,1,487.9616,math,170,-.00014209461,486.02402,.39707687,1882.4,3
2019,2,168.8066253662109,hgap,170,.00030337274,170.40167,-.94489598,1882.4,3
2023,1,8.030463010072708,u20m,170,-.038577385,2.8338971,64.710663,1882.4,3
2023,3,1.12761210466894,q5_19,117,-.021148754,.63704556,43.504902,713.9160000000003,3
2023,1,5.620863754302263,u20m,117,-.023688914,2.9650226,47.249699,713.9160000000003,3
2023,2,2.587709343060851,u20m,117,-.03717503,.94842482,63.348866,713.9160000000003,3
2023,3,4.149304237216711,u20m,117,-.028113918,1.9422845,53.190117,713.9160000000003,3
2023,2,.7411778955521697,q5_19,117,-.041072492,.24451666,67.00972,713.9160000000003,3
2022,1,559.46155,math,117,.0036291184,619.30017,-10.695752,713.9160000000003,3
2022,3,551.9231600000001,math,117,.0025300304,592.44006,-7.3410406,713.9160000000003,3
2022,2,543.994,math,117,.0013545706,565.02289,-3.8656471,713.9160000000003,3
2023,1,1.507228426036011,q5_19,117,-.010235485,1.1432949,24.145876,713.9160000000003,3
2023,1,14.70734551548958,u20m,235,-.0081862723,11.790778,19.830685,27.54500000000001,3
2023,1,3.575704449990003,q5_19,235,-.0082466919,2.8619452,19.961361,27.54500000000001,3
2023,3,2.772526268781661,q5_19,235,-.009130979,2.1667373,21.84971,27.54500000000001,3
2023,2,1.946528056803398,q5_19,235,-.0080129467,1.5678382,19.454632,27.54500000000001,3
2023,2,9.947869926691055,u20m,235,-.0074164779,8.1426325,18.146975,27.54500000000001,3
2023,3,12.37001921981573,u20m,235,-.0081001204,9.9400549,19.643982,27.54500000000001,3
2023,2,8.186276070773602,pnm,70,-.044915337,2.4345088,70.261093,37712.51700000001,3
2019,3,168.9897613525391,hgap,70,.0011334236,175.03296,-3.5760732,37712.51700000001,3
2023,3,22.46735617518425,u20m,70,-.039429512,7.7482467,65.513313,37712.51700000001,3
2023,3,8.595519699156284,nnm,70,-.040537752,2.8769243,66.529953,37712.51700000001,3
2019,1,176.3518218994141,hgap,70,.0013830831,184.07744,-4.3807979,37712.51700000001,3
2022,2,366.67154,math,70,-.00041340705,362.45163,1.1508694,37712.51700000001,3
2022,1,362.9123,math,70,-.0035737576,328.35522,9.5221558,37712.51700000001,3
2023,2,19.98183317482471,u20m,70,-.037958816,7.1702142,64.116333,37712.51700000001,3
2023,2,4.727280500068431,q5_19,70,-.023151895,2.5300748,46.479275,37712.51700000001,3
2023,1,8.619876578450203,pnm,70,-.046317026,2.4682541,71.365555,37712.51700000001,3
2023,1,6.466728698651836,q5_19,70,-.03271256,2.6736143,58.655846,37712.51700000001,3
2019,2,161.1808624267578,hgap,70,.00078984618,165.17613,-2.4787495,37712.51700000001,3
2023,2,7.199670653790236,nnm,70,-.039593812,2.4719377,65.665962,37712.51700000001,3
2023,3,5.617696172734998,q5_19,70,-.028992012,2.5680256,54.286854,37712.51700000001,3
2023,1,24.83892999589443,u20m,70,-.040512457,8.3192806,66.507088,37712.51700000001,3
2023,3,8.421720936894417,pnm,70,-.045651227,2.455256,70.846146,37712.51700000001,3
2022,3,364.76624,math,70,-.002021271,344.6954,5.5023832,37712.51700000001,3
2023,1,9.95774008333683,nnm,70,-.041240107,3.2702527,67.158684,37712.51700000001,3
2023,1,6.049855146557093,u20m,176,-.023854135,3.1771121,47.484493,38.97899999999999,3
2023,1,2.172672422602773,pnm,176,-.027208315,1.0421995,52.031448,38.97899999999999,3
2023,3,2.379603451117873,nnm,176,-.012627603,1.6921308,28.890219,38.97899999999999,3
2023,2,2.276991028338671,nnm,176,-.0035153269,2.0708125,9.0548697,38.97899999999999,3
2023,1,1.409690542225395,q5_19,176,-.025545953,.70725042,49.829384,38.97899999999999,3
2023,3,1.224634389130563,q5_19,176,-.018934872,.73447508,40.024952,38.97899999999999,3
2023,2,2.224318450316787,pnm,176,-.011845665,1.6154566,27.372963,38.97899999999999,3
2023,1,2.479429356753826,nnm,176,-.019952159,1.4467506,41.649853,38.97899999999999,3
2023,2,5.522555205971003,u20m,176,-.0078638867,4.4661007,19.129814,38.97899999999999,3
2023,2,1.030945877124378,q5_19,176,-.0085734818,.81790644,20.664463,38.97899999999999,3
2023,3,5.792473908513784,u20m,176,-.01672462,3.6876698,36.336876,38.97899999999999,3
2023,3,2.199069829657674,pnm,176,-.019865928,1.2861514,41.513844,38.97899999999999,3
2019,2,162.9612426757813,hgap,175,.00010929367,163.51431,-.33938748,3067.072000000002,3
2023,1,8.174308575689793,nnm,175,-.019403512,4.8409033,40.779049,3067.072000000002,3
2023,1,7.256352808326483,pnm,175,-.011515475,5.3172674,26.722589,3067.072000000002,3
2023,2,3.184446347733072,q5_19,175,-.017382935,1.9916017,37.458462,3067.072000000002,3
2023,3,7.347745820879936,nnm,175,-.016618408,4.6912384,36.154045,3067.072000000002,3
2019,3,169.2194213867188,hgap,175,.00028877638,170.74109,-.89922744,3067.072000000002,3
2023,1,5.542678799637879,q5_19,175,-.024193646,2.8842053,47.963692,3067.072000000002,3
2023,2,5.897588562220335,pnm,175,-.017817829,3.6453857,38.188538,3067.072000000002,3
2023,3,6.594611331820488,pnm,175,-.014335047,4.4781346,32.094032,3067.072000000002,3
2019,1,175.5891571044922,hgap,175,.00039754217,177.76648,-1.2400095,3067.072000000002,3
2023,2,6.464508362114429,nnm,175,-.012952304,4.5567732,29.510908,3067.072000000002,3
2023,2,15.46917296946049,u20m,175,-.015645873,10.139215,34.455349,3067.072000000002,3
2023,3,18.18686909973621,u20m,175,-.016842948,11.541396,36.539951,3067.072000000002,3
2023,1,20.82882635295391,u20m,175,-.017928127,12.836318,38.372341,3067.072000000002,3
2022,1,415.9758,math,175,-.00094181311,405.14957,2.6026113,3067.072000000002,3
2023,3,4.353454049925598,q5_19,175,-.0213464,2.446398,43.805584,3067.072000000002,3
2022,3,414.19806,math,175,-.0018727049,393.03888,5.1084695,3067.072000000002,3
2022,2,412.2254,math,175,-.0028757649,380.33365,7.7364836,3067.072000000002,3
2023,2,38.63361477851868,pnm,64,-.0055663381,33.24258,13.954258,31195.93799999999,3
2023,1,105.7852953672409,u20m,64,-.0026445563,98.49527,6.8913412,31195.93799999999,3
2023,1,46.65910080075264,pnm,64,-.002788255,43.275433,7.2518935,31195.93799999999,3
2019,3,159.1654357910156,hgap,64,.00022182435,160.26372,-.69002533,31195.93799999999,3
2019,1,165.1618804931641,hgap,64,.00029589981,166.68387,-.92151284,31195.93799999999,3
2023,3,23.90687726438046,nnm,64,-.00076024816,23.42115,2.0317461,31195.93799999999,3
2023,3,98.00355136394501,u20m,64,-.0033274579,89.58271,8.5923834,31195.93799999999,3
2019,2,153.0638122558594,hgap,64,.00014983521,153.77643,-.46556789,31195.93799999999,3
2023,1,25.58660879731178,nnm,64,-.0020676523,24.197334,5.4296937,31195.93799999999,3
2023,2,31.91233752341904,q5_19,64,-.006155753,27.025675,15.31277,31195.93799999999,3
2023,3,42.71009191870689,pnm,64,-.0040215384,38.315468,10.289428,31195.93799999999,3
2023,1,37.39007031912634,q5_19,64,-.0031448684,34.346279,8.1406403,31195.93799999999,3
2023,3,34.6826902970182,q5_19,64,-.0045223976,30.696112,11.494433,31195.93799999999,3
2023,2,22.17976003885269,nnm,64,.00084489945,22.691545,-2.3074436,31195.93799999999,3
2023,2,89.95547890663147,u20m,64,-.0041596978,80.399101,10.623452,31195.93799999999,3
2019,3,162.6030426025391,hgap,119,.0010988564,168.23746,-3.4651349,526.0089999999998,3
2019,2,154.2846984863281,hgap,119,.00095593499,158.92519,-3.0077434,526.0089999999998,3
2023,3,3.117880551144481,nnm,119,-.069829717,.47319448,84.823204,526.0089999999998,3
2023,2,1.77904068878032,q5_19,119,-.080078639,.20473291,88.491951,526.0089999999998,3
2023,1,2.695814856335632,q5_19,119,-.048887279,.7201786,73.285309,526.0089999999998,3
2023,2,6.507816724479198,u20m,119,-.077081673,.81204367,87.522026,526.0089999999998,3
2023,3,2.104908460751176,pnm,119,-.087310597,.19926611,90.533264,526.0089999999998,3
2023,3,7.479185704141855,u20m,119,-.072431184,1.0581076,85.852638,526.0089999999998,3
2023,1,3.471491392701864,nnm,119,-.069983289,.52468121,84.886002,526.0089999999998,3
2023,1,8.354334160685539,u20m,119,-.069097713,1.293229,84.520264,526.0089999999998,3
2019,1,167.8666381835938,hgap,119,.00074182963,171.77174,-2.3263142,526.0089999999998,3
2023,2,2.001227345317602,pnm,119,-.084873021,.20233896,89.889259,526.0089999999998,3
2023,2,2.741462783887982,nnm,119,-.069517761,.41958547,84.694832,526.0089999999998,3
2023,1,2.209995407611132,pnm,119,-.088955425,.20012642,90.944489,526.0089999999998,3
2023,3,2.274825575651618,q5_19,119,-.06139075,.4335939,80.939468,526.0089999999998,3
2023,1,6.564398761838675,nnm,225,-.03612588,2.4750538,62.295803,129739.7649999999,3
2022,1,401.44818,math,225,-.0046153585,352.78134,12.12282,129739.7649999999,3
2023,3,19.21874843537807,u20m,225,-.024199361,9.9991846,47.971718,129739.7649999999,3
2023,2,6.103073246777058,pnm,225,-.031929195,2.5772016,57.772068,129739.7649999999,3
2019,1,170.2864379882813,hgap,225,.0011056615,176.22427,-3.4869692,129739.7649999999,3
2022,2,389.34753,math,225,-.0042931745,345.24817,11.326478,129739.7649999999,3
2023,1,9.024311326302104,q5_19,225,-.0051571466,7.8513007,12.99834,129739.7649999999,3
2023,2,15.90997539460659,u20m,225,-.02554284,7.9828029,49.825172,129739.7649999999,3
2019,2,157.9019165039063,hgap,225,.00097498769,162.7473,-3.0686028,129739.7649999999,3
2023,2,5.222511477768421,nnm,225,-.033486981,2.1145244,59.511349,129739.7649999999,3
2023,3,6.880610198818027,q5_19,225,-.0054348218,5.9415326,13.648173,129739.7649999999,3
2023,3,5.906714126467705,nnm,225,-.034985274,2.2967322,61.116585,129739.7649999999,3
2023,1,6.992973852902651,pnm,225,-.032224417,2.9295435,58.10733,129739.7649999999,3
2023,3,6.555628497153521,pnm,225,-.032095835,2.7558789,57.961636,129739.7649999999,3
2022,3,395.0299,math,225,-.0045167403,348.10101,11.879831,129739.7649999999,3
2023,2,4.668993623409667,q5_19,225,-.0064612925,3.9215565,16.008528,129739.7649999999,3
2019,3,164.1555786132813,hgap,225,.0010915551,169.80536,-3.4417229,129739.7649999999,3
2023,1,22.41384796798229,u20m,225,-.023329867,11.938549,46.735836,129739.7649999999,3
2023,1,46.0544116795063,u20m,256,-.02485328,23.541975,48.882259,38.84899999999998,3
2023,1,18.65551434457302,pnm,256,-.028900906,8.5490255,54.174271,38.84899999999998,3
2023,1,15.53288385852569,q5_19,256,-.019952642,9.063343,41.650608,38.84899999999998,3
2019,3,160.1849517822266,hgap,256,.00073200074,163.86143,-2.2951488,38.84899999999998,3
2023,2,9.58737451583147,nnm,256,-.025887303,4.7659168,50.289658,38.84899999999998,3
2019,1,165.2644195556641,hgap,256,.0006002782,168.36856,-1.8782877,38.84899999999998,3
2023,1,12.58230954408646,nnm,256,-.026258962,6.1922584,50.785995,38.84899999999998,3
2019,2,154.7572479248047,hgap,256,.00095001591,159.38271,-2.9888473,38.84899999999998,3
2023,2,15.85842146757455,q5_19,256,-.022058027,8.7419558,44.874992,38.84899999999998,3
2023,3,15.69325379659992,q5_19,256,-.020937754,8.9165716,43.182137,38.84899999999998,3
2023,3,43.02506893873215,u20m,256,-.025539793,21.589531,49.821041,38.84899999999998,3
2023,2,39.78675603866577,u20m,256,-.02642215,19.494572,51.002361,38.84899999999998,3
2023,3,11.13162096589804,nnm,256,-.026023362,5.5132761,50.471939,38.84899999999998,3
2023,3,16.82322658598423,pnm,256,-.03039558,7.4044399,55.986801,38.84899999999998,3
2023,2,14.86909575760365,pnm,256,-.032249894,6.2247782,58.136135,38.84899999999998,3
2019,1,176.4252471923828,hgap,179,.00036795903,178.4492,-1.1472033,1831.8,3
2022,3,388.5755,math,179,.0064923349,466.04065,-19.935675,1831.8,3
2023,3,3.086246084421873,nnm,179,-.088130496,.28577003,90.740532,1831.8,3
2023,3,8.033893071115017,u20m,179,-.056371499,1.7535439,78.173172,1831.8,3
2023,3,2.336727235716318,q5_19,179,-.024267664,1.213519,48.067581,1831.8,3
2023,1,8.863755501806736,u20m,179,-.051635254,2.1985953,75.195671,1831.8,3
2023,2,2.442821166631859,q5_19,179,-.0044689602,2.1651545,11.366641,1831.8,3
2019,3,168.7761840820313,hgap,179,.00047629204,171.28667,-1.4874628,1831.8,3
2022,2,391.90268,math,179,.006397394,468.78329,-19.617271,1831.8,3
2019,2,160.8842620849609,hgap,179,.00055738899,163.68834,-1.7429157,1831.8,3
2023,2,7.139462977647781,u20m,179,-.062386945,1.3247054,81.445305,1831.8,3
2022,1,385.52554,math,179,.0065542408,463.18484,-20.143751,1831.8,3
2023,1,2.237411898863173,q5_19,179,-.041046519,.73864621,66.98658,1831.8,3
2023,2,2.802840666845441,nnm,179,-.093351893,.22540247,91.958069,1831.8,3
2023,3,2.632388146594167,pnm,179,-.035370521,1.0129708,61.518944,1831.8,3
2023,1,3.34004289470613,nnm,179,-.084165886,.3442128,89.694359,1831.8,3
2023,1,3.312223125249147,pnm,179,-.013752944,2.2848265,31.018339,1831.8,3
2023,2,1.910657621920109,pnm,179,-.065920278,.32225886,83.133614,1831.8,3
2019,1,175.0153961181641,hgap,66,.00054391799,177.99142,-1.700438,23769.13,3
2023,1,125.3781616687775,u20m,66,-.025382284,63.18158,49.607189,23769.13,3
2023,3,36.64178028702736,nnm,66,-.021750936,20.366957,44.416027,23769.13,3
2019,3,168.5996551513672,hgap,66,.0003293122,170.32965,-1.0260968,23769.13,3
2023,1,40.01987352967262,nnm,66,-.021844044,22.188786,44.555584,23769.13,3
2023,1,31.63881391958234,q5_19,66,-.017257541,19.854507,37.246361,23769.13,3
2023,3,57.16011300683022,pnm,66,-.035048779,22.187727,61.183201,23769.13,3
2023,2,33.11131522059441,nnm,66,-.02158764,18.48591,44.170414,23769.13,3
2019,2,161.9891967773438,hgap,66,.000078279525,162.38277,-.24296062,23769.13,3
2023,2,55.22097647190094,pnm,66,-.036088839,20.841459,62.258076,23769.13,3
2023,3,32.59129289048968,q5_19,66,-.020556327,18.709368,42.593967,23769.13,3
2023,1,59.14932861924171,pnm,66,-.034123305,23.540821,60.201035,23769.13,3
2023,3,121.3098764419556,u20m,66,-.026492933,59.325489,51.095913,23769.13,3
2023,2,33.56243030698314,q5_19,66,-.023645058,17.72526,47.187199,23769.13,3
2023,2,117.1630024909973,u20m,66,-.027722964,55.42585,52.693386,23769.13,3
2023,1,2.745991572737694,nnm,174,-.060620587,.53439838,80.538963,532.9649999999999,3
2022,3,466.0161,math,174,-.0038197993,418.74652,10.143336,532.9649999999999,3
2019,2,162.9504699707031,hgap,174,.000050129041,163.20389,-.1555184,532.9649999999999,3
2019,3,168.7350616455078,hgap,174,.000055548771,169.02588,-.17235141,532.9649999999999,3
2019,1,174.3767547607422,hgap,174,.00010840708,174.96376,-.33663064,532.9649999999999,3
2022,2,465.2491,math,174,-.0046592075,408.34613,12.230646,532.9649999999999,3
2022,1,466.73752,math,174,-.0030102355,429.0101,8.0832195,532.9649999999999,3
2023,2,3.173603909090161,pnm,174,.018203959,5.1881375,-63.477791,532.9649999999999,3
2023,2,6.391047965735197,nnm,174,.026834933,13.189769,-106.37881,532.9649999999999,3
2023,2,13.1072998046875,u20m,174,.0186281,21.674316,-65.360649,532.9649999999999,3
2023,3,4.516451619565487,nnm,174,-.0095518371,3.4897394,22.732718,532.9649999999999,3
2023,1,3.307495964691043,pnm,174,.050224576,12.836016,-288.08862,532.9649999999999,3
2023,1,7.758020889014006,u20m,174,-.012755351,5.4977164,29.135065,532.9649999999999,3
2023,3,2.625266874224153,q5_19,174,.0020221276,2.7725847,-5.611536,532.9649999999999,3
2023,3,10.34201867878437,u20m,174,.0051720054,11.89192,-14.986449,532.9649999999999,3
2023,2,3.597264244284415,q5_19,174,.0060612103,4.2368765,-17.780519,532.9649999999999,3
2023,1,1.724036405322704,q5_19,174,-.0043074596,1.534749,10.979314,532.9649999999999,3
2023,3,3.235223703086376,pnm,174,.0337262,8.042223,-148.58321,532.9649999999999,3
2023,2,19.38135363161564,pnm,121,-.039991237,6.5833783,66.03241,54133.80099999998,3
2023,3,18.82972940802574,nnm,121,-.02937807,8.518405,54.760876,54133.80099999998,3
2023,1,21.13809064030647,nnm,121,-.027785592,9.9828205,52.773312,54133.80099999998,3
2023,3,55.87995797395706,u20m,121,-.031052092,24.162439,56.760098,54133.80099999998,3
2019,3,160.8304595947266,hgap,121,.00079096184,164.82274,-2.4822905,54133.80099999998,3
2023,1,23.11246920308385,q5_19,121,-.017370127,14.459893,37.436832,54133.80099999998,3
2019,1,166.697509765625,hgap,121,.00086322706,171.21857,-2.7121325,54133.80099999998,3
2019,2,154.7139892578125,hgap,121,.00069566467,158.08673,-2.179985,54133.80099999998,3
2023,3,17.21030583585048,q5_19,121,-.022928761,9.2667418,46.155857,54133.80099999998,3
2023,1,65.15432149171829,u20m,121,-.028234478,30.399548,53.342239,54133.80099999998,3
2023,2,46.01878300309181,u20m,121,-.035166781,17.806196,61.306679,54133.80099999998,3
2023,2,10.98326224151147,q5_19,121,-.03436587,4.3426905,60.460831,54133.80099999998,3
2023,1,22.37132750451565,pnm,121,-.040699136,7.4551382,66.675476,54133.80099999998,3
2023,3,20.91083861887455,pnm,121,-.040402927,7.0243912,66.40789,54133.80099999998,3
2023,2,16.3603313267231,nnm,121,-.031637054,6.9633389,57.437668,54133.80099999998,3
2023,1,5.136490281949846,q5_19,177,.0038470444,5.6987123,-10.945646,633.5599999999998,3
2022,2,405.77054,math,177,-.00092858187,395.35635,2.5665209,633.5599999999998,3
2019,1,183.3021545410156,hgap,177,.00078812096,187.83571,-2.4732683,633.5599999999998,3
2023,2,2.29700468480587,pnm,177,-.033288684,.9350189,59.293991,633.5599999999998,3
2019,2,169.9608764648438,hgap,177,.00070412603,173.71155,-2.2067852,633.5599999999998,3
2023,3,4.143335381107227,q5_19,177,-.0024855696,3.8743997,6.4908028,633.5599999999998,3
2022,3,405.60117,math,177,-.00098757248,394.53912,2.7273211,633.5599999999998,3
2023,2,3.090648326965928,q5_19,177,-.013435481,2.1503334,30.42452,633.5599999999998,3
2023,1,2.398146083578467,pnm,177,-.04608136,.69107926,71.18277,633.5599999999998,3
2023,1,8.7629035115242,u20m,177,-.025890764,4.3556623,50.294304,633.5599999999998,3
2022,1,405.4403,math,177,-.0010444567,393.75497,2.8821323,633.5599999999998,3
2023,3,2.355109201744199,pnm,177,-.040221475,.79501623,66.242912,633.5599999999998,3
2023,3,.9830045746639371,nnm,177,-.083724052,.10252067,89.570686,633.5599999999998,3
2023,2,.7090819999575615,nnm,177,-.097244576,.051334735,92.760399,633.5599999999998,3
2019,3,176.6888275146484,hgap,177,.00077546027,180.98776,-2.4330542,633.5599999999998,3
2023,3,7.465312723070383,u20m,177,-.029301479,3.3842332,54.667229,633.5599999999998,3
2023,2,6.085820496082306,u20m,177,-.034469917,2.3995323,60.571754,633.5599999999998,3
2023,1,1.249988214112818,nnm,177,-.075135224,.16438948,86.848717,633.5599999999998,3
2019,3,165.4247589111328,hgap,120,.00075296068,169.33148,-2.3616314,3431.939000000001,3
2023,3,5.865771735848013,q5_19,120,-.05081759,1.4874439,74.641975,3431.939000000001,3
2022,3,424.59314,math,120,,,,3431.939000000001,3
2023,1,7.341822136034404,q5_19,120,-.051713508,1.8172463,75.248024,3431.939000000001,3
2022,1,421.8281,math,120,,,,3431.939000000001,3
2019,2,159.8935089111328,hgap,120,.00068041327,163.30193,-2.1316793,3431.939000000001,3
2023,2,15.61013329774141,u20m,120,-.051578671,3.8779092,75.157745,3431.939000000001,3
2023,3,18.57385411858559,u20m,120,-.052527383,4.4974723,75.786003,3431.939000000001,3
2023,2,5.611369851976633,nnm,120,-.038110588,2.0053308,64.263077,3431.939000000001,3
2023,1,6.87976460903883,pnm,120,-.06640476,1.1452879,83.352806,3431.939000000001,3
2019,1,170.6719970703125,hgap,120,.00070022757,174.41728,-2.1944344,3431.939000000001,3
2023,3,6.47450378164649,nnm,120,-.041097045,2.1345413,67.031586,3431.939000000001,3
2023,2,4.283036604302626,q5_19,120,-.050860915,1.0848237,74.671623,3431.939000000001,3
2023,2,5.796979181468487,pnm,120,-.064385466,1.0191096,82.419991,3431.939000000001,3
2023,1,21.36813476681709,u20m,120,-.053508155,5.0388637,76.418793,3431.939000000001,3
2023,3,6.349672097712755,pnm,120,-.065497838,1.0832454,82.94014,3431.939000000001,3
2022,2,427.40274,math,120,,,,3431.939000000001,3
2023,1,7.300513796508312,nnm,120,-.043341205,2.2653565,68.969902,3431.939000000001,3
2023,2,8.20284616202116,u20m,262,-.023466278,4.3531151,46.931652,45.16600000000003,3
2023,2,2.828441094607115,nnm,262,-.023911012,1.483091,47.565075,45.16600000000003,3
2023,2,2.324412705454248,q5_19,262,-.019055985,1.3895165,40.220749,45.16600000000003,3
2023,1,2.685862593352795,pnm,262,-.029780395,1.2019333,55.249638,45.16600000000003,3
2023,1,10.02647448331118,u20m,262,-.025129616,5.0872092,49.262234,45.16600000000003,3
2023,3,9.163363836705685,u20m,262,-.02449929,4.7290888,48.391346,45.16600000000003,3
2023,1,3.560321786026388,q5_19,262,-.019203659,2.1198645,40.458626,45.16600000000003,3
2023,3,2.970083478243457,q5_19,262,-.019182801,1.7694247,40.425087,45.16600000000003,3
2023,2,3.072378225624561,pnm,262,-.026465019,1.5036514,51.05904,45.16600000000003,3
2023,3,2.850432181730866,pnm,262,-.028633637,1.3156916,53.842381,45.16600000000003,3
2023,1,3.813637187704444,nnm,262,-.027376456,1.8210605,52.248722,45.16600000000003,3
2023,3,3.370905993506312,nnm,262,-.025716355,1.6834412,50.059681,45.16600000000003,3
2023,2,15.61980745969971,q5_19,71,-.054629818,3.5734615,77.122246,33635.16500000001,3
2019,2,155.4209899902344,hgap,71,-.00010827983,154.90016,.33510804,33635.16500000001,3
2023,3,18.55701483134942,q5_19,71,-.043706354,5.7017679,69.274323,33635.16500000001,3
2023,3,40.68766534328461,pnm,71,-.036245864,15.29134,62.417751,33635.16500000001,3
2023,2,74.4238868355751,u20m,71,-.040105022,25.202454,66.136604,33635.16500000001,3
2023,1,42.1966165304184,pnm,71,-.033949807,16.872673,60.014156,33635.16500000001,3
2023,1,27.92523242533207,nnm,71,-.034170281,11.099866,60.251484,33635.16500000001,3
2023,2,21.36199735105038,nnm,71,-.035529345,8.1851473,61.683605,33635.16500000001,3
2023,3,81.69407397508621,u20m,71,-.036248542,30.700253,62.420467,33635.16500000001,3
2023,2,39.21282663941383,pnm,71,-.038781978,13.761716,64.905067,33635.16500000001,3
2023,1,21.48730112208586,q5_19,71,-.035009004,8.3496447,61.141491,33635.16500000001,3
2019,3,159.8309936523438,hgap,71,-.00022442301,158.72289,.69330013,33635.16500000001,3
2023,3,24.64596554636955,nnm,71,-.034656726,9.668582,60.770123,33635.16500000001,3
2023,1,88.94938975572586,u20m,71,-.03304885,36.442974,59.029541,33635.16500000001,3
2019,1,164.2967681884766,hgap,71,-.00035245472,162.51141,1.0866644,33635.16500000001,3
2023,3,18.17657425999641,pnm,67,-.035549581,6.9608035,61.704536,5022.442000000002,3
2019,3,162.7264251708984,hgap,67,.00011087834,163.28671,-.34431252,5022.442000000002,3
2023,3,50.3147728741169,u20m,67,-.029758928,22.529097,55.223694,5022.442000000002,3
2023,1,14.4908866604091,q5_19,67,-.027611613,6.8757887,52.550945,5022.442000000002,3
2023,2,44.83867064118385,u20m,67,-.03083878,19.500183,56.510345,5022.442000000002,3
2023,3,12.80291646128184,q5_19,67,-.027236529,6.1366973,52.067974,5022.442000000002,3
2023,1,19.52849514782429,pnm,67,-.033936452,7.8114486,59.999741,5022.442000000002,3
2023,1,22.71243929862976,nnm,67,-.027331036,10.858789,52.190121,5022.442000000002,3
2023,2,17.62258633971214,nnm,67,-.027652385,8.3525505,52.603153,5022.442000000002,3
2023,1,55.68259954452515,u20m,67,-.029076306,25.3964,54.390778,5022.442000000002,3
2023,2,16.77867770195007,pnm,67,-.037480615,6.0990453,63.650024,5022.442000000002,3
2023,3,20.18873579800129,nnm,67,-.027455978,9.6197033,52.351135,5022.442000000002,3
2019,1,165.5443572998047,hgap,67,.00038204106,167.5166,-1.1913691,5022.442000000002,3
2023,2,11.11207252655011,q5_19,67,-.027629076,5.2700882,52.573311,5022.442000000002,3
2019,2,160.0617370605469,hgap,67,-.00011582636,159.48805,.35841465,5022.442000000002,3
2023,2,3.577844314709089,q5_19,226,-.013213268,2.5042825,30.005829,4.44,3
2023,3,10.98243519663811,u20m,226,-.0279094,5.1693316,52.930916,4.44,3
2023,2,10.13970095664263,u20m,226,-.027356725,4.8444171,52.223274,4.44,3
2023,3,4.605598026740543,q5_19,226,-.018510498,2.7940414,39.333797,4.44,3
2023,1,5.699674773373409,q5_19,226,-.018120185,3.4944086,38.691086,4.44,3
2023,1,11.88804302364588,u20m,226,-.026777253,5.76928,51.469894,4.44,3
2023,1,2.835209314823728,q5_19,224,.029874286,6.3516936,-124.02909,346.0079999999999,3
2023,3,11.17658335715532,u20m,224,.0077577643,13.780857,-23.301161,346.0079999999999,3
2023,1,12.43297755718231,u20m,224,.0079321116,15.40234,-23.882954,346.0079999999999,3
2023,2,9.883636608719826,u20m,224,.0075579775,12.121078,-22.637831,346.0079999999999,3
2023,2,1.827358095673248,q5_19,224,.034772005,4.6725984,-155.70239,346.0079999999999,3
2023,3,2.340592349802662,q5_19,224,.031714905,5.5107818,-135.44389,346.0079999999999,3
2023,2,3.232066029206893,q5_19,68,.00040335965,3.267458,-1.0950251,1273.593,3
2019,3,166.1463012695313,hgap,68,-1.6898321e-06,166.1376,.0052348501,1273.593,3
2023,1,6.566228476500902,q5_19,68,.012801542,9.2773991,-41.289616,1273.593,3
2023,3,19.06538382172585,u20m,68,-.00062519277,18.746258,1.6738505,1273.593,3
2023,3,5.661386530846357,pnm,68,-.0048866086,4.9616103,12.360509,1273.593,3
2023,2,4.878954961895943,pnm,68,-.012594243,3.4725406,28.826139,1273.593,3
2023,3,4.889945381364225,q5_19,68,.0079000257,6.0525632,-23.775681,1273.593,3
2019,1,173.006103515625,hgap,68,-.00015757378,172.16307,.48728502,1273.593,3
2023,1,21.67272195219994,u20m,68,.0010869525,22.318192,-2.9782579,1273.593,3
2019,2,158.9428405761719,hgap,68,.000072017632,159.29808,-.22350165,1273.593,3
2023,1,8.917000144720078,nnm,68,-.0060534012,7.5724583,15.07841,1273.593,3
2023,2,8.406063541769981,nnm,68,.002618002,9.021759,-7.3244209,1273.593,3
2023,2,16.43326692283154,u20m,68,-.0025182527,15.353062,6.5732837,1273.593,3
2023,3,8.632582612335682,nnm,68,-.0023819036,8.0948849,6.2287006,1273.593,3
2023,1,6.345928180962801,pnm,68,.00011245131,6.3652248,-.30407935,1273.593,3
2023,1,59.26846712827682,u20m,65,-.047689192,16.353947,72.407005,21104.48,3
2023,2,13.81753198802471,nnm,65,-.048095163,3.7711079,72.707802,21104.48,3
2023,3,16.4690762758255,nnm,65,-.047036339,4.6251249,71.916306,21104.48,3
2023,2,45.81424221396446,u20m,65,-.052581158,11.077365,75.821129,21104.48,3
2019,2,156.1409912109375,hgap,65,.00022126795,157.2157,-.68829268,21104.48,3
2023,2,21.42847329378128,pnm,65,-.055856623,4.7426295,77.86763,21104.48,3
2019,1,165.6750640869141,hgap,65,.00026382017,167.03558,-.82119745,21104.48,3
2023,1,19.08431574702263,nnm,65,-.046351563,5.4595952,71.392242,21104.48,3
2023,1,24.93263222277164,pnm,65,-.053985912,5.8040614,76.721024,21104.48,3
2023,2,11.25778231572805,q5_19,65,-.055940546,2.485975,77.917717,21104.48,3
2023,3,52.55535989999771,u20m,65,-.049785152,13.703729,73.925156,21104.48,3
2019,3,160.8677825927734,hgap,65,.00038125706,162.78035,-1.1889063,21104.48,3
2023,3,23.17358367145061,pnm,65,-.054761004,5.2828512,77.203133,21104.48,3
2023,1,16.44330021907925,q5_19,65,-.043868408,5.0302572,69.40847,21104.48,3
2023,3,13.83762521262566,q5_19,65,-.048899751,3.6954343,73.294304,21104.48,3
2023,2,9.976915083825588,u20m,118,-.0093331961,7.7545333,22.27524,35126.29599999999,3
2023,1,4.067883361130953,pnm,118,-.0028679601,3.7647741,7.4512773,35126.29599999999,3
2019,1,169.2035064697266,hgap,118,.00096658047,174.35023,-3.0417387,35126.29599999999,3
2022,1,403.45078,math,118,-.0031787858,369.09296,8.5159893,35126.29599999999,3
2023,1,6.788927828163982,q5_19,118,-.018052954,4.1697798,38.5797,35126.29599999999,3
2023,3,12.68841233104467,u20m,118,-.010452652,9.5684147,24.589346,35126.29599999999,3
2019,3,163.5393829345703,hgap,118,.001078071,169.09726,-3.3984942,35126.29599999999,3
2023,2,3.607389982789755,pnm,118,-.0061589996,3.0547309,15.320192,35126.29599999999,3
2023,2,2.924212811072913,q5_19,118,-.021742471,1.6257653,44.403316,35126.29599999999,3
2023,3,3.845050698146224,pnm,118,-.0045186272,3.4034305,11.48542,35126.29599999999,3
2023,1,15.1852210983634,u20m,118,-.010854045,11.32784,25.402206,35126.29599999999,3
2022,2,413.90387,math,118,-.002477627,386.16324,6.7021918,35126.29599999999,3
2023,1,4.403715021908283,nnm,118,-.0065032342,3.6945589,16.103588,35126.29599999999,3
2022,3,408.68744,math,118,-.0028524664,377.31546,7.6762772,35126.29599999999,3
2019,2,157.0637054443359,hgap,118,.00099153875,161.96645,-3.1214981,35126.29599999999,3
2023,3,4.941780763123793,q5_19,118,-.019466478,2.9215984,40.879642,35126.29599999999,3
2023,3,3.95526085048914,nnm,118,-.004209972,3.5302804,10.74469,35126.29599999999,3
2023,2,3.478544764220715,nnm,118,-.0012457757,3.3634865,3.3076544,35126.29599999999,3
2023,2,3.080956640325483,q5_19,69,.0081571136,3.8400378,-24.63784,316.029,3
2023,1,5.347467503236003,q5_19,69,.024434237,10.343388,-93.425911,316.029,3
2023,3,15.42672514915466,u20m,69,.026474664,31.529303,-104.38105,316.029,3
2023,3,4.180556111293754,q5_19,69,.018410118,6.8724279,-64.390282,316.029,3
2023,2,12.9868695512414,u20m,69,.019068174,21.731863,-67.337196,316.029,3
2023,1,17.89405755698681,u20m,69,.03192481,42.369915,-136.78204,316.029,3
2023,2,21.61038294434547,pnm,72,-.034394398,8.5379858,60.49128,2963.102000000002,3
2023,3,22.95602113008499,pnm,72,-.030905332,9.9655714,56.588421,2963.102000000002,3
2023,1,16.5761336684227,nnm,72,-.015399518,10.937278,34.017921,2963.102000000002,3
2023,1,24.31714162230492,pnm,72,-.027680546,11.516799,52.639175,2963.102000000002,3
2023,3,14.2468735575676,nnm,72,-.015421515,9.3948021,34.057095,2963.102000000002,3
2019,1,169.7457122802734,hgap,72,.00021756851,170.89445,-.67674327,2963.102000000002,3
2023,1,16.33331207635202,q5_19,72,-.028461771,7.5741329,53.627697,2963.102000000002,3
2023,2,43.69241371750832,u20m,72,-.035826895,16.607399,61.9902,2963.102000000002,3
2023,3,13.58035189664597,q5_19,72,-.041396428,4.4411817,67.297005,2963.102000000002,3
2019,2,160.2561187744141,hgap,72,-.00011010314,159.71007,.34073645,2963.102000000002,3
2023,3,49.95540902018547,u20m,72,-.029271113,22.664747,54.630043,2963.102000000002,3
2023,2,10.79934869874588,q5_19,72,-.058591053,2.2200449,79.442787,2963.102000000002,3
2023,1,56.16216361522675,u20m,72,-.024000201,29.377758,47.691193,2963.102000000002,3
2023,2,11.89892180263996,nnm,72,-.015620167,7.8045216,34.409843,2963.102000000002,3
2019,3,165.0110015869141,hgap,72,.00011095317,165.57954,-.34454823,2963.102000000002,3
2023,2,12.82859593629837,u20m,259,-.020403313,7.394876,42.356312,289.881,3
2023,1,4.743316129390163,q5_19,259,-.057947699,.99217939,79.082581,289.881,3
2023,2,2.923529665931235,q5_19,259,-.0064064469,2.4591546,15.884055,289.881,3
2023,3,3.841832488919783,q5_19,259,-.041769087,1.2438161,67.624405,289.881,3
2023,3,15.57204686105251,u20m,259,-.028700897,7.1746445,53.926132,289.881,3
2023,1,18.19221675395966,u20m,259,-.033907723,7.2825809,59.9687,289.881,3
2019,3,165.1362457275391,hgap,73,.000060698294,165.44727,-.18834139,26159.863,3
2023,2,28.65344844758511,nnm,73,-.006668617,23.932112,16.477377,26159.863,3
2023,3,22.84872920732028,q5_19,73,-.031969566,9.6380339,57.818073,26159.863,3
2023,1,138.0102932453156,u20m,73,-.013794853,95.094131,31.096348,26159.863,3
2023,1,85.87887138128281,pnm,73,-.013523522,59.608772,30.589712,26159.863,3
2023,3,136.2005472183228,u20m,73,-.014796197,91.343864,32.934288,26159.863,3
2023,3,32.84710273146629,nnm,73,-.0066548185,27.444984,16.446255,26159.863,3
2023,2,134.3807727098465,u20m,73,-.015856359,87.580261,34.82679,26159.863,3
2019,2,159.81494140625,hgap,73,-.00016283851,159.01022,.50353116,26159.863,3
2023,2,24.69389883842432,q5_19,73,-.033437822,10.011506,59.457573,26159.863,3
2019,1,170.2606048583984,hgap,73,.00027851481,171.737,-.86713815,26159.863,3
2023,1,21.06263111145035,q5_19,73,-.030282119,9.2987804,55.851761,26159.863,3
2023,1,36.74022108316422,nnm,73,-.0066625732,30.691404,16.463747,26159.863,3
2023,3,85.9794020652771,pnm,73,-.014038115,58.85511,31.54743,26159.863,3
2023,2,86.28290891647339,pnm,73,-.014546667,58.257423,32.480923,26159.863,3
2023,3,169.2961752414703,u20m,74,-.016696917,107.85988,36.289242,227882.9500000001,3
2019,1,171.5504608154297,hgap,74,.001320623,178.71936,-4.1788869,227882.9500000001,3
2023,2,79.82459813471965,q5_19,74,-.0097074034,61.419773,23.056583,227882.9500000001,3
2023,2,34.764364361763,nnm,74,-.012708135,24.66717,29.04467,227882.9500000001,3
2019,2,158.1372680664063,hgap,74,.00010235189,158.63982,-.31779239,227882.9500000001,3
2019,3,164.9704284667969,hgap,74,.0007571298,168.88824,-2.3748596,227882.9500000001,3
2023,1,43.74654963612556,nnm,74,-.013069263,30.739321,29.733154,227882.9500000001,3
2023,2,169.9705719947815,u20m,74,-.016162494,109.86342,35.36327,227882.9500000001,3
2023,1,168.7090247869492,u20m,74,-.017239956,105.92133,37.216557,227882.9500000001,3
2023,2,65.47800451517105,pnm,74,-.027901925,30.826117,52.921417,227882.9500000001,3
2023,1,65.7238428684288,q5_19,74,-.011909707,47.650814,27.498436,227882.9500000001,3
2023,1,69.52483206987381,pnm,74,-.027155071,33.398033,51.96244,227882.9500000001,3
2023,3,67.46307760477066,pnm,74,-.02751185,32.096935,52.422958,227882.9500000001,3
2023,3,39.36679288744926,nnm,74,-.012881554,27.802355,29.376125,227882.9500000001,3
2023,3,72.69504308006658,q5_19,74,-.010719956,54.425587,25.131639,227882.9500000001,3
2023,3,19.45476792752743,u20m,227,-.036863554,7.1906118,63.039333,6823.618999999999,3
2023,2,6.430699490010738,nnm,227,-.050081775,1.6634194,74.133148,6823.618999999999,3
2023,3,4.819239284015731,q5_19,227,-.041172523,1.5855923,67.098701,6823.618999999999,3
2023,3,7.468166295439005,pnm,227,-.016476663,4.7864051,35.909233,6823.618999999999,3
2023,1,8.259323425590992,pnm,227,-.014698576,5.553793,32.75729,6823.618999999999,3
2019,2,155.6211090087891,hgap,227,.00057227095,158.40652,-1.78987,6823.618999999999,3
2023,2,6.651727482676506,pnm,227,-.018752223,4.009099,39.728455,6823.618999999999,3
2023,2,4.251390008047529,q5_19,227,-.029868035,1.8980159,55.355404,6823.618999999999,3
2023,1,21.60059101879597,u20m,227,-.039173052,7.5010896,65.273682,6823.618999999999,3
2023,1,8.12423974275589,nnm,227,-.054027785,1.8891028,76.74733,6823.618999999999,3
2019,3,162.8578796386719,hgap,227,.00085302873,167.22192,-2.6796641,6823.618999999999,3
2019,1,169.9128112792969,hgap,227,.00096163736,175.05429,-3.0259516,6823.618999999999,3
2023,2,17.23560504615307,u20m,227,-.03383233,6.9136963,59.887127,6823.618999999999,3
2023,1,5.37177675191447,q5_19,227,-.049194559,1.4231969,73.506027,6823.618999999999,3
2023,3,7.292699068784714,nnm,227,-.052337691,1.7749212,75.661667,6823.618999999999,3
2023,2,9.294142946600914,nnm,261,-.028691879,4.2832141,53.914909,1.840999999999999,3
2023,3,10.52326098820766,q5_19,261,-.021145945,5.9455771,43.500622,1.840999999999999,3
2023,2,30.37793003022671,u20m,261,-.025758309,15.153659,50.116222,1.840999999999999,3
2019,3,171.0963897705078,hgap,261,-.0019218534,161.20061,5.7837472,1.840999999999999,3
2019,1,177.1925811767578,hgap,261,.00011943412,177.84984,-.37092811,1.840999999999999,3
2023,3,34.37639400362968,u20m,261,-.027852587,16.205492,52.858662,1.840999999999999,3
2023,1,15.27259964495897,pnm,261,-.031560577,6.5138116,57.349686,1.840999999999999,3
2023,3,10.33224444836378,nnm,261,-.030055718,4.5894728,55.581066,1.840999999999999,3
2023,1,11.29691954702139,nnm,261,-.031188097,4.8668718,56.918594,1.840999999999999,3
2019,2,167.0322723388672,hgap,261,.00080288551,171.24178,-2.5201735,1.840999999999999,3
2023,1,38.30761462450027,u20m,261,-.028382057,17.802399,53.527782,1.840999999999999,3
2023,3,13.91838025301695,pnm,261,-.031938631,5.875947,57.782825,1.840999999999999,3
2023,1,12.23355823161165,q5_19,261,-.022928463,6.5871077,46.155422,1.840999999999999,3
2023,2,12.50309590250254,pnm,261,-.032187037,5.2431698,58.065029,1.840999999999999,3
2023,2,8.889632759403021,q5_19,261,-.013581431,6.1606798,30.698153,1.840999999999999,3
2023,1,6.017136387526989,u20m,178,-.011808486,4.3744569,27.30002,18092.526,3
2019,3,177.2061920166016,hgap,178,.000086851323,177.68394,-.26960272,18092.526,3
2023,2,1.368669210933149,pnm,178,-.01454405,.92417812,32.476151,18092.526,3
2022,1,497.85242,math,178,-.0058729243,422.3616,15.163292,18092.526,3
2022,3,492.67563,math,178,-.0059676422,416.86276,15.387988,18092.526,3
2019,1,183.7823944091797,hgap,178,.00012287981,184.48381,-.38165572,18092.526,3
2023,1,1.663487521000206,pnm,178,-.013397909,1.1585541,30.353907,18092.526,3
2023,2,2.196910092607141,nnm,178,-.0058315755,1.8768585,14.568262,18092.526,3
2023,2,4.76996973156929,u20m,178,-.012426518,3.4103808,28.503092,18092.526,3
2023,3,2.392513444647193,nnm,178,-.0038560552,2.1559489,9.887701,18092.526,3
2023,3,5.408321507275105,u20m,178,-.012081666,3.9029543,27.834276,18092.526,3
2023,3,1.520040212199092,pnm,178,-.013900791,1.0443716,31.293159,18092.526,3
2023,3,1.505288651610703,q5_19,178,-.022326989,.82378638,45.273861,18092.526,3
2023,1,1.786387788017541,q5_19,178,-.022961864,.96100587,46.20396,18092.526,3
2023,2,1.211714230718863,q5_19,178,-.021268945,.68234122,43.687943,18092.526,3
2019,2,170.3612060546875,hgap,178,.000040098352,170.5731,-.12438208,18092.526,3
2023,1,2.579122548922896,nnm,178,-.0022214316,2.428978,5.8215375,18092.526,3
2022,2,487.20282,math,178,-.006078843,410.95056,15.65103,18092.526,3
2023,3,1.19103561155498,pnm,180,-.020142971,.69139981,41.949696,5519.168000000003,3
2023,3,1.170312403701246,nnm,180,-.023596272,.61888945,47.117584,5519.168000000003,3
2022,3,468.44995,math,180,-.0043695876,414.50323,11.516004,5519.168000000003,3
2019,2,166.4483032226563,hgap,180,.000037620444,166.64253,-.11669036,5519.168000000003,3
2023,3,2.088083353117498,q5_19,180,.0060269572,2.4570818,-17.671633,5519.168000000003,3
2023,1,1.363096525892615,nnm,180,.0028748757,1.4731171,-8.071372,5519.168000000003,3
2023,1,1.358728273771703,pnm,180,.0012368805,1.4048703,-3.3959696,5519.168000000003,3
2019,3,173.7362518310547,hgap,180,.00019778937,174.80478,-.61502838,5519.168000000003,3
2023,3,4.443109501153231,u20m,180,-.0097186863,3.417639,23.080019,5519.168000000003,3
2023,2,1.69285416581233,q5_19,180,.010516826,2.2487404,-32.837223,5519.168000000003,3
2023,1,5.176292266696692,u20m,180,.0026571667,5.5613036,-7.4379754,5519.168000000003,3
2023,2,3.667943412438035,u20m,180,-.025664918,1.8343283,49.99028,5519.168000000003,3
2023,1,2.463018789934823,q5_19,180,.0033366142,2.6952105,-9.4271173,5519.168000000003,3
2022,1,468.12897,math,180,-.0046476284,411.00699,12.202188,5519.168000000003,3
2022,2,468.78882,math,180,-.0040763654,418.22275,10.786535,5519.168000000003,3
2023,2,1.015575136989355,pnm,180,-.043597732,.31295881,69.184082,5519.168000000003,3
2023,2,.9638420888222754,nnm,180,-.054016903,.22418487,76.740501,5519.168000000003,3
2019,1,180.4752349853516,hgap,180,.00022795537,181.7551,-.70916182,5519.168000000003,3
2023,2,9.038098795252193,q5_19,122,-.040459916,3.03142,66.459541,29694.61399999999,3
2023,1,40.11394456028938,u20m,122,-.040158112,13.564486,66.185112,29694.61399999999,3
2023,3,10.82935463637114,pnm,122,-.058683898,2.2206395,79.494255,29694.61399999999,3
2023,2,11.58537808805704,pnm,122,-.058094658,2.4137657,79.165413,29694.61399999999,3
2023,1,12.28064971179399,q5_19,122,-.027852971,5.7892032,52.859146,29694.61399999999,3
2023,2,12.78143189847469,nnm,122,-.040208433,4.3161588,66.231026,29694.61399999999,3
2023,1,10.09368430823088,pnm,122,-.05934602,2.0331116,79.85759,29694.61399999999,3
2023,1,18.27008277177811,nnm,122,-.037746795,6.5936131,63.910328,29694.61399999999,3
2023,3,36.65370866656303,u20m,122,-.042848669,11.525945,68.554489,29694.61399999999,3
2019,3,158.3489227294922,hgap,122,.00083289325,162.49068,-2.6155872,29694.61399999999,3
2019,2,152.3889617919922,hgap,122,.00066263159,155.55165,-2.0754056,29694.61399999999,3
2023,3,15.58447163552046,nnm,122,-.038749065,5.4742227,64.873863,29694.61399999999,3
2023,2,33.0379381775856,u20m,122,-.046191074,9.4924583,71.268005,29694.61399999999,3
2019,1,164.36376953125,hgap,122,.00072400196,168.09447,-2.2697811,29694.61399999999,3
2023,3,10.68919055524076,q5_19,122,-.033206403,4.3608198,59.203461,29694.61399999999,3
2023,2,55.24593964219093,u20m,258,-.0097317919,42.480129,23.107237,11.9,3
2023,2,32.42689998710902,q5_19,258,.0075861472,39.797905,-22.731142,11.9,3
2023,2,14.8064773529768,pnm,258,-.032606717,6.139132,58.537525,11.9,3
2023,3,51.44750326871872,u20m,258,-.018146895,31.519165,38.735287,11.9,3
2019,3,163.4893188476563,hgap,258,.00012721778,164.13535,-.39514911,11.9,3
2023,2,8.909227326512337,nnm,258,-.025629729,4.4597149,49.942741,11.9,3
2023,3,26.34692379581816,q5_19,258,-.0057082535,22.583706,14.283329,11.9,3
2019,2,157.8220825195313,hgap,258,.0005912527,160.74146,-1.8497871,11.9,3
2023,1,48.06344211101532,u20m,258,-.026074963,23.771749,50.540894,11.9,3
2023,1,17.900625243783,pnm,258,-.030992899,7.752593,56.690937,11.9,3
2023,1,20.8057730651483,q5_19,258,-.021621754,11.605083,44.221817,11.9,3
2023,3,16.40051230788231,pnm,258,-.031744849,6.9601545,57.561359,11.9,3
2023,3,9.535675868391991,nnm,258,-.027174484,4.5783057,51.98761,11.9,3
2023,1,10.11731941252947,nnm,258,-.028449424,4.6931982,53.612236,11.9,3
2019,1,169.5697937011719,hgap,258,.00017585984,170.49675,-.54665172,11.9,3
2023,3,2.758218673989177,pnm,260,.018366342,4.5288877,-64.196106,5172.839000000004,3
2023,1,10.12881938368082,u20m,260,.0066548525,12.122531,-19.683554,5172.839000000004,3
2022,3,479.0742,math,260,-.004225228,425.62091,11.157622,5172.839000000004,3
2023,1,2.53485213033855,nnm,260,-.018085396,1.5555507,38.633472,5172.839000000004,3
2023,2,2.416910328285504,q5_19,260,-.0036548411,2.1897979,9.3968096,5172.839000000004,3
2023,2,2.831154502928257,nnm,260,.0096704755,3.6758611,-29.836119,5172.839000000004,3
2022,2,473.7963,math,260,-.0037817224,426.19171,10.04748,5172.839000000004,3
2023,1,3.006121842190623,pnm,260,.021402018,5.357542,-78.221054,5172.839000000004,3
2019,1,177.7186737060547,hgap,260,.00018511202,178.74144,-.57549727,5172.839000000004,3
2023,2,2.465123077854514,pnm,260,.013266371,3.5269508,-43.074028,5172.839000000004,3
2023,3,8.942596614360809,u20m,260,.0065723918,10.679014,-19.417376,5172.839000000004,3
2022,1,484.1678,math,260,-.004629944,425.29929,12.158701,5172.839000000004,3
2023,3,2.663424238562584,nnm,260,-.0053818263,2.3032088,13.524523,5172.839000000004,3
2023,1,4.621035483913127,q5_19,260,.013392187,6.6339993,-43.560883,5172.839000000004,3
2023,2,7.693424820899963,u20m,260,.0063714143,9.1375675,-18.77113,5172.839000000004,3
2019,3,171.3816986083984,hgap,260,.00020781624,172.48935,-.64630634,5172.839000000004,3
2023,3,3.547507277394613,q5_19,260,.0075095943,4.3449063,-22.477728,5172.839000000004,3
2019,2,164.6600341796875,hgap,260,.000038511153,164.85674,-.11945889,5172.839000000004,3
2019,1,171.6956329345703,hgap,124,.0017051853,181.01576,-5.4282856,5049.267999999999,3
2023,3,4.578279581765932,q5_19,124,-.037095949,1.6815782,63.270523,5049.267999999999,3
2023,3,14.90824576467276,u20m,124,-.018804811,8.972682,39.813965,5049.267999999999,3
2023,3,5.430296529084444,nnm,124,-.0075600636,4.4276633,18.463692,5049.267999999999,3
2023,1,5.968128796666861,nnm,124,-.010989255,4.4358692,25.674036,5049.267999999999,3
2019,2,158.4350128173828,hgap,124,.0010360426,163.60611,-3.26386,5049.267999999999,3
2023,1,5.407110787928104,pnm,124,-.0093089873,4.2054119,22.224417,5049.267999999999,3
2023,2,12.89376523345709,u20m,124,-.0091984058,10.058187,21.991859,5049.267999999999,3
2023,2,3.556139668732694,q5_19,124,-.0096084243,2.7435374,22.850683,5049.267999999999,3
2023,2,4.532475024461746,pnm,124,-.014723917,3.0456746,32.80328,5049.267999999999,3
2023,1,5.557750669885508,q5_19,124,-.050345238,1.4274249,74.316498,5049.267999999999,3
2023,1,16.83767884969711,u20m,124,-.025073426,8.5560331,49.1852,5049.267999999999,3
2023,3,4.974192474037409,pnm,124,-.012030683,3.5946066,27.734871,5049.267999999999,3
2023,2,4.860504996031523,nnm,124,-.0035552375,4.4156318,9.1528187,5049.267999999999,3
2019,3,165.1983337402344,hgap,124,.0010821437,170.83415,-3.4115467,5049.267999999999,3
2023,2,24.98958632349968,pnm,125,-.039410867,8.6224194,65.495949,247504.505,3
2023,3,11.61525602066282,q5_19,125,-.019713931,6.8212538,41.273323,247504.505,3
2019,2,154.7706146240234,hgap,125,.000038881477,154.95728,-.12060478,247504.505,3
2023,3,70.16153633594513,u20m,125,-.028877212,32.172611,54.144943,247504.505,3
2023,1,39.34981301426888,nnm,125,-.02446129,20.328754,48.338371,247504.505,3
2019,1,167.3251190185547,hgap,125,.0003418166,169.10757,-1.0652647,247504.505,3
2023,3,35.05883365869522,nnm,125,-.026046606,17.353067,50.50301,247504.505,3
2023,3,25.05382522940636,pnm,125,-.038530171,8.8526068,64.665649,247504.505,3
2023,2,7.941041771598045,q5_19,125,-.026248092,3.9092519,50.771549,247504.505,3
2023,2,30.47052770853043,nnm,125,-.028217578,14.223354,53.320946,247504.505,3
2023,1,15.0966083244003,q5_19,125,-.016009459,9.798357,35.095638,247504.505,3
2023,1,25.20747110247612,pnm,125,-.037617426,9.1291256,63.78405,247504.505,3
2019,3,161.2650146484375,hgap,125,.00021521603,162.34453,-.66940343,247504.505,3
2023,1,77.7023583650589,u20m,125,-.026558107,37.932819,51.181896,247504.505,3
2023,2,62.20534443855286,u20m,125,-.031817108,26.347649,57.644077,247504.505,3
2019,1,170.1901702880859,hgap,228,.0010953944,176.0686,-3.4540381,4458.759,3
2023,3,8.649333380162716,pnm,228,-.013140325,6.0659642,29.867842,4458.759,3
2023,1,8.267439901828766,nnm,228,-.0063498537,6.9648695,15.755426,4458.759,3
2023,3,5.922464596461285,q5_19,228,-.040789723,1.9688118,66.756882,4458.759,3
2023,1,24.70309287309647,u20m,228,-.021163169,13.950605,43.526886,4458.759,3
2022,1,358.40063,math,228,.0011859117,370.50131,-3.3763006,4458.759,3
2023,2,19.04968172311783,u20m,228,-.014151548,13.00012,31.75676,4458.759,3
2023,2,6.755052134394646,nnm,228,.000023723438,6.7593803,-.064073615,4458.759,3
2023,2,7.930010557174683,pnm,228,-.0164767,5.0823994,35.909298,4458.759,3
2019,3,164.310546875,hgap,228,.00097304641,169.34239,-3.0623994,4458.759,3
2023,3,7.537107449024916,nnm,228,-.0034788491,6.8613868,8.9652519,4458.759,3
2019,2,158.1864624023438,hgap,228,.00082408421,162.27965,-2.58757,4458.759,3
2023,3,21.94823697209358,u20m,228,-.018238528,13.413298,38.886673,4458.759,3
2023,1,9.343091398477554,pnm,228,-.010173809,7.0989318,24.019455,4458.759,3
2023,1,7.297759279084381,q5_19,228,-.047084171,2.0468349,71.952553,4458.759,3
2023,2,4.483791379586655,q5_19,228,-.029147742,2.0410817,54.478664,4458.759,3
2022,3,356.57352,math,228,.0026270091,383.79044,-7.6329045,4458.759,3
2022,2,354.73947,math,228,.0040446562,397.2771,-11.991231,4458.759,3
2022,2,383.65448,math,230,.0066639045,462.3544,-20.513229,33845.61699999998,3
2023,3,6.700644269585609,nnm,230,-.020009523,3.903785,41.740154,33845.61699999998,3
2023,1,23.93065951764584,u20m,230,-.027027866,11.535256,51.797165,33845.61699999998,3
2023,2,7.5314836576581,pnm,230,-.024186216,3.9198925,47.953247,33845.61699999998,3
2022,1,398.82236,math,230,.0054105464,464.05887,-16.357285,33845.61699999998,3
2023,1,7.842357778212516,q5_19,230,-.039314061,2.7130132,65.405647,33845.61699999998,3
2023,3,21.3853120803833,u20m,230,-.025637629,10.702618,49.953419,33845.61699999998,3
2023,1,7.636688183993101,nnm,230,-.019712668,4.4849257,41.271324,33845.61699999998,3
2019,2,154.3871612548828,hgap,230,.00087763643,158.64519,-2.7580183,33845.61699999998,3
2023,1,8.644798770546913,pnm,230,-.02197223,4.7764978,44.747147,33845.61699999998,3
2023,3,6.729594024144303,q5_19,230,-.034604061,2.6437678,60.714306,33845.61699999998,3
2023,2,5.584472503672,q5_19,230,-.028335232,2.5985112,53.468994,33845.61699999998,3
2023,2,5.746461916714907,nnm,230,-.020200899,3.3306253,42.040417,33845.61699999998,3
2019,1,166.7505950927734,hgap,230,.0008626465,171.27,-2.7102807,33845.61699999998,3
2022,3,391.23578,math,230,.0060948855,464.03836,-18.608364,33845.61699999998,3
2019,3,160.5741729736328,hgap,230,.00087875803,165.00858,-2.7615914,33845.61699999998,3
2023,2,18.74523051083088,u20m,230,-.024078932,9.784585,47.802269,33845.61699999998,3
2023,3,8.108701556921005,pnm,230,-.022900334,4.3694134,46.114513,33845.61699999998,3
2023,1,9.846844740748706,q5_19,127,-.011760916,7.1678543,27.206587,114891.201,3
2023,3,15.5387669801712,pnm,127,-.0067064739,12.965127,16.562704,114891.201,3
2023,3,8.490201615591332,q5_19,127,-.011811789,6.171824,27.306509,114891.201,3
2022,3,354.71973,math,127,.0015217707,370.16083,-4.3530416,114891.201,3
2023,3,12.3678594827652,nnm,127,-.00062658486,12.160382,1.6775515,114891.201,3
2019,3,159.74462890625,hgap,127,.00075018313,163.50313,-2.3528173,114891.201,3
2023,1,39.92263227701187,u20m,127,-.0058322339,34.105991,14.569783,114891.201,3
2023,2,7.097930644271111,q5_19,127,-.011020044,5.2712216,25.735796,114891.201,3
2019,2,154.1442108154297,hgap,127,.00077048229,157.87025,-2.4172454,114891.201,3
2023,3,35.96934676170349,u20m,127,-.0058448976,30.718185,14.59899,114891.201,3
2022,1,347.53537,math,127,.00082589028,355.66574,-2.339437,114891.201,3
2019,1,165.2326812744141,hgap,127,.0008441906,169.61388,-2.6515305,114891.201,3
2023,1,13.42451479285955,nnm,127,-.0017188392,12.815737,4.5348234,114891.201,3
2023,1,17.18101650476456,pnm,127,-.0056820516,14.737418,14.222665,114891.201,3
2022,2,361.71707,math,127,.0025566812,388.5607,-7.4211674,114891.201,3
2023,2,13.77020590007305,pnm,127,-.0080754776,11.072554,19.5905,114891.201,3
2023,2,11.23115886002779,nnm,127,.00077820191,11.469639,-2.123378,114891.201,3
2023,2,31.76828101277351,u20m,127,-.0056820312,27.25,14.222617,114891.201,3
2023,2,11.27225115806452,q5_19,263,.012760654,15.908948,-41.133724,17.751,3
2023,1,14.62508924305439,pnm,263,.0088497037,18.572472,-26.990484,17.751,3
2023,2,11.43856719136238,pnm,263,.0075553623,14.02702,-22.629173,17.751,3
2019,2,159.5176239013672,hgap,263,.00071092899,163.07222,-2.2283406,17.751,3
2019,1,170.6244354248047,hgap,263,.00018006653,171.57953,-.55976355,17.751,3
2023,2,30.57984821498394,u20m,263,.0094780484,39.49794,-29.163296,17.751,3
2023,1,9.765974245965481,nnm,263,.0056460318,11.374195,-16.467592,17.751,3
2019,3,165.2482604980469,hgap,263,.00043761602,167.50531,-1.3658538,17.751,3
2023,3,11.80000915181112,q5_19,263,.00048766995,11.956409,-1.3254172,17.751,3
2023,3,9.019579738378525,nnm,263,.0067856708,10.83315,-20.107037,17.751,3
2023,3,33.51609781384468,u20m,263,.0050807344,38.444118,-14.703444,17.751,3
2023,2,8.182750083506107,nnm,263,.0081021506,10.18368,-24.45302,17.751,3
2023,3,13.07373959571123,pnm,263,.0083562993,16.382696,-25.309946,17.751,3
2023,1,12.31100120878848,q5_19,263,-.0082751047,9.8460016,20.022739,17.751,3
2023,1,36.26071661710739,u20m,263,.0019372227,38.207809,-5.3697033,17.751,3
2019,2,156.8945007324219,hgap,264,.0005862278,159.77182,-1.8339198,10389.639,3
2023,2,50.03289878368378,u20m,264,-.029558821,22.524252,54.981117,10389.639,3
2023,2,16.21498912572861,nnm,264,-.025804391,8.0785913,50.178249,10389.639,3
2023,1,20.60627937316895,pnm,264,-.035392962,7.9247112,61.542252,10389.639,3
2019,1,163.0979614257813,hgap,264,.00018212276,164.02138,-.56617272,10389.639,3
2023,3,55.36943301558495,u20m,264,-.028204827,25.854828,53.304871,10389.639,3
2023,3,19.56801675260067,nnm,264,-.025716243,9.7723589,50.059532,10389.639,3
2019,3,160.1532287597656,hgap,264,.00037626666,162.03224,-1.1732596,10389.639,3
2023,2,13.97493555857809,q5_19,264,-.023749098,7.3598514,47.335346,10389.639,3
2023,3,20.61687968671322,pnm,264,-.036426559,7.7105775,62.600658,10389.639,3
2023,3,16.2337728995382,q5_19,264,-.02224621,8.9035149,45.154369,10389.639,3
2023,1,18.27846136594991,q5_19,264,-.021049879,10.354038,43.353886,10389.639,3
2023,2,20.68950422108173,pnm,264,-.037338562,7.54953,63.510338,10389.639,3
2023,1,60.2949894964695,u20m,264,-.027148824,28.96913,51.954334,10389.639,3
2023,1,22.65947312116623,nnm,264,-.025874233,11.268078,50.27211,10389.639,3
2023,2,5.314463749527931,u20m,181,-.027620491,2.5210586,52.562317,38762.84700000002,3
2022,3,488.96005,math,181,-.0056730863,417.1452,14.687263,38762.84700000002,3
2019,1,180.6864013671875,hgap,181,.0010093957,186.4297,-3.178602,38762.84700000002,3
2023,3,1.991861732676625,nnm,181,-.034074437,.79378706,60.148487,38762.84700000002,3
2023,3,1.714248210191727,pnm,181,-.035640888,.65486294,61.798824,38762.84700000002,3
2022,1,491.67908,math,181,-.0055163465,421.30984,14.312025,38762.84700000002,3
2023,3,2.497660512308042,q5_19,181,-.028201932,1.1663769,53.30122,38762.84700000002,3
2023,3,6.191107910126448,u20m,181,-.032118008,2.6010828,57.986797,38762.84700000002,3
2023,1,3.168645519199265,q5_19,181,-.032031946,1.3343465,57.889057,38762.84700000002,3
2023,1,1.805789303034544,pnm,181,-.03702271,.6645698,63.197823,38762.84700000002,3
2022,2,486.1626,math,181,-.0058657406,412.52731,15.146226,38762.84700000002,3
2019,2,165.7761383056641,hgap,181,.00029421094,167.29503,-.91622978,38762.84700000002,3
2023,2,1.912858569994569,nnm,181,-.028212147,.89303523,53.314102,38762.84700000002,3
2023,2,1.618826412595809,pnm,181,-.033933789,.6475814,59.996861,38762.84700000002,3
2019,3,173.3939361572266,hgap,181,.00068140897,177.09561,-2.1348355,38762.84700000002,3
2023,1,2.064921893179417,nnm,181,-.038991902,.72058713,65.103416,38762.84700000002,3
2023,2,1.792199301163366,q5_19,181,-.021058241,1.0149821,43.366673,38762.84700000002,3
2023,1,7.023374550044537,u20m,181,-.035302717,2.7076211,61.448429,38762.84700000002,3
2023,2,6.907457951456308,u20m,231,-.015937898,4.4919119,34.970116,3242.024,3
2023,2,3.674298292025924,nnm,231,.0042870748,4.1251945,-12.271629,3242.024,3
2023,1,2.517469312639076,q5_19,231,-.02775922,1.1897643,52.739674,3242.024,3
2019,3,171.3794555664063,hgap,231,.00069509447,175.1124,-2.1781728,3242.024,3
2023,2,1.180473004531835,q5_19,231,-.020568052,.67744821,42.612137,3242.024,3
2023,1,3.891905769705772,nnm,231,-.021998318,2.1488748,44.786053,3242.024,3
2023,3,7.855146192014217,u20m,231,-.023714721,4.140727,47.286442,3242.024,3
2019,2,163.0573272705078,hgap,231,.00045665057,165.382,-1.4256805,3242.024,3
2023,3,1.865392128889698,q5_19,231,-.025265871,.94298285,49.448547,3242.024,3
2023,1,8.756783790886402,u20m,231,-.029252471,3.9749491,54.607204,3242.024,3
2023,2,2.0670504309237,pnm,231,-.042176947,.66189063,67.978981,3242.024,3
2023,3,3.784144762903452,nnm,231,-.010519824,2.8484776,24.725988,3242.024,3
2019,1,179.4821472167969,hgap,231,.00089846516,184.55142,-2.8243895,3242.024,3
2023,3,2.225224394351244,pnm,231,-.041929141,.71732301,67.764015,3242.024,3
2023,1,2.372388495132327,pnm,231,-.041854985,.76629549,67.699409,3242.024,3
2023,2,9.451334364712238,pnm,123,-.032059956,3.977037,57.920895,26418.19699999999,3
2023,3,7.603330537676811,nnm,123,-.024702735,3.9024811,48.674057,26418.19699999999,3
2019,3,168.1063079833984,hgap,123,.00095966732,173.18256,-3.0196655,26418.19699999999,3
2023,1,11.54016703367233,pnm,123,-.033141844,4.7162023,59.132286,26418.19699999999,3
2023,3,11.57998670368943,q5_19,123,-.010079026,8.8210821,23.824764,26418.19699999999,3
2023,3,29.41856160759926,u20m,123,-.022059927,16.216152,44.877823,26418.19699999999,3
2019,1,174.6881103515625,hgap,123,.00098777178,180.11996,-3.1094584,26418.19699999999,3
2023,2,6.70494232326746,nnm,123,-.025229719,3.392756,49.399178,26418.19699999999,3
2023,1,8.448868989944458,nnm,123,-.024282612,4.3859315,48.088535,26418.19699999999,3
2023,1,14.43604836967505,q5_19,123,-.0083800955,11.512874,20.249134,26418.19699999999,3
2023,1,34.0404286980629,u20m,123,-.02089747,19.362093,43.120304,26418.19699999999,3
2019,2,161.2175445556641,hgap,123,.00091858319,165.87437,-2.8885379,26418.19699999999,3
2023,2,8.572321397974147,q5_19,123,-.013048186,6.0269289,29.693153,26418.19699999999,3
2023,3,10.52425429224968,pnm,123,-.032662753,4.3570194,58.600208,26418.19699999999,3
2023,2,24.52727407217026,u20m,123,-.023732426,12.92302,47.311634,26418.19699999999,3
2023,1,2.062613626025001,q5_19,182,-.017089583,1.3002481,36.96114,10430.735,3
2019,1,174.370849609375,hgap,182,.0002349539,175.64552,-.73101294,10430.735,3
2023,2,1.528670196421444,pnm,182,.0064782361,1.820863,-19.114183,10430.735,3
2023,3,4.828731995075941,u20m,182,-.01518548,3.2045636,33.635506,10430.735,3
2023,3,1.62801617438757,q5_19,182,-.024090376,.84952497,47.818394,10430.735,3
2023,3,1.5313666081056,nnm,182,-.013104297,1.0750257,29.799587,10430.735,3
2023,1,5.490749143064022,u20m,182,-.018765576,3.3081667,39.750175,10430.735,3
2023,2,4.133379552513361,u20m,182,-.0099893017,3.1562488,23.639996,10430.735,3
2023,2,1.172810558785931,q5_19,182,-.035855114,.44544342,62.01915,10430.735,3
2023,1,1.619938644580543,nnm,182,-.021717828,.90123153,44.366318,10430.735,3
2022,3,471.91052,math,182,-.0031604436,431.94443,8.468998,10430.735,3
2023,2,1.437572413124144,nnm,182,-.0017661256,1.37063,4.6566272,10430.735,3
2023,3,1.677136635407805,pnm,182,-.0078372695,1.3572786,19.071674,10430.735,3
2019,3,167.9350433349609,hgap,182,.00021617435,169.06422,-.67239147,10430.735,3
2022,1,477.16522,math,182,-.0032044444,436.21637,8.5816917,10430.735,3
2022,2,466.5158,math,182,-.0031190119,427.50226,8.3627481,10430.735,3
2023,1,1.818227814510465,pnm,182,-.018094609,1.1155057,38.648739,10430.735,3
2019,2,161.2271270751953,hgap,182,.00016924871,162.07526,-.52604628,10430.735,3
2023,3,9.741725400090218,nnm,229,-.011025279,7.233592,25.746296,6844.152000000003,3
2023,2,8.270073682069778,nnm,229,-.0079968208,6.6640625,19.419552,6844.152000000003,3
2023,3,7.168280892074108,pnm,229,-.057928681,1.5001897,79.071838,6844.152000000003,3
2023,1,11.15920394659042,nnm,229,-.012973064,7.8616138,29.550407,6844.152000000003,3
2019,3,166.9178619384766,hgap,229,.00082356617,171.23424,-2.585928,6844.152000000003,3
2022,3,337.53976,math,229,,,,6844.152000000003,3
2023,1,28.35537679493427,u20m,229,-.022409022,15.483471,45.394939,6844.152000000003,3
2023,3,7.680599003523247,q5_19,229,-.0010708986,7.4617,2.8500257,6844.152000000003,3
2023,2,20.23249492049217,u20m,229,-.027095338,9.7348852,51.884899,6844.152000000003,3
2023,1,10.00577520843282,q5_19,229,.00058101781,10.163979,-1.5811206,6844.152000000003,3
2023,1,7.459092419594526,pnm,229,-.057455204,1.5811354,78.802574,6844.152000000003,3
2019,1,173.8061828613281,hgap,229,.00089775771,178.71123,-2.8221347,6844.152000000003,3
2023,2,5.251671359827625,q5_19,229,-.0043438766,4.6704793,11.066802,6844.152000000003,3
2022,1,343.37585,math,229,,,,6844.152000000003,3
2023,2,6.846459582448006,pnm,229,-.058684967,1.4038769,79.49485,6844.152000000003,3
2019,2,159.7622222900391,hgap,229,.00073762011,163.45747,-2.3129694,6844.152000000003,3
2023,3,24.39143136143684,u20m,229,-.024337357,12.643248,48.165207,6844.152000000003,3
2022,2,331.9745,math,229,,,,6844.152000000003,3
2023,1,18.66685599088669,pnm,126,.070241056,124.36963,-566.25909,5409.202000000002,3
2023,1,8.9838532730937,nnm,126,-.030472061,3.9459243,56.077595,5409.202000000002,3
2023,3,72.45295494794846,u20m,126,.10550486,1250.8374,-1626.4132,5409.202000000002,3
2022,3,365.74667,math,126,,,,5409.202000000002,3
2019,3,168.0718841552734,hgap,126,.00092425098,172.95709,-2.9066184,5409.202000000002,3
2019,1,175.0450592041016,hgap,126,.0010793188,181.00096,-3.4024966,5409.202000000002,3
2023,2,7.01501127332449,nnm,126,-.024624877,3.6080976,48.566048,5409.202000000002,3
2023,3,47.64329812546475,q5_19,126,.21266626,14849.642,-31068.375,5409.202000000002,3
2023,1,83.85635912418365,u20m,126,.10967287,1620.1483,-1832.0519,5409.202000000002,3
2022,1,357.09143,math,126,,,,5409.202000000002,3
2022,2,372.65262,math,126,,,,5409.202000000002,3
2019,2,161.2777252197266,hgap,126,.00089093397,165.79413,-2.8003888,5409.202000000002,3
2023,2,17.65608228743076,pnm,126,.067150615,108.21791,-512.92145,5409.202000000002,3
2023,3,18.16692017018795,pnm,126,.068536483,115.59438,-536.29047,5409.202000000002,3
2023,2,60.91754138469696,u20m,126,.10017747,910.79065,-1395.1205,5409.202000000002,3
2023,3,8.029755204916,nnm,126,-.027768999,3.7938869,52.752148,5409.202000000002,3
2023,1,57.96644080122127,q5_19,126,.21383278,18645.299,-32065.678,5409.202000000002,3
2023,2,37.28556317546327,q5_19,126,.21061374,10994.794,-29388.072,5409.202000000002,3
2023,1,8.317887783050537,u20m,253,-.025004527,4.2345886,49.090576,281.1260000000001,3
2023,3,7.76426587253809,u20m,253,-.024183283,4.041368,47.949127,281.1260000000001,3
2023,1,1.983569963119658,q5_19,253,-.026604965,.96711695,51.243618,281.1260000000001,3
2023,3,1.684653763130428,q5_19,253,-.02574837,.84059447,50.102837,281.1260000000001,3
2019,1,178.31640625,hgap,253,.00026103374,179.7652,-.81248355,281.1260000000001,3
2023,2,7.181230932474136,u20m,253,-.023254644,3.8327992,46.627544,281.1260000000001,3
2019,3,172.5944671630859,hgap,253,.00055058172,175.5656,-1.7214516,281.1260000000001,3
2023,2,1.370067268262276,q5_19,253,-.025039136,.69684184,49.13813,281.1260000000001,3
2019,2,166.5186614990234,hgap,253,.00071548519,170.25331,-2.2427814,281.1260000000001,3
2022,3,414.10623,math,128,.009534155,540.81586,-30.598339,2979.088,3
2023,3,8.421745151281357,u20m,128,-.043754809,2.584255,69.314499,2979.088,3
2023,1,2.276350045576692,pnm,128,-.064902358,.39463642,82.663635,2979.088,3
2023,3,2.823223825544119,nnm,128,-.040783461,.93868619,66.751266,2979.088,3
2019,3,168.9939422607422,hgap,128,.00064227311,172.39241,-2.0109999,2979.088,3
2023,2,2.636467572301626,nnm,128,-.039054725,.91847777,65.16256,2979.088,3
2023,2,2.023023786023259,pnm,128,-.063022427,.3689802,81.760956,2979.088,3
2019,1,173.2724151611328,hgap,128,.0012515312,180.12706,-3.9559932,2979.088,3
2023,2,2.047970496098617,q5_19,128,-.027443644,.97615969,52.335266,2979.088,3
2023,1,4.74755414457706,q5_19,128,-.029760664,2.1256797,55.225792,2979.088,3
2023,2,6.692596711218357,u20m,128,-.043643314,2.0598485,69.221985,2979.088,3
2019,2,160.7157287597656,hgap,128,.00072285125,164.35776,-2.2661309,2979.088,3
2023,3,3.469816943048154,q5_19,128,-.031894516,1.4666046,57.73251,2979.088,3
2022,1,410.1642,math,128,.010646036,552.60669,-34.728161,2979.088,3
2023,1,3.002633573487401,nnm,128,-.042243633,.95974433,68.036583,2979.088,3
2022,2,418.10458,math,128,.0083360011,528.02289,-26.289669,2979.088,3
2023,1,9.994672611355782,u20m,128,-.04227547,3.1918941,68.064049,2979.088,3
2023,3,2.152021741494536,pnm,128,-.064048767,.38178065,82.259445,2979.088,3
2023,3,1.366977622279553,q5_19,76,-.060762264,.26501232,80.613266,874.8830000000004,3
2023,2,1.056266098875214,q5_19,76,-.06089709,.20403142,80.683708,874.8830000000004,3
2023,1,1.669122583109139,q5_19,76,-.061412372,.317958,80.950592,874.8830000000004,3
2023,1,8.60454048961401,u20m,76,-.021113494,4.8657732,43.451099,874.8830000000004,3
2023,2,6.970743183046579,u20m,76,-.029028641,3.1833961,54.332043,874.8830000000004,3
2023,3,7.800552062690258,u20m,76,-.024537608,4.0215969,48.444714,874.8830000000004,3
2023,1,4.286412452340849,q5_19,183,-.018869707,2.5753052,39.919331,19118.482,3
2023,2,7.854761555790901,u20m,183,-.047055032,2.2047939,71.930481,19118.482,3
2019,2,164.7308349609375,hgap,183,.00054676895,167.5468,-1.7094333,19118.482,3
2023,2,2.111081965267658,nnm,183,-.078260012,.25517142,87.912766,19118.482,3
2019,1,177.8235015869141,hgap,183,.00083547214,182.48923,-2.623796,19118.482,3
2023,1,2.599666360765696,nnm,183,-.080938675,.29230398,88.756096,19118.482,3
2023,1,10.62962971627712,u20m,183,-.047449574,2.952071,72.227905,19118.482,3
2023,3,2.36217281781137,nnm,183,-.079829186,.27367714,88.414177,19118.482,3
2022,3,427.76,math,183,-.003850976,384.03549,10.221739,19118.482,3
2023,2,2.454596247246532,q5_19,183,-.023189047,1.3124007,46.532928,19118.482,3
2019,3,171.4128265380859,hgap,183,.00071103213,175.23306,-2.2286758,19118.482,3
2022,1,430.28415,math,183,-.0037023248,387.91284,9.8472853,19118.482,3
2022,2,425.21957,math,183,-.004022839,379.92209,10.652727,19118.482,3
2023,3,3.38960688580181,q5_19,183,-.020238301,1.9626191,42.098919,19118.482,3
2023,3,3.550927620381117,pnm,183,-.044723079,1.0615029,70.106323,19118.482,3
2023,2,3.309357678517699,pnm,183,-.039536566,1.1379938,65.612846,19118.482,3
2023,1,3.780685598030686,pnm,183,-.048900288,1.0096438,73.294693,19118.482,3
2023,3,9.27430484443903,u20m,183,-.047262281,2.5887265,72.087112,19118.482,3
2023,1,7.067197840631589,q5_19,184,-.028973226,3.2322774,54.263664,145440.504,3
2023,3,1.890558050945401,nnm,184,-.083295502,.19946702,89.449303,145440.504,3
2023,1,2.776950597763062,pnm,184,-.079459406,.32496086,88.297928,145440.504,3
2019,1,176.6489562988281,hgap,184,.00021612947,177.83649,-.6722545,145440.504,3
2023,2,6.516152992844582,u20m,184,-.069035798,1.0103711,84.494362,145440.504,3
2018,2,485.4571,math,184,.0043705339,558.3288,-15.010944,145440.504,3
2023,3,2.558441599830985,pnm,184,-.078155398,.31011951,87.878578,145440.504,3
2023,2,1.682516187429428,nnm,184,-.081004113,.18884654,88.775948,145440.504,3
2023,1,11.89189683645964,u20m,184,-.053668477,2.79214,76.520653,145440.504,3
2023,3,4.847442614571262,q5_19,184,-.035568275,1.855414,61.723858,145440.504,3
2018,3,487.78653,math,184,.0046456596,565.96881,-16.027971,145440.504,3
2018,1,490.15445,math,184,.0049230102,573.78619,-17.062325,145440.504,3
2023,2,2.327112480998039,pnm,184,-.076510116,.29489237,87.327972,145440.504,3
2023,1,2.087885979562998,nnm,184,-.084976338,.21051274,89.917419,145440.504,3
2019,3,170.7200622558594,hgap,184,.00023380257,171.96191,-.72741997,145440.504,3
2023,3,9.270062670111656,u20m,184,-.059241313,1.8725004,79.80056,145440.504,3
2019,2,164.5173645019531,hgap,184,.00017646181,165.4198,-.54853499,145440.504,3
2023,2,2.520536155003694,q5_19,184,-.052681021,.60779601,75.886238,145440.504,3
2023,1,14.61450401713726,q5_19,75,-.028467875,6.7759652,53.635338,13954.474,3
2023,3,21.86884358525276,pnm,75,-.040098537,7.4068298,66.130676,13954.474,3
2019,1,166.0231781005859,hgap,75,.00029820637,167.56508,-.92872614,13954.474,3
2023,1,53.71906235814095,u20m,75,-.033081684,21.989441,59.065849,13954.474,3
2023,1,23.00006523728371,pnm,75,-.039171483,7.9874134,65.272217,13954.474,3
2023,2,20.70519514381886,pnm,75,-.041139249,6.8184009,67.06913,13954.474,3
2023,3,49.0390807390213,u20m,75,-.034682065,19.224813,60.796955,13954.474,3
2019,2,156.7193298339844,hgap,75,.00043045526,158.82463,-1.3433576,13954.474,3
2023,3,15.25280717760324,nnm,75,-.030328162,6.7254791,55.906612,13954.474,3
2019,3,161.2756195068359,hgap,75,.00037318733,163.15222,-1.1635994,13954.474,3
2023,2,13.41358013451099,nnm,75,-.029984839,5.9695821,55.495983,13954.474,3
2023,2,10.82979062546707,q5_19,75,-.038613956,3.8179893,64.745491,13954.474,3
2023,1,17.07723923027515,nnm,75,-.030695112,7.4556975,56.34132,13954.474,3
2023,2,44.30434480309486,u20m,75,-.036681585,16.455833,62.857292,13954.474,3
2023,3,12.71889445921937,q5_19,75,-.032818932,5.2434382,58.774418,13954.474,3
2023,2,3.435141967867317,q5_19,129,-.028860342,1.5759039,54.124054,33264.28999999999,3
2023,1,4.427969455718994,pnm,129,-.01202787,3.2001209,27.729382,33264.28999999999,3
2023,1,1.897056819871068,nnm,129,-.10749338,.10414017,94.510437,33264.28999999999,3
2023,1,8.57618400362259,q5_19,129,-.023796454,4.5108466,47.402637,33264.28999999999,3
2023,1,14.83863778412342,u20m,129,-.036100034,5.5986948,62.269482,33264.28999999999,3
2022,2,387.84473,math,129,.0051296614,447.75024,-15.445746,33264.28999999999,3
2023,2,1.69789616484195,nnm,129,-.10146425,.10968477,93.539963,33264.28999999999,3
2023,3,6.065562984072792,q5_19,129,-.028124664,2.8384595,53.203693,33264.28999999999,3
2023,2,4.386288113892078,pnm,129,-.018206839,2.6829011,38.834362,33264.28999999999,3
2019,2,158.8377227783203,hgap,129,.00098273833,163.75116,-3.093369,33264.28999999999,3
2023,2,9.491004049777985,u20m,129,-.04210373,3.0451303,67.915619,33264.28999999999,3
2019,3,165.1015930175781,hgap,129,.00011324236,165.68221,-.35166964,33264.28999999999,3
2019,1,170.6654663085938,hgap,129,.00054709474,173.58463,-1.7104567,33264.28999999999,3
2022,3,388.78162,math,129,.010199842,517.29504,-33.055428,33264.28999999999,3
2023,3,12.22781650722027,u20m,129,-.039678633,4.1886997,65.744499,33264.28999999999,3
2023,3,1.801318489015102,nnm,129,-.10486503,.10615691,94.106712,33264.28999999999,3
2022,1,389.76157,math,129,.015097995,594.83203,-52.614334,33264.28999999999,3
2023,3,4.406478255987167,pnm,129,-.014921787,2.9452319,33.16132,33264.28999999999,3
2023,2,27.32255682349205,pnm,85,-.037385657,9.9572401,63.556705,50042.8,3
2023,2,62.944695353508,u20m,85,-.032319803,26.30139,58.21508,50042.8,3
2023,2,18.78836192190647,nnm,85,-.025029829,9.5585136,49.125347,50042.8,3
2019,2,160.3617095947266,hgap,85,.000044198503,160.58157,-.13710499,50042.8,3
2023,1,33.41391917494229,q5_19,85,-.019285001,19.85146,40.589252,50042.8,3
2023,1,25.16648359596729,nnm,85,-.026313569,12.367187,50.858505,50042.8,3
2023,1,86.39350533485413,u20m,85,-.026015328,42.798313,50.461193,50042.8,3
2023,3,28.81415747106075,pnm,85,-.036168456,10.851665,62.339119,50042.8,3
2019,1,172.0735931396484,hgap,85,.00018642863,173.07094,-.57960373,50042.8,3
2019,3,166.2631683349609,hgap,85,.00020167671,167.30589,-.6271531,50042.8,3
2023,3,22.11123891174793,nnm,85,-.025879052,10.994021,50.278584,50042.8,3
2023,1,30.40986135601997,pnm,85,-.0351949,11.757657,61.33604,50042.8,3
2023,3,25.90315476274929,q5_19,85,-.024841135,13.24545,48.865494,50042.8,3
2023,2,18.1758978924732,q5_19,85,-.034615729,7.1382794,60.726677,50042.8,3
2023,3,74.88881051540375,u20m,85,-.028665157,34.537487,53.881645,50042.8,3
2023,2,17.86012388765812,pnm,79,-.056434993,3.8916206,78.210564,18077.57400000001,3
2019,3,170.0892944335938,hgap,79,.000082208564,170.52332,-.25517243,18077.57400000001,3
2023,1,17.42081465514156,q5_19,79,-.027070072,8.3877621,51.852066,18077.57400000001,3
2023,2,45.16278579831123,u20m,79,-.043847576,13.823761,69.391258,18077.57400000001,3
2023,1,56.07133731245995,u20m,79,-.03916169,19.477484,65.263031,18077.57400000001,3
2023,3,15.7586301284478,q5_19,79,-.029185943,7.1661439,54.525593,18077.57400000001,3
2023,1,21.07316255569458,pnm,79,-.051633816,5.2272601,75.194702,18077.57400000001,3
2023,3,50.75914785265923,u20m,79,-.041125979,16.721418,67.057327,18077.57400000001,3
2023,1,18.65575648844242,nnm,79,-.037565287,6.7658777,63.733028,18077.57400000001,3
2023,3,16.37835614383221,nnm,79,-.03867523,5.764564,64.803772,18077.57400000001,3
2023,2,13.96812123349134,q5_19,79,-.032512311,5.8063097,58.431705,18077.57400000001,3
2019,1,176.1772155761719,hgap,79,.00009807379,176.71365,-.30448774,18077.57400000001,3
2023,2,14.02696780860424,nnm,79,-.040050242,4.7570376,66.086487,18077.57400000001,3
2019,2,163.9240875244141,hgap,79,-.000040827828,163.71675,.1264832,18077.57400000001,3
2023,3,19.50196363031864,pnm,79,-.05371467,4.5732269,76.549919,18077.57400000001,3
2022,3,574.6638,math,130,.00020825137,578.02448,-.58480716,5789.092000000001,3
2019,2,161.3047180175781,hgap,130,.00036309368,163.1306,-1.1319457,5789.092000000001,3
2023,3,.976452836766839,nnm,130,-.021267755,.54987836,43.686131,5789.092000000001,3
2023,2,4.212663974612951,u20m,130,.0045924587,4.768785,-13.201172,5789.092000000001,3
2022,2,568.4881,math,130,-.0011635786,550.26514,3.2055135,5789.092000000001,3
2023,3,2.408471215071817,q5_19,130,.02137477,4.2892461,-78.089989,5789.092000000001,3
2023,2,.9450106299482286,nnm,130,-.017985139,.58149213,38.467133,5789.092000000001,3
2022,1,580.59344,math,130,.0015150077,605.7522,-4.3332829,5789.092000000001,3
2019,1,173.4965209960938,hgap,130,.00026448572,174.92488,-.82327873,5789.092000000001,3
2023,1,1.001215889118612,nnm,130,-.024586026,.51550537,48.512066,5789.092000000001,3
2023,2,2.093149717579568,q5_19,130,.033158831,5.1241179,-144.80417,5789.092000000001,3
2023,1,5.001903977245092,u20m,130,-.005232634,4.3428793,13.175476,5789.092000000001,3
2023,1,1.320932991802692,pnm,130,-.022736436,.714948,45.87553,5789.092000000001,3
2019,3,167.9412841796875,hgap,130,.00031798062,169.60493,-.99061435,5789.092000000001,3
2023,1,2.687314284365971,q5_19,130,.013788912,3.8994787,-45.106907,5789.092000000001,3
2023,3,4.62837191298604,u20m,130,-.0010317288,4.5012202,2.7472227,5789.092000000001,3
2023,3,1.250028144568205,pnm,130,-.020257134,.72341186,42.128353,5789.092000000001,3
2023,2,1.180064748041332,pnm,130,-.01675435,.75066322,36.387962,5789.092000000001,3
2023,3,4.051181968560358,q5_19,77,-.0099523133,3.0965736,23.5637,5.316,3
2023,1,5.324141077209354,q5_19,77,-.0065090279,4.4660649,16.116705,5.316,3
2023,2,2.827660652008013,q5_19,77,-.0074089319,2.3149974,18.130295,5.316,3
2023,1,21.90897054970264,u20m,77,-.0065890769,18.338287,16.297813,5.316,3
2023,2,14.10443056374788,u20m,77,-.0070125689,11.671495,17.249439,5.316,3
2023,3,18.05521361529827,u20m,77,-.0074679232,14.758225,18.260588,5.316,3
2023,3,28.94431911408901,u20m,266,-.028013391,13.585627,53.062893,800.015,3
2023,1,10.68718452006578,nnm,266,-.027284697,5.1159267,52.130268,800.015,3
2023,3,9.345313534140587,nnm,266,-.027110567,4.4946585,51.904678,800.015,3
2023,2,9.896610995150157,q5_19,266,-.018906252,5.9400854,39.978592,800.015,3
2023,1,8.775058202445507,pnm,266,-.036859278,3.2436945,63.035065,800.015,3
2023,1,12.70057741747466,q5_19,266,-.023944171,6.6535783,47.612003,800.015,3
2019,2,156.7888488769531,hgap,266,.0005782349,159.62468,-1.8086941,800.015,3
2019,3,159.9631500244141,hgap,266,.000071338553,160.31731,-.2213988,800.015,3
2023,3,8.535083383321762,pnm,266,-.037589069,3.0934291,63.75631,800.015,3
2023,2,8.211131207644939,pnm,266,-.038419787,2.9100099,64.560181,800.015,3
2019,1,163.0694427490234,hgap,266,-.00043057118,160.9073,1.3259013,800.015,3
2023,3,11.3456446622564,q5_19,266,-.021845637,6.290256,44.557968,800.015,3
2023,1,31.8230502307415,u20m,266,-.028355366,14.799539,53.494282,800.015,3
2023,2,7.979122921824455,nnm,266,-.026953887,3.8538535,51.700787,800.015,3
2023,2,25.86176805198193,u20m,266,-.027558655,12.288724,52.483047,800.015,3
2023,1,128.6484450101852,u20m,81,-.037771571,46.397755,63.93446,8460.523000000005,3
2023,2,25.52184648811817,nnm,81,-.030589605,11.174289,56.21677,8460.523000000005,3
2023,3,118.9033389091492,u20m,81,-.042383008,37.86282,68.156639,8460.523000000005,3
2023,1,33.15854072570801,nnm,81,-.028536558,15.345362,53.721241,8460.523000000005,3
2023,2,66.49493426084518,pnm,81,-.043827441,20.36433,69.374611,8460.523000000005,3
2019,3,161.9138031005859,hgap,81,.0002065993,162.95412,-.64251083,8460.523000000005,3
2023,3,69.88140940666199,pnm,81,-.042374622,22.257629,68.149429,8460.523000000005,3
2023,2,20.6748069351772,q5_19,81,-.083876744,2.1473701,89.613594,8460.523000000005,3
2023,1,73.39435070753098,pnm,81,-.040916823,24.314983,66.870773,8460.523000000005,3
2023,2,109.1271713376045,u20m,81,-.047550522,30.224409,72.303497,8460.523000000005,3
2023,3,29.35664728283882,nnm,81,-.02956143,13.215103,54.984291,8460.523000000005,3
2023,3,24.05454484263447,q5_19,81,-.065323822,4.1229987,82.859795,8460.523000000005,3
2019,1,166.4285125732422,hgap,81,.00025369873,167.74258,-.78957123,8460.523000000005,3
2019,2,157.3356018066406,hgap,81,.0001375866,158.0081,-.42743066,8460.523000000005,3
2023,1,27.3799938647582,q5_19,81,-.048883308,7.3152657,73.28244,8460.523000000005,3
2023,2,5.667243437405767,q5_19,214,-.018421395,3.4463825,39.187675,6309.629000000001,3
2023,1,6.288311444222927,pnm,214,-.054440148,1.4460108,77.004784,6309.629000000001,3
2019,3,163.7069091796875,hgap,214,.0012649321,170.25386,-3.9991906,6309.629000000001,3
2023,3,20.15243843197823,u20m,214,-.036214717,7.5801115,62.386131,6309.629000000001,3
2023,2,5.752069409936666,pnm,214,-.046923313,1.6203306,71.830475,6309.629000000001,3
2023,3,5.42449951171875,nnm,214,-.022784553,2.9321699,45.945797,6309.629000000001,3
2023,3,8.823440975616714,q5_19,214,-.033761349,3.5461252,59.810177,6309.629000000001,3
2022,1,346.7584,math,214,,,,6309.629000000001,3
2023,1,11.78337277841723,q5_19,214,-.04045321,3.952913,66.453468,6309.629000000001,3
2023,2,15.96271246671677,u20m,214,-.031156225,6.8828821,56.8815,6309.629000000001,3
2022,3,343.46912,math,214,,,,6309.629000000001,3
2023,1,24.09276366233826,u20m,214,-.039369896,8.3221807,65.457756,6309.629000000001,3
2022,2,340.30716,math,214,,,,6309.629000000001,3
2019,1,170.6696929931641,hgap,214,.0012090218,177.18771,-3.8190849,6309.629000000001,3
2023,1,6.206885445863008,nnm,214,-.020599946,3.5589325,42.661541,6309.629000000001,3
2023,3,6.03810278698802,pnm,214,-.05088561,1.5283341,74.688507,6309.629000000001,3
2019,2,156.3895721435547,hgap,214,.0011047765,161.83839,-3.484134,6309.629000000001,3
2023,2,4.628702998161316,nnm,214,-.025038652,2.3542757,49.137466,6309.629000000001,3
2023,1,.8056715596467257,nnm,185,-.046252634,.23110104,71.315727,33.76099999999999,3
2023,2,.6123060593381524,pnm,185,-.045724649,.17815727,70.903885,33.76099999999999,3
2023,3,1.120484330172644,q5_19,185,-.014279743,.76201272,31.992559,33.76099999999999,3
2023,2,2.212236169725657,u20m,185,-.025965929,1.0973781,50.395073,33.76099999999999,3
2023,1,2.794440370053053,u20m,185,-.039225698,.96902776,65.323013,33.76099999999999,3
2023,2,.9367376678376393,q5_19,185,.011517681,1.2784206,-36.475838,33.76099999999999,3
2023,1,1.275906869771859,q5_19,185,-.029814966,.57044023,55.291389,33.76099999999999,3
2023,3,.7372128893621266,nnm,185,-.046752274,.20863062,71.700089,33.76099999999999,3
2023,3,.6643802626058459,pnm,185,-.046548989,.18905386,71.544327,33.76099999999999,3
2023,2,.6647953414358199,nnm,185,-.047478564,.18448313,72.249634,33.76099999999999,3
2023,3,2.520017791539431,u20m,185,-.033509843,1.0196916,59.536335,33.76099999999999,3
2023,1,.7153782644309103,pnm,185,-.046921682,.20152754,71.829231,33.76099999999999,3
2023,2,38.82358525154706,q5_19,82,-.03648084,14.498501,62.65543,18358.622,3
2023,1,76.37926936149597,pnm,82,-.035316817,29.434198,61.463104,18358.622,3
2019,3,165.6031951904297,hgap,82,.00016905509,166.47336,-.52545059,18358.622,3
2023,1,48.22905877687788,q5_19,82,-.025376162,24.307995,49.598862,18358.622,3
2023,3,73.96124303340912,pnm,82,-.036266495,27.780819,62.438679,18358.622,3
2023,1,152.0093977451324,u20m,82,-.028294696,70.80896,53.418037,18358.622,3
2023,3,142.2829031944275,u20m,82,-.030400189,62.615463,55.992279,18358.622,3
2019,1,171.2173767089844,hgap,82,.0002204122,172.39127,-.68561333,18358.622,3
2023,3,31.55820444226265,nnm,82,-.023993982,16.510492,47.682407,18358.622,3
2019,2,159.8572692871094,hgap,82,.00014546093,160.57974,-.45194888,18358.622,3
2023,3,43.59601741529451,q5_19,82,-.030401288,19.185045,55.993584,18358.622,3
2023,2,71.53830677270889,pnm,82,-.037319455,26.117558,63.491508,18358.622,3
2023,1,35.36075353622437,nnm,82,-.024038324,18.477758,47.74501,18358.622,3
2023,2,27.57824584841728,nnm,82,-.0240441,14.408763,47.753155,18358.622,3
2023,2,132.195770740509,u20m,82,-.032890104,54.393852,58.853561,18358.622,3
2023,1,6.401129129423588,q5_19,247,-.005538878,5.5119843,13.890436,5.706999999999997,3
2023,1,18.50614883005619,u20m,247,-.0051499666,16.103779,12.981469,5.706999999999997,3
2023,3,3.837157762152987,q5_19,247,-.0090473182,3.0055313,21.672981,5.706999999999997,3
2023,3,13.59675545245409,u20m,247,-.0074434066,11.121267,18.206463,5.706999999999997,3
2023,2,8.548498153686523,u20m,247,-.0085288221,6.7901797,20.568741,5.706999999999997,3
2023,2,1.277112714228368,q5_19,247,-.0027316588,1.1863093,7.1100521,5.706999999999997,3
2023,3,3.141825785860419,nnm,186,-.035587646,1.2019409,61.743874,6773.206000000006,3
2023,2,1.81994522337503,q5_19,186,-.010080497,1.3862926,23.827785,6773.206000000006,3
2023,1,3.042415373954888,q5_19,186,-.020989185,1.7262367,43.260979,6773.206000000006,3
2019,1,180.7387084960938,hgap,186,.0002196944,181.97383,-.68337476,6773.206000000006,3
2023,2,2.69341142848134,nnm,186,-.036111239,1.0159307,62.280895,6773.206000000006,3
2023,2,1.776146818883717,pnm,186,-.028187135,.82977033,53.282558,6773.206000000006,3
2022,1,445.2533,math,186,-.0024889263,415.28018,6.7317004,6773.206000000006,3
2022,3,439.87668,math,186,-.0047326065,385.28427,12.410844,6773.206000000006,3
2023,3,1.819723285734653,pnm,186,-.029795786,.81399441,55.26823,6773.206000000006,3
2023,1,1.860861666500568,pnm,186,-.031197758,.80147636,56.929825,6773.206000000006,3
2023,1,3.562728175893426,nnm,186,-.035178628,1.3780971,61.31905,6773.206000000006,3
2019,3,174.4980163574219,hgap,186,.00038986691,176.61977,-1.2159163,6773.206000000006,3
2023,2,6.276594009250402,u20m,186,-.026860911,3.0391653,51.579388,6773.206000000006,3
2023,1,8.4428945556283,u20m,186,-.029311674,3.826345,54.679703,6773.206000000006,3
2022,2,434.30774,math,186,-.0070909541,356.09824,18.007854,6773.206000000006,3
2019,2,168.2850646972656,hgap,186,.00056357181,171.25096,-1.7624241,6773.206000000006,3
2023,3,2.43068954928316,q5_19,186,-.01712453,1.530834,37.020588,6773.206000000006,3
2023,3,7.374475244432688,u20m,186,-.028331898,3.4317267,53.464802,6773.206000000006,3
2023,3,54.29687868574329,q5_19,84,.01028093,71.668541,-31.993851,11483.373,3
2023,3,23.13550189137459,nnm,84,-.0061856965,19.576982,15.381207,11483.373,3
2023,1,80.17144352197647,pnm,84,-.0029736364,73.986244,7.7149658,11483.373,3
2023,2,134.071484208107,u20m,84,-.0054334556,115.77745,13.644985,11483.373,3
2023,2,44.06611887188916,q5_19,84,-.0073573673,36.127064,18.016233,11483.373,3
2023,1,25.85941180586815,nnm,84,-.0066221626,21.625566,16.372551,11483.373,3
2023,2,20.08603513240814,nnm,84,-.0055678077,17.282492,13.957675,11483.373,3
2023,1,64.22407945623043,q5_19,84,.023978693,122.70743,-91.061401,11483.373,3
2023,1,161.5051627159119,u20m,84,.0053994418,186.85297,-15.694733,11483.373,3
2023,3,148.0256468057632,u20m,84,.00046005368,149.87581,-1.2498928,11483.373,3
2023,2,75.58658719062805,pnm,84,-.0047469297,66.494003,12.029362,11483.373,3
2023,3,77.77398079633713,pnm,84,-.0038142693,70.16304,9.7859726,11483.373,3
2023,3,24.157440289855,u20m,78,-.064293876,4.2573957,82.376465,230.8820000000001,3
2019,2,159.8104553222656,hgap,78,.00014071315,160.50909,-.43716723,230.8820000000001,3
2023,1,11.87537132771099,q5_19,78,-.044923827,3.5307958,70.267914,230.8820000000001,3
2023,1,8.687234483659267,pnm,78,-.072675213,1.2209436,85.945541,230.8820000000001,3
2023,2,7.78835779055953,pnm,78,-.07414943,1.0518973,86.49398,230.8820000000001,3
2023,3,8.24421551078558,pnm,78,-.073326729,1.1384755,86.190613,230.8820000000001,3
2023,2,22.19546027481556,u20m,78,-.069993384,3.3537071,84.890121,230.8820000000001,3
2023,2,5.181994289159775,nnm,78,-.064812548,.90055072,82.621544,230.8820000000001,3
2019,1,170.3699645996094,hgap,78,.00054781215,173.28792,-1.7127159,230.8820000000001,3
2023,1,5.779694300144911,nnm,78,-.067330271,.93841171,83.763641,230.8820000000001,3
2023,1,26.12088620662689,u20m,78,-.059092768,5.2974763,79.719383,230.8820000000001,3
2023,2,9.386839333941577,q5_19,78,-.071024776,1.3793877,85.305092,230.8820000000001,3
2019,3,165.0100860595703,hgap,78,.00026884384,166.39105,-.83689803,230.8820000000001,3
2023,3,10.61944370625745,q5_19,78,-.057441931,2.2518554,78.794975,230.8820000000001,3
2023,3,5.484302993863821,nnm,78,-.066155635,.91914433,83.240456,230.8820000000001,3
2023,1,10.53039729595184,nnm,238,-.027398184,5.0254502,52.276726,628.8919999999999,3
2023,1,25.49692615866661,u20m,238,-.029204236,11.588851,54.548046,628.8919999999999,3
2023,1,7.465562783181667,pnm,238,-.032127973,3.1356785,57.998096,628.8919999999999,3
2019,2,162.2638549804688,hgap,238,.00031808676,163.8718,-.990942,628.8919999999999,3
2023,2,7.589499000459909,nnm,238,-.027520528,3.6100128,52.434109,628.8919999999999,3
2019,1,174.5144348144531,hgap,238,.00090600847,179.48537,-2.8484361,628.8919999999999,3
2023,3,7.093899417668581,pnm,238,-.030863101,3.0830872,56.538895,628.8919999999999,3
2023,3,7.197255403020075,q5_19,238,-.024397971,3.7245817,48.249973,628.8919999999999,3
2023,2,20.76106145977974,u20m,238,-.024941694,10.587281,49.004143,628.8919999999999,3
2023,2,6.654354743659496,pnm,238,-.029710818,2.9834473,55.165489,628.8919999999999,3
2023,3,23.17368425428867,u20m,238,-.027368579,11.068085,52.238564,628.8919999999999,3
2019,3,168.4656524658203,hgap,238,.00055570668,171.39293,-1.7376103,628.8919999999999,3
2023,1,7.71786435295474,q5_19,238,-.029757403,3.4559169,55.221851,628.8919999999999,3
2023,3,9.062638506293297,nnm,238,-.027545309,4.3078413,52.465927,628.8919999999999,3
2023,2,6.662270130254666,q5_19,238,-.017430957,4.1612873,37.539497,628.8919999999999,3
2022,1,464.63968,math,187,-.0045221052,409.37976,11.893069,5518.056999999998,3
2023,1,3.06199654042838,q5_19,187,-.028253889,1.4279104,53.366688,5518.056999999998,3
2019,2,167.122802734375,hgap,187,.0003297996,168.84019,-1.0276228,5518.056999999998,3
2023,3,8.200306445360184,u20m,187,-.017354807,5.1324944,37.410942,5518.056999999998,3
2022,2,463.2709,math,187,-.0028599799,427.61896,7.6957006,5518.056999999998,3
2023,2,2.79943598434329,pnm,187,-.012363515,2.0049179,28.381365,5518.056999999998,3
2023,3,2.596057718619704,nnm,187,-.016809741,1.6489373,36.483025,5518.056999999998,3
2019,3,174.2213745117188,hgap,187,.00046797949,176.76729,-1.4613097,5518.056999999998,3
2023,1,3.049695864319801,pnm,187,-.014788359,2.045733,32.920097,5518.056999999998,3
2023,2,2.185690449550748,nnm,187,-.032745387,.90285468,58.692474,5518.056999999998,3
2023,1,2.987613901495934,nnm,187,-.0040846732,2.6756406,10.442224,5518.056999999998,3
2022,3,463.99463,math,187,-.0037333809,417.94019,9.925642,5518.056999999998,3
2023,3,2.929179463535547,pnm,187,-.013655983,2.0258934,30.837511,5518.056999999998,3
2023,3,2.69755768252633,q5_19,187,-.021876492,1.4943354,44.604134,5518.056999999998,3
2023,2,7.27964099496603,u20m,187,-.018866034,4.3740907,39.913372,5518.056999999998,3
2019,1,181.0154876708984,hgap,187,.00059101911,184.36255,-1.8490468,5518.056999999998,3
2023,2,2.312145365975016,q5_19,187,-.012369156,1.6556747,28.392275,5518.056999999998,3
2023,1,9.071736596524715,u20m,187,-.016242996,5.8509431,35.503605,5518.056999999998,3
2023,2,1.26890131165236,q5_19,188,-.029033525,.57940489,54.338066,2118.395,3
2023,1,2.511888054006706,q5_19,188,-.0064744833,2.1090205,16.038437,2118.395,3
2023,1,1.230096560902894,pnm,188,-.0049697435,1.0756333,12.557004,2118.395,3
2022,1,483.70145,math,188,-.0038620895,434.12363,10.249674,2118.395,3
2023,2,.9362084092572331,nnm,188,-.045334067,.27528813,70.595421,2118.395,3
2023,3,1.058365101926029,pnm,188,-.013075988,.74354476,29.745911,2118.395,3
2023,3,1.901771828790366,q5_19,188,-.01461937,1.2815406,32.613335,2118.395,3
2023,3,4.120594821870327,u20m,188,-.015862003,2.6851146,34.836723,2118.395,3
2022,2,485.40277,math,188,-.0028403008,448.29459,7.6448231,2118.395,3
2023,3,1.16591970436275,nnm,188,-.020350203,.67304355,42.273594,2118.395,3
2022,3,484.52902,math,188,-.0033683034,440.92059,9.0001678,2118.395,3
2019,2,167.1975708007813,hgap,188,.00047760864,169.6915,-1.4916048,2118.395,3
2023,1,1.375920139253139,nnm,188,-.00095330924,1.3409567,2.541096,2118.395,3
2023,2,3.084356896579266,u20m,188,-.0326638,1.2768812,58.601379,2118.395,3
2023,2,.8823798270896077,pnm,188,-.023158154,.47217631,46.488316,2118.395,3
2019,3,174.3485107421875,hgap,188,.00052874925,177.22984,-1.6526281,2118.395,3
2023,1,5.109670571982861,u20m,188,-.0046484028,4.5069833,11.795033,2118.395,3
2019,1,180.9774169921875,hgap,188,.00054342241,184.052,-1.6988777,2118.395,3
2023,3,4.129877313971519,u20m,190,-.018937321,2.4767323,40.028915,10551.494,3
2023,2,1.134439837187529,nnm,190,-.02728495,.54304957,52.130596,10551.494,3
2022,3,481.76605,math,190,.00073027459,491.71844,-2.065815,10551.494,3
2023,1,4.701670724898577,u20m,190,-.019094201,2.807725,40.282398,10551.494,3
2023,2,3.522858256474137,u20m,190,-.018735368,2.1242478,39.701015,10551.494,3
2019,2,166.6739044189453,hgap,190,-2.6365694e-06,166.66028,.0081753042,10551.494,3
2023,2,1.049342448823154,pnm,190,-.03132293,.45042875,57.075142,10551.494,3
2023,3,1.136078382842243,pnm,190,-.029802153,.50810063,55.275917,10551.494,3
2023,1,2.191099808740771,q5_19,190,-.0085702799,1.7384712,20.6576,10551.494,3
2023,3,1.78015434564105,q5_19,190,-.005116378,1.5504696,12.902516,10551.494,3
2023,1,1.297393580898643,nnm,190,-.026694361,.63103724,51.361156,10551.494,3
2023,3,1.219220226630569,nnm,190,-.02687235,.59017158,51.594341,10551.494,3
2023,1,1.220273436047137,pnm,190,-.02833412,.56782258,53.467594,10551.494,3
2022,2,480.66458,math,190,.00021568622,483.5762,-.60574931,10551.494,3
2022,1,482.8345,math,190,.0012332521,499.79849,-3.5134177,10551.494,3
2023,2,1.34319799947491,q5_19,190,.0010523357,1.3819097,-2.8820567,10551.494,3
2019,1,180.4567260742188,hgap,190,.00012139532,181.13712,-.37703744,10551.494,3
2019,3,174.0687561035156,hgap,190,.0002488505,175.41678,-.77441955,10551.494,3
2023,3,16.89352448083681,q5_19,53,-.05332011,4.003974,76.298767,1230.509,3
2023,2,60.53575128316879,u20m,53,-.039724823,20.710978,65.787193,1230.509,3
2019,1,169.4058532714844,hgap,53,.00008874265,169.87253,-.27547738,1230.509,3
2023,1,18.42126995325089,nnm,53,-.014004461,12.621296,31.485201,1230.509,3
2023,2,14.99020342662005,q5_19,53,-.061502062,2.8486388,80.996666,1230.509,3
2023,1,35.04440188407898,pnm,53,-.045059308,10.381388,70.376472,1230.509,3
2023,1,18.78736593069386,q5_19,53,-.04633797,5.3766174,71.381737,1230.509,3
2023,3,31.70224651694298,pnm,53,-.044022366,9.6579714,69.53537,1230.509,3
2023,1,70.61512768268585,u20m,53,-.037397813,25.726034,63.568665,1230.509,3
2019,2,158.92138671875,hgap,53,-.000096486612,158.44675,.29866332,1230.509,3
2023,2,18.2575099170208,nnm,53,-.016148701,11.805453,35.339191,1230.509,3
2023,3,18.43246445059776,nnm,53,-.014903235,12.326188,33.127834,1230.509,3
2023,3,65.60681015253067,u20m,53,-.03844776,23.233379,64.586937,1230.509,3
2023,2,28.50153297185898,pnm,53,-.042484507,9.0510082,68.243782,1230.509,3
2019,3,164.2846069335938,hgap,53,.00018429545,165.22588,-.57295018,1230.509,3
2023,1,5.458885453264117,q5_19,237,-.016940318,3.455116,36.706566,42.775,3
2023,3,19.21484991908073,u20m,237,-.01363285,13.297771,30.7943,42.775,3
2023,3,4.383248099939174,q5_19,237,-.012128206,3.1592305,27.9249,42.775,3
2023,1,22.47035130858421,u20m,237,-.017142124,14.144974,37.050499,42.775,3
2023,2,15.7278049737215,u20m,237,-.0094906669,12.172535,22.604998,42.775,3
2023,2,3.167701588936533,q5_19,237,-.0096553341,2.4407668,22.948336,42.775,3
2023,2,7.11369002237916,pnm,80,.0024863028,7.6076269,-6.9434695,127.9610000000001,3
2023,3,19.50972341001034,u20m,80,.0026338557,20.947662,-7.3703709,127.9610000000001,3
2023,3,5.247588347318088,q5_19,80,.01070047,7.0054002,-33.497517,127.9610000000001,3
2023,1,7.457664236426353,nnm,80,-.0044409642,6.6149764,11.299622,127.9610000000001,3
2023,2,6.191065534949303,nnm,80,-.0031613612,5.6845412,8.1815367,127.9610000000001,3
2019,1,175.8975982666016,hgap,80,.00078102539,180.20837,-2.4507303,127.9610000000001,3
2023,1,7.422446152037909,q5_19,80,.010889598,9.9595098,-34.180965,127.9610000000001,3
2023,1,7.978146895766258,pnm,80,.0041802824,8.931406,-11.948378,127.9610000000001,3
2023,3,7.556593045592308,pnm,80,.0033393609,8.2695751,-9.4352322,127.9610000000001,3
2019,3,169.9287261962891,hgap,80,.00074283552,173.88724,-2.3295128,127.9610000000001,3
2023,3,6.832409184426069,nnm,80,-.0038227357,6.1623826,9.8065929,127.9610000000001,3
2023,1,22.68463000655174,u20m,80,.0033268065,24.816565,-9.3981457,127.9610000000001,3
2023,2,2.966600623722671,q5_19,80,.017083148,4.7051692,-58.60474,127.9610000000001,3
2019,2,162.4655609130859,hgap,80,.00060312008,165.53171,-1.8872596,127.9610000000001,3
2023,2,16.18797518312931,u20m,80,.0027295512,17.426056,-7.6481504,127.9610000000001,3
2023,3,9.615235030651093,nnm,133,-.020588387,5.5149488,42.643639,23594.62400000001,3
2023,3,10.75011709364892,q5_19,133,-.083783455,1.119367,89.587395,23594.62400000001,3
2023,1,11.17547042667866,nnm,133,-.01831511,6.8155942,39.012909,23594.62400000001,3
2023,2,13.25339078903198,pnm,133,-.067296878,2.1538088,83.749001,23594.62400000001,3
2019,1,171.6420135498047,hgap,133,.0012211628,178.26425,-3.8581686,23594.62400000001,3
2023,1,12.36004350506104,q5_19,133,-.099224895,.8482303,93.137321,23594.62400000001,3
2023,2,7.931733503937721,nnm,133,-.024068346,4.1413684,47.78735,23594.62400000001,3
2023,3,33.57702866196632,u20m,133,-.061056495,6.4579816,80.76667,23594.62400000001,3
2023,1,13.95411975681782,pnm,133,-.065577544,2.3754361,82.976814,23594.62400000001,3
2023,2,29.96195107698441,u20m,133,-.053382698,7.0893621,76.338783,23594.62400000001,3
2023,1,37.02501580119133,u20m,133,-.06644097,6.1576033,83.369072,23594.62400000001,3
2019,3,165.6429443359375,hgap,133,.0010424206,171.08313,-3.2842846,23594.62400000001,3
2023,2,9.07321239354275,q5_19,133,-.055854652,2.008224,77.866447,23594.62400000001,3
2023,3,13.59040942043066,pnm,133,-.06649439,2.2569532,83.393044,23594.62400000001,3
2019,2,159.3794860839844,hgap,133,.00081471464,163.45605,-2.557775,23594.62400000001,3
2023,2,3.09060130094585,q5_19,240,-.016238283,1.99358,35.495399,46.221,3
2023,3,9.407931938767433,u20m,240,-.018268347,5.7448726,38.935863,46.221,3
2023,1,4.258635507285113,q5_19,240,-.01016687,3.2363408,24.005219,46.221,3
2023,1,10.65570581704378,u20m,240,-.017732911,6.6015663,38.046654,46.221,3
2023,3,3.6177353168797,q5_19,240,-.013369652,2.5215344,30.300749,46.221,3
2023,2,8.242507465183735,u20m,240,-.018344,5.0229459,39.060463,46.221,3
2023,2,69.43031400442123,pnm,44,-.03559339,26.55723,61.749805,19319.075,3
2023,3,70.08951763657178,q5_19,44,-.018239921,42.832424,38.888973,19319.075,3
2023,3,30.30768409371376,nnm,44,-.023727527,15.970737,47.304661,19319.075,3
2023,1,73.92083972072427,q5_19,44,-.010065413,56.330078,23.796755,19319.075,3
2023,3,71.5322345495224,pnm,44,-.034966737,27.8281,61.097118,19319.075,3
2019,1,171.8384552001953,hgap,44,.00023417492,173.09044,-.72858179,19319.075,3
2019,3,167.0396881103516,hgap,44,.000073151052,167.41891,-.22702789,19319.075,3
2023,1,73.76236468553543,pnm,44,-.034342222,29.183651,60.435581,19319.075,3
2023,3,162.7755016088486,u20m,44,-.024840355,83.236206,48.864414,19319.075,3
2023,2,66.13737584315582,q5_19,44,-.026889326,31.999561,51.616524,19319.075,3
2023,2,25.37800557911396,nnm,44,-.024259513,13.182313,48.056152,19319.075,3
2023,1,172.1751093864441,u20m,44,-.021534836,96.261787,44.090763,19319.075,3
2019,2,162.1241912841797,hgap,44,-.00012769291,161.48369,.3950693,19319.075,3
2023,2,153.0298590660095,u20m,44,-.028599078,70.700874,53.799294,19319.075,3
2023,1,34.90971401333809,nnm,44,-.023448007,18.535151,46.905464,19319.075,3
2023,1,88.37106823921204,u20m,87,-.033542953,35.726223,59.572491,9304.346000000003,3
2023,3,32.80450196177187,q5_19,87,-.036386255,12.282026,62.559937,9304.346000000003,3
2023,2,39.11447889741903,q5_19,87,-.032119248,16.432695,57.988205,9304.346000000003,3
2023,1,36.3786369562149,pnm,87,-.036440179,13.600368,62.61441,9304.346000000003,3
2023,2,33.62803161144257,pnm,87,-.039025486,11.724397,65.135048,9304.346000000003,3
2019,3,164.6928405761719,hgap,87,.00015908605,165.50705,-.49438033,9304.346000000003,3
2023,1,26.58343424465193,q5_19,87,-.042199377,8.5071335,67.998367,9304.346000000003,3
2023,2,90.37663042545319,u20m,87,-.032487243,37.593464,58.403557,9304.346000000003,3
2023,1,28.11932004988194,nnm,87,-.024919309,14.348358,48.973309,9304.346000000003,3
2023,3,34.98495370149612,pnm,87,-.037667297,12.653085,63.832783,9304.346000000003,3
2019,2,159.1294097900391,hgap,87,-.000049907452,158.88341,.15459254,9304.346000000003,3
2023,2,20.40707878768444,nnm,87,-.027425244,9.7318134,52.311581,9304.346000000003,3
2023,3,89.35581147670746,u20m,87,-.033015728,36.642239,58.992886,9304.346000000003,3
2019,1,170.1359100341797,hgap,87,.00034139742,171.94608,-1.0639526,9304.346000000003,3
2023,3,24.33580532670021,nnm,87,-.025961239,12.073287,50.38879,9304.346000000003,3
2023,3,18.24299059808254,u20m,136,-.014223865,12.425323,31.889875,71702.43799999997,3
2023,1,3.511405782774091,nnm,136,-.035161413,1.3588766,61.301067,71702.43799999997,3
2023,3,3.187738824635744,nnm,136,-.035279471,1.2296948,61.424229,71702.43799999997,3
2023,3,10.22044416227863,q5_19,136,.0027247497,11.000693,-7.6342001,71702.43799999997,3
2023,1,5.426051560789347,pnm,136,-.031284459,2.3315454,57.030533,71702.43799999997,3
2022,1,390.83435,math,136,-.0069906078,321.3551,17.777161,71702.43799999997,3
2019,2,159.4176483154297,hgap,136,.0014919706,166.96405,-4.7337308,71702.43799999997,3
2022,2,396.82892,math,136,-.0086579556,311.40131,21.527567,71702.43799999997,3
2023,2,4.409636370837688,pnm,136,-.029544208,1.9859524,54.963352,71702.43799999997,3
2022,3,393.94534,math,136,-.0079956902,314.92447,20.058842,71702.43799999997,3
2023,1,23.02746474742889,u20m,136,-.011056985,17.084114,25.809835,71702.43799999997,3
2023,3,4.933374933898449,pnm,136,-.030476701,2.1665854,56.083099,71702.43799999997,3
2023,2,13.16225063055754,u20m,136,-.019987769,7.6728115,41.705929,71702.43799999997,3
2023,2,5.964850325592908,q5_19,136,-.003706486,5.3968143,9.5230551,71702.43799999997,3
2019,1,171.6111602783203,hgap,136,.0014234297,179.35329,-4.5114355,71702.43799999997,3
2019,3,165.6986389160156,hgap,136,.0015053583,173.61441,-4.7772098,71702.43799999997,3
2023,2,2.843491965904832,nnm,136,-.035234295,1.0982378,61.377148,71702.43799999997,3
2023,1,14.23602305091654,q5_19,136,.0052058259,16.384453,-15.091502,71702.43799999997,3
2023,1,6.046870230693946,q5_19,135,-.016043186,3.9211099,35.15472,10389.808,3
2023,1,39.31333497166634,u20m,135,-.026753094,19.091253,51.438225,10389.808,3
2023,2,14.40693717449903,pnm,135,-.033089969,5.8960385,59.075005,10389.808,3
2023,2,30.16390837728977,u20m,135,-.026767597,14.642394,51.457237,10389.808,3
2019,3,163.1750183105469,hgap,135,.00035984418,165.00545,-1.1217581,10389.808,3
2019,1,168.4312744140625,hgap,135,.00035451329,170.29253,-1.1050512,10389.808,3
2023,3,16.02162979543209,pnm,135,-.034036413,6.3914204,60.107552,10389.808,3
2023,3,5.130748020796716,q5_19,135,-.015029259,3.4193876,33.354988,10389.808,3
2023,3,14.06343840062618,nnm,135,-.022812311,7.5961843,45.986294,10389.808,3
2019,2,158.1217803955078,hgap,135,.00026063909,159.40456,-.8112582,10389.808,3
2023,1,16.20365120470524,nnm,135,-.022123791,8.9164171,44.97279,10389.808,3
2023,2,4.231620470357855,q5_19,135,-.013726131,2.9211562,30.96838,10389.808,3
2023,2,11.8056358769536,nnm,135,-.023808209,6.2074823,47.419331,10389.808,3
2023,1,17.54956319928169,pnm,135,-.034888986,6.8416328,61.015366,10389.808,3
2023,3,34.83729436993599,u20m,135,-.026729986,16.928165,51.407921,10389.808,3
2023,3,10.45250426977873,u20m,267,-.031997956,4.4056892,57.850395,2.423999999999999,3
2023,2,1.697815489023924,nnm,267,-.045232169,.50061089,70.514412,2.423999999999999,3
2023,1,4.745385254523726,q5_19,267,-.02250991,2.5841718,45.543476,2.423999999999999,3
2019,3,171.0656280517578,hgap,267,-.00039391735,168.98938,1.2137144,2.423999999999999,3
2023,3,2.184439683333039,nnm,267,-.046176881,.6278736,71.256996,2.423999999999999,3
2023,3,3.182597691193223,pnm,267,-.043191783,.99155551,68.84446,2.423999999999999,3
2023,1,2.652813214808702,nnm,267,-.046998721,.74576497,71.887772,2.423999999999999,3
2023,2,5.543345375946807,q5_19,267,-.011628213,4.049674,26.945305,2.423999999999999,3
2023,1,3.782937070354819,pnm,267,-.042409506,1.2037529,68.179413,2.423999999999999,3
2023,2,2.571410499513149,pnm,267,-.043799121,.7881068,69.351189,2.423999999999999,3
2023,3,5.11986181471602,q5_19,267,-.017413095,3.1994338,37.509373,2.423999999999999,3
2019,2,166.0753936767578,hgap,267,.00068707165,169.6506,-2.1527636,2.423999999999999,3
2023,2,9.78456437587738,u20m,267,-.027085854,4.7090588,51.872578,2.423999999999999,3
2019,1,176.0558471679688,hgap,267,.000010608991,176.11375,-.032891326,2.423999999999999,3
2023,1,11.1406072974205,u20m,267,-.035477273,4.2746849,61.629696,2.423999999999999,3
2023,3,6.717836121922893,q5_19,138,-.0082448442,5.3771329,19.957367,7364.437,3
2023,2,16.81528612971306,nnm,138,-.002362692,15.776093,6.1800532,7364.437,3
2023,3,45.96006497740746,u20m,138,-.0073493924,37.687908,17.998575,7364.437,3
2023,2,39.33429345488548,u20m,138,-.0076853652,31.963411,18.739073,7364.437,3
2023,1,52.20570042729378,u20m,138,-.0071504419,43.039993,17.55691,7364.437,3
2019,1,174.37255859375,hgap,138,.00072887779,178.35739,-2.2852407,7364.437,3
2023,3,19.57911439239979,pnm,138,-.012356633,14.024899,28.368059,7364.437,3
2023,1,7.702994100131755,q5_19,138,-.005011654,6.7281113,12.655895,7364.437,3
2023,2,17.32257008552551,pnm,138,-.011185938,12.806975,26.067696,7364.437,3
2023,3,20.32649517059326,nnm,138,-.0022355653,19.135878,5.8574662,7364.437,3
2023,2,5.679966753106558,q5_19,138,-.012774169,4.0230603,29.171059,7364.437,3
2019,3,168.6438903808594,hgap,138,.00065631472,172.11021,-2.0554104,7364.437,3
2023,1,23.67622032761574,nnm,138,-.0021095208,22.365377,5.5365376,7364.437,3
2019,2,162.8271331787109,hgap,138,.00065086951,166.14586,-2.0381896,7364.437,3
2023,1,21.68538048863411,pnm,138,-.013366362,15.115891,30.294558,7364.437,3
2023,1,15.50216257446369,q5_19,137,-.029262746,7.0349135,54.619793,1384.293,3
2023,1,65.43422490358353,u20m,137,-.030652218,28.600824,56.290726,1384.293,3
2023,2,11.69827406397339,q5_19,137,-.039802931,3.993876,65.859268,1384.293,3
2023,3,13.62746429181505,q5_19,137,-.033959553,5.4476228,60.024677,1384.293,3
2019,1,160.1305389404297,hgap,137,.00040287577,162.14297,-1.2567471,1384.293,3
2023,2,25.99138207733631,pnm,137,-.039780192,8.879097,65.838303,1384.293,3
2019,3,156.4652252197266,hgap,137,.00069912506,159.8933,-2.1909471,1384.293,3
2023,3,59.638362377882,u20m,137,-.03273946,24.639074,58.685863,1384.293,3
2023,2,53.51807549595833,u20m,137,-.035293683,20.637091,61.439026,1384.293,3
2023,3,20.40873840451241,nnm,137,-.026372705,10.013159,50.936905,1384.293,3
2023,3,26.78447216749191,pnm,137,-.038388833,9.5003042,64.530556,1384.293,3
2023,2,16.75901934504509,nnm,137,-.026997019,8.0850534,51.757,1384.293,3
2019,2,152.7123413085938,hgap,137,.0010351493,157.69229,-3.2610004,1384.293,3
2023,1,23.84042926132679,nnm,137,-.025945712,11.832484,50.367989,1384.293,3
2023,1,27.53430604934692,pnm,137,-.037116647,10.107555,63.291046,1384.293,3
2023,3,18.06534826755524,u20m,268,-.01576943,11.801434,34.673645,104.614,3
2023,1,6.941779982298613,pnm,268,-.019204732,4.1331115,40.46035,104.614,3
2023,3,7.457622822936272,q5_19,268,-.013411872,5.1919851,30.380159,104.614,3
2019,3,170.5637359619141,hgap,268,-.0001634903,169.70148,.50553471,104.614,3
2023,1,20.66797949373722,u20m,268,-.015764877,13.503298,34.665611,104.614,3
2023,3,6.211379077285528,pnm,268,-.019487713,3.6700845,40.913532,104.614,3
2019,2,166.0793914794922,hgap,268,.00037776449,168.03574,-1.1779574,104.614,3
2023,3,4.504025913774967,nnm,268,-.0148143,3.0191808,32.967064,104.614,3
2019,1,175.1131134033203,hgap,268,-.00060069066,171.88243,1.8449117,104.614,3
2023,2,6.030617492344126,q5_19,268,-.012923873,4.2541919,29.456778,104.614,3
2023,2,4.004363901913166,nnm,268,-.012762851,2.8371153,29.149414,104.614,3
2023,2,15.37787076085806,u20m,268,-.015298574,10.174332,33.837837,104.614,3
2023,1,4.967552609741688,nnm,268,-.016313665,3.1977849,35.626553,104.614,3
2023,1,8.898802686934438,q5_19,268,-.012967848,6.2700534,29.540483,104.614,3
2023,2,5.421310197561979,pnm,268,-.019890644,3.1686008,41.55286,104.614,3
2015,1,408.32977,math,239,-.00066910178,398.87839,2.3146446,1502.938000000001,3
2019,3,169.8728637695313,hgap,239,.0007132038,173.67046,-2.2355497,1502.938000000001,3
2015,2,425.93414,math,239,.0031173492,475.03665,-11.528193,1502.938000000001,3
2023,1,11.1915422603488,nnm,239,-.021416875,6.2770662,43.912411,1502.938000000001,3
2015,3,417.2434,math,239,.0012825336,436.39963,-4.5911398,1502.938000000001,3
2023,3,9.30303055793047,nnm,239,-.021298431,5.2345586,43.732758,1502.938000000001,3
2023,3,6.762593518942595,pnm,239,-.028536616,3.1296396,53.72131,1502.938000000001,3
2023,2,18.68478022515774,u20m,239,-.019491352,11.039092,40.919338,1502.938000000001,3
2019,2,163.3798370361328,hgap,239,.00052522705,166.06177,-1.6415309,1502.938000000001,3
2023,2,4.235074539647332,q5_19,239,-.0017710235,4.0373287,4.6692405,1502.938000000001,3
2023,2,7.306522689759731,nnm,239,-.022138853,4.0189409,44.995163,1502.938000000001,3
2023,2,7.257667370140553,pnm,239,-.026329039,3.565037,50.879025,1502.938000000001,3
2023,1,26.77019499242306,u20m,239,-.014991614,17.859142,33.287216,1502.938000000001,3
2023,1,9.499869832713115,q5_19,239,.0049066884,10.845592,-14.165686,1502.938000000001,3
2023,3,22.81546406447887,u20m,239,-.01678293,14.502187,36.437031,1502.938000000001,3
2023,3,6.923547675161679,q5_19,239,.0030124686,7.5102215,-8.4736013,1502.938000000001,3
2019,1,176.0332641601563,hgap,239,.00078495522,180.36934,-2.4632134,1502.938000000001,3
2023,1,6.315098144114017,pnm,239,-.029827304,2.8224521,55.306282,1502.938000000001,3
2019,3,169.4635314941406,hgap,88,.0010558644,175.10216,-3.3273389,12200.434,3
2023,1,6.587984342406039,q5_19,88,-.015041074,4.3891625,33.376244,12200.434,3
2019,1,176.8533782958984,hgap,88,.0010718341,182.82837,-3.3784997,12200.434,3
2023,2,3.509093415042797,q5_19,88,-.021905914,1.942349,44.648125,12200.434,3
2023,3,15.75620472431183,u20m,88,-.042414229,5.0130777,68.183472,12200.434,3
2023,2,13.23651056736708,u20m,88,-.04547533,3.8773234,70.707359,12200.434,3
2023,1,5.105694755911827,pnm,88,-.055474672,1.1417251,77.638206,12200.434,3
2015,1,370.08142,math,88,-.0010138985,357.17883,3.4864185,12200.434,3
2015,2,363.99963,math,88,.0017957322,387.61148,-6.4867787,12200.434,3
2023,2,4.881380125880241,pnm,88,-.054738052,1.1134915,77.189003,12200.434,3
2023,1,6.542918272316456,nnm,88,-.050292607,1.68284,74.279976,12200.434,3
2019,2,161.6854553222656,hgap,88,.00092127488,166.36969,-2.8971281,12200.434,3
2015,3,366.818,math,88,.00040621977,372.07056,-1.4319245,12200.434,3
2023,3,5.09904506635106,q5_19,88,-.017153742,3.2088168,37.07024,12200.434,3
2023,3,5.749872419983149,nnm,88,-.050802238,1.4586586,74.631462,12200.434,3
2023,2,4.904231056571007,nnm,88,-.051310249,1.2271833,74.977051,12200.434,3
2023,1,18.12667027115822,u20m,88,-.040294334,6.1070099,66.309258,12200.434,3
2023,3,4.990601912140846,pnm,88,-.055149656,1.1258247,77.441101,12200.434,3
2023,2,20.66599763929844,u20m,139,.025766013,41.436913,-100.50768,87270.50300000001,3
2023,1,20.55180631577969,u20m,139,.0074613388,25.138611,-22.318254,87270.50300000001,3
2022,1,456.03345,math,139,.00090305635,467.71155,-2.5607984,87270.50300000001,3
2023,3,5.293295718729496,nnm,139,-.043234095,1.6472718,68.880035,87270.50300000001,3
2023,2,8.291443831403456,q5_19,139,.14832182,454.82523,-5385.4766,87270.50300000001,3
2023,2,4.58303838968277,nnm,139,-.048084613,1.2511681,72.700027,87270.50300000001,3
2023,1,6.945196971885781,q5_19,139,.0731102,50.000134,-619.92389,87270.50300000001,3
2023,2,7.931326515972614,pnm,139,.016063716,12.237936,-54.298729,87270.50300000001,3
2022,3,453.15176,math,139,.0011468671,467.93967,-3.2633452,87270.50300000001,3
2023,1,7.787302602082491,pnm,139,.010882163,10.44698,-34.154022,87270.50300000001,3
2019,3,169.2380065917969,hgap,139,.00094548246,174.27177,-2.9743719,87270.50300000001,3
2019,1,176.3558197021484,hgap,139,.0010400985,182.13474,-3.2768497,87270.50300000001,3
2022,2,450.2904,math,139,.001418554,468.53568,-4.0518909,87270.50300000001,3
2023,3,7.853541523218155,pnm,139,.013336396,11.257643,-43.344791,87270.50300000001,3
2019,2,161.8020324707031,hgap,139,.00085852406,166.16609,-2.6971598,87270.50300000001,3
2023,3,7.606373625644314,q5_19,139,.10616726,133.68719,-1657.5681,87270.50300000001,3
2023,1,5.960887297987938,nnm,139,-.039646432,2.0437078,65.714706,87270.50300000001,3
2023,3,20.6119567155838,u20m,139,.015998315,31.747875,-54.026497,87270.50300000001,3
2023,2,14.44992170010717,q5_19,269,-.022918325,7.782629,46.140682,9.837000000000003,3
2019,1,171.2982330322266,hgap,269,-.00029852422,169.72031,.92115754,9.837000000000003,3
2019,2,163.570068359375,hgap,269,.00086006231,167.98982,-2.7020555,9.837000000000003,3
2023,3,7.736123632639647,nnm,269,-.032412872,3.2244203,58.31995,9.837000000000003,3
2023,1,13.2234338670969,pnm,269,-.035929006,5.0123625,62.094849,9.837000000000003,3
2023,1,15.60287923934178,q5_19,269,-.019993855,9.094059,41.715508,9.837000000000003,3
2023,2,6.57357694581151,nnm,269,-.031825103,2.7836983,57.653217,9.837000000000003,3
2023,1,37.20973432064056,u20m,269,-.028484413,17.244465,53.65604,9.837000000000003,3
2023,2,31.51712566614151,u20m,269,-.029498057,14.211955,54.9072,9.837000000000003,3
2023,1,8.842827752232552,nnm,269,-.032998487,3.6278768,58.973793,9.837000000000003,3
2023,3,34.47102755308151,u20m,269,-.028888697,15.801807,54.159164,9.837000000000003,3
2023,2,10.81495732069016,pnm,269,-.037343811,3.9457822,63.515507,9.837000000000003,3
2023,3,15.04746249049838,q5_19,269,-.021313837,8.4632711,43.756157,9.837000000000003,3
2023,3,12.07761652767658,pnm,269,-.03652887,4.5044889,62.703827,9.837000000000003,3
2019,3,167.5757598876953,hgap,269,.000077764787,167.98022,-.2413623,9.837000000000003,3
2023,1,3.022651420906186,pnm,134,-.0043252017,2.6894963,11.021951,23317.145,3
2019,1,173.5286865234375,hgap,134,.00061381015,176.86223,-1.9210322,23317.145,3
2023,3,2.352346738458189,q5_19,134,-.031334478,1.0094267,57.088524,23317.145,3
2022,2,544.1900000000001,math,134,-.0023662043,509.3038,6.410665,23317.145,3
2023,3,2.818095497786999,pnm,134,-.0055753347,2.4242623,13.975155,23317.145,3
2023,3,1.382336602546275,nnm,134,-.048693839,.37122074,73.145416,23317.145,3
2023,3,6.539011374115944,u20m,134,-.025326019,3.3002014,49.530575,23317.145,3
2023,1,7.314429618418217,u20m,134,-.026110483,3.6141837,50.588306,23317.145,3
2023,2,5.696851294487715,u20m,134,-.02438057,2.9495075,48.225655,23317.145,3
2023,2,1.835356719831038,q5_19,134,-.030961014,.79556036,56.653637,23317.145,3
2023,2,1.272775931283832,nnm,134,-.045007382,.37757012,70.334908,23317.145,3
2019,3,167.3218383789063,hgap,134,.00050705578,169.9727,-1.5842903,23317.145,3
2023,1,1.485140179283917,nnm,134,-.051472753,.36999893,75.086601,23317.145,3
2019,2,160.6953277587891,hgap,134,.0005476005,163.44652,-1.7120537,23317.145,3
2023,2,2.599127124994993,pnm,134,-.0070724068,2.1473203,17.383022,23317.145,3
2023,1,2.823843911427648,q5_19,134,-.031911518,1.1930202,57.751907,23317.145,3
2022,1,549.82025,math,134,-.0022851923,515.7417,6.1981258,23317.145,3
2022,3,547.0942,math,134,-.0023002825,512.96783,6.2377496,23317.145,3
2019,2,156.8863525390625,hgap,86,.00019711677,157.84796,-.6129334,66617.60799999998,3
2023,1,15.71990316451577,q5_19,86,-.035095204,6.0943193,61.231827,66617.60799999998,3
2023,3,52.44370549917221,u20m,86,-.040799409,17.429363,66.765579,66617.60799999998,3
2023,1,57.03097954392433,u20m,86,-.039957743,19.389574,66.001678,66617.60799999998,3
2023,3,21.19053527712822,pnm,86,-.048302125,5.7511349,72.859886,66617.60799999998,3
2023,2,16.31483063101768,nnm,86,-.035997249,6.1727767,62.164631,66617.60799999998,3
2019,1,166.9789276123047,hgap,86,.00011524365,167.57654,-.35789573,66617.60799999998,3
2023,2,19.92805674672127,pnm,86,-.048064392,5.443325,72.68512,66617.60799999998,3
2023,2,12.28698973934339,q5_19,86,-.042423163,3.9083509,68.191147,66617.60799999998,3
2023,1,19.98984813690186,nnm,86,-.036261201,7.5095243,62.433311,66617.60799999998,3
2023,2,47.76343330740929,u20m,86,-.041878346,15.418143,67.719772,66617.60799999998,3
2023,3,14.01342019924967,q5_19,86,-.038343824,4.9765267,64.487419,66617.60799999998,3
2023,3,18.17099750041962,nnm,86,-.036107544,6.8546219,62.27713,66617.60799999998,3
2023,1,22.42936752736568,pnm,86,-.048607573,6.0373588,73.082794,66617.60799999998,3
2019,3,161.9552154541016,hgap,86,.00017343256,162.82829,-.53908569,66617.60799999998,3
2023,1,15.89334033712131,q5_19,89,-.043749686,4.8776264,69.310249,48656.606,3
2023,2,46.08847945928574,u20m,89,-.049632095,12.067266,73.817177,48656.606,3
2023,3,52.11742967367172,u20m,89,-.047427092,14.48289,72.211044,48656.606,3
2023,3,15.78802429139614,nnm,89,-.03983837,5.3849916,65.891922,48656.606,3
2023,3,13.70701474884073,q5_19,89,-.048851121,3.6653633,73.259216,48656.606,3
2019,3,163.6156768798828,hgap,89,.00035021608,165.40169,-1.091589,48656.606,3
2023,2,21.99261821806431,pnm,89,-.05386043,5.1370311,76.642021,48656.606,3
2023,1,25.05267783999443,pnm,89,-.053600758,5.892971,76.477676,48656.606,3
2019,1,168.7360382080078,hgap,89,.00053818343,171.5748,-1.6823676,48656.606,3
2023,2,13.27899843454361,nnm,89,-.040146746,4.4916563,66.174736,48656.606,3
2023,3,23.52765575051308,pnm,89,-.053663574,5.5248723,76.51754,48656.606,3
2019,2,158.5279541015625,hgap,89,.00013197289,159.17784,-.40995109,48656.606,3
2023,1,58.0359511077404,u20m,89,-.045749102,16.875061,70.923088,48656.606,3
2023,1,18.22717674076557,nnm,89,-.039743226,6.2329307,65.804192,48656.606,3
2023,2,11.51157460928753,q5_19,89,-.055583857,2.5666175,77.704025,48656.606,3
2023,2,3.163326065987349,nnm,192,-.023865709,1.6607177,47.5009,37732.83299999998,3
2019,1,180.9759674072266,hgap,192,.0008093919,185.57431,-2.5408583,37732.83299999998,3
2023,2,3.256805473938584,pnm,192,-.028357901,1.5144972,53.497463,37732.83299999998,3
2023,3,6.910231787269239,q5_19,192,.029765837,15.435666,-123.37407,37732.83299999998,3
2023,3,3.310117172077298,pnm,192,-.034174856,1.3155601,60.25639,37732.83299999998,3
2023,3,13.83584551513195,u20m,192,-.0049781003,12.095748,12.576735,37732.83299999998,3
2023,1,18.14429275691509,u20m,192,.0059256749,21.292381,-17.350296,37732.83299999998,3
2023,2,2.8758222912173,q5_19,192,-.020574411,1.6500895,42.621994,37732.83299999998,3
2022,2,435.8895,math,192,-.0076511176,351.83331,19.283829,37732.83299999998,3
2023,1,10.72067008583533,q5_19,192,.047834497,39.005596,-263.83542,37732.83299999998,3
2019,3,173.9923095703125,hgap,192,.00050718785,176.74957,-1.584704,37732.83299999998,3
2023,3,3.67585476487875,nnm,192,-.027163954,1.7653676,51.973957,37732.83299999998,3
2022,1,445.8129,math,192,-.0058849454,378.08569,15.191846,37732.83299999998,3
2023,1,4.136305302381516,nnm,192,-.029978182,1.841153,55.48798,37732.83299999998,3
2019,2,166.6226806640625,hgap,192,.00013631351,167.32828,-.4234699,37732.83299999998,3
2023,1,3.38175380602479,pnm,192,-.038524155,1.1951149,64.659912,37732.83299999998,3
2022,3,440.8453,math,192,-.0068643633,363.75909,17.486,37732.83299999998,3
2023,2,9.267218410968781,u20m,192,-.024386844,4.7972293,48.234421,37732.83299999998,3
2019,2,161.5584564208984,hgap,242,.00051052397,164.13567,-1.5952179,3388.082999999998,3
2022,3,408.71207,math,242,-.000141684,407.09387,.39592615,3388.082999999998,3
2022,1,414.08438,math,242,-.00030595693,410.55215,.85302067,3388.082999999998,3
2022,2,403.20218,math,242,-.00018421415,401.12781,.51447451,3388.082999999998,3
2023,2,3.377089509740472,nnm,242,-.029181901,1.5358791,54.520626,3388.082999999998,3
2023,3,4.599221870223213,q5_19,242,-.028109094,2.1531708,53.184021,3388.082999999998,3
2023,1,13.30877281725407,u20m,242,-.040354826,4.4765072,66.364235,3388.082999999998,3
2023,3,11.32631208747625,u20m,242,-.035716582,4.3179502,61.87682,3388.082999999998,3
2023,2,3.067469753436969,q5_19,242,-.019296397,1.8218461,40.607529,3388.082999999998,3
2019,1,174.3233032226563,hgap,242,.00068339531,178.05579,-2.1411269,3388.082999999998,3
2023,3,3.707542316988111,nnm,242,-.037404269,1.3504716,63.57502,3388.082999999998,3
2023,2,9.243720211088657,u20m,242,-.028300323,4.3052521,53.425114,3388.082999999998,3
2023,2,2.827713964506984,pnm,242,-.036564142,1.0536252,62.739326,3388.082999999998,3
2019,3,168.0807495117188,hgap,242,.00060021773,171.23746,-1.87809,3388.082999999998,3
2023,3,3.06198257021606,pnm,242,-.044847466,.91227025,70.206551,3388.082999999998,3
2023,1,4.002244677394629,nnm,242,-.044011839,1.2196156,69.526711,3388.082999999998,3
2023,1,3.302686847746372,pnm,242,-.05063634,.84160477,74.51757,3388.082999999998,3
2023,1,6.061256394992331,q5_19,242,-.032171719,2.5428379,58.047676,3388.082999999998,3
2023,2,7.915030233561993,u20m,248,-.0086735431,6.2624898,20.878511,343477.3330000001,3
2023,1,2.975511597469449,pnm,248,-.0098434007,2.281069,23.338594,343477.3330000001,3
2022,2,458.13904,math,248,-.0044518127,404.44751,11.719483,343477.3330000001,3
2022,3,464.88803,math,248,-.0034832978,421.68738,9.2927008,343477.3330000001,3
2023,3,3.429007017984986,nnm,248,-.015258271,2.2711751,33.765808,343477.3330000001,3
2023,3,2.741739386692643,pnm,248,-.0073821954,2.2462749,18.071173,343477.3330000001,3
2022,1,471.40854,math,248,-.0025630195,438.76352,6.9249954,343477.3330000001,3
2023,2,2.343169315681792,q5_19,248,-.0031064334,2.1546552,8.0452614,343477.3330000001,3
2023,1,11.22994720935822,u20m,248,-.0073872036,9.1993198,18.082253,343477.3330000001,3
2019,3,170.3583221435547,hgap,248,.00029673337,171.93263,-.92411703,343477.3330000001,3
2019,2,163.3118896484375,hgap,248,.00037691914,165.23129,-1.175299,343477.3330000001,3
2023,2,2.496589906513691,pnm,248,-.0042339689,2.2268958,10.802499,343477.3330000001,3
2023,1,3.746761940419674,nnm,248,-.014617689,2.5249326,32.610275,343477.3330000001,3
2023,3,9.620512835681438,u20m,248,-.0079196747,7.7684164,19.251535,343477.3330000001,3
2019,1,176.9373321533203,hgap,248,.00023263971,178.21799,-.72379011,343477.3330000001,3
2023,2,3.096087137237191,nnm,248,-.016048588,2.0073736,35.164177,343477.3330000001,3
2023,1,4.54935309694382,q5_19,248,.00065305177,4.6302805,-1.778877,343477.3330000001,3
2023,3,3.480613060552917,q5_19,248,-.00065411732,3.4196811,1.7506108,343477.3330000001,3
2023,3,7.025292608886957,nnm,141,-.054080889,1.6312276,76.780647,35652.31099999999,3
2023,3,20.63874714076519,u20m,141,-.042278174,6.5907001,68.066376,35652.31099999999,3
2023,3,7.142259456659916,q5_19,141,-.013947141,4.9010839,31.379084,35652.31099999999,3
2022,1,366.9073,math,141,,,,35652.31099999999,3
2023,2,6.900345906615257,pnm,141,-.042918023,2.1657894,68.613319,35652.31099999999,3
2019,3,165.744873046875,hgap,141,.00059815322,168.84691,-1.8715725,35652.31099999999,3
2023,2,5.847678034494597,q5_19,141,-.016845802,3.7106535,36.544838,35652.31099999999,3
2023,3,6.614754907786846,pnm,141,-.055778738,1.4670841,77.821037,35652.31099999999,3
2023,1,8.357596121553845,q5_19,141,-.012137635,6.0222125,27.943245,35652.31099999999,3
2023,2,18.45641061663628,u20m,141,-.038244214,6.5719991,64.391785,35652.31099999999,3
2023,1,6.415147799998522,pnm,141,-.066185281,1.0742896,83.25386,35652.31099999999,3
2023,2,5.822730250656605,nnm,141,-.051846307,1.4360826,75.336609,35652.31099999999,3
2022,3,363.93536,math,141,,,,35652.31099999999,3
2023,1,8.073750883340836,nnm,141,-.056392074,1.7612648,78.185295,35652.31099999999,3
2019,2,160.2883148193359,hgap,141,.00062485295,163.42343,-1.9559233,35652.31099999999,3
2022,2,360.86557,math,141,,,,35652.31099999999,3
2023,1,22.67404086887836,u20m,141,-.045211133,6.689373,70.497658,35652.31099999999,3
2019,1,170.9421691894531,hgap,141,.00058830919,174.08835,-1.8404933,35652.31099999999,3
2023,2,1.651272149909677,q5_19,162,-.0056914417,1.4160582,14.24441,.5010000000000003,3
2023,3,1.94930766497925,q5_19,162,-.0072981408,1.6006734,17.885029,.5010000000000003,3
2023,1,2.233352887446638,q5_19,162,-.0084456587,1.7779682,20.390182,.5010000000000003,3
2023,1,9.284849278628826,u20m,162,-.0078267641,7.5162048,19.048716,.5010000000000003,3
2023,3,8.922107517719269,u20m,162,-.0066398834,7.4577618,16.412554,.5010000000000003,3
2023,2,8.541739545762539,u20m,162,-.0052759331,7.4076591,13.276927,.5010000000000003,3
2023,3,9.19900210566238,q5_19,236,-.000095067044,9.1754208,.25634676,101.331,3
2023,2,7.695851847529411,nnm,236,-.0060467445,6.5366144,15.063147,101.331,3
2023,1,10.76408186121192,q5_19,236,-.025084738,5.4680767,49.200714,101.331,3
2023,1,8.115466684103012,nnm,236,-.05483266,1.8464962,77.247192,101.331,3
2023,3,7.900549098849297,nnm,236,-.034144863,3.1425073,60.22419,101.331,3
2023,3,6.900930311530828,pnm,236,-.016515873,4.418179,35.977051,101.331,3
2019,3,171.7340087890625,hgap,236,.00079741265,176.03215,-2.50279,101.331,3
2023,2,7.493164308930433,q5_19,236,.057348765,35.247967,-370.40161,101.331,3
2023,1,25.79791098833084,u20m,236,-.035723582,9.8331251,61.884026,101.331,3
2023,3,23.81030283868313,u20m,236,-.016909523,15.082894,36.653915,101.331,3
2023,1,7.139892317354679,pnm,236,-.028085744,3.3447187,53.154495,101.331,3
2023,2,6.636610720306635,pnm,236,-.0011804723,6.4284191,3.137017,101.331,3
2019,2,165.3026580810547,hgap,236,.00056390074,168.21771,-1.7634649,101.331,3
2019,1,177.4938812255859,hgap,236,.00089912862,182.51076,-2.8265066,101.331,3
2023,2,21.66754007339478,u20m,236,.0131574,30.909546,-42.65369,101.331,3
2023,1,8.070877753198147,pnm,243,.0055201636,9.3680658,-16.072454,28300.861,3
2023,2,9.658442810177803,nnm,243,.0027630064,10.406531,-7.7454362,28300.861,3
2023,2,7.029916922114299,q5_19,243,.024973143,13.796981,-96.260941,28300.861,3
2023,2,7.240420673042536,pnm,243,.010175346,9.5297041,-31.618099,28300.861,3
2023,3,7.670416496694088,pnm,243,.007670687,9.435503,-23.011612,28300.861,3
2023,1,12.77230773121119,nnm,243,.0043929038,14.380711,-12.592892,28300.861,3
2023,1,16.70282210851193,q5_19,243,-.015781403,10.907819,34.694756,28300.861,3
2023,2,23.74054305255413,u20m,243,.011020827,31.968359,-34.657234,28300.861,3
2019,3,167.0283203125,hgap,243,.00087099214,171.59966,-2.7368622,28300.861,3
2023,3,11.25127635896206,nnm,243,.0036567065,12.418815,-10.376941,28300.861,3
2023,1,37.09650412201881,u20m,243,-.0048472988,32.545715,12.267433,28300.861,3
2023,3,30.63042089343071,u20m,243,.00089197303,31.377056,-2.437561,28300.861,3
2023,3,12.0214590250356,q5_19,243,-.0055802981,10.340055,13.986685,28300.861,3
2019,2,160.0370025634766,hgap,243,.00072491966,163.67415,-2.2726905,28300.861,3
2019,1,173.5337219238281,hgap,243,.0008632114,178.2401,-2.712081,28300.861,3
2023,2,12.12367601692677,u20m,204,-.018380091,7.3809161,39.119816,39.00900000000001,3
2023,3,3.453845916693621,q5_19,204,-.0088144504,2.7223575,21.178953,39.00900000000001,3
2023,2,1.620439705912191,q5_19,204,-.0098329671,1.2426019,23.316994,39.00900000000001,3
2023,1,5.23574508427771,q5_19,204,-.010823234,3.9090011,25.340118,39.00900000000001,3
2023,3,16.0706527531147,u20m,204,-.017399454,10.046351,37.486351,39.00900000000001,3
2023,1,19.85224895179272,u20m,204,-.017360309,12.423489,37.420246,39.00900000000001,3
2023,3,2.023878041654825,pnm,241,-.046307884,.57966936,71.358482,85.71399999999997,3
2023,3,3.734656609594822,nnm,241,-.035842035,1.4189553,62.005733,85.71399999999997,3
2023,3,7.315823755818296,q5_19,241,-.015561976,4.8060055,34.306709,85.71399999999997,3
2023,3,13.02472688257694,u20m,241,-.02674141,6.327034,51.422905,85.71399999999997,3
2023,2,3.259400837123394,nnm,241,-.030922536,1.4143003,56.608578,85.71399999999997,3
2023,2,2.729265637124945,q5_19,241,-.024232794,1.4187088,48.018661,85.71399999999997,3
2023,1,2.145299920812249,pnm,241,-.047573645,.59380215,72.320786,85.71399999999997,3
2023,1,11.64162161444049,q5_19,241,-.014168304,7.9410262,31.787628,85.71399999999997,3
2023,1,4.189644940197468,nnm,241,-.039446782,1.4441961,65.529388,85.71399999999997,3
2023,2,1.898071612231433,pnm,241,-.044824474,.56585222,70.188049,85.71399999999997,3
2023,1,17.89393462240696,u20m,241,-.0248015,9.1597719,48.810745,85.71399999999997,3
2023,2,7.866492494940758,u20m,241,-.032162584,3.3009901,58.037331,85.71399999999997,3
2022,1,474.70407,math,142,-.008465277,374.52698,21.103062,100352.189,3
2019,3,163.7273864746094,hgap,142,.0020512133,174.47656,-6.565289,100352.189,3
2019,1,168.8948364257813,hgap,142,.0018950201,179.11389,-6.0505433,100352.189,3
2022,2,464.43298,math,142,-.0087178024,363.84167,21.658949,100352.189,3
2023,1,11.6775818169117,nnm,142,-.0096179852,9.0068493,22.870596,100352.189,3
2019,2,158.4256896972656,hgap,142,.0020414945,168.77592,-6.5331798,100352.189,3
2023,3,10.31304430216551,pnm,142,-.012633353,7.3324447,28.901258,100352.189,3
2023,1,18.56716152676019,q5_19,142,-.011336966,13.671268,26.368559,100352.189,3
2023,2,6.193907998485515,q5_19,142,-.0056151771,5.3225708,14.067648,100352.189,3
2023,2,22.78488874435425,u20m,142,-.0087610437,17.985203,21.065216,100352.189,3
2023,3,10.00903453677893,nnm,142,-.0091423467,7.8196888,21.873695,100352.189,3
2023,3,12.49753851490065,q5_19,142,-.010326805,9.4565535,24.332672,100352.189,3
2023,1,41.53312370181084,u20m,142,-.011133753,30.749691,25.963451,100352.189,3
2023,1,11.86137087643147,pnm,142,-.012863945,8.3809433,29.342541,100352.189,3
2023,3,32.46370702981949,u20m,142,-.010576768,24.399193,24.841631,100352.189,3
2023,2,8.604221045970917,pnm,142,-.012044786,6.2154846,27.762379,100352.189,3
2023,2,8.16037692129612,nnm,142,-.0077768057,6.6148467,18.939445,100352.189,3
2022,3,469.40244,math,142,-.0085570728,369.39349,21.305588,100352.189,3
2023,1,9.558326838181364,q5_19,270,-.017448302,5.9673834,37.568745,320.4220000000001,3
2019,3,164.3235626220703,hgap,270,.00031578878,165.94009,-.98374897,320.4220000000001,3
2023,2,6.320516113191843,nnm,270,-.019821687,3.7010455,41.443935,320.4220000000001,3
2023,3,8.771849668239295,q5_19,270,-.014556695,5.9210687,32.499199,320.4220000000001,3
2023,1,8.816084824502468,pnm,270,-.02317773,4.7151427,46.51659,320.4220000000001,3
2023,2,10.18522679805756,pnm,270,-.024254151,5.2913651,48.048626,320.4220000000001,3
2023,3,8.364615961909294,nnm,270,-.019711541,4.9125776,41.269539,320.4220000000001,3
2023,1,10.05442161113024,nnm,270,-.019603025,5.9223351,41.097206,320.4220000000001,3
2023,2,7.94819509735456,q5_19,270,-.011566903,5.8161497,26.82427,320.4220000000001,3
2023,2,24.25888366997242,u20m,270,-.018969711,14.535598,40.081341,320.4220000000001,3
2019,1,168.2940521240234,hgap,270,.000011669579,168.35495,-.036185373,320.4220000000001,3
2019,2,160.4836273193359,hgap,270,.0006956617,163.98213,-2.179976,320.4220000000001,3
2023,3,26.26830339431763,u20m,270,-.019322753,15.590296,40.64978,320.4220000000001,3
2023,3,9.365007281303406,pnm,270,-.023768947,4.9294062,47.363564,320.4220000000001,3
2023,1,28.16066890954971,u20m,270,-.019802982,16.49811,41.414352,320.4220000000001,3
2023,2,19.39769461750984,u20m,271,-.010640838,14.553792,24.971539,11.394,3
2023,1,1.939127933585083,q5_19,271,-.024160905,1.009943,47.917671,11.394,3
2023,1,10.94171684235334,u20m,271,-.021086026,6.1920118,43.409138,11.394,3
2023,3,2.181214022933253,q5_19,271,-.017762488,1.3502563,38.096111,11.394,3
2023,3,15.06899576634169,u20m,271,-.014826267,10.097927,32.98872,11.394,3
2023,2,2.43737511067843,q5_19,271,-.012071286,1.7594424,27.814047,11.394,3
2023,2,9.17677665611183,q5_19,265,.0087851621,11.633344,-26.769388,216.675,3
2023,2,23.03649857640266,u20m,265,-.0090218242,18.056227,21.619049,216.675,3
2023,3,24.61636438965797,u20m,265,-.012829845,17.409319,29.277456,216.675,3
2023,2,5.862333811819553,nnm,265,-.01661133,3.743578,36.14185,216.675,3
2019,1,174.4168395996094,hgap,265,-.00006329258,174.07495,.19601801,216.675,3
2023,1,26.07941627502441,u20m,265,-.015889857,16.981426,34.885712,216.675,3
2023,1,9.049083763767118,q5_19,265,-.011142155,6.6981096,25.980246,216.675,3
2023,1,6.945107132196426,nnm,265,-.017115217,4.3750877,37.004749,216.675,3
2023,3,6.4214076846838,nnm,265,-.016919054,4.0666637,36.670216,216.675,3
2023,1,10.31236257404089,pnm,265,-.019444937,6.1002522,40.845253,216.675,3
2023,3,9.284012019634247,pnm,265,-.020134434,5.3906398,41.936314,216.675,3
2023,3,9.113143265634282,q5_19,265,-.0018991006,8.6576385,4.9983273,216.675,3
2023,2,8.173670619726181,pnm,265,-.021133149,4.619669,43.481098,216.675,3
2019,3,169.2968292236328,hgap,265,.00032703151,171.02188,-1.0189511,216.675,3
2019,2,163.8159637451172,hgap,265,.00071907626,167.50865,-2.2541685,216.675,3
2023,2,9.658636525273323,u20m,169,-.052972898,2.3107779,76.075523,1700.039,3
2023,1,2.432039116737172,q5_19,169,-.018885231,1.460573,39.944511,1700.039,3
2022,1,355.15976,math,169,-.0043690032,314.26471,11.51455,1700.039,3
2023,3,11.01567037403584,u20m,169,-.053028073,2.6315179,76.111145,1700.039,3
2023,1,12.31034472584724,u20m,169,-.052640695,2.9717209,75.85997,1700.039,3
2023,2,1.565788162739667,q5_19,169,-.020897666,.89061087,43.120602,1700.039,3
2022,3,354.96243,math,169,-.0026205792,329.84924,7.0748858,1700.039,3
2023,3,1.998555854585193,q5_19,169,-.01977066,1.1718891,41.363205,1700.039,3
2022,2,354.7631,math,169,-.00078963378,347.00546,2.1867092,1700.039,3
2023,2,8.243753093626571,q5_19,143,-.016253466,5.3154206,35.521835,39390.8,3
2019,3,159.6844024658203,hgap,143,.0012633121,166.06213,-3.9939601,39390.8,3
2023,3,19.96973343193531,pnm,143,-.029293453,9.0547962,54.657402,39390.8,3
2019,1,164.4164428710938,hgap,143,.0015386633,172.44891,-4.8854423,39390.8,3
2023,3,50.34037679433823,u20m,143,-.021097926,28.478899,43.427322,39390.8,3
2023,2,15.92070609331131,nnm,143,-.020504111,9.152339,42.512981,39390.8,3
2023,1,13.57712665780197,q5_19,143,-.0092508337,10.576283,22.102203,39390.8,3
2023,3,20.2370285987854,nnm,143,-.018353213,12.329284,39.075623,39390.8,3
2019,2,154.7560729980469,hgap,143,.00096144102,159.43796,-3.0253317,39390.8,3
2023,1,24.36911128461361,nnm,143,-.016727982,15.512729,36.342659,39390.8,3
2023,2,44.25960779190063,u20m,143,-.023268647,23.61351,46.64772,39390.8,3
2023,3,10.97455900110744,q5_19,143,-.011874835,7.964222,27.430141,39390.8,3
2023,1,19.20689456164837,pnm,143,-.03030592,8.4740582,55.880123,39390.8,3
2023,2,20.72447165846825,pnm,143,-.028664436,9.557971,53.880749,39390.8,3
2023,1,56.0997948050499,u20m,143,-.019459572,33.172585,40.868618,39390.8,3
2023,1,14.88509671913918,q5_19,83,-.017128574,9.3735228,37.027466,63212.38900000001,3
2019,2,158.5787200927734,hgap,83,-.00046291025,156.31934,1.4247713,63212.38900000001,3
2023,2,23.14262464642525,pnm,83,-.02348024,12.276779,46.951656,63212.38900000001,3
2019,3,164.1615447998047,hgap,83,-.00039869329,162.14508,1.2283415,63212.38900000001,3
2023,1,54.53616008162498,u20m,83,-.013515329,37.86208,30.574358,63212.38900000001,3
2023,1,14.29975870996714,nnm,83,.0080411918,17.767214,-24.248346,63212.38900000001,3
2023,2,45.11977732181549,u20m,83,-.016493257,28.904657,35.937943,63212.38900000001,3
2023,1,26.32690221071243,pnm,83,-.021999212,14.535771,44.787384,63212.38900000001,3
2019,1,169.6258392333984,hgap,83,-.00032250982,167.9384,.99480069,63212.38900000001,3
2023,2,11.54626812785864,nnm,83,.0071264962,13.996085,-21.217392,63212.38900000001,3
2023,2,11.07947092782724,q5_19,83,-.023851531,5.8188496,47.480801,63212.38900000001,3
2023,3,12.99600815582713,q5_19,83,-.020105606,7.5518374,41.891098,63212.38900000001,3
2023,3,12.9378754645586,nnm,83,.0076358216,15.900114,-22.895866,63212.38900000001,3
2023,3,24.75150488317013,pnm,83,-.022726877,13.400079,45.861561,63212.38900000001,3
2023,3,49.87950623035431,u20m,83,-.014899554,33.358822,33.121185,63212.38900000001,3
2019,3,162.4278411865234,hgap,91,.000025142028,162.55449,-.077971824,20723.968,3
2023,1,34.87489372491837,pnm,91,-.035400338,13.409428,61.549911,20723.968,3
2023,2,58.63408744335175,u20m,91,-.04155685,19.092226,67.438347,20723.968,3
2023,1,23.7555056810379,nnm,91,-.021019975,13.467441,43.308128,20723.968,3
2023,3,32.66970440745354,pnm,91,-.038920574,11.422586,65.036148,20723.968,3
2023,3,20.01311630010605,nnm,91,-.021442704,11.217049,43.951515,20723.968,3
2023,2,16.29324443638325,nnm,91,-.022159984,8.9569607,45.026539,20723.968,3
2023,3,66.89304858446121,u20m,91,-.036220737,25.156973,62.392246,20723.968,3
2019,2,157.3152160644531,hgap,91,1.1445476e-06,157.3208,-.003550017,20723.968,3
2023,3,15.67985536807237,q5_19,91,-.051154912,3.940053,74.87188,20723.968,3
2023,1,75.11945068836212,u20m,91,-.03193019,31.720539,57.773201,20723.968,3
2023,2,12.98831022977054,q5_19,91,-.062729359,2.3877633,81.616058,20723.968,3
2023,2,30.44931404292583,pnm,91,-.042868707,9.5697622,68.571503,20723.968,3
2019,1,167.6155853271484,hgap,91,.000053943342,167.89612,-.1673668,20723.968,3
2023,1,18.37992066743654,q5_19,91,-.04210915,5.8962216,67.920311,20723.968,3
2023,1,19.15159128471922,q5_19,92,-.040276993,6.4553351,66.29348,16340.829,3
2023,3,17.70524716353605,q5_19,92,-.043327205,5.4960327,68.958168,16340.829,3
2019,2,159.8490600585938,hgap,92,.000046221649,160.07826,-.14338669,16340.829,3
2019,1,170.6857604980469,hgap,92,-.000043732372,170.45451,.1354811,16340.829,3
2023,3,18.85187439620495,nnm,92,-.031171963,8.1251917,56.899822,16340.829,3
2023,3,27.37412601709366,pnm,92,-.046419311,7.816812,71.444527,16340.829,3
2023,2,26.67827159166336,pnm,92,-.043895703,8.1552792,69.431007,16340.829,3
2023,2,16.34002476930618,nnm,92,-.031850085,6.9148088,57.681774,16340.829,3
2023,2,58.14746767282486,u20m,92,-.040593453,19.432737,66.580254,16340.829,3
2019,3,165.1356506347656,hgap,92,.000078359481,165.53728,-.24321011,16340.829,3
2023,1,28.08864414691925,pnm,92,-.048768196,7.5279603,73.199272,16340.829,3
2023,1,21.31044305860996,nnm,92,-.030791895,9.2795773,56.455257,16340.829,3
2023,3,62.60588765144348,u20m,92,-.040234454,21.126518,66.254745,16340.829,3
2023,2,16.2573708028062,q5_19,92,-.046868198,4.5864444,71.788521,16340.829,3
2023,1,67.01748818159103,u20m,92,-.039980322,22.770933,66.0224,16340.829,3
