age,sex,value,lid
7,1,116.6643141423898,1
8,2,123.2041239456868,1
14,2,153.3947071524818,1
15,3,157.6497405435304,1
6,3,112.0061129121896,1
5,1,105.7182834795701,1
8,3,122.4251283233646,1
17,2,157.0838996166025,1
17,3,161.4855132427517,1
18,1,167.753198038387,1
16,3,159.8955439856682,1
16,1,163.3861688756919,1
13,1,148.8222074348914,1
17,1,165.8106917969127,1
19,3,164.0456969331657,1
6,2,112.6442431565198,1
9,3,127.5479629076289,1
12,3,144.2501748039968,1
13,2,150.6397273379828,1
14,3,154.3423535042994,1
11,3,138.5168679633025,1
13,3,149.7218891113488,1
10,2,134.4647813090109,1
6,1,111.3823771646928,1
9,1,126.5095352589435,1
9,2,128.610728950948,1
11,2,140.7666951255827,1
19,2,158.3954118249283,1
18,3,162.758403320957,1
7,3,117.3124257646859,1
10,3,132.8777361922043,1
15,1,160.0582076998144,1
7,2,117.9757547813826,1
5,3,106.3200549019299,1
18,2,157.6836263648765,1
8,1,121.6640350070312,1
16,2,156.3407987198421,1
11,1,136.3164764987919,1
10,1,131.3265280917928,1
12,1,142.0581205527926,1
15,2,155.1967724225786,1
19,1,169.62387684488,1
5,2,106.9353703131454,1
14,1,155.2725307114312,1
12,2,146.489880436852,1
5,3,105.2435969433528,2
7,1,117.0242384793767,2
13,3,148.9746852324756,2
11,2,138.8513084683073,2
5,1,105.426653115263,2
16,3,158.4052907990871,2
9,2,126.9890576672783,2
15,3,156.4431892612968,2
12,2,144.3991587480544,2
11,1,137.2322902346819,2
8,3,121.9091549928239,2
10,1,132.2991948815379,2
7,3,116.6923684104575,2
19,1,166.8626454187534,2
6,1,111.4603032685422,2
17,2,154.2246188171274,2
10,3,132.5283193224591,2
19,3,161.148092075075,2
12,3,143.63541846543,2
11,3,138.0119243435702,2
13,1,149.5484141749099,2
9,1,127.3421373869505,2
14,1,155.6997240143333,2
15,1,160.1146550273959,2
14,3,153.3758104865053,2
12,1,142.9243488530746,2
7,2,116.3321018892353,2
9,3,127.1725321668398,2
6,3,111.2095235549342,2
19,2,155.0795427667629,2
16,1,162.9768345177348,2
17,1,164.8626424666314,2
8,1,122.2408379966294,2
15,2,152.5290580287982,2
17,3,159.7067100370557,2
18,1,166.0338589255627,2
5,2,105.0439967215001,2
13,2,148.3600803075465,2
6,2,110.9366209699705,2
16,2,153.5385644485369,2
14,2,150.8931179928377,2
18,2,154.6828510039364,2
8,2,121.5498929653613,2
10,2,132.7756960363188,2
18,3,160.5299763535351,2
8,2,129.8954977217661,3
13,1,158.9133584148663,3
7,3,124.8001906455791,3
6,1,119.3689272418871,3
9,1,135.6097173473349,3
19,1,177.6006504597899,3
7,1,125.0869943461448,3
6,2,118.9237798918541,3
12,3,152.7441001417065,3
5,3,113.0380758599835,3
10,1,140.7111683528732,3
9,3,135.5314708964781,3
5,1,113.1778360175345,3
11,1,145.9522779566744,3
18,2,164.2806507716283,3
5,2,112.891583588206,3
9,2,135.449458453975,3
16,2,163.4466730840906,3
14,1,165.5832075306551,3
8,3,130.1738494311992,3
14,3,163.1552541942872,3
13,2,157.8158512098292,3
18,1,177.0311310071829,3
11,2,147.8060154594302,3
14,2,160.6273975165862,3
8,1,130.439464497944,3
15,1,170.4842860757011,3
6,3,119.1515172005843,3
19,2,164.5913832899452,3
17,3,170.055353932858,3
17,2,163.9905303625609,3
19,3,171.1842941281076,3
15,2,162.4183438486198,3
16,1,173.7350998875285,3
10,2,141.4151476712212,3
18,3,170.7782107219591,3
17,1,175.8431939589826,3
10,3,141.0552834046734,3
12,2,153.59992780859,3
15,3,166.5334093027271,3
7,2,124.4997843598922,3
16,3,168.7052492907323,3
13,3,158.375962563518,3
11,3,146.8586138634978,3
12,1,151.9252202278014,3
8,1,126.9756636030931,4
12,3,148.5672823095958,4
18,1,169.560239455032,4
13,1,154.6080505823012,4
5,1,110.2537983348752,4
5,3,109.5793028914946,4
10,1,136.9708735116133,4
17,2,156.8541714777793,4
14,2,155.1965582699955,4
13,3,153.8076526487785,4
15,3,160.7537605600678,4
9,2,131.810146181582,4
18,2,156.9417203632925,4
8,2,126.2845438304042,4
15,2,156.3350236651896,4
11,3,142.9373712555336,4
7,2,120.8066576839463,4
16,3,162.2305197524116,4
12,2,149.2482168427998,4
15,1,165.077768158031,4
17,1,168.9082071494372,4
19,1,170.1324444083893,4
19,3,163.7495297260567,4
10,3,137.3042668330057,4
16,2,156.7640518439173,4
8,3,126.6358818118603,4
6,3,115.6758958408886,4
6,1,116.2321770976083,4
9,3,131.9056082672548,4
12,1,147.907286726241,4
6,2,115.100305161865,4
17,3,162.9236800064534,4
9,1,131.997988615256,4
19,2,157.3392507487942,4
11,1,142.0970380624693,4
14,3,158.034840043722,4
7,1,121.7650334299954,4
7,3,121.2939462772164,4
16,1,167.5987593707208,4
11,2,143.8053190254307,4
14,1,160.8024370626045,4
5,2,108.8806632649651,4
18,3,163.280345069228,4
10,2,137.648696429093,4
13,2,152.9838978463694,4
18,2,162.6112119083018,5
11,1,148.1731705316706,5
16,3,168.9591691468487,5
9,2,136.6471284617967,5
13,2,158.2616405667146,5
6,1,119.9848971956386,5
11,3,148.5349276134916,5
12,1,154.3581050565932,5
17,1,176.3852704233003,5
6,3,119.486128094671,5
7,1,126.0166399707584,5
12,2,154.4484735756253,5
11,2,148.9183342886701,5
18,1,176.6943156979983,5
10,3,142.641479375823,5
6,2,118.9610625230269,5
18,3,169.9010320183853,5
19,1,176.7911321670129,5
15,2,161.819155895896,5
10,2,142.6460911610458,5
17,2,162.5077586414862,5
5,3,112.8730615094319,5
19,3,170.116737587019,5
7,2,125.0976069868032,5
8,1,131.7223927790461,5
12,3,154.401928633607,5
14,1,167.9041192318657,5
5,1,113.5277984265637,5
16,2,162.3599758714722,5
13,1,161.3993224712271,5
5,2,112.1848699554059,5
19,2,162.9472438816048,5
9,1,137.2229970187828,5
16,1,175.117514249689,5
7,3,125.5693350636608,5
8,2,130.8920044498146,5
9,3,136.9429152091494,5
8,3,131.3181589105556,5
14,2,160.5643754929586,5
13,3,159.8794918593957,5
15,1,172.4444120363955,5
10,1,142.63713379858,5
17,3,169.6897132339658,5
14,3,164.3541392747855,5
15,3,167.3106731442928,5
19,3,168.1729579586955,6
8,3,127.6973821427927,6
15,1,168.3197432316987,6
17,3,167.3894996417334,6
14,2,158.970726310976,6
15,2,160.5147324909514,6
7,3,122.0217442671516,6
8,2,128.1502573116883,6
11,2,146.45296143621,6
16,3,166.4078644204382,6
7,2,122.4829658825055,6
6,1,115.6247695956838,6
17,2,161.501099242501,6
19,2,161.8992271284338,6
18,3,167.8538909324899,6
17,1,172.9776633531737,6
9,2,133.9176535017904,6
11,3,144.9930338548999,6
19,1,174.1626522070537,6
13,1,156.9638292340557,6
11,1,143.6286216798635,6
18,2,161.6566863515285,6
13,3,156.6689299945213,6
6,3,116.1266873706261,6
15,3,164.5281219707821,6
7,1,121.5928465062568,6
12,1,149.8399306716935,6
18,1,173.7520473690616,6
8,1,127.2761602665705,6
13,2,156.3542296558571,6
16,1,171.2827507297434,6
10,2,140.0096047519329,6
10,3,139.0393358220554,6
12,2,152.2389736335853,6
14,3,161.3522765357385,6
9,3,133.3209652104329,6
10,1,138.1352715441811,6
12,3,151.0001963561673,6
5,3,109.8153072768455,6
5,1,109.2539272435702,6
16,2,161.2588913476455,6
14,1,163.5925307948706,6
6,2,116.6657307401289,6
5,2,110.4168628983992,6
9,1,132.7656967208561,6
8,3,131.0444473953078,7
8,1,131.4295614710732,7
12,1,154.5073540151764,7
12,2,155.2107256208356,7
7,3,125.240480012281,7
14,3,165.205191386053,7
18,1,177.8847165490806,7
15,2,163.5237660981892,7
9,2,136.5265460338387,7
17,1,177.3509128043761,7
5,1,112.9283072032509,7
8,2,130.6384996982483,7
10,3,142.6701074431881,7
13,1,161.6484273491544,7
19,3,171.3142282082584,7
18,3,171.2306110500458,7
5,2,112.5057851710834,7
7,1,125.6094324109978,7
17,2,164.2998710969536,7
10,2,142.7622483502395,7
16,2,164.1998605115566,7
12,3,154.8509259166788,7
13,3,160.5397594678422,7
9,1,137.0495842271649,7
15,3,168.3334053755222,7
18,2,164.2936356597856,7
16,3,170.1298727244229,7
17,3,170.964924148303,7
16,1,175.8099680398045,7
6,2,118.8944026990742,7
11,1,148.22205219744,7
14,2,162.002817191393,7
14,1,168.2617904507665,7
9,3,136.7946346786926,7
6,3,119.1931428438512,7
19,1,178.0283943449443,7
19,2,164.3224392122775,7
13,2,159.3754038691406,7
7,2,124.8504712141115,7
11,2,149.3371178683643,7
11,3,148.7666633142003,7
5,3,112.7229163417382,7
15,1,172.9393263068951,7
6,1,119.4756379618879,7
10,1,142.5823723078417,7
8,3,128.5314367342524,8
14,3,160.1402419308385,8
10,3,139.1077092460102,8
10,1,138.6603147527745,8
13,1,156.2887509114622,8
6,2,117.329678785568,8
15,1,167.0130880650528,8
7,1,123.7169418690811,8
16,2,159.3994341816493,8
6,3,117.8344459323268,8
18,2,159.7221221302191,8
19,2,159.9774229526614,8
5,1,112.5278491380823,8
11,3,144.7541992449553,8
5,3,111.9598782239438,8
5,2,111.3733583217083,8
17,2,159.5917440620273,8
8,1,128.8235567373017,8
9,3,133.7333428420371,8
19,1,172.1604288674122,8
9,1,133.7546042424429,8
15,2,158.8857751357484,8
14,1,162.5786412197156,8
8,2,128.2300457405849,8
16,3,164.6246546827462,8
7,3,123.2926126315087,8
18,1,171.7162463928098,8
18,3,165.8164021684526,8
11,2,145.7958925962415,8
12,3,150.43724631096,8
14,2,157.6282784178384,8
17,3,165.4303586353803,8
13,3,155.7746824241339,8
15,3,163.010579845136,8
17,1,171.083863702165,8
6,1,118.3244655389743,8
11,1,143.7439352786837,8
12,1,149.5474768064322,8
16,1,169.6909265096463,8
13,2,155.2452413701417,8
9,2,133.7114036789223,8
10,2,139.5691971439453,8
12,2,151.3539320302932,8
19,3,166.1627006399592,8
7,2,122.8552203403302,8
12,1,146.1000727262749,9
6,2,113.4145419270039,9
12,3,146.5544053206235,9
15,3,158.3529366854672,9
11,1,140.3412821680757,9
7,2,119.1158837406538,9
19,2,154.7349541220516,9
8,3,124.9117377081519,9
14,1,158.804709482303,9
16,2,154.1510331965844,9
17,1,166.3648883747921,9
19,3,160.8920718581221,9
18,3,160.4685888319104,9
5,1,108.3114112343392,9
14,3,155.7859954833405,9
11,3,141.0186210795424,9
8,1,125.2665456158695,9
14,2,152.7344869498913,9
9,3,130.1449157564122,9
18,1,166.8441051037807,9
7,3,119.5704523378145,9
8,2,124.5470046682299,9
9,1,130.2988202947557,9
19,1,167.3266041960159,9
12,2,147.0218200226561,9
15,1,162.9201659983008,9
5,2,107.1532303075039,9
13,1,152.7262580177403,9
16,1,165.2504790699567,9
17,2,154.2059909464067,9
6,3,113.9144512302656,9
10,2,135.7044845470377,9
16,3,159.6743694608107,9
9,2,129.9868010570681,9
18,2,154.2901757140366,9
17,3,160.2252779332463,9
7,1,120.0125012275983,9
11,2,141.7166403180951,9
10,3,135.4767036597438,9
10,1,135.2553066798332,9
15,2,153.7838627305469,9
13,3,151.691654736938,9
5,3,107.7411274616169,9
13,2,150.6345841845764,9
6,1,114.4004092847623,9
12,1,145.7961091573439,10
7,2,120.0009646303538,10
13,1,152.6225201360926,10
8,3,125.1488121584124,10
12,2,148.6732992695147,10
18,1,170.1058001563608,10
11,1,139.9464888132361,10
12,3,147.2274253380481,10
18,2,158.9263542174353,10
17,1,168.7629431044324,10
11,2,142.9849417943574,10
5,2,108.7163343068709,10
8,2,125.31447365687,10
7,1,119.9112162098827,10
16,2,157.9720138792281,10
11,3,141.4576397937187,10
9,1,129.9178967095288,10
16,1,166.7816403309776,10
9,3,130.3474033253351,10
6,1,114.5674620935794,10
16,3,162.3928713010695,10
18,3,164.5304975713424,10
15,3,160.3814268381654,10
15,1,163.7221440707287,10
17,2,158.5119829067373,10
14,3,157.2235161299721,10
9,2,130.7829671271764,10
8,1,124.9854352502756,10
13,3,152.6806729555203,10
6,3,114.5634003074744,10
19,2,159.5047779963456,10
5,1,108.8466809725906,10
5,3,108.7819861942628,10
19,1,171.2991994164549,10
6,2,114.559281293447,10
19,3,165.4130137853142,10
14,2,155.3726985142642,10
10,2,136.673402312789,10
7,3,119.9558029598683,10
14,1,159.0585570688825,10
10,3,135.7493129547603,10
17,3,163.6541407281474,10
13,2,152.7393874663215,10
10,1,134.8364787443258,10
15,2,157.0151831407392,10
9,3,126.4850715867435,11
14,1,154.4866020300506,11
12,1,141.081449198865,11
8,2,122.4512757763657,11
10,3,131.907523456585,11
17,2,155.9867875233362,11
15,1,159.2876816465583,11
12,3,143.4162710288981,11
19,2,157.0958908401834,11
5,2,105.954630503966,11
13,1,147.958532900249,11
11,1,135.202546974881,11
12,2,145.7717037421467,11
16,1,162.5424798834246,11
11,3,137.6270024382431,11
11,2,140.0737536829213,11
14,2,152.58051794551,11
15,3,156.795061724289,11
16,3,158.9446074991691,11
18,2,156.4837039088945,11
9,1,125.0879174549261,11
5,3,104.8911655718114,11
14,3,153.5352908020307,11
15,2,154.2960265713054,11
19,3,162.4728263698109,11
13,3,148.9180601298028,11
17,1,164.7753484366792,11
10,2,133.773253078342,11
16,2,155.3434690840787,11
13,2,149.8836802222573,11
8,3,121.2699550494049,11
7,3,116.0653271988222,11
8,1,120.1005871734456,11
6,2,111.7611512612054,11
5,1,103.8385488673901,11
10,1,130.0599753158087,11
17,3,160.3786666974233,11
19,1,167.8898353812203,11
7,2,117.1658961442487,11
9,2,127.8965730534355,11
6,3,110.6690196870041,11
6,1,109.5879601617296,11
7,1,114.9758638213745,11
18,3,161.4425578264469,11
18,1,166.4216907026604,11
5,1,109.6027261999376,12
13,2,152.7337706143357,12
10,3,136.860154359114,12
10,2,137.050272172141,12
9,2,131.1986336091985,12
8,2,125.7116463999157,12
17,3,163.1463593890798,12
13,1,154.7310841518946,12
6,2,114.6833197956011,12
14,3,158.1484296683762,12
16,3,162.4687301556154,12
13,3,153.7736070918504,12
12,2,148.8507146385205,12
6,3,115.152193687855,12
18,2,157.7565844308085,12
8,3,126.094879469707,12
9,1,131.5746595063326,12
12,1,147.9479274516185,12
17,2,157.4701951083447,12
5,3,109.1372794170782,12
15,2,156.4942332343643,12
7,3,120.7402302840125,12
11,3,142.6109025045117,12
16,1,167.429542474955,12
8,1,126.4376647398109,12
15,3,160.9588789354194,12
11,2,143.2909795171547,12
19,1,169.9826715718924,12
7,1,121.1383027842035,12
10,1,136.6882738568729,12
15,1,165.1122875824436,12
12,3,148.3794175571277,12
19,2,158.3590268936204,12
11,1,141.9921768221689,12
18,1,169.0406365599605,12
19,3,164.3506021986548,12
5,2,108.6086627147871,12
14,1,160.9371101716659,12
7,2,120.2926332847211,12
17,1,168.4667920066669,12
6,1,115.5668923276044,12
16,2,157.1577984379567,12
18,3,163.5748832565007,12
14,2,155.1360774114463,12
9,3,131.3966101791701,12
16,3,167.7670069314572,13
17,3,169.5166943759483,13
11,1,143.492270758413,13
14,1,163.3614701464614,13
15,3,165.1973972238723,13
9,2,133.3981144887323,13
14,2,159.5651146141578,13
12,2,151.9675736182745,13
14,3,161.4971206196003,13
10,2,139.4352861376169,13
11,2,145.9743863718575,13
15,1,168.559734159846,13
19,1,177.2075040845998,13
8,2,127.8528825698514,13
18,2,164.4112837362312,13
12,1,149.4603465899594,13
9,3,133.3379591734584,13
18,3,170.529452105548,13
7,3,122.7653572321535,13
8,1,128.2185376782203,13
10,3,138.8544358996053,13
12,3,150.6875570502877,13
7,2,122.540413074763,13
13,3,156.4801715829144,13
5,3,111.2702173973372,13
19,2,164.7401089680832,13
5,1,111.2526663813478,13
18,1,176.4429960182322,13
7,1,122.9805520654176,13
17,2,163.9707372719426,13
19,3,171.0395485276908,13
5,2,111.2885461179667,13
16,2,163.1206369834087,13
6,2,117.1162800305381,13
6,1,117.3712688546134,13
6,3,117.2465814015713,13
17,1,174.8206618746171,13
10,1,138.2976671882032,13
13,1,156.5181582789975,13
9,1,133.2804256554388,13
8,3,128.03981633918,13
15,2,161.7121990435894,13
13,2,156.4407444054893,13
16,1,172.229121749636,13
11,3,144.7063549712744,13
18,2,155.8644421941376,14
11,2,140.7840027953532,14
10,1,129.5925650016984,14
16,3,158.6568098526764,14
14,2,152.7861313085749,14
17,2,155.4975493270365,14
5,3,104.4444336353845,14
13,3,148.9695337253483,14
16,1,161.9580410111243,14
5,2,106.5394650485425,14
18,1,164.84520728355,14
12,2,146.3609394443567,14
6,2,112.4661168493031,14
12,1,140.8340394806671,14
10,3,131.9428748134982,14
15,2,154.2779655704214,14
9,3,126.5041144224508,14
19,2,156.4649681208973,14
19,1,165.666694223867,14
5,1,102.5373229104688,14
11,3,137.6535641636552,14
11,1,134.8463430099086,14
6,1,108.493773624434,14
15,1,158.9458147112332,14
18,3,160.5044540176147,14
15,3,156.7131937046884,14
7,1,114.0733043707211,14
8,1,119.3720591509787,14
14,1,154.2616534042467,14
7,3,115.9130991825344,14
17,3,159.7932835171036,14
8,2,123.2945033440493,14
17,1,163.7835803310906,14
13,1,147.7642113248982,14
14,3,153.5581265699869,14
8,3,121.2243979697574,14
10,2,134.5736464230113,14
12,3,143.4538253679752,14
6,3,110.3802315819993,14
19,3,161.2039636522024,14
16,2,155.0780477692865,14
7,2,117.9594915197287,14
9,2,128.7444696450102,14
13,2,150.2997642496546,14
9,1,124.5046069587381,14
17,1,167.9562532492691,15
5,1,108.3979574589201,15
5,3,108.5658834672299,15
17,3,162.2770025647721,15
14,1,159.3453531075287,15
19,1,168.8897354966905,15
8,3,125.2807417299785,15
16,1,166.5432752627189,15
14,3,156.8577350097197,15
6,1,114.3799465598263,15
18,3,162.6383665225125,15
8,2,125.3632886271331,15
16,2,156.247873815502,15
15,3,159.7875457322476,15
18,2,156.7702219960599,15
14,2,154.2580680047675,15
13,1,153.0119197292764,15
12,3,147.1135184069147,15
10,1,135.2253996113667,15
9,2,130.7305711844304,15
6,2,114.6432781392052,15
8,1,125.2007647934417,15
9,1,130.2492214078039,15
13,3,152.4611114868885,15
18,1,168.5256863062725,15
7,2,120.090015651277,15
11,1,140.3636777984551,15
19,2,157.1756229762474,15
7,3,120.0173206827227,15
16,3,161.4668373105386,15
11,2,142.5725205385995,15
17,2,156.5370511644451,15
9,3,130.4845777899322,15
11,3,141.4417411858402,15
7,1,119.946724768862,15
15,2,155.6068311937648,15
6,3,114.5091374194486,15
12,2,148.0467563419017,15
12,1,146.2240015562916,15
10,3,135.8280978549187,15
15,1,163.8151838979691,15
13,2,151.8817101607174,15
10,2,136.461332366446,15
5,2,108.7423109743048,15
19,3,163.0376795816414,15
15,2,155.1965701468969,16
12,2,146.7061560231623,16
5,2,106.2578500570832,16
11,3,138.6006740839624,16
13,3,149.9491388222468,16
9,1,125.9284359100819,16
8,2,123.1546903020032,16
8,3,121.9840155989609,16
17,1,165.7637859851817,16
7,3,116.6534006364392,16
8,1,120.8181418893007,16
16,2,156.2292781558493,16
10,1,131.0006485636866,16
13,2,150.8170687129009,16
16,1,163.584225678267,16
17,2,156.8641404967255,16
18,3,162.4025832690302,16
5,3,105.1261966222292,16
14,1,155.610126003257,16
18,2,157.3831334792712,16
6,1,109.9794022108272,16
19,1,169.0107795359488,16
18,1,167.4110410420992,16
7,2,117.7665867652918,16
15,1,160.3844748738415,16
9,2,128.6867213308356,16
12,1,142.1745615833015,16
13,1,149.0842991234068,16
14,2,153.4961597248552,16
6,2,112.2289762513161,16
17,3,161.3211065227495,16
14,3,154.5550068115617,16
10,3,132.8129668880872,16
7,1,115.5455206067014,16
15,3,157.7949149134667,16
11,1,136.2299892390402,16
11,2,140.9797351041116,16
6,3,111.1011961590563,16
9,3,127.3050720122482,16
16,3,159.9130978979072,16
12,3,144.4363055249228,16
19,2,158.0725728213927,16
5,1,104.0014220400871,16
10,2,134.631613015737,16
19,3,163.5435081155238,16
8,2,123.689282187251,17
16,2,156.9117306137928,17
18,1,169.767534678443,17
10,3,133.6060885425511,17
5,3,107.6362352110444,17
15,3,158.6650673645387,17
19,1,171.7014649792865,17
16,1,164.9918418798191,17
14,1,156.4921520388701,17
16,3,161.0514685110302,17
12,3,144.9549955829391,17
12,2,146.9492829972106,17
9,1,127.6845998744422,17
10,2,134.9005817796567,17
12,1,143.0625501436498,17
5,1,107.7174850115305,17
15,2,155.742750884825,17
7,2,118.500903861295,17
9,3,128.3543833679241,17
14,2,153.9133673795098,17
13,1,149.9129656391903,17
7,1,118.1829394476633,17
17,1,167.6449999127059,17
11,1,137.3080154348538,17
17,2,157.7033764530764,17
9,2,129.063862692436,17
13,2,151.1303249722325,17
6,1,113.1210818555212,17
6,2,113.2107783279949,17
19,2,159.294217256085,17
7,3,118.3372844535138,17
10,1,132.3825462069405,17
19,3,165.6410973382408,17
5,2,107.5502337794631,17
17,3,162.7981872551469,17
8,3,123.3327817224285,17
18,3,164.22812396713,17
8,1,122.9964567140851,17
18,2,158.413962735462,17
13,3,150.5065921940244,17
11,2,141.2043692203378,17
11,3,139.2029137600396,17
14,3,155.2332463346959,17
15,1,161.4519287350493,17
6,3,113.1646406783907,17
13,1,161.3993224712271,18
12,3,154.401928633607,18
11,3,148.5349276134916,18
17,3,169.6897132339658,18
5,3,112.8730615094319,18
12,2,154.4484735756253,18
16,1,175.117514249689,18
11,2,148.9183342886701,18
19,1,176.7911321670129,18
7,1,126.0166399707584,18
5,2,112.1848699554059,18
6,3,119.486128094671,18
17,1,176.3852704233003,18
18,2,162.6112119083017,18
17,2,162.5077586414862,18
14,1,167.9041192318657,18
8,2,130.8920044498146,18
10,1,142.63713379858,18
16,3,168.9591691468487,18
16,2,162.3599758714722,18
9,3,136.9429152091494,18
8,3,131.3181589105555,18
14,3,164.3541392747855,18
6,2,118.9610625230269,18
19,3,170.116737587019,18
12,1,154.3581050565932,18
19,2,162.9472438816048,18
14,2,160.5643754929586,18
9,2,136.6471284617967,18
7,2,125.0976069868032,18
11,1,148.1731705316705,18
15,2,161.819155895896,18
10,3,142.641479375823,18
13,2,158.2616405667146,18
13,3,159.8794918593957,18
7,3,125.5693350636608,18
15,1,172.4444120363955,18
18,3,169.9010320183853,18
10,2,142.6460911610457,18
5,1,113.5277984265637,18
18,1,176.6943156979983,18
8,1,131.7223927790461,18
15,3,167.3106731442928,18
6,1,119.9848971956386,18
9,1,137.2229970187828,18
7,2,125.0371260032377,19
19,3,171.4054102167072,19
5,3,113.0454667573597,19
9,3,136.5663870908986,19
12,1,153.6303608701172,19
8,1,131.2833755044005,19
16,1,175.0933344830727,19
17,1,176.8827466460535,19
11,1,147.5025370161777,19
15,1,172.0268189783835,19
5,1,113.3196456677779,19
9,1,136.693206780212,19
8,3,130.9974347046802,19
13,3,159.7302238579822,19
11,3,148.2140043760461,19
10,1,142.0290796191157,19
14,3,164.3756323964786,19
15,3,167.5906742910633,19
10,2,142.5127932763512,19
12,3,154.157840231686,19
8,2,130.6971804727496,19
6,1,119.72185110279,19
6,3,119.4443208369803,19
13,1,160.6485150578174,19
14,1,167.248269044718,19
14,2,161.3670185853749,19
9,2,136.4333194918489,19
12,2,154.7076420472796,19
5,2,112.7567189218161,19
16,2,163.8072383293919,19
17,2,164.1609687496038,19
17,3,170.6949200486369,19
10,3,142.2651304117837,19
18,1,177.7702666294997,19
16,3,169.5974627800563,19
11,2,148.9561134905671,19
18,2,164.3197554437357,19
15,2,162.9506195164109,19
7,3,125.3630099243755,19
6,2,119.1528912942059,19
13,2,158.7676148590353,19
19,2,164.5311389109553,19
18,3,171.1739659429068,19
19,1,178.1845064482813,19
7,1,125.6732871014951,19
16,3,167.6683772321982,20
5,1,116.3309811754875,20
7,1,127.5480727501029,20
15,2,161.2188996865324,20
13,1,159.841142054456,20
8,2,130.2861746708414,20
7,2,125.0590237047906,20
15,3,165.8667549352904,20
6,2,119.7250138263187,20
6,1,122.1551615810935,20
8,1,132.662869514092,20
14,2,159.6846512384391,20
12,3,153.2239844143923,20
17,2,162.6710720959088,20
15,1,170.3071252069743,20
18,1,175.3949654050084,20
18,2,163.2474148771517,20
12,1,153.3022018340293,20
19,3,170.3092405513026,20
14,3,162.9115463618382,20
19,1,176.1808686941474,20
9,1,137.6678843145386,20
18,3,169.5585243764436,20
16,1,172.9476960521793,20
12,2,153.1404943020664,20
11,1,147.6539085532212,20
10,3,142.0167937102928,20
14,1,165.9902185325336,20
9,3,136.6933965693462,20
13,2,157.120696204719,20
13,3,158.5166484714698,20
16,2,162.1077396082965,20
9,2,135.6359092697599,20
10,1,142.5990766682029,20
17,1,174.4486002743204,20
8,3,131.5174638362971,20
6,3,120.9794263679696,20
11,2,147.603055388923,20
17,3,168.7501794900074,20
7,3,126.3420090612654,20
19,2,164.0726122627018,20
11,3,147.6294326582934,20
10,2,141.3885859572368,20
5,2,113.9300234170584,20
5,3,115.1659465718873,20
6,1,116.8468149757838,21
6,3,116.2545237061539,21
17,3,163.7768057579529,21
10,2,138.3125894559041,21
7,2,121.3635054400328,21
17,1,169.7063994179292,21
7,3,121.8680940239753,21
18,2,157.7788097408905,21
15,3,161.5251242900173,21
19,3,164.6641721285923,21
13,1,155.2346668432704,21
11,3,143.5851170750743,21
14,1,161.455310279181,21
16,2,157.5953215474433,21
12,1,148.5149943454049,21
19,1,171.0254989648732,21
9,2,132.4329261003143,21
7,1,122.3544257829775,21
10,1,137.5531875610149,21
18,3,164.174301977258,21
8,3,127.2176398733184,21
16,3,163.0414920231089,21
15,2,157.1552178794447,21
11,2,144.510358049589,21
5,2,109.4153974807319,21
12,3,149.2412134464061,21
13,2,153.75940219553,21
18,1,170.4209905262808,21
5,3,110.1739122908177,21
11,1,142.6903573602319,21
8,2,126.8700770694929,21
17,2,157.6903240361682,21
10,3,137.9263248635573,21
13,3,154.5087593948697,21
14,3,158.7683186930977,21
8,1,127.5528012315578,21
19,2,158.1672555461156,21
12,2,149.9915015868126,21
9,1,132.5741926560249,21
5,1,110.9043992589293,21
16,1,168.3362176293246,21
14,2,155.9972041016625,21
15,1,165.7673152001472,21
6,2,115.6397637215577,21
9,3,132.504816905123,21
16,2,151.4404555677895,22
7,1,115.1419469536987,22
19,2,152.4163531105172,22
14,2,149.076835843997,22
13,2,146.5747313111215,22
12,1,140.0919229574146,22
10,3,130.2283722399032,22
9,2,125.3232857738011,22
8,3,120.0327183449392,22
14,1,153.0344865409715,22
8,2,120.0615586936166,22
16,1,160.3931346895479,22
11,2,137.1312134383236,22
12,2,142.6540439558874,22
17,2,151.8596215884833,22
11,3,135.7349787546304,22
7,3,115.0556569351474,22
7,2,114.9642702290851,22
14,3,151.100214315564,22
15,1,157.5221581657877,22
15,3,154.1374237943604,22
13,1,146.7602628775737,22
9,3,125.0271188281085,22
6,3,109.8955907475633,22
18,2,152.1052175361273,22
12,3,141.3420940368139,22
5,3,104.3682307326414,22
9,1,124.7466992398577,22
5,2,104.1504287203442,22
8,1,120.0054465755994,22
10,2,131.0137209391396,22
19,1,163.6181559460678,22
18,1,163.0965693064027,22
16,3,156.0155742520065,22
17,3,157.1111354875464,22
19,3,158.1229628447253,22
6,1,110.0303107699538,22
10,1,129.4839297010784,22
6,2,109.752936281031,22
13,3,146.6696525480993,22
11,1,134.4080428999733,22
5,1,104.5741381770995,22
15,2,150.5998784148637,22
17,1,162.1401137402854,22
18,3,157.7123712413057,22
18,1,168.0908760031515,23
9,1,131.7549083162749,23
5,3,110.9511653074489,23
16,3,161.0237578106759,23
7,1,122.5340244115026,23
10,1,136.0175513310393,23
11,2,143.0432540837052,23
12,2,148.4655173890488,23
13,3,151.7949158452158,23
11,3,141.6622509538086,23
14,2,154.9134498819899,23
8,1,127.3070627894442,23
16,2,157.6687810485564,23
5,2,110.5503945723443,23
19,3,164.1934174145273,23
7,3,121.9465094091734,23
17,2,158.3285578147507,23
6,2,116.1742018643492,23
13,2,152.3528537909612,23
9,3,131.6245361261702,23
17,1,166.5237191682922,23
11,1,140.3105358872074,23
5,1,111.3422266366158,23
9,2,131.4912253592014,23
12,1,145.2610654616628,23
6,3,116.7179629664488,23
6,1,117.2490018635582,23
19,1,169.1533961981926,23
19,2,159.2342657146114,23
15,1,161.3308348650724,23
13,1,151.2474310848295,23
16,1,164.3290417689531,23
10,3,136.5278280489261,23
15,3,158.9829524946056,23
8,3,126.8339387363772,23
17,3,162.4555476518758,23
14,1,157.0391202145782,23
18,3,163.4698542197374,23
8,2,126.3500783534187,23
14,3,155.9855273402493,23
12,3,146.8470560559747,23
7,2,121.3453501130832,23
18,2,158.779978453227,23
10,2,137.0495909024193,23
15,2,156.5972510726458,23
6,1,109.0206433984421,24
9,1,124.6167105603681,24
9,2,123.9983275588128,24
11,3,134.6449934317116,24
18,2,152.5866458330391,24
14,1,151.9638337855473,24
12,3,140.0654731690808,24
19,3,159.0592741061223,24
11,1,133.9167273575785,24
7,2,113.933186750685,24
10,3,129.3524766421553,24
6,2,108.681746084848,24
18,3,158.4767793314656,24
18,1,163.9746492085428,24
11,2,135.4265118492357,24
10,1,129.237283361991,24
16,2,151.0708720215681,24
5,2,102.8371065865266,24
15,2,149.6624306556775,24
13,2,144.8762089470978,24
16,1,159.9920660287828,24
6,3,108.857789519506,24
15,3,153.2817903891177,24
12,2,140.8776236635842,24
5,3,102.8200904380501,24
8,3,119.382831564126,24
7,3,114.3084015490701,24
17,3,157.3828664854443,24
8,1,119.8083217163129,24
13,1,145.7458968444543,24
16,3,155.6843439406483,24
9,3,124.3186878952266,24
17,2,152.0182484189345,24
19,2,152.8765910636241,24
8,2,118.9247999739349,24
14,2,147.6557736202434,24
14,3,149.8839760019622,24
17,1,162.3927614064264,24
12,1,139.308859334417,24
15,1,156.661026506385,24
5,1,102.8043868656765,24
7,1,114.6563656095904,24
10,2,129.4760999559148,24
13,3,145.3262413226589,24
19,1,164.8270832094803,24
5,3,114.6136936013513,25
7,1,126.5651041609213,25
15,1,170.8217227741084,25
10,3,142.2346657388188,25
19,3,169.691203544277,25
19,2,163.043787992292,25
18,2,162.6300215395167,25
11,3,147.9456068628092,25
17,2,162.4351390482805,25
14,2,160.3319903241669,25
12,1,153.2917766824584,25
9,3,136.7869722019637,25
10,2,142.361792011648,25
6,3,120.6093413348121,25
14,3,163.4361405435888,25
6,1,120.9520704045194,25
8,3,131.4973705416186,25
18,1,175.6075863254243,25
17,3,168.8352016836595,25
13,2,157.9762729929208,25
6,2,120.2495106631775,25
5,2,114.2854222069797,25
7,2,125.7532796070678,25
15,2,161.6461497504366,25
16,3,167.9811711240494,25
14,1,166.4088574586736,25
8,1,131.881775474334,25
12,3,153.6903321288695,25
9,1,137.0206379623085,25
16,1,173.4938356075598,25
19,1,176.066328433987,25
5,1,114.9258928439661,25
8,2,131.0940849102541,25
13,1,160.1069907326814,25
7,3,126.1686742348406,25
18,3,169.2603902901247,25
10,1,142.1128829864483,25
13,3,159.0634647254162,25
17,1,174.9479659645749,25
9,2,136.5419548237428,25
16,2,162.2026357074356,25
15,3,166.3385220306984,25
11,1,147.3578936431751,25
11,2,148.5591220047602,25
12,2,154.1062154573955,25
8,2,123.1469838279289,26
6,2,112.8511070408442,26
11,1,136.0013638113662,26
6,1,111.8544771124677,26
13,3,149.4568893596791,26
19,1,170.1638961941915,26
12,1,141.628142611233,26
10,1,131.1439127091918,26
14,1,154.6566702818121,26
5,1,106.3921884734942,26
17,3,161.497876430146,26
18,2,158.2749356226146,26
19,3,164.6452561472069,26
9,3,127.4704882021491,26
10,3,132.720401610774,26
12,3,144.0012875755161,26
13,2,150.649093827046,26
6,3,112.3469884301273,26
7,2,118.0218722785243,26
5,2,107.3614419864554,26
5,3,106.8714487647033,26
12,2,146.4251783369813,26
15,2,155.4294478529524,26
18,1,167.6525549303385,26
16,1,162.7577812714119,26
16,3,159.7614176307942,26
8,1,121.7706102476446,26
7,3,117.4760057444455,26
11,3,138.3004090660428,26
18,3,163.0056892182248,26
9,2,128.4984632165989,26
17,1,165.346704793678,26
14,3,154.0861030458574,26
19,2,159.0348911242956,26
15,3,157.4335705149379,26
17,2,157.574826233457,26
8,3,122.4507220479598,26
9,1,126.4659416185342,26
10,2,134.3330005425138,26
15,1,159.3978904433135,26
11,2,140.6503648414326,26
14,2,153.50392062976,26
7,1,116.9429548607704,26
16,2,156.7049716243912,26
13,1,148.2888914994784,26
6,3,113.486173940581,27
5,2,107.7082035192869,27
15,3,159.4420835621897,27
5,3,107.7635208826539,27
6,1,113.6256336722973,27
17,2,156.9149242952111,27
18,2,157.3814372260475,27
16,2,156.3280141168745,27
7,2,118.6139729674341,27
17,3,162.8926503945771,27
17,1,168.5782041166096,27
15,1,163.344412727942,27
11,3,140.2684359197059,27
16,1,166.5006958696078,27
8,3,124.0007870541743,27
10,2,135.0167822149365,27
12,3,146.0488378755291,27
14,2,153.6859886882109,27
10,1,134.1554244952825,27
9,3,129.1829331911144,27
19,1,171.1048345755578,27
9,2,129.1843445434876,27
15,2,155.3482800549768,27
18,3,163.8442130595377,27
19,2,157.9811458548491,27
12,1,145.1870368815573,27
12,2,146.9508747255785,27
16,3,161.5382452372027,27
13,3,151.5657557281792,27
13,1,152.0763390206935,27
5,1,107.8163571585903,27
18,1,169.979107118908,27
11,1,139.2996115903585,27
8,1,124.189055183861,27
6,2,113.3402915867777,27
19,3,164.7185752748044,27
9,1,129.181582704104,27
14,3,156.1956006988543,27
7,1,119.04793007486,27
8,2,123.8038881981467,27
7,3,118.8358061244896,27
13,2,151.0305412501708,27
10,3,134.5762883829397,27
11,2,141.2822114072823,27
14,1,158.5882705551892,27
6,2,120.7366147749687,28
19,2,165.6263157144083,28
16,3,171.0031077837683,28
16,2,165.02605911142,28
5,1,114.8382964166844,28
6,3,120.9820762296107,28
8,2,132.1591524316935,28
13,1,162.5166615104875,28
14,3,166.0598244713689,28
17,1,178.3336986861207,28
15,2,164.3656734596853,28
14,1,169.0966777145869,28
12,3,155.8194485249191,28
11,3,149.8203430819835,28
10,1,143.68310859315,28
17,3,171.9378928896382,28
12,2,156.2336309441077,28
7,1,127.1620759566938,28
5,2,114.4796442610634,28
13,3,161.443530050198,28
9,3,138.0953313440357,28
19,3,172.6371319088458,28
7,3,126.855580075834,28
15,3,169.1805725506153,28
13,2,160.3172260992548,28
14,2,162.8816664225048,28
19,1,179.4131046824147,28
12,1,155.4258824295701,28
6,1,121.2162406936751,28
10,3,143.8415746012846,28
11,2,150.4565842313659,28
5,3,114.6632321523673,28
8,1,132.8033565092639,28
9,1,138.2758187382977,28
10,2,144.0079762816997,28
8,3,132.4890165356745,28
16,1,176.7032082038805,28
7,2,126.5340802160612,28
9,2,137.9054993661589,28
17,2,165.227302033693,28
18,2,165.3568763100431,28
18,1,179.0533585488662,28
11,1,149.2140231064339,28
18,3,172.3528959691049,28
15,1,173.7805150800203,28
12,1,153.1615153017399,29
8,1,130.7929074979172,29
10,1,141.5730063632969,29
8,3,130.4637957870713,29
13,2,157.6619867667755,29
15,3,166.317066505821,29
8,2,130.1157395672424,29
10,2,141.8512878690904,29
16,2,161.824924312677,29
16,1,173.6769034761201,29
13,1,160.1470286893153,29
17,3,168.7155157627645,29
6,3,118.8971914195338,29
13,3,158.9407875554056,29
5,2,112.0735638794522,29
19,2,162.5496314624594,29
12,2,153.763130182372,29
17,2,162.007081329288,29
5,3,112.5155124288185,29
15,1,171.0414391674809,29
14,3,163.4024326010625,29
15,2,161.3012179157817,29
11,3,147.5814081545441,29
18,3,169.0442081391638,29
14,1,166.5826233876045,29
9,1,136.2256747068609,29
10,3,141.7081411212085,29
5,1,112.933498320749,29
6,2,118.5162919365696,29
9,3,136.0378332354776,29
7,2,124.4395178628402,29
12,3,153.4536624499505,29
7,3,124.8202124821404,29
6,1,119.2572972255295,29
18,1,175.5313067528202,29
19,3,169.4086298957497,29
19,1,175.8680828583498,29
18,2,162.1503500869618,29
11,2,148.1605712130219,29
11,1,147.0342724241453,29
7,1,125.180065324043,29
14,2,160.0285449387487,29
17,1,175.0168750393122,29
16,3,167.934028920589,29
9,2,135.8389208934791,29
12,3,143.3297343855895,30
19,1,168.4597489437148,30
5,3,104.3207766287763,30
17,3,160.5392694072574,30
17,2,155.9054762126504,30
16,3,159.040111807785,30
15,1,159.5852054442807,30
14,3,153.5376826041573,30
8,1,119.9827094506747,30
10,2,133.3560416022831,30
12,1,141.2872546822641,30
9,1,125.0727376653679,30
5,2,105.4454814517387,30
10,1,130.1268837257686,30
18,2,156.5405992399735,30
16,2,155.1672503674353,30
6,1,109.1740392754395,30
19,2,157.3432015539233,30
6,2,111.2746403008973,30
7,1,114.7278046609198,30
11,1,135.3442831279281,30
17,1,165.0956433482419,30
14,2,152.2826332240422,30
18,3,161.7182620657084,30
5,1,103.2183862220624,30
16,1,162.8450257838275,30
14,1,154.7687373168337,30
11,2,139.6838910082898,30
19,3,162.9363023339212,30
11,3,137.4921194618636,30
13,2,149.5525497300725,30
12,2,145.4139564510893,30
7,2,116.6985919992969,30
8,3,120.9799792584782,30
15,3,156.843805446814,30
9,3,126.2540488896236,30
15,2,154.0510669820413,30
7,3,115.7033767472689,30
6,3,110.2138299309487,30
13,1,148.2118864347272,30
13,3,148.8755479335423,30
9,2,127.4593575704071,30
10,3,131.7251846081616,30
18,1,166.817714087927,30
8,2,121.9973372006165,30
8,3,120.4254174255957,31
10,2,131.0700911989965,31
6,1,110.0560339223849,31
8,1,120.5446444477578,31
12,3,141.4264377073382,31
7,2,115.2451208179849,31
14,3,151.3091794927631,31
9,3,125.3958270771232,31
18,2,154.0411558864656,31
6,2,109.9969978095588,31
5,2,104.245010451051,31
16,2,152.6502350474702,31
13,2,146.7146079060699,31
12,2,142.6753970022426,31
9,2,125.4734210596531,31
5,1,104.1155036437784,31
15,3,154.6471879502055,31
17,3,158.5862390552765,31
16,3,156.9667884800959,31
15,1,157.7565899772068,31
19,3,160.4453613051664,31
14,1,153.0587226842356,31
17,1,163.4110615360182,31
11,3,135.9051211461252,31
13,1,146.7826300272676,31
13,3,146.7495712461762,31
5,3,104.1781833949465,31
17,2,153.4934349724939,31
18,1,165.0337659659266,31
7,3,115.3763030486908,31
18,3,159.6841654441861,31
8,2,120.2988075379116,31
14,2,149.4611259851102,31
12,1,140.2473091868785,31
16,1,161.0548702073256,31
19,2,154.4540884634046,31
11,1,134.7444812361003,31
10,3,130.5081366843838,31
19,1,166.1289218746388,31
15,2,151.3638720526313,31
10,1,129.9776810722734,31
6,3,110.0274409904613,31
11,2,137.1346428565909,31
7,1,115.4996953127587,31
9,1,125.3226749763332,31
5,1,109.9230742370879,32
19,2,157.9662504914542,32
17,1,169.6400963172984,32
7,2,119.7701508965768,32
8,1,126.3555427072237,32
10,1,136.3205341086763,32
15,1,165.0666320811113,32
6,3,115.0594980317403,32
16,1,167.9492590188334,32
12,1,147.3238521289956,32
7,1,121.2020151572568,32
5,3,109.2005625230645,32
13,1,154.1322457033486,32
9,1,131.3505881816394,32
17,3,163.4644822234866,32
14,2,154.5309108915907,32
11,1,141.4617935069564,32
12,3,147.713894685778,32
13,3,153.112496364848,32
9,2,130.5114498852459,32
15,2,155.9807301135629,32
14,1,160.5105577892144,32
10,3,136.3282932891982,32
16,2,156.7135560595362,32
18,2,157.4262462784318,32
19,3,164.8287137973524,32
11,2,142.5494718956128,32
6,2,114.3163741719647,32
8,2,125.0768541247631,32
12,2,148.1198487662578,32
18,3,164.1309437018484,32
14,3,157.575875345106,32
7,3,120.5063849252319,32
9,3,130.9419453034178,32
13,2,152.0528234190586,32
11,3,141.9941723287598,32
16,3,162.4257466160243,32
17,2,157.0908380949943,32
19,1,171.5089956810853,32
8,3,125.7341193479995,32
6,1,115.7628323720594,32
15,3,160.6038988445499,32
5,2,108.4382181447558,32
18,1,170.6414151915381,32
10,2,136.3364083188767,32
17,1,168.0868616227042,33
12,2,148.2565319686302,33
18,1,168.8456179913843,33
15,1,164.0907231416336,33
16,3,161.8285346983799,33
7,1,120.5715547104631,33
9,2,130.6197147524511,33
13,3,152.9095451131216,33
12,1,146.8530659047315,33
11,2,142.6822299509952,33
15,2,156.0149810259125,33
17,3,162.713782383236,33
6,1,115.1058615462816,33
16,2,156.7476091530574,33
10,2,136.4723562154031,33
8,3,125.4578150863767,33
18,3,163.1981663298148,33
10,1,135.8462153759185,33
6,2,114.2620040915937,33
19,1,169.6360218017257,33
9,3,130.7243273056677,33
11,1,140.9954622620601,33
18,2,157.3077271677755,33
12,3,147.5322553952738,33
5,2,108.2962828073195,33
13,1,153.5973446721406,33
11,3,141.8098302090914,33
19,2,157.746250350956,33
9,1,130.8212639524312,33
16,1,166.6738407534947,33
19,3,163.8024589152924,33
6,3,114.7013303701872,33
14,2,154.6099888387108,33
13,2,152.1793271663302,33
7,2,119.7821108523515,33
15,3,160.1548342969191,33
10,3,136.1477329440921,33
7,3,120.1926649189279,33
8,2,125.1347133978504,33
8,1,125.7567804835458,33
14,3,157.2765073225838,33
5,1,109.2400937690338,33
5,3,108.7880867270765,33
17,2,157.0914835837957,33
14,1,159.800932233078,33
14,1,158.2957767,35
6,3,114.4352798461914,35
17,1,168.4339577,35
7,3,119.8774032592773,35
17,3,163.8565063476563,35
6,2,115.4321522,35
5,1,107.6258622,35
14,3,157.1526336669922,35
16,3,162.4548187255859,35
18,1,170.2274905,35
10,2,137.3883335,35
8,3,125.0969924926758,35
15,1,163.0148689,35
19,2,159.8589174,35
16,1,166.2017166,35
6,1,113.5157107,35
5,3,108.580322265625,35
7,2,120.8405636,35
11,1,139.1741903,35
13,1,151.8405139,35
13,3,152.5583038330078,35
19,1,172.116993,35
11,2,143.6508405,35
10,1,134.0729918,35
13,2,153.3290009,35
9,1,129.1379635,35
8,1,124.1556616,35
5,2,109.6154772,35
8,2,126.118671,35
16,2,158.4157747,35
14,2,155.9254252,35
19,3,166.2407531738281,35
15,2,157.525441,35
15,3,160.3693389892578,35
18,2,159.3026018,35
12,1,145.0125697,35
18,3,164.9868469238281,35
9,3,130.2938537597656,35
10,3,135.6663055419922,35
12,2,149.2969168,35
17,2,158.9052382,35
9,2,131.5452334,35
11,3,141.3283386230469,35
12,3,147.0768890380859,35
7,1,118.9901262,35
19,1,167.3487331,36
17,1,165.0020557,36
17,2,156.2540559,36
11,2,141.4689278,36
15,2,155.0076737,36
11,3,139.1407623291016,36
18,3,161.4439544677734,36
16,3,159.5238189697266,36
13,1,149.5051315,36
19,3,162.3705902099609,36
19,2,157.4518987,36
7,1,116.348745,36
5,2,106.9133265,36
9,3,127.9563446044922,36
8,3,122.6778411865234,36
9,1,126.6132562,36
16,2,155.7644618,36
7,3,117.3823852539063,36
18,1,166.1862954,36
11,1,136.8058666,36
6,1,110.8485774,36
6,3,111.8671340942383,36
6,2,112.8853854,36
16,1,163.3033774,36
15,3,157.7317199707031,36
9,2,129.2965507,36
14,2,153.5934096,36
14,3,154.7449188232422,36
13,2,151.0948236,36
12,3,144.8977203369141,36
12,2,147.1035579,36
14,1,155.8999423,36
5,3,105.9235305786133,36
17,3,160.6124420166016,36
18,2,156.7454053,36
10,2,135.1892004,36
13,3,150.3011016845703,36
7,2,118.4149297,36
10,1,131.6305261,36
8,2,123.7929161,36
12,1,142.6852812,36
5,1,104.9342528,36
15,1,160.4665729,36
10,3,133.4122009277344,36
8,1,121.5609352,36
13,1,150.9791712,37
5,2,106.8663055,37
5,3,106.2063674926758,37
11,2,141.56794,37
6,1,111.5457841,37
16,2,156.5493261,37
9,1,127.6250525,37
7,1,117.1422871,37
8,1,122.46398,37
10,3,133.9882354736328,37
12,1,144.0350088,37
17,2,157.197926,37
19,2,158.6885787,37
19,3,163.8289947509766,37
9,2,129.3443665,37
16,3,160.9331359863281,37
12,2,147.2467764,37
15,1,162.2189066,37
12,3,145.625244140625,37
18,2,157.8089981,37
6,3,112.1896743774414,37
9,3,128.4732055664063,37
14,3,155.7267608642578,37
19,1,168.9534674,37
7,2,118.4111005,37
6,2,112.8533333,37
17,3,162.1674041748047,37
15,3,158.9113159179688,37
15,2,155.5592833,37
5,1,105.5669549,37
18,1,168.1436909,37
8,3,123.1318969726563,37
11,1,138.0373952,37
17,1,167.095105,37
10,2,135.2577128,37
11,3,139.7833404541016,37
14,2,153.9221401,37
8,2,123.8189673,37
10,1,132.7494286,37
16,1,165.2683788,37
13,2,151.3020949,37
7,3,117.7674713134766,37
13,3,151.1392364501953,37
18,3,162.9911651611328,37
14,1,157.5042087,37
18,3,165.7787170410156,38
9,2,132.1761491,38
5,1,107.8158962,38
7,1,119.4481389,38
8,3,125.677360534668,38
12,1,145.875113,38
15,1,163.8912572,38
19,2,161.5847771,38
10,3,136.4619750976563,38
16,1,167.0722185,38
13,2,154.1382228,38
19,3,166.9724884033203,38
17,3,164.6749725341797,38
14,1,159.1650958,38
13,3,153.4205474853516,38
9,3,131.0301361083984,38
8,2,126.608181,38
8,1,124.7650494,38
11,2,144.3604693,38
14,2,156.8151435,38
5,3,108.7120819091797,38
15,3,161.1817932128906,38
16,2,159.5816638,38
12,3,147.9549560546875,38
7,2,121.1740809,38
15,2,158.5270569,38
18,1,170.9580827,38
11,1,140.0242039,38
13,1,152.7024897,38
14,3,157.98388671875,38
12,2,150.0499973,38
17,1,169.2666493,38
5,2,109.6274265,38
7,3,120.3021011352539,38
6,1,113.8362509,38
9,1,129.9052523,38
10,1,134.8896535,38
6,2,115.6068229,38
6,3,114.7121734619141,38
18,2,160.8266993,38
16,3,163.27197265625,38
11,3,142.178955078125,38
19,1,172.6355747,38
17,2,160.2530732,38
10,2,138.0600383,38
17,1,166.2460669,39
14,2,155.2565941,39
16,2,158.7495229,39
19,3,166.5434265136719,39
15,3,158.9547271728516,39
6,2,112.387352,39
8,1,122.407817,39
8,2,123.5872269,39
9,1,127.4178645,39
10,3,133.8120269775391,39
11,1,137.2781408,39
15,2,157.3311998,39
16,1,163.761579,39
17,3,163.0466766357422,39
18,2,160.6422461,39
16,3,161.2858428955078,39
10,1,132.3006049,39
6,3,111.8993377685547,39
7,3,117.5871276855469,39
12,1,142.9471187,39
5,3,105.717155456543,39
6,1,111.4224163,39
17,2,159.7722962,39
18,1,168.5915091,39
13,2,152.2432152,39
9,2,129.2633165,39
14,1,155.9059913,39
12,3,145.3691253662109,39
19,2,161.6028668,39
7,2,118.0587773,39
13,1,149.5951203,39
8,3,122.9902114868164,39
7,1,117.1265878,39
9,3,128.3285980224609,39
18,3,164.6596832275391,39
19,1,171.3912926,39
11,2,141.9017601,39
11,3,139.5592498779297,39
12,2,147.8556101,39
10,2,135.3643675,39
5,2,106.2821604,39
5,1,105.1647432,39
15,1,160.538371,39
14,3,155.5853881835938,39
13,3,150.902099609375,39
13,1,149.1791088,40
19,2,155.1593145,40
19,3,161.1638336181641,40
17,1,164.7671201,40
12,1,142.312835,40
15,1,160.1973771,40
11,1,136.3797249,40
7,1,115.6328298,40
8,3,120.9115219116211,40
5,1,104.0598072,40
11,2,138.5850271,40
10,1,131.1446004,40
16,3,158.2405090332031,40
15,2,152.495503,40
14,3,153.2502288818359,40
13,2,148.287131,40
16,2,153.4358805,40
15,3,156.3478851318359,40
19,1,167.1768913,40
8,1,120.9284098,40
9,1,126.0587462,40
11,3,137.4810180664063,40
18,2,154.4755326,40
7,3,115.5783996582031,40
14,2,150.8865337,40
14,1,155.6101388,40
10,3,131.7172241210938,40
17,3,159.3814849853516,40
17,2,153.9988282,40
18,3,160.2246246337891,40
8,2,120.8945714,40
5,3,104.0563049316406,40
10,2,132.2914947,40
9,2,126.3948709,40
6,1,110.0469769,40
12,2,144.2479065,40
12,3,143.2789916992188,40
13,3,148.7337646484375,40
9,3,126.2265777587891,40
7,2,115.523828,40
18,1,165.9785999,40
6,2,110.0024897,40
5,2,104.0527923,40
16,1,163.0457007,40
6,3,110.0247497558594,40
17,3,165.3197784423828,41
9,2,132.0345883,41
18,3,166.9834136962891,41
6,3,114.0720520019531,41
12,2,149.9152092,41
11,2,144.2492215,41
10,2,137.9719856,41
7,3,119.6542053222656,41
11,1,139.1934486,41
18,1,172.6142412,41
12,3,147.4881134033203,41
10,1,133.9554504,41
19,1,175.2681406,41
13,2,153.9824994,41
14,3,157.755615234375,41
14,1,158.822576,41
11,3,141.6628875732422,41
8,1,123.6028118,41
15,2,158.3509672,41
9,3,130.3780364990234,41
15,3,161.1387481689453,41
13,3,153.0487060546875,41
12,1,145.169162,41
17,1,170.1717788,41
6,1,112.615571,41
5,3,108.0784683227539,41
5,1,106.5797028,41
16,3,163.5136260986328,41
9,1,128.7969077,41
5,2,109.638774,41
15,1,163.8223728,41
8,3,125.0212783813477,41
13,1,152.1553992,41
7,1,118.2521764,41
16,1,167.4163536,41
18,2,161.1626742,41
17,2,160.2988416,41
8,2,126.506638,41
7,2,121.1202473,41
14,2,156.6430988,41
19,2,162.367351,41
19,3,168.9225769042969,41
10,3,135.9169921875,41
16,2,159.4695573,41
6,2,115.5918795,41
11,3,140.0211791992188,42
5,1,104.0575664,42
10,2,137.3505236,42
14,1,155.8313076,42
7,2,120.4902246,42
17,1,166.5385453,42
16,1,164.0706788,42
13,2,153.4825416,42
8,3,123.4020843505859,42
8,1,120.9309934,42
7,1,115.63844,42
10,3,134.2380676269531,42
14,2,156.1211593,42
15,2,157.7634814,42
11,1,136.3701687,42
13,1,149.2600681,42
15,1,160.6938338,42
9,3,128.7315063476563,42
18,3,164.1587219238281,42
6,1,110.0508433,42
5,2,108.9993013,42
11,2,143.6877781,42
13,3,151.3663482666016,42
9,2,131.4159651,42
12,3,145.8513488769531,42
17,2,159.2954703,42
12,2,149.396101,42
7,3,118.0576019287109,42
15,3,159.2318725585938,42
9,1,126.0568465,42
18,2,159.7452048,42
19,2,160.3600391,42
10,1,131.1372129,42
8,2,125.8838604,42
16,3,161.4048309326172,42
18,1,168.5554788,42
6,2,114.9554571,42
6,3,112.4955596923828,42
19,3,165.467041015625,42
14,3,155.9759063720703,42
5,3,106.5202713012695,42
16,2,158.727557,42
19,1,170.5565786,42
12,1,142.3231833,42
17,3,162.9243316650391,42
13,1,150.1319565,43
9,2,129.915652,43
18,1,167.720576,43
13,2,152.0762722,43
5,1,104.8395844,43
10,3,133.9278717041016,43
12,1,143.2246899,43
18,2,158.8769371,43
19,1,168.9732815,43
11,1,137.2609328,43
10,1,132.0010185,43
12,2,147.9685324,43
19,2,159.8513474,43
14,2,154.7530884,43
13,3,151.101318359375,43
19,3,164.4529266357422,43
7,3,117.6830368041992,43
15,3,158.8999328613281,43
14,3,155.6939697265625,43
15,1,161.3371735,43
15,2,156.4450435,43
7,1,116.4418103,43
9,1,126.8960195,43
5,3,106.0997467041016,43
6,2,113.3709166,43
11,3,139.7360687255859,43
9,3,128.3985595703125,43
18,3,163.3347625732422,43
17,1,166.3803931,43
16,2,157.4770871,43
7,2,118.9376292,43
5,2,107.3772419,43
17,2,158.1811642,43
12,3,145.5862121582031,43
16,1,164.4174508,43
8,3,123.0486907958984,43
6,3,112.0978088378906,43
10,2,135.8743934,43
6,1,110.841371,43
16,3,160.9657287597656,43
11,2,142.2369143,43
14,1,156.6301807,43
8,2,124.3587952,43
17,3,162.3094177246094,43
8,1,121.7508538,43
19,1,172.0290622,44
5,3,107.0952224731445,44
14,3,157.222412109375,44
17,2,161.1599317,44
10,3,135.0398712158203,44
5,2,109.5391562,44
10,1,132.0347379,44
9,3,129.4640502929688,44
18,3,165.8798065185547,44
13,2,154.5670443,44
5,1,104.7004538,44
11,1,137.3463909,44
6,3,113.0925064086914,44
10,2,138.0918313,44
19,3,167.3089599609375,44
7,2,121.0661197,44
18,2,161.8054094,44
17,3,164.5491638183594,44
8,3,124.0796279907227,44
18,1,169.949274,44
6,2,115.5043324,44
17,1,167.9252328,44
13,1,150.4070448,44
9,2,132.0845967,44
9,1,126.8862484,44
15,2,159.2138904,44
15,3,160.6195373535156,44
12,3,146.8416595458984,44
19,2,162.5965938,44
6,1,110.7289857,44
13,3,152.4753112792969,44
14,1,157.0705548,44
16,1,165.443781,44
16,3,162.9227752685547,44
7,1,116.3608651,44
12,2,150.3442018,44
7,3,118.690788269043,44
11,2,144.5215567,44
12,1,143.3842297,44
8,2,126.498771,44
14,2,157.375737,44
16,2,160.3861134,44
15,1,162.0140338,44
8,1,121.7030235,44
11,3,140.9083251953125,44
16,2,155.1994314,45
18,3,161.0214996337891,45
7,1,116.6577975,45
11,3,139.1855926513672,45
5,1,105.1109948,45
13,3,150.3348388671875,45
9,2,128.9747582,45
8,2,123.4545498,45
6,1,111.0833892,45
12,2,146.6794824,45
5,2,106.4288116,45
7,2,118.0394561,45
8,1,121.9429915,45
15,3,157.7056579589844,45
14,2,153.0648246,45
10,2,134.848197,45
17,3,160.4447937011719,45
17,1,165.6502553,45
5,3,105.757926940918,45
8,3,122.6826095581055,45
13,1,150.0569972,45
10,1,132.1099668,45
9,3,127.9972991943359,45
19,3,161.6038970947266,45
16,3,159.4749450683594,45
14,3,154.7406921386719,45
18,2,155.7172095,45
9,1,127.0577178,45
10,3,133.4571838378906,45
16,1,163.9498482,45
19,2,156.106486,45
13,2,150.6092491,45
15,1,161.0426195,45
6,2,112.455954,45
19,1,167.5151508,45
12,3,144.9453735351563,45
6,3,111.7561492919922,45
15,2,154.4921836,45
14,1,156.4618814,45
11,2,141.0940753,45
17,2,155.5018702,45
11,1,137.3149101,45
7,3,117.3340454101563,45
18,1,166.6533705,45
12,1,143.2184591,45
11,3,139.4086608886719,46
9,3,128.5897674560547,46
10,1,132.1872092,46
8,2,124.0081872,46
17,1,166.4363127,46
14,2,154.5433302,46
5,2,107.0775461,46
15,2,156.2859793,46
6,1,113.406255,46
9,1,127.6279353,46
13,1,149.0931833,46
19,1,170.6189609,46
8,1,123.0603716,46
7,1,118.3628217,46
18,1,168.6254717,46
12,1,142.4769208,46
8,3,123.5317153930664,46
7,3,118.4794692993164,46
7,2,118.5973405,46
11,2,141.9053485,46
18,2,158.3850012,46
19,2,158.9302608,46
10,2,135.527305,46
16,3,160.5886383056641,46
10,3,133.8478698730469,46
12,3,145.0569458007813,46
17,3,162.2589111328125,46
12,2,147.6663776,46
14,3,155.0147247314453,46
19,3,164.8451690673828,46
5,3,107.5821304321289,46
14,1,155.4809884,46
16,2,157.3320421,46
11,1,136.9400991,46
6,2,113.0478404,46
13,2,151.8174246,46
13,3,150.4476165771484,46
18,3,163.5791168212891,46
15,3,158.3062591552734,46
17,2,157.9406506,46
15,1,160.3057473,46
5,1,108.0815386,46
16,1,163.7744347,46
6,3,113.2279815673828,46
9,2,129.5623692,46
17,3,160.2866058349609,47
7,3,115.3586273193359,47
7,2,115.9362563,47
15,2,153.5208523,47
8,2,121.3055531,47
17,2,155.3028665,47
19,3,162.4531555175781,47
14,2,151.7564029,47
12,2,144.8733734,47
13,2,149.0223245,47
18,2,155.8421316,47
16,3,158.8437194824219,47
5,3,103.8616180419922,47
16,1,163.0595374,47
8,3,120.6950607299805,47
5,1,103.1953604,47
11,3,137.3544616699219,47
9,1,125.2265406,47
7,1,114.782681,47
8,1,120.0861225,47
6,2,110.4381542,47
19,1,168.4046764,47
17,1,165.256466,47
14,3,153.4105987548828,47
10,3,131.5449676513672,47
15,3,156.6890411376953,47
16,2,154.6139408,47
19,2,156.4995356,47
6,1,109.1903302,47
5,2,104.5307907,47
13,1,148.5074738,47
15,1,159.8461562,47
14,1,155.0591937,47
10,2,132.7653917,47
10,1,130.3270751,47
12,3,143.2179260253906,47
13,3,148.7645111083984,47
11,2,139.1239228,47
11,1,135.5889521,47
18,3,161.3665466308594,47
9,3,126.0256576538086,47
18,1,166.8805336,47
6,3,109.813232421875,47
9,2,126.8265094,47
12,1,141.5667249,47
12,2,148.5466063,48
6,1,113.143048,48
17,2,158.3362211,48
13,1,151.813734,48
7,1,118.6538755,48
7,2,119.5028291,48
11,2,142.8326555,48
6,2,113.9143874,48
7,3,119.0782318115234,48
16,3,161.6205596923828,48
10,2,136.4773188,48
16,1,165.4374761,48
5,3,107.567756652832,48
6,3,113.5286102294922,48
9,2,130.5136496,48
13,2,152.6298673,48
13,3,152.22216796875,48
12,3,146.7824859619141,48
15,2,156.8906692,48
8,2,124.9437424,48
19,3,163.7015228271484,48
9,1,128.9415661,48
5,2,107.901168,48
14,2,155.2640629,48
17,3,162.6324615478516,48
15,3,159.7692718505859,48
9,3,129.7274932861328,48
15,1,162.6539113,48
11,3,140.9898376464844,48
12,1,145.0157029,48
14,1,158.1608995,48
10,3,135.2224578857422,48
8,1,123.8777832,48
14,3,156.7110290527344,48
11,1,139.1452208,48
5,1,107.2346291,48
16,2,157.8225012,48
19,1,168.2438641,48
18,3,163.1758117675781,48
10,1,133.9673293,48
8,3,124.4106292724609,48
17,1,166.9758476,48
18,2,158.7192073,48
19,2,159.2531345,48
18,1,167.7067443,48
5,3,108.0419006347656,49
12,3,147.4542999267578,49
19,2,159.9682936,49
6,1,113.3722095,49
10,2,137.2361281,49
8,2,125.7539719,49
18,3,164.3445281982422,49
10,1,134.5315541,49
16,3,162.3221282958984,49
6,3,114.0528182983398,49
19,1,170.6028635,49
17,1,168.2428019,49
13,2,153.2645316,49
13,1,152.5851168,49
18,2,159.2073831,49
5,1,107.3612885,49
8,3,125.0157089233398,49
10,3,135.8705291748047,49
18,1,169.4449592,49
12,2,149.2286241,49
14,1,159.0267373,49
11,2,143.5540591,49
9,1,129.4371804,49
7,3,119.6468658447266,49
14,3,157.43310546875,49
7,1,118.9799515,49
9,3,130.3609161376953,49
16,1,166.4996309,49
16,2,158.0951155,49
8,1,124.2927858,49
11,1,139.7725953,49
17,2,158.6544158,49
14,2,155.8146076,49
15,1,163.6310463,49
9,2,131.3036675,49
13,3,152.9219207763672,49
11,3,141.6454772949219,49
17,3,163.4712829589844,49
15,3,160.4762420654297,49
19,3,165.2983551025391,49
12,1,145.7117727,49
7,2,120.3281232,49
5,2,108.737799,49
15,2,157.277749,49
6,2,114.7483301,49
17,2,156.5763546,50
10,3,130.9848327636719,50
14,2,151.8891875,50
18,1,168.171308,50
6,3,112.0267944335938,50
16,2,155.4753021,50
12,3,142.1101226806641,50
17,3,161.1850433349609,50
14,1,153.1848121,50
9,2,126.6339673,50
8,2,121.3919458,50
8,3,121.2626800537109,50
13,3,147.6831359863281,50
11,3,136.4307403564453,50
16,3,159.0077514648438,50
14,3,152.5530853271484,50
12,2,144.56654,50
11,1,134.247792,50
10,1,129.6345626,50
5,3,107.1125411987305,50
18,2,157.5296926,50
13,1,146.5348296,50
15,1,158.3926636,50
7,1,116.9215402,50
9,3,125.9658203125,50
18,3,163.0038757324219,50
11,2,138.7408104,50
8,1,121.1414819,50
15,2,153.9907537,50
17,1,165.5382349,50
5,2,106.2062928,50
6,2,111.4546974,50
16,1,162.3468061,50
10,2,132.4170776,50
19,2,158.5741586,50
19,3,164.6607666015625,50
7,3,116.6813354492188,50
13,2,148.8909243,50
5,1,107.9630635,50
15,3,156.2500915527344,50
9,1,125.337753,50
19,1,170.3991681,50
12,1,139.7824371,50
7,2,116.4246867,50
6,1,112.5625966,50
10,2,135.0150553,51
8,2,123.596805,51
9,2,129.1114391,51
9,1,126.4591983,51
16,1,163.1717306,51
6,1,110.6435761,51
15,3,157.6703796386719,51
7,2,118.2064945,51
19,1,167.2690096,51
17,2,156.2027593,51
12,1,142.5680628,51
5,3,105.7321472167969,51
16,2,155.6845035,51
12,3,144.7398529052734,51
15,1,160.3547516,51
15,2,154.9050334,51
19,2,157.5410502,51
13,1,149.3953841,51
14,2,153.4709755,51
8,3,122.4892272949219,51
10,3,133.24169921875,51
12,2,146.9522871,51
8,1,121.3913686,51
5,2,106.71758,51
17,1,164.8604813,51
19,3,162.5470275878906,51
18,3,161.5349884033203,51
16,3,159.4944152832031,51
13,3,150.1674957275391,51
14,1,155.7943831,51
10,1,131.4906985,51
11,3,138.974365234375,51
18,1,166.0746257,51
18,2,156.7616127,51
6,2,112.663759,51
7,1,116.1618291,51
14,3,154.6473236083984,51
11,1,136.678357,51
11,2,141.3062132,51
7,3,117.1798477172852,51
6,3,111.6491394042969,51
17,3,160.622802734375,51
9,3,127.7785110473633,51
5,1,104.756727,51
13,2,150.9566293,51
19,3,163.4797821044922,52
15,1,163.7601234,52
14,2,153.9758652,52
12,1,145.7044986,52
18,2,156.7098375,52
16,2,156.1801043,52
16,1,166.7630511,52
8,1,124.1652523,52
10,3,134.9936218261719,52
7,1,118.8283501,52
13,1,152.6121101,52
18,1,169.5303935,52
7,3,118.7521362304688,52
10,2,135.5274635,52
19,2,157.0428891,52
18,3,163.0737457275391,52
17,3,162.5133514404297,52
17,1,168.5921425,52
15,3,159.6010589599609,52
11,3,140.7773284912109,52
10,1,134.4599395,52
9,2,129.6142928,52
9,1,129.3362726,52
5,3,107.1501388549805,52
11,2,141.8217616,52
12,3,146.5841979980469,52
12,2,147.4630207,52
6,3,113.1575164794922,52
13,2,151.4548918,52
16,3,161.4536437988281,52
14,3,156.5287780761719,52
6,1,113.201766,52
11,1,139.7323563,52
13,3,152.032470703125,52
17,2,156.4934587,52
8,2,124.0843743,52
7,2,118.6755844,52
15,2,155.4600016,52
19,1,170.0636146,52
9,3,129.4751281738281,52
14,1,159.0935911,52
6,2,113.1130336,52
5,2,107.1221282,52
5,1,107.1779787,52
8,3,124.124885559082,52
19,3,164.2519378662109,53
16,1,164.9264746,53
12,3,145.953857421875,53
13,1,150.2278803,53
9,2,130.5758896,53
14,1,156.828399,53
16,3,161.2859191894531,53
13,2,152.651042,53
8,3,123.3069534301758,53
5,2,107.9694134,53
12,2,148.5820662,53
15,3,159.2323913574219,53
11,2,142.878118,53
9,3,128.6885833740234,53
17,1,167.0973194,53
7,3,117.9120178222656,53
19,1,169.6316873,53
6,2,113.9833661,53
17,2,158.2866282,53
10,3,134.2497406005859,53
19,2,159.1283929,53
10,2,136.5323088,53
5,1,104.5511067,53
11,3,140.0875244140625,53
6,1,110.5988129,53
11,1,137.2434769,53
8,2,125.0100397,53
12,1,143.2518488,53
18,2,158.6382969,53
18,1,168.5473906,53
10,1,131.9448345,53
9,1,126.7926548,53
18,3,163.4696502685547,53
5,3,106.2652206420898,53
6,3,112.2957077026367,53
13,3,151.4596405029297,53
7,1,116.2424651,53
15,2,156.8840405,53
14,2,155.2702372,53
15,1,161.6740287,53
17,3,162.5860443115234,53
14,3,156.034912109375,53
7,2,119.571291,53
16,2,157.7984015,53
8,1,121.5955246,53
17,2,155.4167129,54
10,2,133.0288191,54
5,2,105.0723995,54
8,2,121.6600871,54
12,3,141.9726257324219,54
11,1,132.8265507,54
13,2,149.2044913,54
10,3,130.1695098876953,54
16,2,154.7568977,54
15,2,153.6770734,54
15,1,158.1022546,54
12,2,145.0762553,54
14,3,152.4561614990234,54
11,2,139.3538807,54
17,3,160.0185089111328,54
5,3,102.3306427001953,54
6,1,105.7520563,54
10,1,127.4084104,54
16,3,158.3185577392578,54
13,1,146.1438288,54
6,3,108.295166015625,54
14,1,152.9686821,54
17,1,164.4490268,54
18,3,161.3466491699219,54
19,2,156.4874122,54
14,2,151.9237498,54
7,2,116.3468855,54
7,1,111.4550478,54
9,1,122.1592756,54
11,3,136.0303802490234,54
15,3,155.9321899414063,54
18,2,155.9081079,54
7,3,113.8640365600586,54
9,3,124.6039428710938,54
5,1,99.66253712,54
19,3,162.6088714599609,54
8,3,119.2332611083984,54
8,1,116.8827527,54
16,1,161.747823,54
12,1,138.9844757,54
6,2,110.9118636,54
18,1,166.5937169,54
19,1,168.5369131,54
13,3,147.6451416015625,54
9,2,127.1319086,54
10,1,134.1608518,55
14,3,156.9953918457031,55
17,3,163.1160888671875,55
19,3,164.8499603271484,55
8,3,124.8657379150391,55
11,2,143.3515668,55
5,2,108.6678421,55
14,1,158.283953,55
16,1,165.6706391,55
12,3,147.0940856933594,55
11,1,139.3090422,55
6,2,114.641987,55
18,3,163.9322509765625,55
7,3,119.5770492553711,55
6,3,114.0547637939453,55
6,1,113.4679347,55
8,1,124.147193,55
16,3,161.9649200439453,55
9,2,131.1098726,55
9,3,130.1401062011719,55
15,3,160.0637512207031,55
17,2,158.7686734,55
11,3,141.3285522460938,55
18,1,168.6673301,55
15,1,162.802132,55
12,1,145.1563693,55
5,3,108.1178207397461,55
19,1,169.9244292,55
5,1,107.5686704,55
18,2,159.1743761,55
16,2,158.2458558,55
10,2,137.0325477,55
7,2,120.1921903,55
12,2,149.0358543,55
8,2,125.5847887,55
13,2,153.0896261,55
17,1,167.4449098,55
19,2,159.7469648,55
9,1,129.1712674,55
13,3,152.5120391845703,55
15,2,157.3170871,55
14,2,155.703472,55
13,1,151.935794,55
7,1,118.9621967,55
10,3,135.5958251953125,55
10,1,131.9050222,56
11,1,137.0953284,56
12,2,150.8705801,56
19,3,164.4654235839844,56
17,1,165.5587751,56
6,1,111.0783267,56
17,2,160.3573492,56
19,1,167.6486758,56
8,1,121.8107063,56
8,3,124.6044616699219,56
15,2,159.0349412,56
18,2,160.720198,56
6,2,116.4274666,56
7,1,116.589805,56
18,1,166.6607091,56
17,3,162.9639434814453,56
15,1,160.8523188,56
13,3,152.3625030517578,56
10,2,138.8831481,56
19,2,161.2668437,56
9,2,132.9546522,56
7,3,119.2848968505859,56
5,2,110.426362,56
9,1,126.8741007,56
8,2,127.415729,56
11,3,141.1402740478516,56
12,1,142.9917459,56
18,3,163.6975402832031,56
5,1,105.1755615,56
14,2,157.4741417,56
13,2,154.9008218,56
12,3,146.9253997802734,56
5,3,107.7861709594727,56
7,2,122.0008345,56
14,1,156.247191,56
16,3,161.8517150878906,56
10,3,135.3870086669922,56
16,2,159.8986979,56
11,2,145.1994874,56
9,3,129.9068908691406,56
14,3,156.8597259521484,56
6,3,113.740234375,56
13,1,149.8306402,56
15,3,159.9452972412109,56
16,1,163.7964679,56
13,2,152.0102482,57
9,3,127.9288330078125,57
12,2,148.0013837,57
15,3,158.5513610839844,57
14,3,155.2849273681641,57
5,2,107.834955,57
14,1,155.9822745,57
15,2,156.1250908,57
8,3,122.5730056762695,57
14,2,154.5700176,57
18,2,157.8453668,57
7,3,117.1985931396484,57
7,2,119.3131477,57
10,3,133.4571228027344,57
16,2,156.9933675,57
6,3,111.6038131713867,57
8,1,120.509722,57
9,2,130.1866622,57
6,1,109.4655983,57
5,1,103.4020947,57
13,3,150.6463470458984,57
13,1,149.3166602,57
19,1,170.0152218,57
18,1,168.5200911,57
15,1,160.9204458,57
16,1,164.321639,57
8,2,124.6863003,57
16,3,160.7011413574219,57
10,2,136.077566,57
12,3,145.1073303222656,57
11,1,136.235266,57
5,3,105.5945281982422,57
11,3,139.2574615478516,57
19,3,164.2502288818359,57
17,2,157.4734318,57
19,2,158.3910254,57
7,1,115.1317304,57
17,1,166.7343723,57
10,1,130.9031159,57
18,3,163.2295532226563,57
6,2,113.7890564,57
11,2,142.3594495,57
9,1,125.7265538,57
17,3,162.1555480957031,57
12,1,142.2870407,57
11,2,142.8728483,58
13,3,152.0000457763672,58
16,1,165.8772744,58
5,2,107.9822417,58
17,1,167.9828606,58
14,2,155.2110737,58
12,2,148.5601783,58
6,3,113.0311813354492,58
15,2,156.8058893,58
19,3,165.0208435058594,58
12,3,146.4825744628906,58
10,1,133.1971354,58
11,1,138.4710739,58
7,3,118.6160049438477,58
5,1,106.1068675,58
15,3,159.7993621826172,58
11,3,140.6433715820313,58
6,1,112.0751965,58
7,1,117.6512231,58
7,2,119.6060261,58
8,1,122.9447059,58
13,1,151.4050787,58
17,3,163.1516876220703,58
14,3,156.5993194580078,58
9,1,128.0860133,58
16,2,157.7148082,58
18,2,158.5895486,58
10,3,134.8484649658203,58
6,2,114.0122215,58
8,2,125.0420595,58
18,3,164.0777587890625,58
15,1,162.7152903,58
8,3,123.9798736572266,58
18,1,169.4806453,58
19,2,159.1163111,58
16,3,161.8453826904297,58
13,2,152.6112324,58
9,3,129.3264465332031,58
10,2,136.5424574,58
9,2,130.598934,58
19,1,170.8673271,58
14,1,157.9506291,58
17,2,158.2201232,58
12,1,144.4593316,58
5,3,107.032470703125,58
6,2,114.2107634,59
11,2,142.9136792,59
12,2,148.5456328,59
8,1,121.4688817,59
5,2,108.2031549,59
17,1,165.0254641,59
10,3,134.0865631103516,59
15,2,156.5837486,59
16,2,157.3801041,59
13,3,150.9774627685547,59
19,1,167.5195087,59
8,2,125.2183334,59
6,3,112.4308547973633,59
11,3,139.811279296875,59
18,1,166.2747841,59
7,1,116.2112412,59
7,3,117.9909439086914,59
8,3,123.3338623046875,59
19,2,158.3996684,59
5,1,104.7376767,59
9,3,128.6369323730469,59
17,3,161.4000396728516,59
11,1,136.7244138,59
7,2,119.7903212,59
13,1,149.4265983,59
9,1,126.5455088,59
14,2,155.0687189,59
13,2,152.5366938,59
9,2,130.7489043,59
19,3,162.9613800048828,59
12,3,145.566650390625,59
6,1,110.6715199,59
14,1,155.8343788,59
17,2,157.7477968,59
14,3,155.4528503417969,59
10,2,136.6379049,59
18,3,162.1488037109375,59
18,2,158.001867,59
10,1,131.5543509,59
16,1,163.2823317,59
5,3,106.4596176147461,59
16,3,160.3432159423828,59
15,1,160.4218656,59
15,3,158.5103302001953,59
12,1,142.6013144,59
8,3,125.6973266601563,60
9,3,130.6731567382813,60
15,2,156.9332103,60
10,3,135.8694152832031,60
19,1,169.926966,60
8,2,125.7145096,60
18,3,163.8301086425781,60
16,1,165.4595383,60
9,1,130.2729138,60
17,1,167.3670157,60
9,2,131.0734376,60
10,2,136.8590901,60
5,1,110.8111429,60
14,3,156.6798858642578,60
11,3,141.3817749023438,60
16,2,157.9019287,60
6,2,115.2005605,60
14,2,155.3041541,60
12,3,146.9765472412109,60
15,1,162.533017,60
18,2,158.9559109,60
7,3,120.7498092651367,60
11,1,139.6903512,60
10,1,134.8793989,60
11,2,143.0724879,60
14,1,158.0551089,60
8,1,125.6801489,60
5,3,110.15087890625,60
17,3,162.9307861328125,60
5,2,109.4894498,60
19,3,164.7697296142578,60
7,1,120.9829009,60
6,3,115.6317138671875,60
13,2,152.7042285,60
6,1,116.0622281,60
12,1,145.2653133,60
13,1,151.8405469,60
13,3,152.2723388671875,60
16,3,161.6835784912109,60
15,3,159.7340545654297,60
12,2,148.6876115,60
18,1,168.6898858,60
7,2,120.5164669,60
19,2,159.5958929,60
17,2,158.4840088,60
16,2,155.5613664,61
14,2,153.1192604,61
16,1,162.6317652,61
5,2,106.1947063,61
12,3,143.6913757324219,61
7,2,117.7485669,61
8,1,119.2500815,61
15,2,154.6824368,61
13,1,147.7983785,61
19,3,162.2979888916016,61
7,3,115.8162612915039,61
11,1,134.8430552,61
10,2,134.5972392,61
12,1,140.8325591,61
5,3,104.1718521118164,61
13,2,150.5620508,61
13,3,149.1839141845703,61
5,1,102.1677328,61
19,2,156.9611226,61
19,1,167.9462105,61
14,3,153.7577209472656,61
14,1,154.4037667,61
11,3,137.8644256591797,61
17,3,160.40234375,61
10,3,132.0744934082031,61
6,2,112.1877782,61
11,2,140.8966155,61
7,1,113.8980725,61
10,1,129.5668437,61
17,1,164.9357392,61
16,3,159.0495147705078,61
9,2,128.6827835,61
18,1,166.5890329,61
18,2,156.408579,61
12,2,146.5496616,61
8,2,123.1544115,61
15,3,156.9661865234375,61
17,2,156.0390443,61
8,3,121.1951065063477,61
15,1,159.2936368,61
6,1,108.2418009,61
18,3,161.3719024658203,61
9,3,126.5506134033203,61
9,1,124.433602,61
6,3,110.2069931030273,61
13,3,147.5835571289063,62
8,3,119.9169082641602,62
17,1,161.7755993,62
14,1,151.5658914,62
17,3,158.6065216064453,62
15,1,156.2918133,62
12,2,146.123694,62
11,2,140.5603954,62
10,1,127.2145127,62
14,2,152.580329,62
10,3,130.7916717529297,62
8,2,122.9524095,62
15,3,155.1988372802734,62
16,3,157.2217254638672,62
5,3,102.6065063476563,62
10,2,134.3696966,62
14,3,152.0730133056641,62
6,1,105.6276205,62
15,2,154.1057921,62
16,2,154.9552241,62
16,1,159.4896513,62
19,1,165.3925369,62
13,1,145.1003291,62
5,2,105.7696327,62
6,2,111.8276835,62
5,1,99.45718182,62
18,2,155.8351646,62
18,3,159.7134857177734,62
12,1,138.257169,62
19,3,160.8785858154297,62
7,1,111.3995187,62
11,1,132.3789265,62
17,2,155.442423,62
9,3,125.3930740356445,62
9,2,128.5808817,62
8,1,116.883973,62
13,2,150.0680846,62
12,3,142.1895446777344,62
6,3,108.7234344482422,62
11,3,136.4692077636719,62
9,1,122.2068629,62
7,3,114.428352355957,62
18,1,163.6022746,62
19,2,156.3836359,62
7,2,117.4617905,62
7,1,120.6803566,63
12,1,146.8871339,63
12,3,148.0802307128906,63
13,2,153.4086145,63
13,3,153.6020355224609,63
11,2,143.6525103,63
16,1,168.3971035,63
9,2,131.4836747,63
9,3,131.1630249023438,63
18,1,172.2998733,63
15,2,157.7419813,63
13,1,153.7864954,63
17,1,170.6108569,63
9,1,130.8585437,63
18,3,166.4539642333984,63
12,2,149.3343372,63
14,3,158.24169921875,63
8,2,126.0240746,63
6,1,115.2151998,63
14,1,160.3261177,63
16,3,163.7537384033203,63
16,2,158.7656095,63
19,3,167.7668151855469,63
10,1,135.8338018,63
18,2,160.0512821,63
17,2,159.4125547,63
17,3,165.27978515625,63
15,3,161.5149536132813,63
7,2,120.7084549,63
8,1,125.8527103,63
6,2,115.2554182,63
5,1,109.3471925,63
5,2,109.3849147,63
19,1,173.9770031,63
11,1,140.9876601,63
10,2,137.3581513,63
7,3,120.6939926147461,63
11,3,142.2862396240234,63
8,3,125.9360504150391,63
5,3,109.3654479980469,63
15,1,165.1349267,63
6,3,115.2346725463867,63
19,2,160.9724859,63
14,2,156.0623453,63
10,3,136.5766296386719,63
12,1,142.2421993,64
15,1,159.7268965,64
14,3,152.2420349121094,64
10,2,130.747987,64
6,1,110.3266243,64
7,3,114.9954605102539,64
8,2,119.4383257,64
7,2,114.102502,64
15,2,150.6456051,64
16,1,162.3337252,64
11,1,136.3810177,64
10,3,130.9794158935547,64
9,2,124.8976375,64
13,3,147.8061981201172,64
13,2,146.5744324,64
7,1,115.8695701,64
14,1,155.3068195,64
5,1,104.3833772,64
19,2,153.0905703,64
18,3,158.3652648925781,64
9,1,126.1786342,64
13,1,149.0100502,64
5,2,102.6580038,64
16,3,156.9791564941406,64
6,2,108.5982911,64
18,1,164.1959115,64
17,1,163.589437,64
6,3,109.4714508056641,64
5,3,103.5293121337891,64
9,3,125.5451202392578,64
8,3,120.2820816040039,64
11,2,136.9915114,64
17,3,157.8546752929688,64
12,2,142.5978441,64
11,3,136.6830596923828,64
10,1,131.206016,64
8,1,121.1076509,64
19,3,158.9270324707031,64
14,2,149.1070437,64
19,1,164.6833468,64
18,2,152.442437,64
12,3,142.4180755615234,64
16,2,151.5170455,64
17,2,152.0161791,64
15,3,155.2347564697266,64
17,1,163.6462491,65
7,1,115.3834798,65
19,3,160.3642883300781,65
18,3,159.7781829833984,65
19,1,165.0557737,65
14,1,154.7885444,65
6,3,110.3558502197266,65
19,2,155.8572784,65
9,2,127.2114883,65
15,3,156.2521820068359,65
8,2,121.7149928,65
10,3,131.9103088378906,65
14,3,153.2344818115234,65
16,3,158.0924377441406,65
6,1,109.8610221,65
13,3,148.8006286621094,65
12,1,141.6976118,65
13,1,148.4673935,65
15,2,153.3606285,65
11,1,135.8488779,65
8,3,121.1681365966797,65
17,3,159.1495056152344,65
12,3,143.408447265625,65
11,3,137.6479034423828,65
7,3,115.8711853027344,65
16,2,154.3076667,65
14,2,151.7369456,65
6,2,110.8437819,65
5,2,104.9128885,65
16,1,162.0538666,65
13,2,149.1233857,65
10,1,130.6897657,65
8,1,120.6137325,65
9,1,125.6754019,65
5,1,103.9348188,65
18,2,155.2785329,65
18,1,164.4762024,65
11,2,139.4055473,65
17,2,154.855085,65
12,2,145.0748718,65
5,3,104.4271774291992,65
15,1,159.2646228,65
7,2,116.3521053,65
9,3,126.4485626220703,65
10,2,133.1078419,65
12,3,147.5867156982422,66
5,2,109.5336772,66
6,2,115.4788891,66
15,1,163.7477343,66
16,3,163.5863494873047,66
5,3,108.1571502685547,66
9,2,131.9670802,66
6,3,114.1240615844727,66
19,3,168.2515716552734,66
17,3,165.2602386474609,66
14,1,158.7913675,66
10,1,133.9054566,66
15,3,161.2758331298828,66
13,1,152.1444664,66
17,1,169.8485723,66
13,3,153.1776428222656,66
7,1,118.3792872,66
9,3,130.3728332519531,66
6,1,112.7927309,66
11,2,144.3126173,66
10,2,137.9324133,66
16,1,167.2368968,66
12,2,150.0793589,66
5,1,106.8049808,66
12,1,145.1549721,66
8,2,126.4155278,66
18,1,172.0849161,66
17,2,160.5264716,66
14,2,156.9726775,66
7,3,119.6843414306641,66
10,3,135.8981781005859,66
9,1,128.808981,66
7,2,121.0127376,66
14,3,157.8949127197266,66
13,2,154.2391237,66
18,3,166.6875457763672,66
18,2,161.1156637,66
11,3,141.7095642089844,66
11,1,139.1643085,66
19,2,161.8663898,66
8,3,125.0325317382813,66
16,2,159.8224344,66
15,2,158.7298453,66
19,1,174.4345514,66
8,1,123.67475,66
10,1,130.3170047,67
15,2,157.2740347,67
14,2,155.6864277,67
15,1,159.162366,67
5,3,105.9334335327148,67
14,1,154.6375258,67
11,2,143.3568194,67
16,3,160.1301879882813,67
12,3,145.2532958984375,67
15,3,158.2244873046875,67
19,3,163.0016784667969,67
9,2,131.0412284,67
6,1,109.4079405,67
18,1,164.7798111,67
19,1,165.7089133,67
10,3,133.6354675292969,67
8,2,125.4739202,67
7,2,120.0340278,67
18,3,162.1035003662109,67
11,3,139.4241333007813,67
19,2,160.2574364,67
13,2,153.1110105,67
17,3,161.2896270751953,67
14,3,155.1584777832031,67
17,2,158.8108021,67
16,1,162.0236446,67
12,2,149.077544,67
10,2,137.0014384,67
9,1,125.2550547,67
7,3,117.4593200683594,67
9,3,128.1265716552734,67
6,2,114.4401668,67
18,2,159.3906938,67
7,1,114.9265411,67
5,2,108.4129297,67
8,1,120.1661142,67
6,3,111.9022827148438,67
13,1,148.2852842,67
8,3,122.7992630004883,67
11,1,135.5446932,67
5,1,103.498208,67
17,1,163.7357633,67
13,3,150.6822509765625,67
12,1,141.4792173,67
16,2,158.2116046,67
19,3,165.9936828613281,68
15,3,164.3531036376953,68
11,1,147.1423207,68
5,1,115.6708663,68
7,1,127.0195412,68
14,3,161.9963989257813,68
17,2,158.7098744,68
10,1,142.0998424,68
15,1,169.6816737,68
13,3,157.8546600341797,68
10,2,140.7847314,68
7,2,123.7366838,68
13,1,159.4399718,68
15,2,158.6970704,68
11,3,147.0659942626953,68
18,1,172.7752539,68
7,3,125.3985443115234,68
6,1,121.5510922,68
8,2,129.2716676,68
9,3,136.0364837646484,68
9,2,134.8699241,68
12,1,152.8509846,68
9,1,137.1700788,68
5,2,111.787204,68
8,1,132.1842047,68
19,1,172.7866441,68
11,2,146.9862148,68
16,3,165.55859375,68
12,2,152.4511421,68
19,2,158.7581394,68
18,2,158.7312507,68
17,3,165.9275970458984,68
14,1,165.5214758,68
10,3,141.4515380859375,68
16,1,171.994348,68
12,3,152.6570281982422,68
13,2,156.1731439,68
17,1,172.6882029,68
16,2,158.7115651,68
14,2,158.2546353,68
18,3,165.9824371337891,68
6,3,119.7951049804688,68
6,2,117.9976511,68
8,3,130.7479705810547,68
5,3,113.7513046264648,68
13,3,152.9288787841797,70
9,3,130.7110595703125,70
12,2,148.6240857,70
5,1,109.1401526,70
9,1,130.4667035,70
7,1,120.3816983,70
13,2,152.5895449,70
6,3,114.8724517822266,70
16,2,157.4939522,70
6,1,114.9682181,70
8,2,125.5359015,70
14,2,155.1101308,70
5,2,108.8700188,70
15,2,156.634876,70
10,2,136.7990521,70
19,3,166.1735382080078,70
12,3,147.4804534912109,70
5,3,109.0084915161133,70
17,1,170.0401235,70
14,3,157.4758605957031,70
18,2,158.416945,70
16,1,167.8060604,70
14,1,159.7730229,70
11,1,140.5166682,70
10,3,136.0807189941406,70
9,2,130.9696026,70
15,3,160.6484832763672,70
7,3,120.3076553344727,70
18,3,165.0943298339844,70
8,1,125.504511,70
8,3,125.519775390625,70
18,1,171.6845901,70
11,2,143.0286461,70
10,1,135.4001394,70
12,1,146.3842046,70
17,3,164.0687561035156,70
19,2,159.0873227,70
16,3,162.7075042724609,70
11,3,141.7420654296875,70
19,1,173.1994445,70
17,2,157.9868827,70
13,1,153.2564546,70
7,2,120.2296972,70
15,1,164.5619515,70
6,2,114.7717898,70
17,1,164.2725471,71
12,3,146.2450561523438,71
7,2,122.357429,71
15,1,160.798624,71
10,1,134.3606294,71
12,1,144.5473434,71
10,3,135.9053649902344,71
5,1,109.6166067,71
10,2,137.4466387,71
13,3,151.0469970703125,71
17,3,159.2062225341797,71
5,2,111.6512714,71
15,2,153.8341931,71
13,2,151.195787,71
11,1,139.1079209,71
16,1,163.1289609,71
12,2,147.9377419,71
18,3,159.5851287841797,71
19,3,160.2328033447266,71
19,2,155.3344255,71
8,3,126.1364517211914,71
9,2,132.1705046,71
6,2,117.2593935,71
16,3,158.5918273925781,71
18,1,164.7704063,71
11,3,141.0702972412109,71
15,3,157.3039855957031,71
14,2,153.0032898,71
18,2,154.4782696,71
14,1,156.7800868,71
14,3,154.8865814208984,71
11,2,143.0278569,71
17,2,154.20052,71
16,2,154.0964926,71
8,2,127.2319901,71
7,3,121.2834854125977,71
9,1,129.7172339,71
8,1,125.0391034,71
6,3,116.1819152832031,71
7,1,120.2076195,71
6,1,115.1018647,71
5,3,110.6356658935547,71
9,3,130.9449920654297,71
19,1,165.2228596,71
13,1,150.8976044,71
7,1,115.5957953,72
8,3,122.87255859375,72
7,3,117.5590515136719,72
9,2,130.5134795,72
5,1,104.2746145,72
15,1,159.9897301,72
12,1,141.7771018,72
15,2,157.6580235,72
10,1,130.7717941,72
19,3,165.1827697753906,72
13,2,153.0369638,72
17,3,162.5792694091797,72
8,2,124.9110559,72
13,1,148.6383407,72
15,3,158.8036499023438,72
16,3,161.0235290527344,72
18,3,163.8421936035156,72
5,3,106.1237335205078,72
16,1,163.3353529,72
10,2,136.5401916,72
11,3,139.5116729736328,72
16,2,158.7844652,72
14,3,155.5062255859375,72
14,2,155.8382791,72
17,1,165.7818542,72
6,3,112.0406799316406,72
19,1,169.9468958,72
14,1,155.1618379,72
6,2,113.8978647,72
19,2,160.5243751,72
13,3,150.8787841796875,72
7,2,119.4659514,72
18,2,159.9598254,72
9,1,125.7866994,72
17,2,159.4670181,72
18,1,167.8243602,72
6,1,110.1353572,72
5,2,107.9313446,72
11,2,142.9836309,72
9,3,128.1890106201172,72
10,3,133.7052612304688,72
12,3,145.3614349365234,72
11,1,135.910815,72
8,1,120.7677611,72
12,2,148.8137454,72
12,1,140.9424034,73
17,1,165.7193137,73
10,2,136.0483877,73
8,2,124.5057935,73
6,1,108.3346948,73
15,2,156.8124552,73
18,1,167.9406097,73
11,2,142.4296996,73
14,2,155.0602535,73
13,2,152.3371107,73
9,2,130.0747523,73
8,3,121.8445816040039,73
9,3,127.2128829956055,73
7,2,119.0735862,73
6,2,113.4979493,73
17,3,162.2944641113281,73
16,3,160.5761566162109,73
19,3,165.4898071289063,73
5,3,104.8703460693359,73
19,1,170.2610495,73
11,3,138.5966186523438,73
19,2,160.467264,73
14,3,154.8454895019531,73
13,3,150.1073150634766,73
12,2,148.1913568,73
7,1,113.9472693,73
14,1,154.639325,73
6,3,110.8729019165039,73
18,3,163.8004455566406,73
17,2,158.7059937,73
15,1,159.6137758,73
5,1,102.32793,73
15,3,158.2429046630859,73
12,3,144.4969177246094,73
9,1,124.4550963,73
18,2,159.4512185,73
16,2,157.9268519,73
16,1,163.110278,73
7,3,116.4655303955078,73
10,3,132.7637023925781,73
11,1,134.9061483,73
8,1,119.278186,73
10,1,129.5995421,73
5,2,107.4970673,73
13,1,147.9641451,73
14,3,152.0584869384766,74
15,3,155.5161590576172,74
12,2,144.2632501,74
7,2,116.5161773,74
8,1,121.5284887,74
14,2,151.6409287,74
9,1,125.7878199,74
19,2,158.1357618,74
13,2,148.5988322,74
14,1,152.4669777,74
18,3,161.9479217529297,74
10,2,132.1889385,74
19,3,164.0128784179688,74
9,3,126.1258773803711,74
18,1,166.4789106,74
12,3,142.0250396728516,74
9,2,126.4733085,74
17,1,163.6134314,74
15,2,153.8098449,74
19,1,169.7658118,74
16,2,155.3477797,74
12,1,139.8395556,74
15,1,157.1855134,74
13,3,147.4098968505859,74
7,1,117.1704937,74
18,2,157.3151996,74
17,2,156.4512652,74
6,2,111.7459572,74
11,1,134.5442981,74
10,1,130.0653519,74
8,3,121.4330291748047,74
8,2,121.3348415,74
6,3,112.1684951782227,74
7,3,116.8480911254883,74
17,3,160.0721588134766,74
6,1,112.5791802,74
10,3,131.1130218505859,74
5,3,107.2013778686523,74
5,1,107.6360161,74
5,2,106.7551144,74
16,1,160.6859802,74
11,3,136.4772491455078,74
13,1,146.2474931,74
11,2,138.4596307,74
16,3,158.0463562011719,74
18,3,159.6206512451172,75
9,3,121.349250793457,75
8,1,111.5607723,75
5,3,98.97364807128906,75
13,2,147.9762156,75
14,2,150.8026057,75
7,2,114.9235969,75
16,3,155.9161529541016,75
8,2,120.2081987,75
11,1,127.8507493,75
18,1,163.8052025,75
16,2,153.9486629,75
9,2,125.6706511,75
19,3,161.3188629150391,75
14,3,149.6807250976563,75
9,1,116.9305569,75
16,1,157.9514776,75
11,2,137.9750738,75
12,2,143.7632224,75
10,1,122.3064133,75
7,1,106.0498008,75
12,1,134.1494798,75
6,2,109.531371,75
12,3,139.0297698974609,75
15,3,153.3063049316406,75
14,1,148.5253749,75
13,1,141.4809807,75
17,2,154.8400564,75
18,2,155.6311783,75
5,1,94.12361289,75
5,2,103.7505168,75
15,1,153.9403192,75
15,2,152.6914358,75
17,1,161.1160054,75
17,3,157.9170074462891,75
19,2,156.589893,75
11,3,132.9857482910156,75
10,3,127.0126724243164,75
13,3,144.7772827148438,75
10,2,131.6015841,75
6,1,100.2728056,75
7,3,110.5303268432617,75
6,3,104.9421234130859,75
19,1,166.3509024,75
8,3,115.9298400878906,75
13,1,148.8280964,78
14,1,155.4527613,78
18,2,158.9288714,78
11,1,135.8375227,78
10,2,136.9740206,78
12,3,145.3198394775391,78
5,3,106.0065689086914,78
17,1,166.1728243,78
19,2,159.567414,78
17,2,158.500701,78
14,2,155.5388904,78
18,3,163.5445861816406,78
16,1,163.7311975,78
6,3,111.975212097168,78
15,1,160.3499089,78
18,1,168.1603032,78
5,1,103.5327764,78
8,3,122.8741149902344,78
9,3,128.2004089355469,78
5,2,108.5758318,78
7,1,115.0433191,78
14,3,155.4951477050781,78
19,3,164.8741607666016,78
11,3,139.4802093505859,78
10,1,130.5656703,78
9,2,131.0629818,78
17,3,162.3430328369141,78
8,2,125.5331803,78
10,3,133.6996459960938,78
8,1,120.3280427,78
7,3,117.5339660644531,78
7,2,120.1272978,78
6,2,114.5685201,78
12,1,141.8401791,78
13,3,150.8582763671875,78
15,2,157.1113629,78
19,1,170.1746906,78
13,2,152.9627092,78
16,2,157.9986822,78
12,2,148.9365303,78
15,3,158.7508087158203,78
6,1,109.4818316,78
11,2,143.2756139,78
9,1,125.4643617,78
16,3,160.8863677978516,78
6,3,115.2269287109375,79
7,1,119.1034224,79
17,3,167.1005096435547,79
17,1,171.7585861,79
11,1,140.3677964,79
9,1,129.7692083,79
15,2,160.5363038,79
9,3,131.6696929931641,79
6,1,113.4090996,79
14,1,160.342672,79
14,3,159.5418548583984,79
11,2,145.983581,79
19,3,170.1802978515625,79
8,2,128.0318736,79
10,3,137.2704925537109,79
17,2,162.4141159,79
16,1,169.0278192,79
13,3,154.7651062011719,79
18,3,168.5787048339844,79
13,1,153.5785876,79
15,1,165.418557,79
6,2,117.0767897,79
8,3,126.2585983276367,79
8,1,124.5135405,79
10,1,134.988443,79
14,2,158.7336829,79
12,3,149.1147308349609,79
12,1,146.4785154,79
7,3,120.8459854125977,79
10,2,139.5803315,79
13,2,155.9631638,79
16,3,165.3659057617188,79
16,2,161.6738762,79
15,3,162.9885559082031,79
12,2,151.7778014,79
19,2,163.7692696,79
19,1,176.5877051,79
18,2,163.0225264,79
5,3,109.205078125,79
18,1,174.1155793,79
5,1,107.3171662,79
7,2,122.6187517,79
11,3,143.1606140136719,79
9,2,133.5968033,79
5,2,111.1258348,79
7,1,124.1999935,80
15,2,160.230243,80
16,1,171.0848826,80
8,2,130.0774678,80
16,3,166.0302581787109,80
14,1,164.1392912,80
12,3,152.359130859375,80
17,3,166.8757019042969,80
8,1,129.7139107,80
5,2,111.0080448,80
11,1,145.3175307,80
18,3,167.3567352294922,80
13,3,157.5980072021484,80
16,2,160.428801,80
7,2,124.1786504,80
15,3,164.4727478027344,80
6,2,117.918344,80
19,1,174.1378111,80
5,1,111.8421013,80
18,2,160.620816,80
12,2,153.6125307,80
6,3,118.1074829101563,80
17,2,160.4734024,80
15,1,168.4734223,80
8,3,129.8888854980469,80
7,3,124.1897277832031,80
10,2,141.9313491,80
13,1,157.9133386,80
11,2,148.1749498,80
11,3,146.6989898681641,80
13,2,157.2604946,80
14,3,161.8033752441406,80
17,1,172.5119868,80
18,1,173.3173711,80
14,2,159.3145965,80
12,1,151.1805938,80
19,2,161.2169736,80
9,3,135.4164581298828,80
10,1,140.0944461,80
5,3,111.4347686767578,80
6,1,118.285637,80
9,2,135.9030714,80
9,1,134.964217,80
10,3,140.9804840087891,80
19,3,167.9740447998047,80
19,2,157.3677773,81
8,3,120.3694229125977,81
17,3,159.4530181884766,81
19,1,166.44781,81
7,3,115.0408554077148,81
7,2,117.2468412,81
14,1,153.0334457,81
5,3,103.5269927978516,81
10,2,133.9696239,81
11,1,133.6305518,81
14,3,152.7697296142578,81
11,3,136.9312438964844,81
10,3,131.1679840087891,81
9,1,123.281504,81
8,1,118.1440941,81
15,3,155.9526062011719,81
5,2,105.7741837,81
13,2,149.9136406,81
12,3,142.7349090576172,81
8,2,122.6060021,81
18,2,156.3959285,81
14,2,152.5051239,81
11,2,140.2450951,81
16,1,160.971144,81
13,3,148.2086944580078,81
6,1,107.2572967,81
5,1,101.2691705,81
9,3,125.6807479858398,81
19,3,161.8977203369141,81
16,2,155.0851852,81
10,1,128.3781241,81
17,1,163.1629456,81
7,1,112.8453635,81
6,3,109.4924087524414,81
17,2,155.7409776,81
12,2,145.8901893,81
16,3,158.0308990478516,81
15,2,154.1142855,81
6,2,111.7307975,81
12,1,139.5916822,81
15,1,157.7858771,81
18,1,164.8340475,81
13,1,146.5101856,81
18,3,160.6119232177734,81
9,2,128.0909204,81
8,2,124.353807,82
16,2,157.3058871,82
7,3,118.207878112793,82
17,2,158.014496,82
13,2,151.9320415,82
18,3,164.1198577880859,82
16,3,161.5472106933594,82
11,1,138.3048334,82
10,1,133.047869,82
10,2,135.8050118,82
12,3,146.0302276611328,82
8,3,123.5630111694336,82
8,1,122.7930278,82
18,1,169.407365,82
15,2,156.2797559,82
19,1,170.9375605,82
6,1,111.8619611,82
13,1,151.2023394,82
10,3,134.4024658203125,82
19,3,165.3797760009766,82
11,2,142.1349898,82
16,1,165.6970602,82
19,2,159.7137514,82
18,2,158.7230344,82
11,3,140.1875610351563,82
14,3,156.1863250732422,82
13,3,151.5622406005859,82
15,1,162.5069957,82
14,1,157.7375186,82
9,1,127.9431775,82
6,2,113.4208878,82
7,2,118.9616241,82
14,2,154.5968878,82
6,3,112.630126953125,82
5,3,106.6371307373047,82
12,1,144.2744195,82
7,1,117.4742325,82
12,2,147.8410013,82
9,2,129.8788825,82
5,1,105.845637,82
5,2,107.4522937,82
9,3,128.8956298828125,82
17,1,167.8346406,82
17,3,162.9765167236328,82
15,3,159.4287261962891,82
15,3,158.99169921875,83
17,1,166.5042389,83
16,2,157.6495872,83
7,2,121.6672298,83
13,3,151.8961639404297,83
7,1,123.5577331,83
14,1,157.146885,83
12,2,148.4801628,83
6,1,118.336331,83
9,3,132.1346130371094,83
17,2,158.3200719,83
8,2,126.6024196,83
10,2,137.1671641,83
16,3,161.0221252441406,83
6,3,117.4637756347656,83
10,3,136.9315795898438,83
13,1,151.4673486,83
18,2,158.7691257,83
11,2,143.1031797,83
5,1,112.4367087,83
15,1,161.3642869,83
10,1,136.702197,83
8,3,127.435432434082,83
14,3,156.02685546875,83
7,3,122.6252975463867,83
15,2,156.5665243,83
19,2,159.1976046,83
18,1,168.0467713,83
9,2,131.6738626,83
14,2,154.8808269,83
11,1,140.8294402,83
16,1,164.3233361,83
6,2,116.5666453,83
13,2,152.3354449,83
12,1,145.6235699,83
19,1,169.0282049,83
5,2,111.0009589,83
8,1,128.2465472,83
17,3,162.4564361572266,83
9,1,132.5832671,83
12,3,147.0339050292969,83
18,3,163.4615783691406,83
19,3,164.1289825439453,83
11,3,141.9515075683594,83
5,3,111.7290725708008,83
13,2,151.4038365,85
10,3,133.9053192138672,85
15,3,159.0206909179688,85
11,1,137.7761149,85
10,2,135.3238468,85
12,3,145.5008544921875,85
13,1,150.6998764,85
5,2,107.0835946,85
15,2,155.8258917,85
19,1,171.872488,85
18,2,158.8466069,85
17,2,157.8641818,85
10,1,132.5280824,85
6,1,111.3871333,85
14,2,154.0875675,85
11,2,141.6242271,85
8,2,123.9572184,85
9,3,128.4263000488281,85
14,3,155.7085113525391,85
7,2,118.6031974,85
14,1,157.2832245,85
17,3,162.9084167480469,85
9,1,127.4416477,85
16,1,165.4680992,85
9,2,129.4369586,85
12,1,143.7487997,85
8,1,122.3179412,85
6,3,112.2119674682617,85
16,3,161.2699279785156,85
11,3,139.6687622070313,85
6,2,113.0588237,85
19,3,166.0502471923828,85
18,1,169.8209204,85
16,2,156.9743846,85
8,3,123.1276016235352,85
5,3,106.2095489501953,85
15,1,162.1361384,85
5,1,105.3592131,85
17,1,167.8544156,85
7,1,117.0202306,85
18,3,164.3658752441406,85
7,3,117.8018569946289,85
12,2,147.313427,85
13,3,151.0460357666016,85
19,2,160.2409324,85
13,1,146.6053579,86
12,2,144.064959,86
8,1,120.7198685,86
18,2,156.0446815,86
17,1,162.8856719,86
19,3,161.6020050048828,86
9,1,125.2219851,86
18,3,160.3914031982422,86
15,1,157.4684718,86
15,3,155.3717956542969,86
16,3,157.6074676513672,86
14,2,151.2721421,86
10,1,129.7538772,86
13,2,148.3511916,86
8,3,120.6143569946289,86
11,2,138.2263493,86
19,1,166.559938,86
10,2,131.8370136,86
7,1,116.1354484,86
14,1,152.8683233,86
14,3,152.0732421875,86
17,2,155.4350142,86
18,1,164.718385,86
6,1,111.3576543,86
5,2,104.448829,86
10,3,130.7894287109375,86
15,2,153.2616336,86
19,2,156.6262594,86
6,3,110.7043304443359,86
12,1,140.0393592,86
7,2,115.3040594,86
11,1,134.5058434,86
8,2,120.5076123,86
5,3,105.3730621337891,86
5,1,106.2860592,86
6,2,110.043223,86
16,2,154.5783698,86
17,3,159.1704864501953,86
16,1,160.6191651,86
13,3,147.4744262695313,86
12,3,142.0421600341797,86
7,3,115.7221450805664,86
9,2,125.9303635,86
9,3,125.5740737915039,86
11,3,136.3561096191406,86
8,1,122.6179091,87
11,2,143.5152149,87
13,3,152.1054382324219,87
7,2,120.2471781,87
18,3,163.8795623779297,87
9,3,129.4775848388672,87
8,2,125.6754638,87
15,3,159.8347015380859,87
12,1,144.0527082,87
5,1,105.8005296,87
19,3,164.6619720458984,87
11,3,140.7832794189453,87
11,1,138.090534,87
9,2,131.2319063,87
16,1,165.3439757,87
6,2,114.6726852,87
13,1,150.9698643,87
17,2,158.6384689,87
6,1,111.7653348,87
16,2,158.2661021,87
10,2,137.1792585,87
5,2,108.6752443,87
16,3,161.827880859375,87
7,1,117.334216,87
19,2,159.1543298,87
14,1,157.4829625,87
18,2,158.8500696,87
15,2,157.4229208,87
6,3,113.212158203125,87
10,3,134.9939117431641,87
18,1,168.8536415,87
10,1,132.8383142,87
13,2,153.2573165,87
19,1,170.1134789,87
17,3,163.0521545410156,87
15,1,162.2141554,87
9,1,127.7457392,87
5,3,107.2322235107422,87
14,3,156.6719512939453,87
17,1,167.413209,87
14,2,155.8496664,87
12,2,149.2063282,87
12,3,146.6107177734375,87
8,3,124.1374282836914,87
7,3,118.7827072143555,87
6,1,117.3505612,88
7,3,122.1563949584961,88
17,1,171.2079531,88
8,1,128.1245279,88
11,2,144.9499043,88
6,2,115.6634281,88
9,2,132.5034232,88
10,1,137.9859529,88
18,3,166.1312713623047,88
15,1,166.2770464,88
14,2,157.3732429,88
19,1,173.4136178,88
11,3,143.9470367431641,88
16,2,159.5149568,88
10,3,138.2519989013672,88
8,3,127.5132064819336,88
16,3,164.50439453125,88
5,3,110.4489517211914,88
18,2,159.5017151,88
19,3,166.5750427246094,88
13,3,155.1112976074219,88
13,2,154.7853272,88
14,1,161.7222276,88
17,2,159.5542408,88
18,1,172.4761848,88
12,1,148.7283337,88
12,3,149.6849670410156,88
17,3,165.5151214599609,88
16,1,169.2614284,88
19,2,159.4578765,88
7,1,122.9222833,88
5,2,109.559891,88
9,3,132.811279296875,88
9,1,133.0984762,88
13,1,155.4183419,88
14,3,159.6078948974609,88
6,3,116.535400390625,88
7,2,121.3358053,88
12,2,150.7018477,88
11,1,143.0042773,88
5,1,111.280837,88
8,2,126.8573924,88
15,2,158.8907192,88
10,2,138.5360652,88
15,3,162.6771697998047,88
13,1,145.2211818,89
7,3,114.1609191894531,89
12,3,141.8019714355469,89
19,2,158.2479853,89
15,2,155.083643,89
17,1,164.1189488,89
6,1,107.4700548,89
15,1,157.2166615,89
19,3,163.2133026123047,89
11,1,132.3874962,89
9,3,124.5582427978516,89
14,3,152.4501190185547,89
16,1,161.1005941,89
18,1,166.4613849,89
7,2,115.6349054,89
18,3,162.1682739257813,89
8,2,121.0089584,89
9,1,122.4843586,89
5,1,101.9120429,89
17,2,157.4378705,89
5,2,104.4618866,89
18,2,157.9416967,89
13,3,147.5201110839844,89
9,2,126.6095089,89
16,3,158.8025665283203,89
16,2,156.5388525,89
15,3,156.1422729492188,89
17,3,160.7525024414063,89
14,2,152.9060582,89
12,1,138.2524771,89
7,1,112.6764524,89
8,1,117.6392519,89
8,3,119.331672668457,89
11,2,139.2710925,89
10,3,130.0319061279297,89
6,2,110.2113637,89
19,1,168.2537192,89
10,1,127.3323248,89
13,2,149.7855694,89
12,2,145.2994038,89
11,3,135.8535308837891,89
10,2,132.697367,89
6,3,108.8442001342773,89
5,3,103.1889572143555,89
14,1,151.9874669,89
17,3,161.1357421875,91
5,2,105.9674044,91
18,3,161.9492492675781,91
15,1,160.9525379,91
7,1,116.3581068,91
6,2,111.9099362,91
11,2,140.6822347,91
5,1,104.7617296,91
14,1,156.3415278,91
13,1,149.9123755,91
14,3,154.7736968994141,91
8,3,122.2562484741211,91
15,3,157.9245300292969,91
7,2,117.4407087,91
14,2,153.2369969,91
11,1,137.1239053,91
18,1,166.8695002,91
10,1,131.8967838,91
16,2,155.9997287,91
18,2,157.130124,91
9,3,127.5995101928711,91
10,3,133.1274719238281,91
8,2,122.8379109,91
8,1,121.6630604,91
11,3,138.92138671875,91
13,2,150.5379142,91
17,1,165.7272122,91
5,3,105.3696746826172,91
6,3,111.3407669067383,91
12,2,146.4142867,91
16,3,159.9172668457031,91
19,3,162.7554168701172,91
9,2,128.3806293,91
7,3,116.9045791625977,91
19,1,167.8654223,91
10,2,134.3331277,91
16,1,163.9130045,91
15,2,154.9560928,91
6,1,110.7610121,91
12,1,143.0510222,91
13,3,150.2283020019531,91
9,1,126.8024619,91
17,2,156.6357029,91
19,2,157.7563658,91
12,3,144.7498626708984,91
7,2,119.4070128,92
17,3,162.6422729492188,92
13,3,150.5940399169922,92
11,3,138.9825897216797,92
17,1,167.2609712,92
17,2,158.4623608,92
8,3,122.0811386108398,92
11,2,142.531794,92
16,1,164.5235429,92
6,3,110.9988403320313,92
12,2,148.2465919,92
7,3,116.6471939086914,92
5,2,107.9764314,92
14,1,155.6278838,92
9,1,124.7249659,92
16,2,157.8147571,92
7,1,113.9094605,92
6,2,113.8983662,92
14,3,155.3276824951172,92
11,1,135.4337852,92
10,3,133.0906982421875,92
5,3,104.9420013427734,92
19,3,164.8905334472656,92
12,3,144.9270935058594,92
13,2,152.3551658,92
10,2,136.2015413,92
5,1,101.9352761,92
19,2,159.6249639,92
13,1,148.7671849,92
18,1,169.3477256,92
15,2,156.7649026,92
15,3,158.7233276367188,92
12,1,141.5958091,92
14,2,155.0463622,92
9,2,130.2847537,92
6,1,108.1239177,92
19,1,171.0692785,92
8,1,119.4036772,92
8,2,124.7798097,92
18,2,158.9746641,92
15,1,160.8184441,92
10,1,130.003573,92
18,3,163.8240661621094,92
9,3,127.4940414428711,92
16,3,161.0393829345703,92
18,2,153.7555055,93
19,1,167.1666489,93
5,3,102.9697265625,93
17,1,164.9386886,93
11,2,135.0756002,93
6,3,108.7650909423828,93
19,3,161.2919616699219,93
18,3,160.0684967041016,93
17,2,152.6045567,93
13,1,149.146411,93
15,2,149.9939322,93
19,2,155.174438,93
14,1,155.5352778,93
5,2,101.6545791,93
8,3,119.3871307373047,93
16,2,151.4433966,93
14,2,147.9785891,93
10,3,130.0309600830078,93
11,1,136.4407357,93
16,1,163.0878541,93
11,3,135.7724914550781,93
15,1,160.1237273,93
6,1,110.2268945,93
9,3,124.6055755615234,93
9,1,126.2068205,93
18,1,166.1295157,93
12,1,142.3366891,93
7,3,114.1741790771484,93
16,3,157.3809509277344,93
14,3,151.8339233398438,93
12,2,140.8554076,93
7,1,115.820612,93
9,2,122.9345681,93
12,3,141.6114959716797,93
8,1,121.1069553,93
10,1,131.2501442,93
15,3,155.1593017578125,93
5,1,104.227508,93
10,2,128.7592596,93
8,2,117.5912679,93
13,2,145.0835839,93
6,2,107.2369144,93
7,2,112.4538707,93
17,3,158.8958129882813,93
13,3,147.1571044921875,93
16,3,163.0456390380859,94
10,3,137.1017456054688,94
6,2,114.840829,94
17,2,157.9645517,94
11,3,142.8254852294922,94
18,3,164.8058471679688,94
9,2,131.2924663,94
8,3,126.3640365600586,94
9,3,131.6490783691406,94
13,3,153.92919921875,94
14,1,161.3506698,94
11,1,142.2248259,94
13,1,154.9484048,94
17,1,170.675054,94
18,2,158.2854062,94
10,1,137.0341623,94
8,1,126.9373834,94
7,2,120.3987034,94
12,3,148.5635833740234,94
6,1,116.1622767,94
19,1,172.5512013,94
5,1,110.223396,94
16,2,157.5790212,94
14,3,158.297119140625,94
10,2,137.1689761,94
11,2,143.4217856,94
19,3,165.4890594482422,94
18,1,171.7483644,94
5,2,108.8413416,94
15,2,156.8208321,94
12,2,149.0052911,94
12,1,148.1171607,94
15,1,165.9363759,94
6,3,115.5066223144531,94
19,2,158.8509578,94
14,2,155.3818174,94
15,3,161.2485961914063,94
7,3,121.0504150390625,94
8,2,125.7902857,94
16,1,168.8704997,94
17,3,164.1088714599609,94
9,1,132.0067329,94
5,3,109.5417175292969,94
13,2,152.9266576,94
7,1,121.6974005,94
16,1,167.7455468,95
6,1,114.452613,95
5,1,108.5476111,95
16,2,157.6782801,95
18,2,158.7096058,95
18,3,164.8246459960938,95
11,2,143.331513,95
10,1,135.2628489,95
14,2,155.3287886,95
7,1,119.9596901,95
12,3,147.6776733398438,95
9,3,130.7634735107422,95
19,2,159.5265923,95
16,3,162.6019897460938,95
15,1,164.5800811,95
8,1,125.1775783,95
17,1,169.8473643,95
7,3,120.2346649169922,95
14,1,159.8225003,95
12,1,146.3983924,95
14,3,157.5281524658203,95
12,2,148.9071675,95
5,2,109.1006428,95
19,1,172.4458242,95
8,3,125.5071258544922,95
6,3,114.7385864257813,95
9,1,130.2355859,95
19,3,165.7252197265625,95
13,1,153.3020312,95
15,2,156.8269237,95
11,3,141.9252014160156,95
5,3,108.8248748779297,95
17,3,163.8753509521484,95
6,2,115.0190331,95
10,2,137.1049802,95
17,2,158.1997435,95
10,3,136.2000427246094,95
13,2,152.8400955,95
9,2,131.2709071,95
11,1,140.4677581,95
18,1,171.2825063,95
13,3,153.0665130615234,95
15,3,160.6229553222656,95
7,2,120.501115,95
8,2,125.8252778,95
5,3,110.9462432861328,96
14,2,155.8274904,96
16,3,162.8087310791016,96
16,1,168.105712,96
10,2,138.655473,96
5,1,111.3853688,96
13,2,153.7501769,96
18,2,156.7166368,96
8,2,127.4731034,96
17,1,169.3209435,96
9,2,132.9017521,96
11,2,144.7360126,96
17,3,163.5176239013672,96
15,2,156.5572254,96
13,1,154.7433454,96
12,3,149.0069732666016,96
13,3,154.2793579101563,96
19,1,169.7830152,96
11,3,143.4370269775391,96
15,1,165.4281774,96
15,3,161.2900543212891,96
12,1,148.0464731,96
19,2,156.8294384,96
7,1,122.4781736,96
6,1,117.1304834,96
16,2,156.6770214,96
14,3,158.5856018066406,96
19,3,163.8744506835938,96
7,3,122.2975006103516,96
9,1,132.4229658,96
6,2,116.5414025,96
18,1,169.6563654,96
14,1,161.0060777,96
5,2,110.4967553,96
10,1,137.2739593,96
18,3,163.7497406005859,96
8,3,127.5045852661133,96
17,2,156.6951523,96
6,3,116.8398895263672,96
11,1,142.2998312,96
10,3,137.9204711914063,96
12,2,150.1023885,96
7,2,122.1097838,96
8,1,127.5342141,96
9,3,132.6505737304688,96
7,3,115.5794067382813,97
8,3,120.8316345214844,97
17,2,151.0328136,97
8,1,119.0089831,97
6,2,112.1416419,97
19,3,156.8077239990234,97
9,2,127.9663485,97
11,3,136.8305511474609,97
16,2,151.0576092,97
14,2,150.0692049,97
17,3,156.2841033935547,97
5,2,106.2376195,97
12,3,142.3573150634766,97
9,1,124.1286108,97
5,3,104.0625076293945,97
9,3,126.0085296630859,97
19,1,162.4207145,97
15,1,157.5139376,97
15,3,154.2592926025391,97
13,3,147.505126953125,97
5,1,101.953815,97
8,2,122.7263821,97
18,3,156.5492858886719,97
11,2,139.4193391,97
10,1,129.1721618,97
18,2,151.0188056,97
18,1,162.0499761,97
12,2,144.6061851,97
7,1,113.6852639,97
16,1,160.1114371,97
6,3,110.0529022216797,97
13,2,148.0940997,97
7,2,117.5445365,97
15,2,150.9341984,97
10,3,131.3052673339844,97
14,1,153.1758248,97
10,2,133.5288254,97
17,1,161.4822429,97
13,1,146.9369591,97
16,3,155.6203460693359,97
14,3,151.6446533203125,97
19,2,151.1778841,97
12,1,140.1982804,97
6,1,108.0346946,97
11,1,134.347758,97
6,1,110.8709798,98
9,1,126.4468882,98
8,3,121.0172271728516,98
9,2,125.9836516,98
16,2,152.264982,98
18,3,158.708251953125,98
19,3,159.1097869873047,98
12,1,142.2199667,98
10,3,131.5928955078125,98
13,2,147.6098442,98
11,2,138.0579673,98
10,1,131.3713708,98
16,1,162.1726826,98
15,1,159.5398596,98
6,2,109.7722746,98
15,2,151.5599612,98
7,3,115.7874221801758,98
9,3,126.2200241088867,98
18,2,152.8948871,98
12,2,143.6535701,98
14,3,152.7160797119141,98
14,2,150.1081189,98
19,1,164.3322258,98
5,1,105.0235699,98
12,3,142.9213714599609,98
19,2,153.3371936,98
15,3,155.7039337158203,98
13,3,148.2808227539063,98
16,3,157.4293823242188,98
17,3,158.2787933349609,98
7,2,115.2302141,98
11,3,137.2380676269531,98
18,1,163.9896634,98
17,2,152.6079876,98
13,1,148.9162466,98
10,2,131.822587,98
8,1,121.4717569,98
11,1,136.4470418,98
17,1,163.4557215,98
5,3,104.4686965942383,98
14,1,155.1558666,98
7,1,116.3193733,98
5,2,103.889991,98
6,3,110.3336486816406,98
8,2,120.5414631,98
13,3,150.6532592773438,99
19,2,152.4404254,99
5,2,104.9153155,99
14,1,158.0426967,99
18,3,158.5579223632813,99
7,1,118.5555442,99
10,3,134.1787872314453,99
16,2,152.2271485,99
18,2,152.1989737,99
15,2,152.0346892,99
6,3,112.0019226074219,99
15,3,157.2310333251953,99
11,1,139.6857399,99
17,1,164.2616861,99
12,1,145.511418,99
5,1,106.3624163,99
19,1,164.2404814,99
18,1,164.2199533,99
7,2,117.0080917,99
19,3,158.7417144775391,99
10,1,134.4506207,99
14,2,151.0698203,99
16,1,163.8057741,99
13,2,148.985269,99
12,2,145.3539834,99
9,3,128.7012329101563,99
17,3,158.5561981201172,99
8,2,122.5192911,99
13,1,152.1053127,99
8,1,124.0478622,99
7,3,117.818977355957,99
9,2,128.0481136,99
11,2,139.9862148,99
8,3,123.3164291381836,99
11,3,139.8256683349609,99
9,1,129.2995443,99
10,2,133.8742969,99
6,2,111.2330139,99
5,3,105.6761856079102,99
16,3,158.3242492675781,99
14,3,154.7724151611328,99
6,1,112.6976801,99
17,2,152.1982971,99
15,1,161.8886484,99
12,3,145.4383697509766,99
18,2,152.1498458,100
16,2,151.2751306,100
13,1,147.0284856,100
11,3,135.5323028564453,100
14,3,151.0379791259766,100
12,3,141.2321929931641,100
13,3,146.6072845458984,100
12,2,142.1513707,100
10,3,129.8786315917969,100
8,3,119.3076553344727,100
8,2,119.0047693,100
16,1,160.1373065,100
6,1,109.0203046,100
15,2,150.3551181,100
9,1,124.5755195,100
7,2,113.7266016,100
7,1,114.45669,100
15,3,153.9974822998047,100
10,2,130.2682973,100
17,3,156.5616607666016,100
14,2,148.7541682,100
9,2,124.4305952,100
12,1,140.3482306,100
19,3,157.3961791992188,100
19,2,152.6466054,100
13,2,146.1672609,100
18,1,161.9702962,100
7,3,114.0967788696289,100
5,3,102.848991394043,100
9,3,124.5040130615234,100
5,2,102.5042895,100
5,1,103.1830792,100
17,2,151.7835305,100
15,1,157.5617509,100
8,1,119.6023785,100
14,1,153.235142,100
6,2,108.3187651,100
6,3,108.6746597290039,100
16,3,155.7105407714844,100
10,1,129.49975,100
18,3,156.9836730957031,100
11,1,134.5770726,100
19,1,162.4010115,100
17,1,161.4051013,100
11,2,136.5194334,100
14,2,154.9436688,101
17,1,168.1014326,101
8,2,125.5161142,101
9,3,131.1994323730469,101
14,1,160.5762476,101
12,2,148.6371475,101
16,2,157.0296626,101
16,3,162.2041320800781,101
13,1,154.4083531,101
19,3,164.1466827392578,101
6,3,115.0378494262695,101
14,3,157.8703460693359,101
7,3,120.5844573974609,101
18,2,157.6825542,101
18,3,163.3691253662109,101
11,2,143.0780496,101
17,3,162.9133758544922,101
19,2,158.272844,101
5,3,109.0649261474609,101
10,3,136.6523590087891,101
15,1,164.7248694,101
8,3,125.9052658081055,101
11,1,141.7317603,101
6,2,114.5655477,101
13,2,152.5306258,101
10,2,136.853304,101
6,1,115.453032,101
19,1,169.6747959,101
12,1,147.6536979,101
15,2,156.3262924,101
11,3,142.3724060058594,101
7,1,120.9870464,101
9,1,131.3761212,101
15,3,160.6794891357422,101
10,1,136.471119,101
18,1,168.7091155,101
5,2,108.5439998,101
5,1,109.5203251,101
8,1,126.2516999,101
17,2,157.3740718,101
16,1,167.0332358,101
12,3,148.1232604980469,101
7,2,120.1293198,101
9,2,131.0023129,101
13,3,153.5089569091797,101
16,2,159.6946798,102
19,2,159.90874,102
6,1,119.6620699,102
6,3,119.1019592285156,102
11,1,146.4248707,102
5,1,113.6407179,102
10,1,141.0856668,102
9,1,135.9028824,102
15,3,164.8399658203125,102
10,3,140.9875793457031,102
11,3,146.7337493896484,102
15,2,159.4486143,102
12,3,152.4860229492188,102
9,3,135.4860382080078,102
8,3,130.1344451904297,102
7,1,125.3136868,102
5,2,112.4218831,102
5,3,113.0518341064453,102
19,3,166.5333251953125,102
19,1,172.3334049,102
14,3,162.1790161132813,102
17,1,172.3098296,102
17,2,159.7708892,102
16,1,171.8382383,102
6,2,118.5023798,102
18,2,159.8215549,102
10,2,140.8825882,102
13,3,157.8551635742188,102
7,3,124.7361679077148,102
8,1,130.6890606,102
8,2,129.5403654,102
7,2,124.1175538,102
18,3,166.4716186523438,102
18,1,172.3769603,102
14,1,165.5635666,102
9,2,135.0396509,102
15,1,169.8237231,102
17,3,166.3626403808594,102
12,1,152.429546,102
14,2,158.5409846,102
13,1,159.2821019,102
16,3,166.035888671875,102
11,2,147.0643594,102
13,2,156.3261576,102
12,2,152.5464943,102
16,3,164.2827301025391,103
13,1,154.3060895,103
11,1,141.5227445,103
10,1,136.4148271,103
8,1,126.6741124,103
9,2,132.1599263,103
14,1,160.8834066,103
18,1,173.3802544,103
12,2,149.8403719,103
19,2,162.2990129,103
8,3,126.7633895874023,103
15,3,162.0240020751953,103
14,3,158.7180938720703,103
19,1,175.0832752,103
15,1,165.7648294,103
16,1,169.135064,103
13,2,153.9245676,103
11,3,142.8856201171875,103
6,2,116.5754949,103
9,1,131.531933,103
7,1,121.7196822,103
11,2,144.1790872,103
6,1,116.5548111,103
5,2,111.0600128,103
5,3,111.0704727172852,103
18,2,161.2053807,103
18,3,167.2113342285156,103
5,1,111.0806501,103
12,1,147.4026741,103
10,2,137.935886,103
13,3,154.1110229492188,103
14,2,156.6271171,103
19,3,168.5738830566406,103
17,3,165.8958282470703,103
7,2,121.7480973,103
12,3,148.6614990234375,103
16,2,159.5514042,103
17,1,171.5348014,103
8,2,126.851697,103
15,2,158.3947776,103
7,3,121.7339096069336,103
9,3,131.8482818603516,103
10,3,137.1840972900391,103
6,3,116.5650939941406,103
17,2,160.3887244,103
13,2,152.3748633,104
11,3,141.7590942382813,104
9,1,130.2626972,104
10,1,135.5730061,104
19,2,158.4748376,104
18,3,164.7560882568359,104
16,2,157.5058059,104
17,1,170.462723,104
7,3,119.1276321411133,104
15,2,156.5788177,104
16,1,168.6607841,104
13,1,154.2714075,104
6,3,113.4133453369141,104
17,3,164.2882690429688,104
11,2,142.5041705,104
8,2,124.3520831,104
17,2,157.933554,104
5,1,107.6064196,104
8,3,124.6419525146484,104
15,3,161.1739807128906,104
13,3,153.3397216796875,104
8,1,124.9185398,104
12,2,148.2762423,104
12,3,147.7331695556641,104
12,1,147.2116949,104
11,1,141.0463146,104
19,3,164.9347076416016,104
7,1,119.4347229,104
18,1,171.2176009,104
9,3,130.1448669433594,104
5,2,106.9884744,104
14,1,160.8231589,104
14,2,154.9599895,104
10,2,136.0707403,104
7,2,118.8032203,104
18,2,158.1687214,104
6,2,113.1064766,104
9,2,130.0210575,104
6,1,113.7007106,104
10,3,135.8154144287109,104
16,3,163.1896209716797,104
15,1,165.5804532,104
19,1,171.4679074,104
14,3,157.9468231201172,104
5,3,107.3069152832031,104
11,3,133.3473358154297,105
7,3,113.5996170043945,105
5,2,101.9457583,105
19,3,158.5059204101563,105
15,2,148.4194775,105
8,3,118.5520248413086,105
12,2,139.2065705,105
13,1,144.4355768,105
11,1,132.9315361,105
14,2,146.165712,105
18,1,163.2341008,105
18,3,157.8933715820313,105
14,1,150.5871992,105
9,1,123.9973074,105
12,1,138.1383825,105
10,1,128.4458473,105
7,2,112.8718313,105
8,1,119.3268498,105
16,2,150.1324097,105
14,3,148.46923828125,105
15,1,155.3227131,105
9,3,123.3342361450195,105
6,2,107.7371507,105
17,3,156.6031951904297,105
9,2,122.6136151,105
15,3,152.0176849365234,105
5,1,102.4395084,105
16,3,154.6530914306641,105
5,3,102.204216003418,105
11,2,133.7985635,105
8,2,117.7079954,105
18,2,152.0636263,105
10,2,127.9473534,105
6,3,108.225212097168,105
12,3,138.6501617431641,105
13,3,143.8661499023438,105
19,1,164.1522153,105
17,2,151.3387983,105
10,3,128.2067108154297,105
7,1,114.2663054,105
17,1,161.4312579,105
13,2,143.2468873,105
16,1,158.801802,105
6,1,108.6710138,105
19,2,152.339918,105
8,1,119.0716441,106
12,2,141.2831253,106
11,3,134.4656982421875,106
15,1,156.588295,106
6,1,109.5118883,106
6,3,109.2985000610352,106
9,2,124.101183,106
10,2,129.6957953,106
14,1,151.9801996,106
5,1,104.3531418,106
19,1,162.8807225,106
5,3,104.0503005981445,106
5,2,103.731157,106
11,2,135.7677625,106
13,2,145.2457939,106
19,3,157.1924438476563,106
16,2,150.4642841,106
17,2,150.9484345,106
15,3,153.1266479492188,106
8,3,119.0267562866211,106
7,2,114.0632563,106
11,1,133.2300206,106
9,1,123.6822925,106
12,3,140.0696258544922,106
18,1,162.4472117,106
7,3,114.2286224365234,106
13,1,145.6236083,106
18,2,151.1483696,106
16,1,159.5873851,106
15,2,149.4963769,106
13,3,145.4394073486328,106
17,1,161.4429062,106
14,3,149.9604949951172,106
17,3,156.3087005615234,106
10,1,128.3348444,106
10,3,128.9973602294922,106
9,3,123.8861312866211,106
7,1,114.3853267,106
6,2,109.0734909,106
18,3,156.9107208251953,106
16,3,155.1300659179688,106
14,2,147.8403014,106
12,1,138.9170128,106
19,2,151.2917209,106
8,2,118.979378,106
15,2,156.4948275,107
17,2,158.1721292,107
13,2,151.8076201,107
13,1,152.6185967,107
10,3,135.2695617675781,107
17,3,164.1538391113281,107
6,2,113.5855068,107
15,3,160.3292846679688,107
11,3,140.9344024658203,107
16,1,167.6650747,107
5,1,108.3895315,107
14,2,154.6429609,107
16,2,157.6073611,107
11,2,141.7695542,107
17,1,170.1306526,107
6,3,114.0502853393555,107
7,3,119.5050811767578,107
7,1,120.1174796,107
10,2,135.3999466,107
12,3,146.6971893310547,107
7,2,118.8729337,107
6,1,114.4997663,107
11,1,140.1137985,107
18,2,158.3781551,107
18,1,171.7763371,107
12,1,145.8311302,107
9,3,129.9031066894531,107
12,2,147.5732115,107
15,1,164.1533745,107
18,3,165.0887908935547,107
19,2,158.4433444,107
19,3,165.6587066650391,107
8,1,125.3393006,107
13,3,152.214599609375,107
14,3,156.9141998291016,107
5,3,108.1745681762695,107
5,2,107.9519561,107
8,2,124.0854617,107
14,1,159.1737017,107
8,3,124.7215957641602,107
9,1,130.2934627,107
19,1,172.8032891,107
9,2,129.5022142,107
10,1,135.1421286,107
16,3,162.6379852294922,107
13,3,152.4978942871094,108
11,3,141.2853393554688,108
17,1,169.3318242,108
5,2,107.3691342,108
10,3,135.5821533203125,108
17,2,156.8147523,108
14,3,157.0034637451172,108
9,1,130.6242621,108
12,2,147.5262682,108
19,1,171.466783,108
13,1,153.4227324,108
19,2,157.8596125,108
16,1,167.4523658,108
17,3,163.1838989257813,108
12,3,147.0496520996094,108
7,3,119.66162109375,108
11,2,141.871055,108
18,3,163.9791107177734,108
8,2,124.1883055,108
6,1,115.0056964,108
5,3,108.2766799926758,108
6,3,114.1757583618164,108
9,3,130.1644897460938,108
11,1,140.7227873,108
10,1,135.5856696,108
14,1,159.828074,108
16,3,162.0106506347656,108
15,3,160.0947265625,108
18,2,157.2288384,108
18,1,170.5052151,108
15,1,164.4511271,108
15,2,155.5693639,108
7,2,118.8222549,108
5,1,109.1438536,108
19,3,164.7717742919922,108
13,2,151.5355296,108
10,2,135.5784736,108
8,3,124.9237747192383,108
14,2,154.0661115,108
9,2,129.6847941,108
7,1,120.4646625,108
12,1,146.5917164,108
6,2,113.3077709,108
8,1,125.6279947,108
16,2,156.3649973,108
12,2,153.6364932,109
19,1,176.7245897,109
8,3,131.2677307128906,109
16,2,161.2437922,109
7,1,126.3440454,109
16,1,173.65018,109
18,2,161.5463302,109
13,3,158.6660461425781,109
8,2,130.9001718,109
12,1,153.0304665,109
11,1,147.0787696,109
17,3,168.5223541259766,109
11,2,148.2098212,109
9,3,136.5359802246094,109
9,1,136.736971,109
12,3,153.3263702392578,109
10,1,141.8269529,109
15,1,170.8256982,109
15,2,160.7979423,109
5,2,113.9914064,109
14,2,159.6151847,109
19,3,169.5066375732422,109
19,2,161.969619,109
17,1,175.2837624,109
15,3,165.9443817138672,109
8,1,131.6169241,109
5,3,114.4491729736328,109
11,3,147.6298828125,109
6,3,120.4172286987305,109
7,2,125.5560082,109
10,3,141.9575500488281,109
13,1,159.8977893,109
6,1,120.7999636,109
16,3,167.6203308105469,109
17,2,161.3909491,109
6,2,120.0134252,109
14,3,163.0397644042969,109
13,2,157.3767414,109
7,3,125.9607391357422,109
14,1,166.2956524,109
18,1,176.1209069,109
10,2,142.0946972,109
9,2,136.3248958,109
5,1,114.8845245,109
18,3,169.00927734375,109
15,1,168.0644329,110
17,2,157.4244982,110
6,3,115.5154113769531,110
13,1,157.8869455,110
19,3,164.9835357666016,110
11,3,144.8080749511719,110
10,2,138.940835,110
19,2,158.075153,110
5,1,109.7843373,110
16,2,157.4475144,110
12,1,150.7781558,110
9,1,132.8710361,110
8,1,127.2708555,110
18,3,164.2828521728516,110
8,3,127.1373901367188,110
15,3,162.8618316650391,110
8,2,126.9972724,110
5,3,109.2683410644531,110
10,3,138.7230224609375,110
11,2,145.2935453,110
7,2,121.200164,110
19,1,171.536975,110
18,2,157.4190042,110
17,1,170.578824,110
16,3,163.8500823974609,110
14,2,156.5587104,110
13,3,156.2511291503906,110
12,3,150.8029327392578,110
11,1,144.3465744,110
6,2,115.1934667,110
6,1,115.8217531,110
12,2,150.8290461,110
16,1,169.9511071,110
5,2,108.7261197,110
18,1,170.8109558,110
14,1,164.1446659,110
13,2,154.5254376,110
9,2,132.8327694,110
9,3,132.8523406982422,110
7,1,121.6186152,110
14,3,160.4506988525391,110
15,2,157.3974695,110
7,3,121.4145812988281,110
10,1,138.5152517,110
17,3,164.1613464355469,110
10,3,134.4144592285156,111
9,1,127.9076578,111
11,1,137.7934329,111
17,3,163.2901000976563,111
8,1,123.105128,111
12,2,148.0763325,111
5,3,108.0412979125977,111
6,3,113.6663436889648,111
17,1,168.6871061,111
14,1,157.3261016,111
15,1,162.3998969,111
7,2,119.6607938,111
6,2,114.2882939,111
8,2,124.9166618,111
15,2,156.2745662,111
7,1,118.197783,111
18,2,157.9753663,111
13,3,151.3476715087891,111
11,2,142.4311263,111
18,3,164.48291015625,111
5,2,108.5019147,111
19,3,165.5515441894531,111
10,2,136.1698307,111
12,1,143.6683146,111
6,1,113.0707804,111
7,3,118.9126815795898,111
17,2,157.6394067,111
13,2,152.1026969,111
14,3,156.0406951904297,111
11,3,140.0613708496094,111
16,2,157.1676908,111
12,3,145.8214111328125,111
14,2,154.6891012,111
19,2,158.4586594,111
16,1,166.0200473,111
18,1,170.7002931,111
10,1,132.7330401,111
5,1,107.5995715,111
15,3,159.4129791259766,111
19,1,172.3242367,111
9,2,130.3314516,111
9,3,129.0921936035156,111
8,3,123.9899978637695,111
13,1,150.6278097,111
16,3,161.6968536376953,111
8,3,126.9159774780273,112
16,2,159.5479166,112
9,3,132.0277557373047,112
10,2,138.46956,112
18,2,160.1967361,112
15,3,161.8073883056641,112
14,2,157.0659802,112
6,1,116.7404012,112
19,2,160.5200592,112
7,1,121.8356417,112
12,3,148.7086029052734,112
19,3,167.3112640380859,112
8,1,126.7024907,112
6,2,116.3917637,112
11,2,144.7622798,112
19,1,174.1838146,112
13,3,154.1173400878906,112
8,2,127.1272348,112
14,1,160.2248111,112
9,1,131.4586494,112
17,1,170.5587824,112
7,2,121.8190466,112
5,2,110.5769532,112
18,3,166.2578277587891,112
18,1,172.380387,112
9,2,132.5905341,112
17,3,165.2376403808594,112
5,1,111.3180017,112
10,3,137.3542785644531,112
6,3,116.5655670166016,112
12,1,146.9749559,112
13,1,153.7637597,112
10,1,136.2269447,112
11,3,142.9959259033203,112
14,3,158.6358489990234,112
16,3,163.8809509277344,112
12,2,150.4280358,112
15,1,164.9896762,112
11,1,141.2131534,112
15,2,158.6610774,112
7,3,121.8273086547852,112
5,3,110.9465255737305,112
13,2,154.4674166,112
16,1,168.2534535,112
17,2,159.9630043,112
14,3,158.725341796875,113
5,3,109.030158996582,113
17,2,158.2247213,113
19,1,172.3557166,113
15,1,165.8215163,113
17,3,164.9653015136719,113
16,3,163.7636260986328,113
13,1,154.6617561,113
8,1,126.2034457,113
14,2,156.1383994,113
19,2,158.6817516,113
11,3,143.0487518310547,113
18,1,171.7325243,113
12,2,149.9101211,113
5,2,109.2477535,113
9,3,131.8056640625,113
19,3,166.4248199462891,113
14,1,161.1467693,113
12,1,147.7511528,113
12,3,148.8077392578125,113
9,1,131.3989965,113
15,3,161.8260955810547,113
7,2,121.1757893,113
10,3,137.3066711425781,113
15,2,157.4595512,113
11,1,141.7851798,113
18,3,165.7503967285156,113
17,1,170.6909074,113
18,2,158.3491775,113
6,1,115.0392406,113
6,2,115.4603474,113
11,2,144.3640366,113
9,2,132.232667,113
16,2,158.0428207,113
10,1,136.5202507,113
16,1,168.8312531,113
8,3,126.4316177368164,113
13,3,154.2284698486328,113
7,3,120.9802856445313,113
6,3,115.2435531616211,113
8,2,126.6725333,113
5,1,108.824818,113
10,2,138.1277146,113
13,2,153.7725148,113
7,1,120.795832,113
15,1,161.9923239,114
17,3,162.7031097412109,114
9,3,129.6664886474609,114
6,1,114.9292487,114
13,2,152.0862196,114
17,2,158.3065814,114
19,2,159.1062446,114
8,3,124.7865371704102,114
6,3,115.1758804321289,114
13,3,151.4946746826172,114
6,2,115.4099826,114
12,1,144.1264334,114
10,1,133.5424927,114
11,2,142.3005882,114
5,1,109.8859187,114
5,2,110.2631443,114
16,1,165.1892614,114
9,1,128.9099858,114
7,2,120.3049741,114
14,1,157.2790878,114
7,3,120.0191268920898,114
10,2,136.0887402,114
10,3,134.8469543457031,114
15,2,156.5972583,114
18,3,163.7312774658203,114
12,2,147.9703867,114
9,2,130.3876766,114
14,3,156.0088958740234,114
19,1,170.8943828,114
18,2,158.6990877,114
18,1,169.160291,114
13,1,150.8638495,114
8,1,124.3392368,114
11,3,140.4235382080078,114
17,1,167.4240174,114
8,2,125.2102028,114
12,3,146.1112823486328,114
14,2,154.820907,114
11,1,138.4325876,114
19,3,164.7772674560547,114
5,3,110.0786285400391,114
16,2,157.6832775,114
15,3,159.1967163085938,114
7,1,119.7159223,114
16,3,161.3015747070313,114
18,1,159.6121407,115
18,2,150.8297823,115
10,2,130.7567272,115
14,2,148.7020721,115
14,3,150.1095275878906,115
19,2,151.0730144,115
6,1,107.4538528,115
16,2,150.5664603,115
9,1,122.9200479,115
5,1,101.6619324,115
8,1,117.9712714,115
14,1,151.4738422,115
17,1,159.2147396,115
6,2,108.6425781,115
11,2,136.9494405,115
7,3,113.4900436401367,115
5,3,102.1812133789063,115
10,3,129.2705841064453,115
19,1,159.907125,115
13,3,145.8127746582031,115
12,3,140.5343170166016,115
9,2,124.9336982,115
11,1,132.8943382,115
17,3,155.0437927246094,115
18,3,155.2978515625,115
15,3,152.9178619384766,115
9,3,123.9122695922852,115
10,1,127.8270747,115
12,1,138.6519839,115
7,2,114.1422794,115
13,2,146.3316938,115
11,3,134.8919830322266,115
13,1,145.30962,115
5,2,102.7164195,115
15,1,155.7268079,115
19,3,155.5709533691406,115
17,2,150.729801,115
6,3,108.0394897460938,115
12,2,142.4746493,115
8,3,118.7158355712891,115
15,2,150.0182135,115
16,1,158.1544537,115
7,1,112.8562456,115
8,2,119.4820739,115
16,3,154.4225158691406,115
10,2,139.7751209,116
11,3,144.9715118408203,116
7,2,122.1717714,116
18,3,167.9425506591797,116
18,2,161.3895033,116
19,2,161.6043871,116
5,2,109.815332,116
18,1,174.210911,116
14,1,163.1258845,116
19,3,168.3578033447266,116
12,2,152.0220183,116
13,3,156.359130859375,116
12,1,149.708341,116
16,2,160.9942108,116
16,3,166.1371765136719,116
5,3,110.3303146362305,116
15,2,160.2184793,116
19,1,174.8168762,116
15,3,164.1442718505859,116
16,1,171.0482904,116
13,2,156.1002728,116
12,3,150.8388977050781,116
11,2,146.2400214,116
9,2,133.6584714,116
9,1,133.4345247,116
8,1,128.2623284,116
17,2,161.2680466,116
13,1,156.60645,116
8,2,127.8821798,116
7,1,122.8647052,116
6,3,116.6779327392578,116
10,3,139.1371917724609,116
11,1,143.7596131,116
8,3,128.0764770507813,116
6,1,117.0935877,116
9,3,133.5439758300781,116
6,2,116.2438754,116
5,1,110.8239279,116
17,3,167.3015441894531,116
7,3,122.5258483886719,116
14,2,158.6849135,116
14,3,160.9563598632813,116
17,1,173.0670839,116
15,1,167.8928238,116
10,1,138.5276976,116
19,2,155.0575797,118
8,3,124.3622131347656,118
16,3,159.9344024658203,118
10,1,134.9155526,118
13,2,150.9044458,118
18,2,154.6944261,118
6,1,113.0449751,118
11,2,141.81363,118
8,2,124.3273992,118
5,1,106.7714261,118
10,3,135.2819366455078,118
17,3,160.4402923583984,118
15,1,162.8672963,118
9,2,129.8483539,118
9,1,129.690949,118
12,1,146.1576337,118
16,1,164.9944998,118
10,2,135.681396,118
15,3,158.6556854248047,118
14,1,158.8966545,118
7,2,118.8317392,118
11,3,140.9906616210938,118
5,3,106.7784881591797,118
12,3,146.6664276123047,118
14,2,153.0677861,118
15,2,154.1717477,118
17,1,165.9213112,118
18,1,166.3510821,118
13,1,152.8523641,118
13,3,151.9125671386719,118
9,3,129.766845703125,118
18,3,160.702880859375,118
16,2,154.5642457,118
19,1,167.0111722,118
6,3,113.0610809326172,118
19,3,161.2239074707031,118
17,2,154.6247153,118
7,1,118.8843962,118
12,2,147.2177483,118
11,1,140.2392047,118
7,3,118.8590850830078,118
8,1,124.3947142,118
5,2,106.7860401,118
14,3,156.0787200927734,118
6,2,113.0784318,118
14,3,154.5423431396484,119
5,3,108.4172668457031,119
19,1,164.3736745,119
9,1,132.5985492,119
19,2,151.8179144,119
8,2,120.3484213,119
7,1,123.2430493,119
6,2,109.5625099,119
14,1,158.8874059,119
7,2,115.0274205,119
10,2,131.6349221,119
10,1,137.1138014,119
16,3,158.3269500732422,119
5,2,103.6855969,119
12,2,143.4134698,119
14,2,149.7511171,119
8,3,124.4087142944336,119
15,2,151.1376446,119
13,2,147.320436,119
15,3,157.1107635498047,119
6,1,118.1574575,119
6,3,114.1091613769531,119
13,1,153.2445521,119
11,2,137.8520011,119
10,3,134.5204010009766,119
9,3,129.3894653320313,119
15,1,162.579023,119
12,3,145.3369750976563,119
17,3,158.5427856445313,119
11,3,139.9085388183594,119
17,1,164.8292021,119
8,1,128.0171363,119
16,2,151.7076486,119
19,3,158.2910308837891,119
7,3,119.3802032470703,119
12,1,147.0695482,119
18,2,151.7714534,119
17,2,151.7958878,119
18,3,158.4037933349609,119
16,1,164.4448802,119
13,3,150.4354705810547,119
5,1,112.6501567,119
9,2,125.798151,119
18,1,164.6118505,119
11,1,141.760161,119
16,2,157.4990027,120
6,2,113.7238896,120
8,2,124.4794909,120
14,3,156.0581359863281,120
15,1,162.1956874,120
5,3,106.2873001098633,120
17,1,167.5017376,120
10,3,134.0453643798828,120
19,2,158.2706504,120
6,1,110.7028981,120
7,3,117.7656326293945,120
13,1,150.6508521,120
19,3,163.7061462402344,120
8,1,121.738587,120
9,2,129.9775099,120
15,3,159.3431701660156,120
6,3,112.2194747924805,120
18,2,158.1081695,120
12,1,143.5976651,120
13,3,151.4011840820313,120
7,1,116.3638327,120
16,3,161.4537658691406,120
16,1,165.4368288,120
7,2,119.1530755,120
17,3,162.7144775390625,120
11,1,137.5075085,120
12,2,148.0119874,120
9,1,126.9533481,120
15,2,156.5306141,120
5,1,104.6442169,120
14,1,157.3129938,120
8,3,123.1183013916016,120
17,2,157.9379166,120
18,1,168.6438092,120
14,2,154.8288801,120
13,2,152.1331922,120
5,2,107.9192205,120
10,1,132.1401863,120
10,2,135.9093109,120
19,1,169.1537312,120
18,3,163.3748931884766,120
11,2,142.271232,120
11,3,139.9193725585938,120
12,3,145.8337860107422,120
9,3,128.4786987304688,120
17,1,161.822918,121
6,3,108.1144561767578,121
16,3,155.8887481689453,121
10,1,127.9320418,121
11,2,137.5165408,121
13,1,145.8193084,121
17,3,157.0772552490234,121
10,2,131.2913869,121
7,3,113.6202774047852,121
18,1,163.1247051,121
8,2,119.9936138,121
12,3,140.9986572265625,121
5,1,101.1979991,121
9,3,124.1578216552734,121
5,3,102.1941757202148,121
12,2,143.0935471,121
9,1,122.9190402,121
19,3,158.6817016601563,121
14,1,152.2361611,121
6,2,109.163735,121
7,1,112.6290891,121
8,3,118.9030532836914,121
11,1,133.1030863,121
19,2,153.0108445,121
16,2,151.7569573,121
8,1,117.858982,121
10,3,129.5765991210938,121
11,3,135.2646026611328,121
15,3,153.9696655273438,121
5,2,103.2384561,121
16,1,159.8694331,121
12,1,138.9864753,121
18,2,152.4755028,121
9,2,125.4506481,121
14,3,150.8974761962891,121
17,2,152.1551268,121
6,1,107.1121231,121
19,1,164.1600168,121
15,1,156.8544755,121
7,2,114.6566448,121
13,3,146.4117431640625,121
14,2,149.5054572,121
15,2,150.9727042,121
13,2,147.0281848,121
18,3,157.8949890136719,121
7,2,114.219569,122
12,3,141.1338043212891,122
18,3,156.8608551025391,122
6,2,108.686757,122
10,1,128.5780496,122
15,1,157.2718506,122
12,2,142.7134286,122
9,2,125.0669535,122
13,1,146.4114027,122
16,2,150.9191232,122
8,3,119.025505065918,122
8,1,118.4847873,122
17,3,156.4810333251953,122
10,3,129.7282409667969,122
19,1,162.7010381,122
14,2,148.9980208,122
13,2,146.602857,122
9,3,124.2973098754883,122
17,1,161.7040204,122
15,3,153.872314453125,122
7,1,113.2310893,122
5,2,102.7150782,122
19,2,151.2367549,122
19,3,157.0693511962891,122
9,1,123.5568482,122
5,1,101.7325868,122
5,3,102.2140426635742,122
6,3,108.1731033325195,122
12,1,139.6124371,122
7,3,113.7156829833984,122
13,3,146.5052947998047,122
11,2,137.1517111,122
8,2,119.5877875,122
17,2,151.0526855,122
11,3,135.4167938232422,122
11,1,133.7446775,122
14,1,152.761992,122
6,1,107.6791937,122
16,1,160.0882783,122
14,3,150.9163208007813,122
18,2,151.0907737,122
18,1,162.4203089,122
10,2,130.9224333,122
16,3,155.59326171875,122
15,2,150.3383154,122
6,2,115.1639762,123
10,1,137.056022,123
19,1,171.8917389,123
7,3,121.2976226806641,123
11,2,143.3469634,123
13,1,154.7076166,123
9,2,131.3231728,123
16,2,157.4057883,123
18,2,158.3465948,123
14,3,158.2218017578125,123
10,3,137.0959167480469,123
10,2,137.1377512,123
12,3,148.4310913085938,123
8,1,127.1121504,123
8,2,125.9009433,123
9,1,132.1061918,123
9,3,131.72412109375,123
8,3,126.521354675293,123
11,3,142.7388916015625,123
18,1,170.841542,123
16,3,162.9182434082031,123
5,3,109.9911117553711,123
12,1,147.9668632,123
7,2,120.6067215,123
15,1,165.4691164,123
15,2,156.6801558,123
15,3,161.1744689941406,123
6,1,116.5073493,123
6,3,115.8528594970703,123
13,3,153.8009033203125,123
19,2,159.0511463,123
19,3,165.6072845458984,123
13,2,152.8510425,123
5,2,109.2943955,123
14,1,161.0099513,123
14,2,155.3025743,123
17,2,157.870894,123
17,3,163.9514312744141,123
18,3,164.7290496826172,123
5,1,110.6527187,123
16,1,168.1887841,123
11,1,142.1590251,123
12,2,148.9176661,123
7,1,121.9548751,123
17,1,169.7695446,123
19,1,168.4413267,124
19,3,162.8166961669922,124
11,1,134.9090165,124
17,3,159.9171752929688,124
8,1,120.2790494,124
6,1,110.0376146,124
15,1,158.7723169,124
14,1,153.9728612,124
5,2,105.6979445,124
13,1,147.48996,124
5,3,104.9973220825195,124
7,3,116.0532684326172,124
13,2,148.8398358,124
18,1,166.5023478,124
15,2,152.9822379,124
17,1,164.5313306,124
16,1,162.1018577,124
14,2,151.3935581,124
15,3,156.0467529296875,124
14,3,152.7551116943359,124
18,2,155.1317339,124
16,3,158.2823791503906,124
16,2,153.9359477,124
6,2,111.4947173,124
13,3,148.1299438476563,124
12,3,142.6802673339844,124
12,1,140.68471,124
10,2,133.1229333,124
8,2,122.0359866,124
9,1,125.0980671,124
7,1,115.3162148,124
9,3,126.1867294311523,124
9,2,127.3693835,124
12,2,144.8716217,124
8,3,121.1214218139648,124
11,2,139.3012403,124
5,1,104.3523876,124
17,2,154.5523084,124
6,3,110.7370910644531,124
11,3,137.0127868652344,124
7,2,116.8516616,124
18,3,161.3073272705078,124
10,3,131.4485321044922,124
10,1,129.9044184,124
19,2,155.9768716,124
19,3,161.3827209472656,125
6,1,110.0583223,125
19,1,167.50575,125
8,1,121.060871,125
8,2,120.802337,125
5,2,103.9481023,125
13,2,147.9372471,125
18,2,154.2620104,125
12,1,142.0606578,125
11,3,137.2503509521484,125
9,2,126.2481995,125
13,1,148.8331365,125
10,1,131.1387521,125
17,2,153.7656885,125
16,2,153.1594506,125
8,3,120.9356307983398,125
15,3,156.1292572021484,125
16,1,162.9831602,125
7,1,115.7406224,125
12,3,142.9678192138672,125
11,1,136.2495794,125
14,3,152.9431304931641,125
18,1,166.4676676,125
17,1,165.064822,125
5,1,103.9018907,125
7,2,115.4638948,125
7,3,115.6066513061523,125
9,1,126.1481852,125
10,2,132.0814973,125
13,3,148.3974304199219,125
14,1,155.2266882,125
6,3,110.0025024414063,125
9,3,126.1965713500977,125
19,2,154.9240972,125
11,2,138.3163111,125
14,2,150.5341253,125
17,3,159.5664672851563,125
15,1,159.8801802,125
10,3,131.5947570800781,125
6,2,109.942802,125
12,2,143.9297113,125
15,2,152.1723455,125
18,3,160.5283203125,125
5,3,103.9242248535156,125
16,3,158.2031097412109,125
16,3,162.6224365234375,126
19,2,159.1487128,126
15,2,157.1891982,126
8,1,122.8725874,126
17,3,164.0419311523438,126
17,1,169.545126,126
7,2,120.9516006,126
13,2,153.2606242,126
11,3,141.1507415771484,126
7,1,117.4899046,126
8,2,126.2624662,126
13,1,151.8722452,126
14,3,157.2074432373047,126
15,3,160.4821472167969,126
16,2,157.9571038,126
9,2,131.6982589,126
14,2,155.7327361,126
15,1,163.6562937,126
5,1,105.7370629,126
6,3,113.6148910522461,126
17,2,158.3353992,126
13,3,152.5538787841797,126
10,1,133.2771189,126
18,3,165.1000823974609,126
11,1,138.642622,126
7,3,119.1875076293945,126
18,2,158.6323424,126
9,3,129.8616333007813,126
12,2,149.3267226,126
10,2,137.5272369,126
11,2,143.7490183,126
10,3,135.3645935058594,126
16,1,167.1198363,126
8,3,124.5359115600586,126
5,2,109.5968503,126
18,1,171.342602,126
6,1,111.8141743,126
6,2,115.4885423,126
19,1,172.9090304,126
12,3,147.0006866455078,126
9,1,128.0900618,126
12,1,144.7562479,126
14,1,158.6292244,126
19,3,166.1469573974609,126
5,3,107.6274795532227,126
9,2,125.3611103,127
15,1,157.1311741,127
8,3,119.6107940673828,127
10,3,129.9747467041016,127
19,3,157.4653625488281,127
17,3,156.3877716064453,127
18,2,151.0950573,127
17,1,161.5572895,127
12,2,142.7448382,127
19,1,163.0493536,127
13,2,146.5435769,127
5,1,103.975949,127
6,3,109.3387451171875,127
16,2,150.6977955,127
5,2,103.5502006,127
7,2,114.7120703,127
13,1,146.3498127,127
5,3,103.7703552246094,127
6,2,109.3297656,127
18,3,156.9340362548828,127
12,3,141.1347198486328,127
6,1,109.3471352,127
9,1,124.0594251,127
14,3,150.8130798339844,127
15,2,150.1205556,127
7,3,114.5574111938477,127
11,3,135.5211944580078,127
8,2,119.966538,127
11,1,133.8705357,127
10,1,128.8734305,127
13,3,146.4436798095703,127
12,1,139.6232248,127
7,1,114.4127368,127
16,1,159.928224,127
17,2,150.9134628,127
10,2,131.1487919,127
15,3,153.7305755615234,127
16,3,155.4480743408203,127
19,2,151.5691372,127
8,1,119.2776866,127
9,3,124.6892242431641,127
14,2,148.8536345,127
18,1,162.4553284,127
14,1,152.6566719,127
11,2,137.280488,127
18,3,165.6311340332031,128
8,1,125.6674448,128
14,2,156.2013827,128
8,3,126.168327331543,128
6,2,115.8712975,128
13,1,153.0859459,128
17,1,168.6728986,128
6,1,115.1854173,128
7,1,120.5739152,128
11,3,142.3083343505859,128
7,2,121.3843871,128
14,3,157.9579162597656,128
10,3,136.6896820068359,128
7,3,120.9542007446289,128
5,2,109.9220533,128
15,3,161.1926879882813,128
10,2,138.0498828,128
5,1,109.3925112,128
12,2,149.8498179,128
16,3,163.3107147216797,128
8,2,126.7361025,128
15,2,157.6132967,128
14,1,159.4233281,128
17,2,158.5943041,128
5,3,109.6427230834961,128
19,3,166.5135040283203,128
12,3,147.9937133789063,128
9,2,132.2026244,128
16,2,158.2913519,128
16,1,166.891096,128
19,1,170.5744546,128
18,2,158.8445526,128
17,3,164.6889801025391,128
18,1,169.7314855,128
13,3,153.4024963378906,128
13,2,153.7641553,128
12,1,146.332713,128
10,1,135.4803587,128
9,1,130.5917993,128
9,3,131.3476257324219,128
15,1,163.9749265,128
19,2,159.2840467,128
11,1,140.5432534,128
11,2,144.2780757,128
6,3,115.5082244873047,128
10,1,133.3084083,129
6,2,113.262996,129
16,3,159.7052612304688,129
8,3,123.6883392333984,129
14,3,154.5817718505859,129
5,2,107.6822806,129
13,2,149.798176,129
17,3,161.0336303710938,129
12,3,144.8123016357422,129
15,1,161.3101429,129
15,3,157.6871032714844,129
6,1,113.5681275,129
14,2,152.2454285,129
18,3,161.9561309814453,129
10,3,133.8240814208984,129
15,2,153.6948942,129
13,1,150.4112767,129
18,1,167.8092654,129
8,2,123.515108,129
17,2,154.9574956,129
9,2,128.7319808,129
12,2,145.9294889,129
8,1,123.8508135,129
19,3,162.7385864257813,129
18,2,155.3656551,129
11,3,139.2704772949219,129
14,1,156.7137309,129
19,1,168.6449034,129
13,3,150.1180114746094,129
16,2,154.500149,129
9,1,128.6067135,129
7,2,118.4486116,129
10,2,134.378995,129
5,3,107.739860534668,129
7,1,118.8821065,129
9,3,128.6671905517578,129
11,1,138.1731033,129
12,1,143.7832622,129
19,2,156.0263729,129
16,1,164.3993645,129
17,1,166.4741932,129
5,1,107.7944099,129
7,3,118.6718673706055,129
11,2,140.4566318,129
6,3,113.4198837280273,129
9,1,134.421842,130
12,3,150.9181518554688,130
18,3,166.7010345458984,130
13,2,155.2492001,130
19,2,160.2509248,130
13,1,157.3124476,130
14,1,163.6155641,130
9,3,134.0475463867188,130
19,1,173.2008895,130
11,3,145.18505859375,130
5,3,112.0198516845703,130
17,3,166.2548828125,130
14,2,157.6702309,130
12,1,150.527073,130
14,3,160.7849884033203,130
10,2,139.5191333,130
13,3,156.3258056640625,130
8,1,129.350752,130
8,3,128.7699279785156,130
7,1,124.1196058,130
10,1,139.4554333,130
7,2,122.7810387,130
11,1,144.6460755,130
6,2,117.2456966,130
17,2,159.7787594,130
11,2,145.7607687,130
9,2,133.6504902,130
16,1,170.6889973,130
6,3,117.9494552612305,130
15,1,168.0335076,130
19,3,167.1130981445313,130
16,2,159.5541211,130
15,3,163.7195587158203,130
6,1,118.6114959,130
16,3,165.3912811279297,130
5,2,111.2785847,130
18,1,172.7083879,130
18,2,159.947218,130
5,1,112.7177699,130
15,2,158.9943753,130
10,3,139.4862213134766,130
7,3,123.4697113037109,130
17,1,172.0529384,130
8,2,128.1580371,130
12,2,151.3379785,130
19,1,172.7797427,131
18,1,172.3277606,131
5,3,110.6380233764648,131
5,1,111.1599881,131
11,1,146.6182145,131
17,3,166.0567932128906,131
7,1,123.7395229,131
9,2,134.3185594,131
11,3,146.6487579345703,131
10,1,140.8896898,131
10,2,140.3842824,131
6,1,117.6285831,131
16,1,171.7521253,131
8,3,129.0837554931641,131
6,3,117.1694259643555,131
13,1,159.8949707,131
9,1,135.2646762,131
9,3,134.826171875,131
18,2,159.3958326,131
11,2,146.6838944,131
15,1,169.9073486,131
12,2,152.1960863,131
15,2,158.9826241,131
19,3,166.8463134765625,131
5,2,110.0283927,131
16,2,159.2524347,131
15,3,164.752685546875,131
7,3,123.2592849731445,131
13,2,155.9140392,131
14,1,166.0443067,131
14,2,158.0182244,131
7,2,122.7002168,131
8,2,128.5070211,131
12,1,152.9191721,131
10,3,140.65576171875,131
13,3,158.0186309814453,131
6,2,116.6305639,131
17,2,159.2469396,131
14,3,162.2665100097656,131
17,1,172.277572,131
12,3,152.5796813964844,131
16,3,165.8242340087891,131
19,2,160.1314466,131
18,3,166.1490173339844,131
8,1,129.5832742,131
13,3,147.7290802001953,132
13,1,147.8407598,132
17,3,158.3402099609375,132
7,1,114.3854072,132
8,3,120.0679702758789,132
13,2,147.6133441,132
7,2,115.1366421,132
9,2,125.9065313,132
5,1,102.7431451,132
17,1,163.5847917,132
8,2,120.4534679,132
18,2,153.2552012,132
6,2,109.6802875,132
7,3,114.7546310424805,132
5,2,103.8091355,132
14,1,154.2518939,132
16,1,161.7796413,132
15,2,151.6967805,132
14,2,150.1563249,132
12,2,143.6249036,132
9,3,125.3538818359375,132
11,3,136.5216827392578,132
17,2,152.9636954,132
19,1,165.3453447,132
9,1,124.821356,132
18,3,159.0108032226563,132
18,1,164.6425639,132
10,1,129.8848371,132
8,1,119.6958877,132
6,3,109.2177963256836,132
19,2,153.6943847,132
10,2,131.757663,132
16,3,157.2247314453125,132
15,1,158.8410288,132
11,2,138.0077116,132
11,1,135.0916421,132
19,3,159.5729217529297,132
6,1,108.7704945,132
12,3,142.2868041992188,132
14,3,152.2382965087891,132
5,3,103.2672348022461,132
16,2,152.5414721,132
12,1,140.9980343,132
10,3,130.8033752441406,132
15,3,155.3236846923828,132
12,2,147.3085391,133
15,2,155.1774158,133
6,1,113.1616438,133
19,2,157.6474053,133
15,3,158.7821197509766,133
11,3,140.1642608642578,133
19,1,169.1522184,133
9,1,128.6765872,133
18,3,162.5364837646484,133
5,3,107.4247817993164,133
7,1,118.5883281,133
9,2,129.6131024,133
14,3,155.7699737548828,133
14,2,153.768095,133
5,1,107.3357544,133
9,3,129.1343078613281,133
6,2,113.3955944,133
8,3,123.9378051757813,133
17,1,166.7911335,133
10,1,133.599121,133
8,2,124.1682125,133
16,2,155.9393651,133
11,1,138.6948459,133
13,3,151.2946624755859,133
10,2,135.4565096,133
19,3,163.4696197509766,133
16,3,160.5941162109375,133
8,1,123.7176152,133
6,3,113.2759399414063,133
10,3,134.5070190429688,133
17,2,156.4338422,133
16,1,165.080736,133
7,2,118.8552616,133
18,2,156.9315194,133
15,1,162.244939,133
12,1,144.5185659,133
5,2,107.5179997,133
12,3,145.8827667236328,133
13,1,151.3071511,133
7,3,118.71875,133
11,2,141.7005094,133
17,3,161.6979675292969,133
18,1,167.9840431,133
13,2,151.2816034,133
14,1,157.6859417,133
10,1,139.8012176,134
9,3,134.0122222900391,134
17,3,165.3648834228516,134
6,1,116.8772256,134
7,2,121.694178,134
14,3,161.0075378417969,134
10,3,139.7539978027344,134
15,3,163.6418151855469,134
5,1,110.2310185,134
7,1,123.0365532,134
18,1,171.505669,134
8,3,128.2779541015625,134
16,3,164.9391174316406,134
13,2,155.2824509,134
5,2,108.4090314,134
18,2,158.9783777,134
11,3,145.6134185791016,134
19,3,165.7213897705078,134
12,1,151.2998004,134
9,2,133.5893075,134
12,3,151.4116668701172,134
15,2,158.5126347,134
16,2,158.8345522,134
8,2,127.670841,134
13,3,156.7664489746094,134
15,1,168.4050408,134
13,1,158.1188169,134
19,2,159.4546649,134
5,3,109.3560256958008,134
14,2,157.4519609,134
9,1,134.3904295,134
6,3,116.1541137695313,134
11,1,145.2549284,134
18,3,165.4580535888672,134
14,1,164.2961854,134
7,3,122.3933868408203,134
8,1,128.8322402,134
6,2,115.3705196,134
10,2,139.700776,134
17,1,171.419719,134
12,2,151.5353841,134
16,1,170.6159839,134
17,2,158.8799993,134
11,2,146.0132245,134
19,1,171.5816334,134
14,1,156.9723879,135
15,1,161.4794002,135
15,3,158.0407257080078,135
8,1,122.8962182,135
5,3,106.1371917724609,135
7,2,117.5130271,135
6,1,112.2443562,135
18,2,156.8948751,135
14,3,155.0292053222656,135
19,2,157.5902594,135
6,2,111.9290378,135
7,1,117.7160775,135
12,2,146.5287013,135
13,1,150.6346736,135
12,3,145.2449951171875,135
9,3,128.2175445556641,135
17,3,160.9786071777344,135
15,2,154.8652381,135
6,3,112.0814437866211,135
18,3,161.7239227294922,135
17,2,156.4054069,135
8,3,122.922004699707,135
16,2,155.826149,135
17,1,165.9863734,135
16,1,164.3173022,135
9,2,128.5076398,135
13,3,150.6175079345703,135
13,2,150.6016114,135
7,3,117.6110992431641,135
12,1,143.859316,135
18,1,166.9988306,135
10,2,134.4641688,135
10,3,133.7002716064453,135
19,1,167.9133413,135
9,1,127.9081544,135
5,1,106.3733759,135
8,2,122.9461802,135
16,3,159.8911743164063,135
5,2,105.9153245,135
11,3,139.4714050292969,135
11,2,140.8182069,135
14,2,153.2310071,135
10,1,132.880481,135
19,3,162.5411682128906,135
11,1,138.0184514,135
7,1,119.6897508,136
17,3,161.0242309570313,136
13,1,152.1852076,136
17,1,166.4886259,136
8,3,124.4799575805664,136
6,2,113.353699,136
13,2,151.0333286,136
8,2,124.2137546,136
18,3,161.1024627685547,136
6,3,113.9097900390625,136
19,3,161.0718383789063,136
15,3,158.744384765625,136
9,2,129.6734011,136
14,3,155.9177093505859,136
7,3,119.2960586547852,136
6,1,114.418787,136
18,1,166.7310133,136
19,1,166.6364153,136
13,3,151.6140594482422,136
19,2,155.2464161,136
16,2,155.1972664,136
11,2,141.6853223,136
15,1,162.7370289,136
9,3,129.6551818847656,136
5,3,108.1344757080078,136
11,3,140.6465759277344,136
5,2,107.4098089,136
8,1,124.7244562,136
10,1,134.5485891,136
14,2,153.3742834,136
12,2,147.1966849,136
12,3,146.3190612792969,136
10,2,135.4999024,136
11,1,139.6474102,136
18,2,155.1904894,136
16,1,165.2657097,136
17,2,155.2549163,136
9,1,129.638323,136
7,2,118.8641325,136
5,1,108.8061649,136
16,3,160.3395385742188,136
15,2,154.6591617,136
14,1,158.4219198,136
10,3,135.0087890625,136
12,1,145.4594598,136
10,3,125.6080322265625,137
16,2,147.985817,137
13,1,141.6635306,137
19,1,158.6015296,137
8,2,116.3419922,137
6,1,102.944852,137
7,1,108.4989414,137
19,3,154.6852874755859,137
7,2,111.1363275,137
15,3,149.8335266113281,137
15,1,152.3973734,137
14,1,147.9608983,137
17,1,156.8141958,137
8,3,115.0157852172852,137
18,1,157.800011,137
9,3,120.2297134399414,137
11,1,129.0475128,137
17,3,152.9107818603516,137
5,1,96.99573161000001,137
12,2,139.0982476,137
11,2,133.5699402,137
12,1,134.9001509,137
7,3,109.780387878418,137
15,2,147.0585294,137
10,1,123.8799041,137
14,3,146.7841644287109,137
11,3,131.2474060058594,137
13,2,143.01759,137
9,1,118.851733,137
16,3,151.7299346923828,137
10,2,127.4237503,137
16,1,155.1651463,137
13,3,142.3179931640625,137
6,3,104.3243179321289,137
14,2,145.5185516,137
12,3,136.935791015625,137
17,2,148.6212712,137
19,2,150.2986196,137
5,3,98.45737457275391,137
18,3,153.7626190185547,137
18,2,149.2855664,137
8,1,113.7633997,137
5,2,100.0055988,137
9,2,121.6825713,137
6,2,105.7848211,137
7,2,119.4654526,138
5,1,108.9525173,138
16,3,162.3909606933594,138
12,2,147.8871128,138
5,3,108.7569580078125,138
12,3,146.5174560546875,138
18,3,165.4591674804688,138
19,1,172.9508458,138
13,2,152.0472461,138
8,1,124.636923,138
9,1,129.4737136,138
16,1,166.6924334,138
7,3,119.5750274658203,138
14,3,156.7379760742188,138
8,3,124.6451950073242,138
11,2,142.162607,138
19,2,160.9323325,138
17,2,158.8403197,138
10,2,135.8678477,138
15,3,160.0951232910156,138
10,3,135.0766448974609,138
11,3,140.7381896972656,138
16,2,157.9154722,138
19,3,166.9830322265625,138
17,1,169.0607427,138
14,1,158.5796277,138
6,2,114.1891739,138
7,1,119.6802441,138
18,1,170.982113,138
10,1,134.3171732,138
9,3,129.7472991943359,138
6,3,114.3396377563477,138
14,2,154.8267632,138
15,1,163.3893602,138
11,1,139.3707463,138
13,3,152.0536804199219,138
13,1,152.0598836,138
12,1,145.2019683,138
17,3,164.0543212890625,138
9,2,130.0322912,138
5,2,108.5533054,138
8,2,124.6538146,138
6,1,114.4841091,138
15,2,156.6745986,138
18,2,159.7467762,138
5,3,111.4220352172852,139
18,2,158.6248764,139
15,3,162.27197265625,139
19,3,166.3732299804688,139
11,3,143.4349365234375,139
11,2,143.9336424,139
6,2,116.7787685,139
19,2,158.8876425,139
5,1,111.4998689,139
10,1,137.791281,139
10,3,137.8069000244141,139
14,3,159.1441192626953,139
7,1,122.6455088,139
17,2,158.4620658,139
9,2,132.1427982,139
12,2,149.4525453,139
13,2,153.371275,139
9,1,132.7958074,139
6,1,117.2502222,139
15,1,166.9869322,139
8,1,127.7855589,139
19,1,173.612682,139
16,1,170.0222829,139
18,3,165.9230804443359,139
7,2,121.8799196,139
13,3,154.6027984619141,139
8,2,126.9112066,139
6,3,117.0202026367188,139
16,3,164.1948699951172,139
17,1,171.8961436,139
11,1,142.9602895,139
5,2,111.3403179,139
15,2,157.3525853,139
14,2,155.8627365,139
10,2,137.8233371,139
7,3,122.2722549438477,139
17,3,165.3064270019531,139
9,3,132.4775543212891,139
12,1,148.8781991,139
12,3,149.1585235595703,139
18,1,172.9657344,139
16,2,158.1283014,139
8,3,127.3594055175781,139
13,1,155.7788127,139
14,1,162.2827041,139
6,2,117.113753,140
8,2,127.9390412,140
13,2,154.2484356,140
8,1,130.5683417,140
8,3,129.3385925292969,140
9,1,134.9834706,140
18,2,158.6345712,140
11,3,144.4755249023438,140
13,1,155.6423997,140
14,2,156.4684835,140
9,2,133.324498,140
17,2,158.3706512,140
7,3,124.3917617797852,140
7,1,126.0025021,140
5,3,113.6003341674805,140
15,2,157.6527035,140
6,3,119.2167892456055,140
9,3,134.2413635253906,140
12,3,149.8170471191406,140
19,3,167.1510925292969,140
15,3,162.5647125244141,140
18,1,170.524671,140
10,3,139.2406005859375,140
5,2,111.1131097,140
12,1,149.3176445,140
15,1,165.7264696,140
12,2,150.5328176,140
11,2,145.1364253,140
10,1,139.3836164,140
19,2,159.273838,140
14,3,159.5865783691406,140
17,3,165.4820861816406,140
16,2,158.159677,140
14,1,161.5737995,140
6,1,121.1505769,140
13,3,155.0935363769531,140
7,2,122.6294509,140
11,1,143.9773748,140
18,3,166.2720642089844,140
17,1,169.7456165,140
16,3,164.3534240722656,140
16,1,168.2763013,140
5,1,115.9077314,140
19,1,171.1249745,140
10,2,139.0557346,140
5,2,108.4747659,141
11,2,142.9753005,141
13,3,152.8303833007813,141
13,1,152.9734497,141
11,1,140.2069257,141
14,3,157.3828735351563,141
18,1,169.6284986,141
15,2,156.8426457,141
19,3,164.9212188720703,141
19,2,159.2584265,141
9,1,129.9993063,141
17,3,163.5706787109375,141
8,3,125.1077728271484,141
6,1,114.1971927,141
15,1,163.9822753,141
7,1,119.7136828,141
6,3,114.2982559204102,141
19,1,170.3127513,141
18,2,158.6469637,141
14,1,159.3928747,141
10,2,136.6823344,141
11,3,141.5536956787109,141
12,1,146.1146317,141
13,2,152.6795528,141
7,3,119.8125,141
9,2,130.785637,141
12,3,147.3438720703125,141
10,1,135.0209878,141
16,3,162.4292907714844,141
14,2,155.2651547,141
10,3,135.8290557861328,141
5,3,108.3765029907227,141
9,3,130.3817291259766,141
5,1,108.2832756,141
17,2,158.2385265,141
6,2,114.4047478,141
7,2,119.9166427,141
8,2,125.2848411,141
15,3,160.5033264160156,141
16,1,166.8949336,141
12,2,148.6406151,141
8,1,124.9400139,141
16,2,157.736148,141
17,1,168.646446,141
18,3,164.2722473144531,141
7,1,115.5310343,142
10,1,129.075866,142
10,3,129.4942474365234,142
15,2,149.9776941,142
13,3,145.3603363037109,142
12,3,140.1687469482422,142
16,1,158.7878967,142
11,2,135.9711706,142
15,3,152.9170532226563,142
8,2,119.2947035,142
6,3,109.9827270507813,142
12,2,141.4895134,142
15,1,155.7581233,142
8,1,120.2182005,142
11,3,134.7658538818359,142
13,2,145.4933711,142
7,2,114.4127949,142
18,2,152.5207921,142
9,2,124.3752476,142
11,1,133.6057251,142
10,2,129.9295959,142
5,1,105.0012255,142
17,2,151.9342228,142
19,1,163.0175369,142
5,2,104.0994223,142
14,1,151.2998028,142
12,1,138.8959318,142
8,3,119.7663116455078,142
9,1,124.6887702,142
17,3,156.4705047607422,142
18,1,162.2304802,142
14,3,149.7655029296875,142
16,3,155.0343475341797,142
19,2,153.1301676,142
9,3,124.5352325439453,142
13,1,145.2320223,142
5,3,104.5611190795898,142
17,1,160.8727771,142
7,3,114.9842910766602,142
14,2,148.176095,142
6,2,109.4432867,142
18,3,157.4425354003906,142
19,3,158.135498046875,142
6,1,110.4979499,142
16,2,151.158255,142
10,3,123.3629837036133,143
19,1,162.444909,143
5,2,98.26549169,143
12,1,133.3826825,143
5,1,97.11335176,143
17,3,154.15576171875,143
15,3,149.2775573730469,143
10,1,122.7710159,143
14,1,146.5508863,143
12,3,134.8892669677734,143
6,2,103.2890173,143
18,1,159.7956622,143
14,2,144.4944943,143
15,2,147.1126248,143
18,2,152.0962578,143
16,3,152.0196533203125,143
9,3,118.0895309448242,143
13,3,140.5898895263672,143
7,3,108.1609039306641,143
11,2,130.4228884,143
11,1,127.695018,143
17,2,150.7576294,143
5,3,97.67613983154297,143
14,3,145.5429992675781,143
8,3,113.0909805297852,143
18,3,156.0302124023438,143
9,2,118.1599556,143
9,1,118.0220739,143
11,3,129.0310821533203,143
6,3,103.090461730957,143
7,1,108.227937,143
8,1,113.2222144,143
16,1,154.7716935,143
8,2,112.9538996,143
6,1,102.9006765,143
12,2,136.4557319,143
17,1,157.4111273,143
13,2,141.084685,143
7,2,108.0908364,143
16,2,149.1488124,143
19,3,157.9870300292969,143
13,1,140.1138456,143
15,1,151.3559279,143
19,2,153.3269976,143
10,2,123.9804771,143
6,1,118.8183512,144
7,2,123.5434071,144
14,2,157.7915368,144
7,3,123.8489532470703,144
17,3,166.2445526123047,144
11,1,144.4160089,144
19,1,173.4208271,144
7,1,124.1548096,144
8,3,128.8595733642578,144
9,3,133.9380798339844,144
18,3,166.6913909912109,144
15,1,168.0260512,144
11,2,145.517234,144
5,1,113.1358927,144
5,2,113.3844712,144
8,2,128.4695859,144
10,1,139.2247097,144
16,3,165.3436279296875,144
6,2,118.6038719,144
10,3,139.2822418212891,144
12,1,150.3322837,144
10,2,139.3395195,144
16,1,170.7508602,144
14,1,163.5469619,144
13,2,155.1685721,144
19,3,167.0938873291016,144
9,1,134.2288083,144
6,3,118.7110748291016,144
13,1,157.1756714,144
15,3,163.6010589599609,144
12,3,150.7338104248047,144
17,1,172.2297543,144
18,2,161.094221,144
14,3,160.6163787841797,144
18,1,172.9284795,144
19,2,161.4458919,144
9,2,133.6480805,144
16,2,160.3516422,144
11,3,144.9682769775391,144
8,1,129.2496762,144
13,3,156.1622772216797,144
12,2,151.1316412,144
5,3,113.2600173950195,144
15,2,159.42498,144
17,2,160.8159682,144
7,1,126.9761954,145
19,2,165.5340239,145
19,1,178.7428459,145
16,3,169.5389709472656,145
12,2,154.8528794,145
17,1,176.4361581,145
18,3,171.1019134521484,145
9,2,136.8526979,145
7,2,125.8647909,145
9,3,137.1591796875,145
6,3,120.8671798706055,145
16,1,174.7331168,145
6,2,120.2898053,145
10,1,142.5975733,145
19,3,172.1661529541016,145
12,1,153.8748524,145
14,2,161.483164,145
18,1,177.6020221,145
15,2,162.953864,145
10,3,142.6982116699219,145
8,3,131.8011474609375,145
13,2,158.9132377,145
13,1,160.7941154,145
5,3,114.8833389282227,145
15,3,167.5880737304688,145
11,2,149.1504139,145
5,2,114.2894553,145
9,1,137.4693174,145
17,3,170.4916381835938,145
17,2,164.2745997,145
14,1,167.266594,145
15,1,171.8747182,145
11,1,147.8844519,145
5,1,115.3812792,145
6,1,121.3700039,145
11,3,148.5004730224609,145
10,2,142.8055493,145
8,2,131.2926963,145
8,1,132.3025013,145
13,3,159.8917846679688,145
18,2,164.7961057,145
7,3,126.4419250488281,145
14,3,164.4163818359375,145
12,3,154.3453521728516,145
16,2,163.7507229,145
15,2,164.1792724,146
11,3,151.5622406005859,146
15,3,169.3648986816406,146
7,2,128.4033055,146
7,3,129.4545440673828,146
19,1,178.2892198,146
11,2,151.5902348,146
15,1,174.2905044,146
5,3,117.5199279785156,146
8,3,134.9285430908203,146
14,2,163.0455303,146
13,2,160.8327904,146
5,1,118.492501,146
14,1,170.2146916,146
8,1,135.8906355,146
18,2,165.3992242,146
10,2,145.3815812,146
16,1,176.5376021,146
10,1,146.2780224,146
13,1,164.1179023,146
9,3,140.3265380859375,146
5,2,116.5020981,146
19,3,172.5242309570313,146
9,2,139.4861903,146
9,1,141.1255079,146
18,3,171.7572174072266,146
12,1,157.4187531,146
17,2,164.9309532,146
6,2,122.6905965,146
12,2,157.0745363,146
8,2,133.9125472,146
12,3,157.2513122558594,146
10,3,145.8401641845703,146
18,1,177.89526,146
19,2,166.4972468,146
6,1,124.6949065,146
16,2,164.665779,146
16,3,170.7382354736328,146
14,3,166.7270965576172,146
17,1,177.5398218,146
11,1,151.5356534,146
13,3,162.5128326416016,146
17,3,171.365234375,146
6,3,123.7154998779297,146
7,1,130.4535829,146
16,3,168.5799560546875,147
12,3,153.4890747070313,147
9,3,136.5372009277344,147
10,2,142.0386486,147
14,1,166.1463584,147
19,2,165.877718,147
17,3,169.7484436035156,147
14,3,163.4922180175781,147
12,2,154.0404312,147
7,1,126.7013677,147
6,2,119.799714,147
11,3,147.705810546875,147
16,1,173.5473936,147
10,3,141.9761657714844,147
10,1,141.9167259,147
11,2,148.3563783,147
19,1,176.7057722,147
15,3,166.6195983886719,147
5,2,113.8843703,147
6,3,120.5271301269531,147
13,2,158.0980976,147
18,1,176.0368077,147
8,1,131.8904338,147
15,2,162.3835656,147
9,2,136.1339213,147
15,1,170.6918968,147
18,3,170.5508422851563,147
19,3,171.4235534667969,147
7,3,126.0128402709961,147
17,1,175.1689369,147
9,1,136.9182632,147
11,1,147.0871871,147
14,2,160.7276713,147
5,1,115.3272566,147
18,2,164.831082,147
12,1,152.9634722,147
8,2,130.6399379,147
8,3,131.2823181152344,147
5,3,114.6269989013672,147
7,2,125.289985,147
17,2,164.1082184,147
13,1,159.772306,147
13,3,158.9541320800781,147
16,2,163.400485,147
6,1,121.2179528,147
8,3,135.1029663085938,148
17,1,180.0643742,148
17,2,165.4437149,148
13,3,163.6065979003906,148
14,1,171.0377767,148
9,1,140.0218362,148
16,2,165.4848478,148
12,1,157.3673749,148
7,1,128.6502588,148
5,2,117.3637411,148
12,2,159.0609758,148
18,2,165.392025,148
6,2,124.0132978,148
11,3,152.3559875488281,148
6,1,122.5326921,148
14,2,164.7496697,148
9,3,140.7464294433594,148
19,1,180.8436181,148
19,2,165.3596952,148
15,1,175.6651238,148
10,1,145.5192563,148
16,1,178.5064267,148
5,3,116.6527404785156,148
10,2,147.4551394,148
17,3,172.9246063232422,148
15,2,165.4821093,148
19,3,173.2125091552734,148
18,1,180.6705165,148
6,3,123.2553939819336,148
7,3,129.3406677246094,148
7,2,130.060755,148
8,2,135.7961993,148
13,1,164.4700026,148
5,1,115.9757714,148
8,1,134.4400211,148
9,2,141.5046312,148
11,2,153.6502547,148
12,3,158.1932678222656,148
14,3,167.9771423339844,148
10,3,146.4649047851563,148
18,3,173.1890411376953,148
11,1,151.1222139,148
16,3,172.1462097167969,148
15,3,170.6913909912109,148
13,2,162.6954889,148
14,3,165.1271820068359,149
15,2,164.0892155,149
18,2,166.3162694,149
6,2,120.9626854,149
5,3,115.7557373046875,149
10,2,143.3595001,149
13,2,159.6518768,149
5,1,116.4253615,149
16,3,170.5013580322266,149
9,2,137.3992294,149
14,1,167.8192098,149
6,3,121.6864624023438,149
18,1,179.5151535,149
7,1,127.9050124,149
7,3,127.2110061645508,149
8,1,133.1463998,149
12,1,154.3861083,149
10,1,143.2537529,149
9,1,138.2198232,149
18,3,172.9790802001953,149
19,1,180.9683849,149
13,1,161.2936155,149
12,2,155.5023078,149
19,2,167.0688417,149
17,3,171.9074859619141,149
19,3,173.9749603271484,149
7,2,126.4722891,149
5,2,115.0460969,149
12,3,154.9349670410156,149
13,3,160.4845275878906,149
6,1,122.3682533,149
15,1,172.5854043,149
16,1,175.7780258,149
11,2,149.7384773,149
14,2,162.3675472,149
11,3,149.0845947265625,149
16,2,165.1164255,149
8,3,132.5227203369141,149
9,3,137.8206939697266,149
10,3,143.3055267333984,149
15,3,168.3840179443359,149
17,2,165.7552637,149
17,1,177.9386093,149
8,2,131.8579473,149
11,1,148.4539838,149
10,2,139.9952803,150
5,1,115.4624787,150
9,1,133.6275949,150
14,2,158.6144423,150
5,3,115.0211563110352,150
9,2,134.3351905,150
11,2,146.1759279,150
11,3,144.5857391357422,150
12,1,148.7683182,150
19,1,172.9919333,150
18,3,167.4430236816406,150
18,2,162.7145679,150
13,2,155.9215462,150
5,2,114.5620399,150
6,2,119.5887126,150
7,1,124.7193358,150
8,3,129.1905212402344,150
15,2,160.2941488,150
8,2,129.2146974,150
9,3,133.9715118408203,150
17,3,166.5224914550781,150
7,3,124.5576400756836,150
8,1,129.1677435,150
14,1,161.8377966,150
10,3,139.0774993896484,150
17,2,162.0238152,150
16,3,165.3421630859375,150
14,3,160.2643585205078,150
17,1,170.7832038,150
13,3,155.7001495361328,150
10,1,138.2040804,150
11,1,143.0745266,150
16,1,169.1539866,150
6,3,119.8909454345703,150
15,1,166.3739852,150
15,3,163.4185180664063,150
16,2,161.3115925,150
19,2,163.6130803,150
18,1,171.9003797,150
7,2,124.3863058,150
19,3,168.4394989013672,150
12,2,151.8238181,150
6,1,120.1787269,150
13,1,155.4883984,150
12,3,150.2578125,150
15,1,175.7321773,151
7,1,129.6485701,151
6,2,122.7790804,151
8,1,135.1588193,151
9,3,140.1011810302734,151
7,3,129.0580291748047,151
17,3,173.2277526855469,151
16,3,172.5481262207031,151
14,1,171.1912251,151
15,3,170.9222259521484,151
6,3,123.3451690673828,151
18,3,173.3925323486328,151
10,1,145.8855638,151
8,2,133.9700157,151
14,3,167.8983917236328,151
18,1,179.8384536,151
13,1,164.6703584,151
7,2,128.4353209,151
5,2,116.7369003,151
5,3,117.2706909179688,151
19,3,173.5203552246094,151
19,1,179.8802221,151
9,1,140.5345446,151
14,2,164.4834626,151
11,3,151.7644653320313,151
12,3,157.7479400634766,151
17,2,166.5409255,151
10,2,145.7100027,151
6,1,123.8890587,151
12,2,157.8994633,151
8,3,134.5801391601563,151
16,1,178.3985904,151
11,2,152.1440593,151
16,2,166.4064092,151
9,2,139.6473899,151
11,1,151.4017672,151
19,2,166.8162668,151
13,3,163.3416290283203,151
12,1,157.6033185,151
13,2,161.9586125,151
15,2,165.8914247,151
10,3,145.7995758056641,151
17,1,179.6125394,151
5,1,117.7835074,151
18,2,166.6332583,151
15,1,173.4670549,152
13,1,161.6451959,152
18,3,173.62548828125,152
8,1,132.1006315,152
12,1,154.431662,152
12,3,155.0865783691406,152
11,1,148.1911165,152
7,2,125.7803558,152
14,2,163.0853527,152
5,3,114.7007446289063,152
17,1,178.8429353,152
17,2,166.7407216,152
16,3,171.5847473144531,152
9,3,137.2034912109375,152
5,1,115.0579301,152
14,1,168.4583002,152
6,3,120.6383590698242,152
19,1,180.357825,152
7,3,126.2460174560547,152
7,1,126.6872454,152
16,2,166.1227298,152
6,1,121.0400891,152
15,3,169.3239898681641,152
18,1,179.8868747,152
8,2,131.2851481,152
10,2,143.1636593,152
5,2,114.3250988,152
16,1,176.7809664,152
15,2,164.9814176,152
10,3,142.9251861572266,152
18,2,167.1112992,152
14,3,165.8358459472656,152
19,2,167.5110947,152
10,1,142.6974004,152
11,3,148.9644012451172,152
8,3,131.7045135498047,152
13,2,160.1568993,152
6,2,120.2159353,152
19,3,174.0843048095703,152
12,2,155.7734812,152
11,2,149.7712416,152
9,2,136.9970956,152
17,3,172.921875,152
13,3,160.9201965332031,152
9,1,137.3991194,152
8,2,132.1113766,153
11,3,149.2729949951172,153
7,1,128.4118202,153
12,2,155.4994682,153
5,1,117.2248705,153
9,3,138.086669921875,153
15,1,173.3221098,153
17,2,166.2270881,153
12,1,154.7810636,153
6,3,122.4030380249023,153
14,3,165.5213623046875,153
7,2,126.9649971,153
11,1,148.8533515,153
5,2,116.3178563,153
6,2,121.7895949,153
18,3,173.4835510253906,153
11,2,149.715527,153
18,1,179.9449939,153
16,2,165.5079544,153
6,1,122.9872693,153
14,2,162.5270958,153
14,1,168.3787224,153
13,2,159.7147623,153
12,3,155.1295471191406,153
19,1,180.0412553,153
16,1,176.6840453,153
9,1,138.6484253,153
15,2,164.3610334,153
9,2,137.4952015,153
10,3,143.5246124267578,153
19,3,173.8429412841797,153
8,3,132.8739166259766,153
18,2,166.7823196,153
10,1,143.6730944,153
17,3,172.6834869384766,153
17,1,178.8657398,153
8,1,133.5965617,153
13,3,160.7552795410156,153
19,2,167.4432384,153
16,3,171.2102203369141,153
15,3,168.9367980957031,153
13,1,161.7387672,153
7,3,127.707893371582,153
10,2,143.3683528,153
5,3,116.7827301025391,153
13,1,162.4485018,154
18,2,167.0563619,154
9,1,138.5259332,154
10,1,143.8341346,154
5,2,114.7574157,154
5,1,114.9494021,154
8,1,133.1286607,154
14,2,163.4651649,154
9,2,138.2046854,154
8,2,132.4738769,154
6,2,121.0363043,154
18,3,173.7623748779297,154
13,3,161.64208984375,154
14,3,166.3790130615234,154
13,2,160.7634463,154
9,3,138.3709564208984,154
15,1,173.92561,154
6,1,121.4761578,154
19,1,180.3727576,154
5,3,114.8552017211914,154
18,1,180.0299309,154
10,3,144.0617523193359,154
17,1,179.0636163,154
19,3,174.1865997314453,154
12,2,156.6017852,154
12,3,155.9742431640625,154
16,2,166.140699,154
16,3,171.769775390625,154
19,2,167.5369569,154
15,3,169.6650390625,154
10,2,144.3075498,154
15,2,165.1572372,154
7,3,127.1827087402344,154
11,1,149.2702895,154
11,3,150.0013885498047,154
8,3,132.8117370605469,154
6,3,121.2626113891602,154
7,1,127.4954023,154
14,1,169.0860145,154
16,1,177.0994172,154
17,2,166.6828996,154
11,2,150.7858245,154
7,2,126.8463197,154
17,3,173.0541687011719,154
12,1,155.3927445,154
11,2,149.1536278,156
17,2,165.169977,156
7,3,126.0425643920898,156
5,3,114.2769088745117,156
14,1,167.7002123,156
13,1,161.0412097,156
12,3,154.4721832275391,156
15,2,163.6407075,156
14,3,164.8711395263672,156
6,2,119.7511718,156
12,1,153.9882773,156
15,3,168.2014312744141,156
10,1,142.53773,156
19,2,165.8707885,156
5,2,113.6596216,156
13,2,159.1703703,156
9,3,136.9824829101563,156
9,2,136.6296187,156
10,2,142.6958319,156
10,3,142.614990234375,156
11,1,147.9028001,156
17,3,171.7022857666016,156
19,1,179.5580224,156
18,2,165.4851756,156
17,1,177.9118806,156
16,3,170.3571319580078,156
15,1,172.5818222,156
14,2,161.9123799,156
6,3,120.358268737793,156
5,1,114.8721057,156
7,1,126.6379551,156
16,1,175.832053,156
6,1,120.9454089,156
9,1,137.3213587,156
12,2,154.9778597,156
11,3,148.5148773193359,156
19,3,172.8751678466797,156
8,1,132.057446,156
18,1,179.0375559,156
8,2,130.9573434,156
18,3,172.4271392822266,156
16,2,164.6442336,156
8,3,131.5180358886719,156
7,2,125.4236145,156
13,3,160.1282043457031,156
16,1,175.5039706,157
10,1,142.1101816,157
11,1,147.7176262,157
14,3,164.8130340576172,157
13,2,158.9231636,157
17,1,177.1466069,157
15,2,163.3289747,157
7,2,124.8094494,157
6,3,119.3767395019531,157
8,2,130.3859903,157
15,1,172.5593885,157
14,2,161.6646389,157
13,1,161.1737869,157
15,3,168.0343170166016,157
5,3,113.18994140625,157
19,2,164.1998885,157
10,3,142.1822662353516,157
9,1,136.661665,157
8,3,130.7929382324219,157
5,2,113.0463592,157
5,1,113.3276979,157
7,1,125.5428575,157
17,3,170.7831115722656,157
9,2,136.1177659,157
7,3,125.1845474243164,157
8,1,131.1809866,157
12,3,154.3394775390625,157
9,3,136.3966217041016,157
19,1,178.1541014,157
6,1,119.6243049,157
13,3,160.074462890625,157
10,2,142.2579406,157
19,3,171.3094329833984,157
12,1,154.0056084,157
18,3,171.1455993652344,157
11,3,148.2449035644531,157
16,3,169.8761291503906,157
12,2,154.6900448,157
11,2,148.7975059,157
14,1,167.8273915,157
17,2,164.1507299,157
16,2,164.0247893,157
6,2,119.1189203,157
18,2,164.174235,157
18,1,177.8397137,157
16,3,171.3143768310547,158
14,1,169.421825,158
16,2,165.407108,158
6,2,120.7178193,158
5,1,114.7078759,158
10,2,144.4505029,158
15,1,174.0581278,158
10,3,144.2323150634766,158
13,3,161.87548828125,158
18,1,179.2758012,158
19,1,179.7286055,158
14,3,166.4550323486328,158
18,3,172.6530609130859,158
19,3,172.9803771972656,158
13,1,162.8717568,158
7,2,126.6618908,158
8,3,132.7328186035156,158
7,1,127.2789711,158
14,2,163.3473639,158
12,1,155.7969752,158
17,1,178.5188008,158
6,1,121.209314,158
11,3,150.2533874511719,158
10,1,144.0246339,158
5,3,114.5175933837891,158
15,3,169.5270843505859,158
9,3,138.4239654541016,158
12,3,156.2647247314453,158
13,2,160.8280134,158
11,1,149.5825758,158
8,1,133.0277072,158
8,2,132.4233989,158
18,2,165.7310587,158
17,3,172.2317352294922,158
5,2,114.3169991,158
9,2,138.2694048,158
17,2,165.6054116,158
9,1,138.5709673,158
16,1,176.9233186,158
12,2,156.7579116,158
15,2,164.7718361,158
7,3,126.9780349731445,158
19,2,166.0354747,158
6,3,120.969970703125,158
11,2,150.9581662,158
15,1,172.6907545,160
5,3,115.3046264648438,160
16,3,170.0371246337891,160
17,3,171.0401306152344,160
15,3,168.2449951171875,160
8,3,133.0432739257813,160
5,1,114.8565602,160
12,2,155.9674161,160
19,1,178.8020889,160
18,3,171.5942687988281,160
16,1,175.5265151,160
8,1,132.9540712,160
9,3,138.4529571533203,160
18,1,178.1607846,160
17,1,177.2153787,160
16,2,163.954681,160
13,1,161.7724257,160
12,1,154.8870252,160
11,3,149.6856994628906,160
11,1,148.8859697,160
7,2,127.7059242,160
6,1,121.3603382,160
7,3,127.5251846313477,160
7,1,127.3534076,160
14,1,168.1680442,160
13,2,159.7379874,160
9,2,138.6102104,160
19,3,172.1473083496094,160
8,2,133.1382171,160
13,3,160.7839202880859,160
10,1,143.5422939,160
19,2,164.9373891,160
10,3,143.9613800048828,160
6,2,122.0168879,160
9,1,138.3041098,160
11,2,150.5274145,160
18,2,164.4458764,160
12,3,155.4138336181641,160
14,3,165.2329711914063,160
10,2,144.4013172,160
14,2,162.0376867,160
15,2,163.3300332,160
17,2,164.220228,160
5,2,115.7737157,160
6,3,121.6815872192383,160
6,2,120.1100599,163
5,3,115.231086730957,163
8,2,130.9802564,163
14,3,163.5111694335938,163
14,1,166.8940422,163
12,2,153.9848711,163
17,2,161.5019698,163
7,3,126.6655731201172,163
7,2,125.6255061,163
13,1,160.6389892,163
15,3,166.1844787597656,163
10,1,142.905688,163
17,3,168.2868041992188,163
11,3,148.2628173828125,163
9,1,137.9064546,163
12,3,153.9391326904297,163
5,2,114.1587597,163
8,1,132.8676633,163
9,2,136.4486244,163
10,2,142.2864068,163
16,3,167.590576171875,163
16,1,173.6484208,163
16,2,161.3208302,163
10,3,142.602783203125,163
12,1,153.8955505,163
11,1,148.0563274,163
15,1,171.2322714,163
8,3,131.9463958740234,163
11,2,148.4795965,163
13,2,157.8006207,163
6,3,121.1567535400391,163
19,2,162.0265778,163
14,2,160.0034204,163
9,3,137.1941223144531,163
18,1,175.3775324,163
7,1,127.660879,163
18,3,168.7077178955078,163
19,1,175.941541,163
19,3,169.1582641601563,163
17,1,174.7749935,163
6,1,122.1573302,163
18,2,161.6916373,163
5,1,116.2502908,163
15,2,160.9613407,163
13,3,159.2482147216797,163
10,3,144.9949035644531,164
6,1,123.8408819,164
15,3,169.8527069091797,164
8,2,133.5797113,164
12,2,157.0845433,164
17,1,179.1901421,164
19,3,175.2980346679688,164
6,3,123.2409286499023,164
9,2,139.114239,164
16,2,166.4696811,164
10,1,144.9434675,164
11,1,150.1912211,164
18,2,167.783755,164
13,2,161.1669406,164
9,3,139.4884185791016,164
10,2,145.0476879,164
12,1,156.1480103,164
14,3,166.6763458251953,164
14,2,163.8150858,164
11,2,151.379907,164
19,2,168.7212258,164
9,1,139.8466231,164
5,3,117.2795333862305,164
15,1,174.2167377,164
7,1,129.4131763,164
11,3,150.7690124511719,164
15,2,165.4755339,164
17,2,167.1298154,164
17,3,173.2694702148438,164
18,1,180.4615998,164
19,1,181.6150841,164
13,3,162.1476440429688,164
16,3,171.9208068847656,164
12,3,156.593994140625,164
16,1,177.2665142,164
7,3,128.8048553466797,164
5,1,117.8832095,164
13,1,163.0534782,164
8,3,134.1620635986328,164
18,3,174.3556365966797,164
5,2,116.639933,164
6,2,122.6251447,164
7,2,128.1771488,164
8,1,134.7099643,164
14,1,169.5376032,164
18,1,177.6716585,165
12,3,153.6145324707031,165
10,3,141.8507080078125,165
11,1,147.4371663,165
18,3,170.7856750488281,165
11,2,148.0077254,165
18,2,163.5333095,165
14,3,163.8176116943359,165
10,1,142.0501948,165
13,2,157.8017874,165
14,2,160.4075203,165
11,3,147.7160339355469,165
6,3,119.5629119873047,165
8,1,131.4499322,165
12,2,153.7285456,165
13,1,160.4848026,165
8,2,130.0826329,165
17,1,176.5743344,165
16,2,162.836665,165
13,3,159.1780395507813,165
8,3,130.7755279541016,165
17,3,170.1080322265625,165
15,2,161.9826961,165
6,2,119.050252,165
9,2,135.6634077,165
7,2,124.6371153,165
9,3,136.2415161132813,165
15,1,171.6966145,165
15,3,166.9700927734375,165
6,1,120.0506805,165
7,1,125.9114588,165
12,1,153.5049596,165
16,3,168.9086456298828,165
19,2,163.9750636,165
9,1,136.7865607,165
5,3,113.4186477661133,165
14,1,167.0114608,165
19,3,171.3850860595703,165
5,2,113.051889,165
7,3,125.2910766601563,165
16,1,174.7121781,165
17,2,163.24626,165
10,2,141.6404213,165
19,1,178.4676669,165
5,1,113.7610822,165
10,3,141.0839080810547,167
16,3,166.5788116455078,167
9,1,136.0451763,167
9,3,135.7562713623047,167
14,3,162.0020599365234,167
8,2,130.1779015,167
18,3,167.8522796630859,167
5,2,113.9490803,167
14,1,165.2559033,167
19,3,168.3441162109375,167
5,1,114.7034179,167
12,2,152.549835,167
11,2,147.1547022,167
13,1,158.9453972,167
14,2,158.5891765,167
13,3,157.6519775390625,167
10,1,141.0578509,167
9,2,135.4519868,167
6,2,119.7071103,167
13,2,156.2996849,167
15,1,169.6700684,167
10,2,141.111186,167
12,3,152.3424835205078,167
19,2,161.8701031,167
18,1,174.227314,167
5,3,114.336540222168,167
17,2,160.8287723,167
16,2,160.5091572,167
15,3,164.8929138183594,167
16,1,172.3368943,167
8,1,131.0214997,167
15,2,159.8739202,167
11,3,146.6913909912109,167
17,1,173.7401049,167
8,3,130.6101379394531,167
17,3,167.4536743164063,167
7,1,125.8664839,167
6,1,120.4580161,167
12,1,152.1443891,167
6,3,120.0925521850586,167
18,2,161.1726263,167
11,1,146.2490095,167
19,1,174.4973304,167
7,2,125.0236447,167
7,3,125.4553604125977,167
8,2,131.1093954,170
7,1,126.0560785,170
9,2,136.5590856,170
18,1,178.1900872,170
11,3,147.5366821289063,170
13,2,158.7210475,170
16,1,173.9989121,170
9,3,136.3673706054688,170
19,1,180.0598154,170
6,1,120.6835543,170
14,1,165.8350468,170
13,3,158.9893341064453,170
15,2,163.3796698,170
18,2,166.7518289,170
8,1,131.1766767,170
6,2,120.5117074,170
17,1,176.3380375,170
9,1,136.1823642,170
7,3,125.958137512207,170
18,3,172.6005096435547,170
10,1,141.1729958,170
14,3,163.7189178466797,170
5,1,114.9314896,170
17,3,171.1140899658203,170
10,2,142.4473295,170
12,2,154.5407517,170
19,2,168.2106368,170
17,2,165.6756832,170
15,1,170.6873242,170
5,2,114.7720101,170
16,2,164.6592318,170
14,2,161.5156363,170
16,3,169.4066925048828,170
8,3,131.1436920166016,170
10,3,141.7967376708984,170
12,3,153.39501953125,170
11,2,148.7843163,170
6,3,120.5993118286133,170
7,2,125.8567781,170
15,3,167.1105194091797,170
19,3,174.2660217285156,170
11,1,146.3577156,170
5,3,114.8539199829102,170
12,1,152.3032382,170
13,1,159.2491799,170
10,3,143.4427337646484,172
19,1,179.1649988,172
10,1,143.1405471,172
19,3,173.1294860839844,172
8,1,133.1607062,172
5,3,117.0507278442383,172
11,2,150.0898489,172
9,2,137.9030852,172
12,2,155.8306976,172
9,3,138.0208282470703,172
12,3,155.0803680419922,172
15,1,172.6286849,172
16,3,170.6910552978516,172
13,3,160.6568908691406,172
10,2,143.7585017,172
5,1,117.2782416,172
17,3,171.8922424316406,172
11,3,149.2137298583984,172
15,3,168.5948944091797,172
14,2,162.6989148,172
14,3,165.3332214355469,172
6,2,122.2613429,172
6,3,122.5607833862305,172
18,1,178.5429538,172
16,2,165.4480561,172
7,2,127.414227,172
16,1,175.7149823,172
6,1,122.8447328,172
7,1,128.1048274,172
7,3,127.767448425293,172
5,2,116.8123957,172
13,1,161.3095495,172
14,1,167.8685351,172
17,1,177.5748417,172
8,3,132.8565826416016,172
9,1,138.133273,172
18,2,166.3464123,172
15,2,164.4358402,172
12,1,154.3559772,172
19,2,166.7950975,172
17,2,165.9818274,172
8,2,132.5390481,172
13,2,159.9731811,172
11,1,148.3731239,172
18,3,172.5472412109375,172
17,1,176.5636929,173
9,3,137.4970092773438,173
12,3,154.4729766845703,173
15,1,172.1752131,173
18,1,177.4108579,173
6,3,121.3396835327148,173
12,2,154.5503193,173
10,1,143.2497583,173
14,3,164.4379577636719,173
5,2,114.3083,173
13,3,159.9217681884766,173
18,3,171.0517272949219,173
7,1,127.8343646,173
8,1,133.0906559,173
16,1,174.997254,173
5,3,115.3841323852539,173
16,3,169.2332916259766,173
17,2,163.7765451,173
14,2,161.0461007,173
7,3,126.8623886108398,173
10,3,142.9542083740234,173
17,3,170.3077392578125,173
15,3,167.5265502929688,173
11,2,148.9222604,173
13,2,158.5301841,173
11,3,148.6947021484375,173
19,3,171.6340789794922,173
8,3,132.1880950927734,173
6,2,120.3084772,173
19,1,178.1003774,173
16,2,163.3090931,173
7,2,125.8530219,173
10,2,142.6428,173
13,1,161.2461107,173
11,1,148.4736378,173
8,2,131.2456473,173
12,1,154.3972961,173
5,1,116.4159869,173
6,1,122.3205396,173
15,2,162.5274277,173
9,2,136.7495275,173
19,2,164.9642213,173
14,1,167.6379763,173
18,2,164.2400934,173
9,1,138.1852938,173
5,1,114.0648761,174
8,3,129.0198822021484,174
17,3,166.9682922363281,174
16,3,165.8493194580078,174
16,2,160.8494282,174
18,3,167.8148193359375,174
19,1,174.4511814,174
7,3,124.0510559082031,174
9,2,133.9930568,174
12,2,151.6092327,174
19,2,163.1035789,174
7,1,124.4376848,174
15,3,163.9272308349609,174
14,3,160.8159790039063,174
7,2,123.6436351,174
8,2,128.7094657,174
13,3,156.2158508300781,174
10,2,139.7491532,174
10,1,138.9853055,174
8,1,129.3170075,174
11,2,145.9690807,174
12,1,149.9106048,174
14,2,158.2927579,174
17,1,172.1839466,174
18,1,173.3334069,174
18,2,162.1956025,174
5,2,113.0828661,174
9,1,134.1289622,174
5,3,113.5881271362305,174
6,1,119.3838178,174
6,3,118.9662399291992,174
12,3,150.7416534423828,174
14,1,163.1225745,174
13,2,155.6648731,174
13,1,156.7243193,174
11,1,144.068403,174
15,1,167.6880618,174
17,2,161.5225382,174
15,2,159.895019,174
9,3,134.0626068115234,174
19,3,168.9089813232422,174
10,3,139.3610687255859,174
16,1,170.5099519,174
11,3,145.0057220458984,174
6,2,118.5250456,174
13,2,156.2038164,175
8,3,128.7179718017578,175
16,2,161.3851865,175
12,3,151.0233917236328,175
8,1,128.7883488,175
10,1,138.7638188,175
5,3,112.4228439331055,175
19,3,168.2726898193359,175
7,1,123.682635,175
15,2,160.4772883,175
18,3,167.7480621337891,175
18,1,173.6986546,175
10,3,139.4136810302734,175
17,3,167.1190185546875,175
6,1,118.3276574,175
17,1,172.6772262,175
19,2,162.3416945,175
13,1,156.7388965,175
16,1,170.8609025,175
11,1,143.9536383,175
5,2,112.2340904,175
19,1,174.4596781,175
5,1,112.6165774,175
10,2,140.047417,175
6,3,118.1498107910156,175
11,2,146.3985898,175
7,2,123.3563617,175
9,3,133.9532775878906,175
15,3,164.0796051025391,175
6,2,117.9759738,175
9,2,134.1276678,175
8,2,128.6490771,175
13,3,156.4648895263672,175
9,1,133.7740197,175
12,1,149.8702956,175
12,2,152.1185682,175
16,3,166.0081481933594,175
7,3,123.5180053710938,175
14,3,160.9692840576172,175
14,1,163.1993782,175
11,3,145.2004699707031,175
14,2,158.8446271,175
15,1,167.8574615,175
17,2,161.8121519,175
18,2,162.0432568,175
5,3,117.86962890625,177
8,3,134.1028137207031,177
13,3,162.3453521728516,177
8,1,135.2652136,177
12,1,156.848896,177
13,2,160.8568993,177
9,3,139.3830261230469,177
7,2,127.6481798,177
9,2,138.396019,177
10,3,144.9125823974609,177
17,1,179.5604148,177
17,2,167.1767953,177
16,3,172.2019348144531,177
11,3,150.7849578857422,177
12,3,156.7322235107422,177
18,3,173.8172760009766,177
8,2,132.9084518,177
7,3,128.8802642822266,177
11,2,150.7801031,177
19,2,168.2160808,177
13,1,163.851865,177
16,2,166.5461765,177
14,1,170.4024578,177
14,3,167.0212707519531,177
5,2,116.7468306,177
7,1,130.0766234,177
6,3,123.5266418457031,177
15,3,170.2522125244141,177
19,3,174.2068328857422,177
11,1,150.7898692,177
9,1,140.3599303,177
15,1,175.0767037,177
17,3,173.2553863525391,177
10,2,144.3570512,177
10,1,145.4718156,177
12,2,156.6174404,177
19,1,180.2957068,177
18,1,180.1572771,177
15,2,165.4610436,177
18,2,167.6403787,177
6,1,124.6785644,177
6,2,122.3500226,177
16,1,177.9769538,177
5,1,118.9761102,177
14,2,163.6625418,177
9,3,140.6316528320313,178
19,2,169.9459189,178
16,3,174.4420318603516,178
5,2,118.307858,178
7,2,129.568318,178
18,3,176.481201171875,178
18,1,183.2505114,178
14,1,171.9258326,178
17,3,175.8102722167969,178
18,2,169.3795746,178
15,3,172.1969299316406,178
9,2,140.4019471,178
19,3,176.8424835205078,178
11,3,152.1850280761719,178
19,1,183.5046247,178
17,1,182.3461438,178
13,3,163.9243469238281,178
12,2,158.5118286,178
12,1,157.8972219,178
12,3,158.1970672607422,178
14,2,165.43944,178
17,2,168.9160032,178
14,3,168.744140625,178
6,1,124.4844761,178
8,3,135.2319488525391,178
10,3,146.2506561279297,178
9,1,140.8506865,178
8,1,135.5487188,178
15,2,167.2066632,178
6,3,124.3114395141602,178
7,1,130.1295103,178
15,1,176.949252,178
16,1,180.2862038,178
11,1,151.6602972,178
13,2,162.6872232,178
7,3,129.8554229736328,178
8,2,134.900299,178
5,1,118.5160361,178
16,2,168.2813276,178
11,2,152.7321276,178
10,1,146.1587181,178
10,2,146.3468195,178
6,2,124.1305161,178
13,1,165.1082806,178
5,3,118.4143295288086,178
19,3,167.6424255371094,179
9,2,134.4094888,179
18,2,159.6574145,179
7,1,126.1302057,179
12,1,151.2633853,179
14,1,164.3096466,179
8,1,130.9811635,179
18,1,174.1912433,179
13,1,157.9907012,179
17,3,166.3085784912109,179
12,3,151.3129730224609,179
18,3,166.9301147460938,179
14,3,160.8835601806641,179
11,3,145.7362823486328,179
17,1,173.1237477,179
16,2,159.260433,179
15,3,163.7666168212891,179
5,1,115.6478611,179
8,2,129.3119555,179
10,1,140.516383,179
10,2,139.9656055,179
10,3,140.2464599609375,179
16,1,171.5421548,179
12,2,151.3633566,179
5,2,114.1374195,179
6,2,119.4594863,179
9,3,135.0885314941406,179
13,2,155.1453384,179
8,3,130.1663208007813,179
11,2,145.9665512,179
15,2,158.7481686,179
13,3,156.5718994140625,179
6,1,121.0641052,179
19,2,160.0025582,179
15,1,168.8018607,179
11,1,145.5113083,179
19,1,175.2435187,179
14,2,157.4782383,179
7,3,125.3001327514648,179
17,2,159.4696677,179
5,3,114.9218597412109,179
6,3,120.2904663085938,179
16,3,165.4085540771484,179
9,1,135.7357242,179
7,2,124.4183681,179
16,1,177.966529,180
6,3,121.3008422851563,180
8,3,132.9124298095703,180
7,3,127.2063598632813,180
9,3,138.5992736816406,180
17,3,173.2710723876953,180
5,2,114.740813,180
14,3,167.2883758544922,180
12,3,156.7359161376953,180
18,2,166.5778983,180
15,1,175.0126277,180
13,3,162.5099639892578,180
6,2,120.9325608,180
5,3,115.0129547119141,180
10,1,144.3884105,180
9,1,138.8939563,180
15,2,165.7762573,180
15,3,170.5092315673828,180
8,2,132.4420296,180
6,1,121.650977,180
9,2,138.2883216,180
12,2,157.1310024,180
7,2,126.7440133,180
19,1,180.3261704,180
18,3,173.5204467773438,180
18,1,180.1482225,180
8,1,133.353805,180
19,2,166.6088274,180
10,2,144.5358241,180
11,1,150.0358629,180
19,3,173.5828399658203,180
17,1,179.5840405,180
11,3,150.5877685546875,180
16,2,166.4527948,180
14,2,164.1456419,180
13,2,161.4026448,180
14,1,170.2550173,180
12,1,156.3574804,180
11,2,151.1695986,180
5,1,115.2701703,180
17,2,166.555333,180
16,3,172.3649139404297,180
13,1,163.5648719,180
7,1,127.643228,180
10,3,144.4602203369141,180
9,1,136.4558641,181
19,3,171.5333404541016,181
13,3,159.5543518066406,181
17,3,170.4207611083984,181
10,1,141.6847561,181
14,2,161.5741811,181
5,1,113.3377847,181
6,2,118.9978009,181
16,1,174.4363127,181
18,3,171.0689544677734,181
11,2,149.1031369,181
15,3,167.3348236083984,181
19,2,164.9790492,181
17,2,164.2638714,181
9,2,136.4767146,181
5,3,112.9515686035156,181
7,2,124.9435769,181
11,3,148.0518188476563,181
7,3,125.2886352539063,181
19,1,177.8716619,181
15,1,171.379907,181
15,2,163.0994121,181
6,1,119.7242163,181
14,3,164.1701507568359,181
16,3,169.2795715332031,181
5,2,112.5488472,181
8,2,130.6744859,181
17,1,176.3120922,181
11,1,147.0492377,181
7,1,125.6186126,181
8,3,130.9168701171875,181
10,2,142.6180445,181
10,3,142.1400604248047,181
12,2,154.8927756,181
13,2,158.9872236,181
18,1,177.3504554,181
18,2,164.5213985,181
9,3,136.4660339355469,181
12,3,153.9787139892578,181
13,1,160.0940684,181
14,1,166.649007,181
6,3,119.3687362670898,181
16,2,163.8939865,181
8,1,131.1480214,181
12,1,153.1083747,181
19,3,167.1636505126953,182
5,2,113.6917989,182
5,1,114.1584003,182
8,1,130.9575598,182
9,3,135.9917297363281,182
13,3,157.4049682617188,182
18,3,166.6185607910156,182
10,2,141.6071682,182
6,1,120.1443792,182
7,2,125.3752182,182
18,1,172.7984074,182
13,2,156.3666056,182
8,3,130.8158721923828,182
9,2,135.9829498,182
8,2,130.6665975,182
15,1,168.634004,182
6,2,119.8157427,182
17,1,172.222438,182
11,3,146.7870941162109,182
13,1,158.3991434,182
6,3,119.9850006103516,182
11,2,147.5514024,182
17,3,166.2710571289063,182
12,2,152.7985539,182
15,2,159.5361743,182
14,3,161.5330810546875,182
12,3,152.2846221923828,182
12,1,151.7950141,182
11,1,146.0551005,182
19,1,173.3703137,182
18,2,160.2535014,182
16,1,171.0298555,182
15,3,164.192138671875,182
14,1,164.4786031,182
7,3,125.5468368530273,182
9,1,136.0000579,182
10,1,140.9687443,182
7,1,125.7102737,182
10,3,141.2809906005859,182
19,2,160.7754884,182
14,2,158.4566797,182
16,2,159.9582674,182
17,2,160.0856293,182
5,3,113.9333801269531,182
16,3,165.6251831054688,182
5,3,111.3690567016602,183
7,3,123.2708358764648,183
10,2,139.7486198,183
6,2,117.188494,183
7,1,123.7437045,183
17,2,162.6750786,183
9,2,133.7976199,183
10,1,139.2977403,183
14,2,158.8723512,183
18,2,163.3542271,183
16,1,170.9073087,183
19,1,174.7924393,183
14,1,163.3120479,183
6,3,117.5608062744141,183
8,1,129.161764,183
8,3,128.7014007568359,183
11,2,146.1229893,183
13,1,156.9508858,183
18,1,173.9686052,183
12,3,151.0490417480469,183
17,3,167.8110046386719,183
13,2,156.0853392,183
19,2,164.1959716,183
16,3,166.4501800537109,183
5,2,111.1328493,183
15,2,160.7038917,183
18,3,168.7056274414063,183
19,3,169.5318603515625,183
17,1,172.7987552,183
16,2,161.8817925,183
10,3,139.5228576660156,183
11,1,144.4033676,183
12,2,151.8975783,183
12,1,150.2005268,183
9,3,134.0489959716797,183
9,1,134.2990896,183
8,2,128.2380842,183
7,2,122.7926475,183
6,1,117.9281091,183
13,3,156.5187530517578,183
15,3,164.3326110839844,183
5,1,111.6017482,183
11,3,145.2637023925781,183
15,1,167.9123479,183
14,3,161.1010131835938,183
19,1,176.7886171,184
7,1,121.1243228,184
15,3,164.1556549072266,184
5,2,109.2219327,184
14,3,160.1985473632813,184
12,2,150.5752867,184
15,1,167.0789591,184
9,2,131.4257641,184
17,2,163.8711904,184
18,3,170.2198944091797,184
19,3,170.5558319091797,184
8,3,126.1210556030273,184
11,1,141.7574035,184
12,3,149.1203918457031,184
18,2,164.2612055,184
5,1,109.1105864,184
11,2,144.3550975,184
17,3,169.0794525146484,184
10,2,137.6240626,184
7,2,120.3665957,184
6,2,114.9503276,184
14,1,161.6783315,184
19,2,164.2871055,184
6,3,115.1731033325195,184
16,1,171.0984776,184
18,1,176.0431672,184
16,2,162.8431599,184
15,2,161.138056,184
13,3,155.0311889648438,184
13,2,155.2860641,184
13,1,154.7854057,184
11,3,143.0299072265625,184
10,1,136.5843791,184
17,1,174.102238,184
10,3,137.0924072265625,184
6,1,115.3853644,184
9,3,131.4963684082031,184
9,1,131.5636912,184
7,3,120.7545776367188,184
8,2,125.7620336,184
5,3,109.1649627685547,184
8,1,126.4632007,184
16,3,167.0410614013672,184
12,1,147.71874,184
14,2,158.6688492,184
16,2,166.2930311,186
6,1,123.4265076,186
13,3,161.7833557128906,186
15,2,165.3912289,186
17,2,166.6650381,186
7,3,128.1272430419922,186
8,2,132.8481693,186
9,1,139.0674739,186
13,1,162.5859439,186
10,3,144.3276062011719,186
14,1,169.2193248,186
16,3,171.6639099121094,186
18,1,179.984889,186
7,2,127.442549,186
18,2,166.8133273,186
17,1,179.0383677,186
7,1,128.8115688,186
8,1,133.9831253,186
5,1,117.7204134,186
10,1,144.1676621,186
12,2,156.7914686,186
10,2,144.4855517,186
19,3,173.6332244873047,186
6,3,122.6965026855469,186
13,2,160.995575,186
12,3,156.1731262207031,186
19,2,167.0114194,186
5,2,116.1491937,186
15,3,169.6649322509766,186
18,3,173.3370056152344,186
9,3,138.7564086914063,186
14,2,163.7212152,186
15,1,174.0380941,186
8,3,133.4152221679688,186
9,2,138.4480031,186
17,3,172.7878875732422,186
19,1,180.3702219,186
5,3,116.9358215332031,186
12,1,155.5453869,186
14,3,166.4409942626953,186
11,1,149.4787589,186
6,2,121.9656538,186
16,1,177.1568562,186
11,3,150.2191467285156,186
11,2,150.9499952,186
12,1,154.9215837,187
10,1,143.0553819,187
6,1,121.4388334,187
12,2,156.1268758,187
10,3,143.4149322509766,187
16,1,176.7195662,187
19,3,172.9678955078125,187
15,2,164.6727321,187
18,1,178.9679696,187
19,1,179.2089413,187
5,1,115.6051696,187
10,2,143.7929747,187
14,3,166.0327453613281,187
18,2,166.1453486,187
15,1,173.7299425,187
13,1,162.1556099,187
13,3,161.2579498291016,187
13,2,160.3255064,187
11,1,148.6169419,187
14,2,163.0321059,187
18,3,172.709228515625,187
7,1,127.0022707,187
16,3,171.2504425048828,187
11,2,150.2770146,187
17,2,165.9402262,187
8,3,132.237060546875,187
8,2,132.0780853,187
8,1,132.3898519,187
7,3,126.8214340209961,187
6,3,121.2846221923828,187
5,3,115.450065612793,187
9,1,137.710313,187
7,2,126.6316573,187
5,2,115.288563,187
19,2,166.4479221,187
17,1,178.3367054,187
16,2,165.5525359,187
9,2,137.7223836,187
12,3,155.5131225585938,187
17,3,172.2895355224609,187
9,3,137.7162017822266,187
11,3,149.4290618896484,187
14,1,168.9055274,187
6,2,121.1229574,187
15,3,169.2928161621094,187
17,3,172.1694488525391,188
18,2,165.6122862,188
11,2,150.8374877,188
15,1,174.0593545,188
17,1,178.3771911,188
18,1,178.8772022,188
19,1,178.8773608,188
14,2,163.4253041,188
12,2,156.6627256,188
5,1,118.2606011,188
7,2,127.8374431,188
9,2,138.4187332,188
13,2,160.8174133,188
9,3,138.7149810791016,188
14,1,169.385806,188
15,3,169.5697784423828,188
10,3,144.2660522460938,188
6,3,123.2334976196289,188
11,1,149.5366206,188
9,1,138.996687,188
7,3,128.3513793945313,188
13,1,162.776853,188
6,2,122.808539,188
10,2,144.3929273,188
16,3,171.3130645751953,188
14,3,166.4739379882813,188
18,3,172.4487762451172,188
11,3,150.1673736572266,188
8,3,133.4594879150391,188
12,3,156.16259765625,188
19,3,172.437744140625,188
15,2,164.8855535,188
13,3,161.8156585693359,188
12,1,155.6855819,188
8,1,133.9219869,188
7,1,128.8356578,188
6,1,123.6400723,188
5,3,117.9656524658203,188
5,2,117.657613,188
16,2,165.5275901,188
17,2,165.6560107,188
19,2,165.685974,188
8,2,132.9673163,188
10,1,144.1458533,188
16,1,176.9010136,188
6,1,120.8218962,189
19,2,162.8783464,189
17,1,174.8740341,189
13,1,160.6378714,189
7,2,125.9089684,189
12,2,155.1338321,189
12,1,153.9431485,189
18,2,162.8112371,189
5,2,113.6266894,189
14,1,166.7915589,189
19,1,176.0586928,189
6,2,120.0251463,189
14,2,161.2854019,189
15,1,171.0245491,189
6,3,120.4348907470703,189
15,3,166.8764038085938,189
17,2,162.7809157,189
19,3,169.6611175537109,189
10,1,142.8470922,189
13,2,158.9820788,189
8,1,132.3713947,189
8,2,131.558994,189
16,2,162.7301393,189
15,2,162.4628287,189
9,1,137.6778639,189
10,3,143.0444488525391,189
13,3,159.8344421386719,189
12,3,154.5208129882813,189
9,2,137.2542741,189
7,3,126.3656234741211,189
16,1,173.5311139,189
18,1,175.5439821,189
5,3,113.9836273193359,189
17,3,169.0174255371094,189
10,2,143.2534786,189
8,3,131.9764862060547,189
16,3,168.3025817871094,189
11,2,149.5579739,189
14,3,164.1196746826172,189
7,1,126.7979486,189
18,3,169.3886260986328,189
9,3,137.47216796875,189
11,3,148.8008422851563,189
5,1,114.3210594,189
11,1,148.0867201,189
16,3,171.9761962890625,190
8,1,131.913839,190
5,3,114.8274765014648,190
6,1,120.4451452,190
13,3,161.6893463134766,190
13,2,160.7788351,190
14,1,169.4531084,190
12,2,156.611427,190
11,2,150.7853986,190
18,2,166.4129129,190
14,3,166.5434112548828,190
18,3,173.4774169921875,190
11,3,149.7294006347656,190
15,3,169.9082946777344,190
9,1,137.4507813,190
17,3,173.0899047851563,190
10,3,143.6357879638672,190
9,2,138.2308965,190
18,1,180.1983657,190
5,1,114.3170101,190
17,1,179.5312307,190
12,3,155.878662109375,190
16,1,177.672014,190
17,2,166.2572987,190
7,2,127.0350199,190
19,2,166.6471115,190
6,3,120.9093322753906,190
15,1,174.4555099,190
10,2,144.3099159,190
19,1,180.3137765,190
13,1,162.5566324,190
8,2,132.5580705,190
19,3,173.6343231201172,190
16,2,165.927575,190
15,2,165.0773182,190
12,1,155.1828054,190
11,1,148.7322782,190
5,2,115.3629098,190
9,3,137.8299102783203,190
6,2,121.3934743,190
7,3,126.6480865478516,190
7,1,126.279589,190
10,1,142.9963621,190
14,2,163.4574617,190
8,3,132.2266082763672,190
18,2,163.3518412,191
13,1,160.4570633,191
11,2,148.8595959,191
14,2,160.4886328,191
19,2,164.2097941,191
17,1,176.6933536,191
8,3,131.6674346923828,191
18,1,177.6768131,191
12,1,153.6246878,191
13,2,158.1609152,191
5,3,113.7186584472656,191
19,3,171.2077026367188,191
11,1,147.7416466,191
9,1,137.4277547,191
7,2,125.4479907,191
6,3,120.1973266601563,191
16,2,162.4943623,191
6,2,119.4813409,191
18,3,170.7159881591797,191
12,2,154.3539317,191
11,3,148.2843933105469,191
10,1,142.5374344,191
12,3,153.9789276123047,191
17,3,169.9922943115234,191
14,1,166.9012126,191
7,1,126.7283477,191
6,1,120.8705939,191
5,1,114.4992971,191
7,3,126.1070251464844,191
9,3,137.0941009521484,191
10,3,142.5926818847656,191
15,1,171.5963989,191
19,1,177.8536714,191
9,2,136.738626,191
15,3,166.8559875488281,191
13,3,159.3402404785156,191
14,3,163.7752685546875,191
17,2,162.8900873,191
10,2,142.6514106,191
15,2,161.812708,191
5,2,112.8929135,191
16,3,168.8132629394531,191
8,1,132.2023494,191
16,1,174.708963,191
8,2,131.1002004,191
11,1,142.864841,192
8,3,127.8106307983398,192
10,1,137.411955,192
19,2,166.1239791,192
16,1,173.1767661,192
6,1,116.7286028,192
17,1,176.12311,192
9,1,132.2333992,192
16,2,163.7121832,192
7,1,122.0070443,192
7,2,123.4287551,192
19,3,172.8812561035156,192
13,3,156.7237854003906,192
9,2,133.9319615,192
5,1,111.2034797,192
13,1,156.5264236,192
10,3,138.6310424804688,192
7,3,122.7001571655273,192
11,2,146.4389193,192
15,1,169.1643265,192
6,3,117.5411758422852,192
15,3,165.7888641357422,192
9,3,133.0612030029297,192
18,2,165.4332727,192
14,3,161.8990020751953,192
8,1,127.1365557,192
11,3,144.5841064453125,192
12,1,149.1505214,192
16,3,168.6120452880859,192
17,3,170.6619415283203,192
14,1,163.6560749,192
18,1,178.1437504,192
19,1,179.3689437,192
13,2,156.9309413,192
6,2,118.3963572,192
18,3,171.9939727783203,192
5,2,113.1598669,192
5,3,112.1561813354492,192
14,2,160.0509466,192
12,2,152.4509498,192
17,2,164.7094211,192
10,2,139.9111418,192
8,2,128.5198345,192
12,3,150.7369232177734,192
15,2,162.2280811,192
6,3,118.4244766235352,193
5,1,112.1433374,193
18,1,176.8346721,193
10,2,141.9001253,193
18,3,170.1815185546875,193
15,1,171.3425671,193
17,3,169.816650390625,193
9,2,135.7863937,193
16,2,162.9725393,193
6,1,118.7474774,193
15,3,166.8686981201172,193
17,2,163.2529202,193
13,1,160.0187722,193
5,2,111.4161066,193
7,2,124.171203,193
11,1,146.8652853,193
17,1,176.0243743,193
13,2,158.1086578,193
8,3,130.273681640625,193
8,2,129.9714352,193
7,3,124.5167465209961,193
7,1,124.8457472,193
10,3,141.6456451416016,193
12,3,153.5148010253906,193
8,1,130.5616108,193
15,2,162.1960981,193
12,2,154.0584926,193
11,2,148.3288628,193
6,2,118.0845399,193
12,1,152.9907843,193
19,2,163.3888453,193
19,3,170.271484375,193
10,1,141.4027297,193
13,3,159.0853271484375,193
5,3,111.789306640625,193
14,3,163.6999969482422,193
19,1,177.1843476,193
9,3,135.9130096435547,193
9,1,136.0339179,193
16,3,168.8097229003906,193
16,1,174.3342773,193
14,2,160.6726503,193
18,2,163.3042555,193
11,3,147.5838928222656,193
14,1,166.6008878,193
14,1,166.9767186,195
13,2,157.599827,195
8,2,130.2031531,195
11,1,148.4861156,195
12,2,153.566319,195
18,2,163.6607577,195
18,3,169.5785064697266,195
17,3,168.9113464355469,195
15,1,171.2750183,195
12,3,153.8649139404297,195
6,1,123.444858,195
5,3,115.5466384887695,195
14,3,163.4439086914063,195
8,3,131.99560546875,195
16,2,162.5461134,195
14,2,160.1725965,195
6,3,121.3615570068359,195
19,1,176.8071303,195
11,2,147.9052261,195
7,1,128.7773548,195
10,3,142.5408477783203,195
19,3,170.4937286376953,195
15,3,166.3451843261719,195
19,2,164.4513283,195
10,2,141.6105935,195
5,2,113.3915146,195
6,2,119.3192235,195
9,3,137.1687316894531,195
11,3,148.1920166015625,195
17,1,175.0962324,195
13,3,159.1492614746094,195
12,1,154.1775884,195
17,2,163.1047328,195
7,3,126.7848052978516,195
7,2,124.8294706,195
13,1,160.8007188,195
5,1,117.7047147,195
9,2,135.7146336,195
9,1,138.6896251,195
16,1,173.7522,195
15,2,161.6941138,195
10,1,143.5048895,195
18,1,175.9605945,195
16,3,168.0490264892578,195
8,1,133.8174838,195
12,1,152.1963007,196
13,1,158.9661234,196
15,2,158.8524772,196
7,3,123.4788818359375,196
10,3,140.5583343505859,196
14,1,165.1068859,196
5,3,110.5506439208984,196
7,2,122.8957211,196
8,1,129.8758973,196
9,2,134.3608324,196
10,2,140.3270512,196
17,1,172.5660043,196
8,3,129.2726135253906,196
6,2,116.8452115,196
14,2,157.8245949,196
19,3,166.8083801269531,196
13,2,155.6972065,196
11,3,146.3709411621094,196
12,2,152.0038335,196
11,1,146.1997046,196
7,1,124.0351806,196
9,3,134.8975067138672,196
5,1,110.8840567,196
18,3,166.2518463134766,196
19,1,173.8331379,196
14,3,161.5449829101563,196
17,2,159.1355478,196
18,1,173.10483,196
13,3,157.3682403564453,196
15,3,164.1403503417969,196
16,3,165.4369354248047,196
11,2,146.5503411,196
19,2,159.5377712,196
5,2,110.200706,196
16,2,159.1417665,196
16,1,171.4959532,196
10,1,140.7789968,196
9,1,135.4093739,196
12,3,152.1022644042969,196
15,1,169.2142327,196
18,2,159.164341,196
17,3,165.9678649902344,196
8,2,128.6400479,196
6,3,117.3060913085938,196
6,1,117.7454951,196
18,1,171.8057707,198
11,2,147.8676618,198
9,2,135.7943646,198
10,2,141.6528474,198
16,3,165.9415130615234,198
11,3,146.5403900146484,198
13,1,157.5713798,198
8,1,130.482881,198
13,2,157.2823309,198
7,2,124.9459126,198
6,1,120.0878958,198
17,3,166.5450134277344,198
10,3,140.9336090087891,198
15,1,167.962452,198
5,3,113.9159698486328,198
8,2,130.3119605,198
12,3,152.1676483154297,198
8,3,130.3983764648438,198
12,1,150.9501314,198
13,3,157.4282989501953,198
16,1,170.4270919,198
18,3,166.7627410888672,198
16,2,161.3830258,198
5,2,113.4765922,198
9,1,135.3722702,198
17,2,161.5470422,198
7,1,125.4288184,198
19,1,172.0290953,198
19,2,161.9148294,198
19,3,166.9897766113281,198
10,1,140.2301325,198
15,2,160.9037028,198
14,3,161.7033081054688,198
7,3,125.1900787353516,198
11,1,145.2416355,198
17,1,171.4757949,198
15,3,164.4652709960938,198
9,3,135.5809478759766,198
14,1,163.7115894,198
18,2,161.666372,198
14,2,159.6556797,198
6,2,119.4260144,198
5,1,114.3457216,198
6,3,119.7606353759766,198
12,2,153.4104489,198
6,3,121.8010635375977,199
9,3,137.6603698730469,199
9,2,137.4250942,199
17,1,174.3047842,199
15,2,162.8414869,199
6,2,120.9589376,199
18,3,169.4178161621094,199
10,1,142.7358992,199
11,2,149.551175,199
17,3,169.0866394042969,199
16,2,163.4695118,199
5,2,114.9578188,199
18,2,163.9633254,199
14,2,161.4673427,199
12,1,153.4479415,199
11,3,148.6304473876953,199
13,2,159.0401572,199
8,2,131.9166972,199
5,3,115.9292602539063,199
8,3,132.4690399169922,199
7,3,127.2485122680664,199
18,1,174.790379,199
12,2,155.1280473,199
8,1,133.0116376,199
5,1,116.8858858,199
16,3,168.3457183837891,199
17,2,163.7372634,199
7,2,126.519249,199
9,1,137.8911109,199
10,2,143.3067403,199
12,3,154.2790985107422,199
15,3,166.7136383056641,199
14,1,166.2399542,199
14,3,163.8499755859375,199
13,1,160.0770531,199
15,1,170.5340971,199
11,1,147.7398483,199
7,1,127.9669989,199
19,2,164.389691,199
6,1,122.6302504,199
19,1,175.1475976,199
19,3,169.8169708251953,199
16,1,173.0853576,199
13,3,159.5590209960938,199
10,3,143.0173950195313,199
6,1,117.6325434,200
5,2,109.1240738,200
17,3,162.5444030761719,200
12,1,148.6469485,200
14,1,161.3986264,200
14,3,158.3727722167969,200
6,2,115.0849393,200
16,3,162.2479858398438,200
8,1,128.0691965,200
19,1,168.6576218,200
8,2,125.9803033,200
5,1,111.8711791,200
9,2,131.45827,200
10,3,137.5901336669922,200
13,1,155.2761001,200
15,1,165.5865467,200
8,3,127.0473709106445,200
11,1,142.9103305,200
12,3,148.8421020507813,200
11,2,143.5125957,200
6,3,116.3862838745117,200
17,1,168.4208745,200
16,1,167.7785416,200
10,2,137.3046514,200
10,1,137.863179,200
19,3,162.8353881835938,200
17,2,156.8632299,200
18,2,156.9225239,200
18,3,162.6566619873047,200
13,2,152.8958168,200
7,1,122.9943126,200
11,3,143.2052917480469,200
19,2,157.0705607,200
9,1,132.9826459,200
15,3,161.0389099121094,200
9,3,132.2375335693359,200
18,1,168.568484,200
7,3,121.8289794921875,200
14,2,155.2395119,200
12,2,149.0439422,200
15,2,156.4044172,200
13,3,154.1049346923828,200
5,3,110.5273513793945,200
7,2,120.6121346,200
16,2,156.7698875,200
10,2,134.6033586,201
8,1,126.4490297,201
6,3,114.5480041503906,201
18,2,153.0103492,201
12,3,146.1655731201172,201
5,1,110.6261631,201
17,3,159.3692626953125,201
8,2,123.5472614,201
5,3,108.7500534057617,201
7,1,121.5086638,201
6,1,116.2720436,201
14,2,151.7893675,201
7,2,118.2544243,201
16,2,153.1332071,201
15,3,157.8802947998047,201
13,3,151.2414093017578,201
15,2,152.857123,201
7,3,119.9068984985352,201
13,1,152.7755208,201
8,3,125.0194549560547,201
10,1,135.9067972,201
19,2,153.0726633,201
16,1,164.7748942,201
16,3,159.0810394287109,201
14,3,155.31640625,201
14,1,158.7024364,201
6,2,112.7686303,201
9,2,128.903647,201
15,1,162.6948651,201
18,3,159.3959503173828,201
19,3,159.4884948730469,201
12,1,146.3329618,201
10,3,135.2645874023438,201
13,2,149.6465864,201
17,1,165.3913943,201
11,2,140.6450421,201
11,3,140.7118530273438,201
9,1,131.1975508,201
12,2,145.9920951,201
11,1,140.7765702,201
17,2,153.0856577,201
18,1,165.5369632,201
19,1,165.6786456,201
5,2,106.8135792,201
9,3,130.0662231445313,201
5,1,113.1943255,203
19,3,166.1564025878906,203
12,3,150.9936065673828,203
18,1,171.7154463,203
15,1,167.209751,203
17,3,165.2434844970703,203
10,2,140.2738396,203
9,1,134.3678533,203
17,1,171.0302325,203
15,2,158.8838929,203
13,1,156.7828103,203
10,3,139.7595520019531,203
18,2,159.4120607,203
13,3,156.2098541259766,203
12,2,151.9044141,203
5,2,111.1143102,203
18,3,165.6211090087891,203
7,3,123.8248291015625,203
8,2,128.8048126,203
9,3,134.3788452148438,203
16,3,164.5573272705078,203
13,2,155.6211271,203
15,3,163.099365234375,203
16,2,159.2748281,203
19,1,172.334659,203
19,2,159.8813917,203
16,1,169.7149234,203
11,2,146.4567197,203
5,3,112.1720581054688,203
10,1,139.2605681,203
17,2,159.3296887,203
14,3,160.4084930419922,203
9,2,134.3901779,203
11,3,145.3797760009766,203
7,1,124.383674,203
14,1,162.955941,203
6,3,118.2372970581055,203
6,1,119.0049441,203
14,2,157.7933728,203
6,2,117.4433785,203
8,3,129.1369171142578,203
11,1,144.3337749,203
8,1,129.4585745,203
7,2,123.2472564,203
12,1,150.1079866,203
15,3,163.2364807128906,206
9,3,134.5020446777344,206
13,3,156.6383972167969,206
8,2,128.8764333,206
10,3,140.0363464355469,206
6,1,117.5916347,206
17,2,158.2436644,206
15,2,158.1765574,206
6,2,117.6777039,206
10,2,140.193288,206
15,1,168.1172245,206
7,1,123.6028773,206
14,1,164.0755759,206
13,1,157.9678054,206
16,3,164.3802490234375,206
12,1,151.2200047,206
13,2,155.253769,206
7,2,123.4003128,206
19,3,164.9687347412109,206
18,3,164.8196868896484,206
14,3,160.7542114257813,206
18,1,171.2066054,206
6,3,117.6337509155273,206
19,1,171.4232286,206
17,1,171.0361069,206
5,3,111.2473526000977,206
8,1,129.2289522,206
16,1,170.2628562,206
7,3,123.503791809082,206
12,3,151.427001953125,206
9,2,134.3876781,206
5,1,111.0726803,206
9,1,134.6112829,206
11,3,145.7600402832031,206
10,1,139.8864624,206
5,2,111.4296116,206
14,2,157.3063503,206
11,2,146.2904275,206
16,2,158.2814815,206
17,3,164.7546234130859,206
19,2,158.2940562,206
11,1,145.2525805,206
8,3,129.0565643310547,206
18,2,158.2058397,206
12,2,151.6430681,206
12,1,144.6173837,207
15,2,155.4227374,207
11,3,140.5032501220703,207
10,1,133.6195838,207
17,1,167.5760492,207
15,3,159.0903167724609,207
9,2,130.0920094,207
13,1,151.4692734,207
5,3,107.2259063720703,207
9,3,129.3760528564453,207
19,1,169.0502644,207
7,2,118.9256958,207
9,1,128.6843571,207
10,3,134.8099365234375,207
19,2,156.0660729,207
8,1,123.739232,207
13,3,151.619873046875,207
7,3,118.7836608886719,207
11,2,142.3217041,207
6,2,113.1758161,207
12,3,146.2302703857422,207
15,1,162.6408366,207
8,3,124.1004409790039,207
13,2,151.775571,207
18,3,162.3674926757813,207
16,3,160.895263671875,207
12,2,147.8979138,207
18,2,155.9773806,207
14,1,157.940618,207
18,1,168.5921485,207
14,3,156.0696105957031,207
6,1,113.2704975,207
10,2,136.0419187,207
16,1,165.6945392,207
8,2,124.4741278,207
16,2,155.9445831,207
11,1,138.7451981,207
17,2,156.0045532,207
5,1,107.4926489,207
14,2,154.1354481,207
5,2,106.9495532,207
7,1,118.6463676,207
17,3,161.8745422363281,207
19,3,162.6311187744141,207
6,3,113.2239761352539,207
17,3,164.0979156494141,208
12,3,149.5618133544922,208
6,3,117.4962921142578,208
10,1,139.3780502,208
9,3,133.1408538818359,208
6,1,119.5169869,208
17,2,157.4690662,208
9,2,131.6128958,208
16,1,169.3568634,208
6,2,115.3805207,208
11,1,144.326459,208
12,1,149.9778909,208
15,1,166.8745569,208
16,3,163.4368743896484,208
13,2,152.983434,208
18,2,157.5857732,208
18,3,164.2936096191406,208
19,3,164.4831695556641,208
7,3,122.8740234375,208
5,2,109.4677494,208
8,3,128.0229644775391,208
8,2,126.1794764,208
14,1,162.6471364,208
14,3,159.0863189697266,208
15,3,161.895263671875,208
11,3,143.9746856689453,208
13,1,156.5458534,208
10,3,138.4242553710938,208
19,1,170.9569985,208
12,2,149.1252421,208
5,1,113.8277914,208
19,2,157.860202,208
17,1,170.4976033,208
9,1,134.5957351,208
8,1,129.7799811,208
15,2,156.6963599,208
5,3,111.6972427368164,208
7,1,124.7962403,208
13,3,154.8063201904297,208
14,2,155.3608138,208
7,2,120.8593324,208
18,1,170.8059427,208
16,2,157.2768947,208
11,2,143.6054099,208
10,2,137.4226649,208
8,1,127.661171,209
15,1,165.7934704,209
6,1,117.1748799,209
19,2,159.092261,209
11,1,142.5405651,209
6,3,117.3574752807617,209
17,3,164.7327728271484,209
18,2,159.1419339,209
18,1,170.3274758,209
16,2,159.2223519,209
18,3,164.8970184326172,209
7,1,122.5631186,209
13,1,155.042135,209
15,2,159.0783438,209
17,1,169.9692884,209
8,2,128.5428387,209
13,2,155.6317611,209
8,3,128.0877990722656,209
13,3,155.3285522460938,209
12,1,148.3190736,209
10,2,139.9703775,209
5,1,111.3827963,209
7,2,123.1224337,209
5,3,111.4643402099609,209
10,1,137.4816541,209
7,3,122.8344879150391,209
9,2,134.0762934,209
14,2,157.9682282,209
14,1,161.3336039,209
11,2,146.2138837,209
16,1,168.5371033,209
9,3,133.3101654052734,209
14,3,159.6987915039063,209
12,2,151.7699494,209
15,3,162.5325927734375,209
6,2,117.5497528,209
16,3,164.0136413574219,209
10,3,138.6872711181641,209
12,3,149.9939422607422,209
9,1,132.5911831,209
5,2,111.5507542,209
19,3,164.9179534912109,209
11,3,144.3213195800781,209
19,1,170.3893999,209
17,2,159.1894209,209
13,3,160.2058410644531,211
9,2,138.439464,211
7,3,127.5475463867188,211
15,3,167.4436492919922,211
16,1,174.3410731,211
18,2,164.4669746,211
11,3,149.2323455810547,211
17,2,164.3915151,211
8,1,132.7844387,211
5,3,116.0769882202148,211
14,2,162.312115,211
16,3,169.1750183105469,211
5,2,116.008593,211
14,1,166.8918309,211
9,3,138.1420593261719,211
6,3,122.0196151733398,211
16,2,164.2306798,211
19,3,171.0681304931641,211
12,3,154.9232635498047,211
10,3,143.5514373779297,211
15,2,163.6584739,211
7,1,127.5647929,211
18,3,170.6412048339844,211
13,1,160.5228263,211
19,1,177.2317609,211
8,2,132.9248271,211
13,2,159.9115709,211
14,3,164.5264129638672,211
17,1,176.0127577,211
10,1,142.793268,211
11,1,147.9062285,211
15,1,171.4514886,211
12,1,153.7383217,211
11,2,150.4845659,211
9,1,137.8386593,211
6,2,121.9834186,211
10,2,144.2783186,211
8,3,132.8545379638672,211
19,2,164.6745012,211
12,2,156.0289771,211
17,3,170.1353454589844,211
6,1,122.0545527,211
7,2,127.5298991,211
5,1,116.142885,211
18,1,176.7949923,211
19,3,166.3552398681641,212
6,3,117.5698394775391,212
15,2,158.1836919,212
14,1,162.9004943,212
15,1,167.4146926,212
9,3,133.4336242675781,212
11,3,144.4669647216797,212
16,1,170.2309203,212
8,1,128.8093786,212
14,3,159.9047546386719,212
10,1,138.7503103,212
15,3,162.8556976318359,212
13,1,156.5442136,212
9,2,133.0655784,212
12,2,150.5848144,212
10,2,138.8768472,212
5,1,112.4714602,212
8,2,127.6316351,212
18,2,159.0963677,212
16,3,164.5919494628906,212
17,1,171.8490406,212
19,2,159.3191959,212
18,1,172.6759515,212
17,2,159.009377,212
16,2,158.8113001,212
17,3,165.5109100341797,212
14,2,156.8331275,212
13,3,155.5096435546875,212
11,1,143.8880099,212
19,1,173.2142644,212
10,3,138.8126983642578,212
5,3,111.7287979125977,212
12,3,150.159912109375,212
7,2,122.3117996,212
7,1,123.6680502,212
11,2,145.0618449,212
6,1,118.2647872,212
8,3,128.2291412353516,212
13,2,154.4479462,212
18,3,165.97412109375,212
9,1,133.7913816,212
5,2,110.9602618,212
12,1,149.7461129,212
6,2,116.8519016,212
7,3,123.0003356933594,212
17,2,151.931816,213
9,1,128.3742339,213
19,1,165.9268156,213
19,3,159.2925872802734,213
14,1,157.025724,213
13,2,148.2634792,213
9,3,127.9688491821289,213
13,3,149.5854339599609,213
18,2,152.0337305,213
8,3,122.7465591430664,213
17,1,165.1670255,213
10,2,133.2666685,213
11,3,138.864013671875,213
15,3,156.4580383300781,213
16,3,157.9369201660156,213
15,2,151.4627523,213
5,3,105.7838897705078,213
12,1,144.2062204,213
7,1,118.0654918,213
11,1,138.4408303,213
10,3,133.3069305419922,213
15,1,161.2967314,213
18,1,165.6732199,213
12,3,144.4152526855469,213
19,2,152.4920106,213
8,1,123.3244556,213
17,3,158.6416015625,213
14,2,150.386874,213
8,2,122.1467299,213
7,3,117.4436569213867,213
13,1,150.8628375,213
18,3,158.9426727294922,213
6,3,111.8557815551758,213
6,1,112.4650442,213
11,2,139.302459,213
14,3,153.7618408203125,213
7,2,116.7981628,213
5,1,106.4027504,213
16,1,163.8378501,213
16,2,151.8573413,213
6,2,111.2231224,213
12,2,144.6316896,213
10,1,133.3457662,213
9,2,127.5482795,213
5,2,105.1408902,213
13,3,149.8105621337891,214
16,2,152.5100416,214
5,2,104.9545738,214
6,2,110.8004357,214
17,2,152.8608638,214
19,2,153.7381961,214
8,1,123.9744022,214
19,1,168.352377,214
15,3,157.0655517578125,214
19,3,160.8712768554688,214
9,1,128.9265107,214
10,2,132.5777652,214
6,3,112.1982498168945,214
12,3,144.5071868896484,214
12,2,144.1983199,214
7,3,117.5705871582031,214
10,3,133.2249755859375,214
9,3,127.8861312866211,214
5,1,107.7961178,214
6,1,113.5461484,214
16,3,158.7905731201172,214
8,2,121.4433886,214
11,3,138.8457794189453,214
7,2,116.2010676,214
15,2,151.8001229,214
17,1,166.8203825,214
16,1,165.2660718,214
13,2,148.0391503,214
10,1,133.8613925,214
12,1,144.8162212,214
18,1,167.6635682,214
14,2,150.4226537,214
18,2,153.1674574,214
5,3,106.4028244018555,214
8,3,122.7255706787109,214
9,2,126.8219506,214
11,1,138.9767518,214
11,2,138.7136314,214
18,3,160.2620544433594,214
13,1,151.5997073,214
17,3,159.7138061523438,214
15,1,162.4614734,214
14,1,157.9487851,214
7,1,118.8979381,214
14,3,154.1521759033203,214
5,1,113.0929654,217
10,1,139.5874979,217
6,2,118.525316,217
8,2,129.3214657,217
18,3,169.4732360839844,217
12,3,151.6365203857422,217
14,3,161.6928253173828,217
13,1,157.49688,217
8,3,129.4619445800781,217
7,2,123.9917391,217
17,2,162.8245351,217
18,2,163.5495325,217
18,1,175.2682857,217
10,3,140.1240997314453,217
11,2,146.9851758,217
9,3,134.6961364746094,217
9,2,134.7935108,217
13,3,157.1234283447266,217
13,2,156.7405759,217
17,3,168.3520965576172,217
5,3,112.8728713989258,217
5,2,112.6404786,217
12,1,150.6363827,217
14,1,163.9661418,217
19,3,170.7372894287109,217
9,1,134.6029119,217
11,1,144.747677,217
16,3,166.9542999267578,217
16,2,162.105104,217
12,2,152.6685425,217
6,1,118.9601053,217
19,1,176.6629217,217
10,2,140.6825409,217
6,3,118.7482604980469,217
19,2,164.5794126,217
17,1,173.8161886,217
11,3,145.8458251953125,217
15,3,164.8791351318359,217
16,1,171.7751964,217
15,2,161.0675432,217
8,1,129.5958331,217
15,1,168.6664582,217
7,1,124.4233808,217
7,3,124.2129669189453,217
14,2,159.3895171,217
11,3,134.5552062988281,219
9,2,123.4864358,219
16,3,154.5085906982422,219
19,1,162.301755,219
19,3,155.9488525390625,219
16,2,148.8887912,219
7,3,113.1974411010742,219
6,2,107.3103481,219
6,3,107.7668838500977,219
17,2,149.0853846,219
19,2,149.5187337,219
5,1,102.4297043,219
18,3,155.6846618652344,219
12,2,140.8607402,219
11,2,135.3917936,219
7,2,112.7832655,219
7,1,113.6007422,219
5,2,101.3869838,219
5,3,101.914680480957,219
15,2,148.2982746,219
13,1,146.3827263,219
18,1,162.0617403,219
13,3,145.5377655029297,219
12,3,140.2178192138672,219
8,3,118.4014129638672,219
9,1,123.6692756,219
12,1,139.5923529,219
6,1,108.2120655,219
15,1,157.2195919,219
10,1,128.6124494,219
10,3,128.9297180175781,219
13,2,144.6680946,219
8,2,118.0838084,219
16,1,159.9938618,219
17,1,161.5129941,219
8,1,118.7105368,219
10,2,129.255668,219
18,2,149.2043745,219
14,1,152.7277455,219
17,3,155.3640289306641,219
9,3,123.5790939331055,219
15,3,152.8189544677734,219
14,2,146.9983078,219
11,1,133.7406776,219
14,3,149.9044799804688,219
11,3,143.6407623291016,220
8,3,127.5231018066406,220
8,2,127.1114812,220
17,2,158.2424036,220
6,2,116.2299891,220
7,3,122.3338470458984,220
19,1,170.3288973,220
9,1,132.7832241,220
18,2,158.2203596,220
18,3,164.0744018554688,220
13,3,154.5489654541016,220
10,2,138.4569292,220
6,3,116.9257659912109,220
19,3,164.2554321289063,220
11,2,144.687261,220
18,1,169.9391851,220
16,2,158.2114945,220
16,1,168.0109223,220
13,2,154.130695,220
17,1,169.3708177,220
15,3,161.6480102539063,220
7,1,122.9079687,220
10,1,137.6124581,220
14,2,156.5171732,220
13,1,154.9591804,220
12,1,148.3255632,220
8,1,127.9257976,220
17,3,163.8198089599609,220
9,3,132.6905822753906,220
14,3,158.8428955078125,220
5,2,110.2875654,220
16,3,163.1357727050781,220
6,1,117.6052116,220
14,1,161.1282774,220
9,2,132.5959265,220
15,2,157.8113684,220
5,3,111.1036682128906,220
12,2,150.2461167,220
12,3,149.2764129638672,220
7,2,121.7463524,220
19,2,158.2370958,220
5,1,111.899824,220
11,1,142.6149313,220
15,1,165.4292554,220
10,3,138.0301818847656,220
13,2,153.0146865,221
7,2,120.6672199,221
16,1,167.8488465,221
11,2,143.4927503,221
13,3,154.0360107421875,221
11,3,143.1036987304688,221
12,2,149.0719679,221
9,3,132.1616821289063,221
8,2,126.0035892,221
19,3,164.4411010742188,221
9,1,132.878109,221
15,1,165.4605165,221
19,1,169.504188,221
17,3,163.5712127685547,221
6,3,116.4083099365234,221
15,2,157.0000167,221
12,3,148.7481079101563,221
8,3,127.0129776000977,221
5,3,110.5830993652344,221
5,1,111.8875974,221
8,1,128.0165851,221
5,2,109.2682375,221
18,3,163.9568023681641,221
10,2,137.271293,221
13,1,155.0521919,221
10,3,137.4917907714844,221
6,2,115.182432,221
14,3,158.3622741699219,221
18,2,158.6763994,221
7,1,122.9644926,221
6,1,117.6256677,221
14,2,155.5070821,221
9,2,131.4412237,221
16,3,162.8517150878906,221
17,2,158.280943,221
10,1,137.7111215,221
7,3,121.8193511962891,221
17,1,168.8279966,221
14,1,161.2017366,221
12,1,148.4257561,221
11,1,142.7165273,221
16,2,157.8247067,221
19,2,159.3382259,221
18,1,169.2000322,221
15,3,161.2426300048828,221
11,1,138.6686395,222
14,3,154.3437042236328,222
9,2,127.4292006,222
5,2,105.2415007,222
6,2,111.1706679,222
19,1,167.2469549,222
12,3,144.6925506591797,222
18,1,166.6739872,222
13,2,148.7568536,222
13,3,150.0007171630859,222
18,2,153.1163977,222
13,1,151.2039601,222
15,3,157.2300262451172,222
16,1,164.5891899,222
10,1,133.5831299,222
19,3,160.3644714355469,222
19,2,153.2882644,222
17,2,153.0779922,222
11,3,139.0345916748047,222
8,2,121.9912338,222
7,3,117.6787796020508,222
14,2,151.1035475,222
18,3,159.9942779541016,222
9,3,128.06396484375,222
5,3,106.4008102416992,222
16,3,158.8583984375,222
10,3,133.4138946533203,222
15,2,152.4043754,222
10,2,133.2380677,222
7,1,118.6564443,222
12,2,144.9217166,222
8,3,122.8847961425781,222
12,1,144.4713436,222
9,1,128.674392,222
17,1,165.9701459,222
15,1,161.913791,222
6,1,113.2843998,222
7,2,116.6623431,222
8,1,123.7441238,222
17,3,159.6202697753906,222
5,1,107.5144322,222
11,2,139.4142671,222
16,2,152.9530862,222
6,3,112.2482604980469,222
14,1,157.4859692,222
14,2,160.6729031,223
10,1,140.1366736,223
12,1,151.184194,223
13,1,157.9920018,223
19,3,169.0496063232422,223
17,1,173.238073,223
17,2,162.7417667,223
7,3,125.6022186279297,223
7,2,126.3284128,223
19,1,174.8828576,223
10,2,142.8281178,223
17,3,168.0701751708984,223
12,2,154.4812882,223
6,1,119.392395,223
18,2,162.8187161,223
5,3,114.2056045532227,223
11,2,148.9866502,223
14,3,162.5376586914063,223
7,1,124.8998724,223
19,2,163.0254335,223
5,1,113.471357,223
18,1,174.1422363,223
6,2,120.8666703,223
6,3,120.1171569824219,223
16,2,162.5792517,223
8,2,131.6291595,223
12,3,152.8065338134766,223
18,3,168.5692138671875,223
14,1,164.3459798,223
9,1,135.1404312,223
13,2,158.3159714,223
9,2,137.040977,223
10,3,141.4603118896484,223
16,1,171.6331496,223
15,2,161.9964911,223
11,1,145.3057201,223
8,3,130.8558959960938,223
15,1,168.8436544,223
15,3,165.4715881347656,223
9,3,136.0751800537109,223
11,3,147.1162872314453,223
13,3,158.1514434814453,223
5,2,114.9649555,223
16,3,167.1741943359375,223
8,1,130.1077103,223
16,3,160.2967376708984,225
15,2,154.6101284,225
12,1,147.1315913,225
14,3,156.678955078125,225
11,3,142.205810546875,225
12,2,148.226628,225
12,3,147.6709136962891,225
9,3,131.3902893066406,225
17,3,160.7369537353516,225
15,1,163.6344103,225
10,3,136.702880859375,225
17,2,154.8604686,225
14,1,159.6541069,225
9,1,131.3903428,225
19,3,161.3572540283203,225
5,2,108.3666336,225
7,1,121.0513747,225
15,3,159.1084136962891,225
18,2,154.9075528,225
5,1,109.1551903,225
19,1,167.7172969,225
10,2,137.0690954,225
11,2,143.0194662,225
16,2,154.8786351,225
7,2,120.5187761,225
8,1,126.3439876,225
6,1,115.3624101,225
10,1,136.346909,225
6,2,114.74998,225
18,3,160.9200286865234,225
16,1,165.8172629,225
11,1,141.417382,225
6,3,115.0602874755859,225
17,1,166.8021106,225
19,2,155.3809179,225
9,2,131.3902278,225
7,3,120.7885971069336,225
13,1,153.6802758,225
8,2,125.9678158,225
18,1,167.2160169,225
5,3,108.7667465209961,225
8,3,126.1583786010742,225
13,3,152.7069549560547,225
14,2,153.6823138,225
13,2,151.7128675,225
19,2,154.4214369,227
13,2,149.3602515,227
14,2,151.7758753,227
8,1,124.3159041,227
16,1,165.2000465,227
7,1,119.2076735,227
19,3,161.03173828125,227
15,2,153.1555579,227
9,1,129.2643171,227
6,2,111.5117816,227
15,3,157.8267211914063,227
11,1,139.2813081,227
18,1,167.2456654,227
13,1,151.8260863,227
7,2,117.024864,227
8,3,123.3551712036133,227
11,2,139.9093417,227
5,2,105.5631404,227
10,2,133.6913003,227
12,3,145.2761383056641,227
13,3,150.5941162109375,227
6,1,113.809334,227
11,3,139.5937347412109,227
17,1,166.5639417,227
5,3,106.7967529296875,227
17,3,160.2514190673828,227
14,1,158.1096972,227
17,2,154.043115,227
18,2,154.1548016,227
18,3,160.6348114013672,227
12,2,145.4647098,227
7,3,118.1261291503906,227
9,3,128.5607299804688,227
16,2,153.8155176,227
8,2,122.3787978,227
12,1,145.0887777,227
5,1,108.0052715,227
10,1,134.1868345,227
19,1,167.7929665,227
16,3,159.4720153808594,227
15,1,162.5355388,227
6,3,112.6718139648438,227
10,3,133.9406433105469,227
14,3,154.9371795654297,227
9,2,127.8469569,227
5,1,107.9057838,228
17,1,167.3325237,228
13,2,151.2200885,228
10,2,135.9401922,228
13,1,152.525501,228
18,2,155.6971468,228
15,3,159.0645904541016,228
6,1,113.7844273,228
13,3,151.886962890625,228
11,2,142.0595208,228
16,3,160.6861724853516,228
15,2,154.6827883,228
8,2,124.7139046,228
17,2,155.4501012,228
9,3,129.8419342041016,228
12,1,145.7046006,228
10,1,134.5598294,228
12,3,146.5740203857422,228
9,1,129.5295827,228
9,2,130.1676748,228
7,1,119.2695434,228
5,3,107.6985626220703,228
14,3,156.2159576416016,228
10,3,135.2352752685547,228
17,3,161.504638671875,228
8,1,124.4757499,228
7,3,119.2871398925781,228
8,3,124.5923309326172,228
6,2,113.6572879,228
11,1,139.7828757,228
18,3,161.9146728515625,228
5,2,107.4819666,228
16,1,165.9314001,228
15,1,163.271094,228
6,3,113.7222290039063,228
19,2,156.294329,228
7,2,119.3054937,228
14,2,153.4661274,228
19,1,168.2926022,228
14,1,158.8518996,228
18,1,167.9082158,228
12,2,147.4824672,228
16,2,155.2287118,228
11,3,140.8963012695313,228
19,3,162.3987731933594,228
9,2,131.2427076,229
7,3,121.0380020141602,229
11,3,142.4375305175781,229
19,3,164.8006896972656,229
5,2,109.1176289,229
5,1,110.3474432,229
13,2,152.7154423,229
12,1,147.4559128,229
10,1,136.5480299,229
13,1,154.21463,229
6,2,115.0181757,229
11,2,143.2674498,229
12,2,148.8172072,229
17,3,163.6344604492188,229
10,3,136.8000793457031,229
8,3,126.2528305053711,229
7,1,121.5625042,229
15,1,165.0520585,229
19,2,157.8112419,229
17,2,157.3842254,229
15,2,156.5248558,229
19,1,171.5389009,229
14,1,160.5432542,229
9,3,131.4391632080078,229
8,1,126.6783688,229
13,3,153.4808654785156,229
14,3,157.8989562988281,229
15,3,160.8768310546875,229
16,1,167.9098557,229
18,3,164.2322845458984,229
7,2,120.4890857,229
10,2,137.0634504,229
9,1,131.6270037,229
14,2,155.1412889,229
5,3,109.746711730957,229
17,1,169.6454439,229
6,3,115.600456237793,229
8,2,125.8075183,229
11,1,141.6427503,229
18,2,157.5276432,229
16,3,162.6404418945313,229
18,1,170.6880417,229
16,2,157.1538249,229
12,3,148.1220397949219,229
6,1,116.1567124,229
9,2,127.071269,230
11,3,137.9977416992188,230
6,1,112.0434483,230
12,1,142.8946503,230
13,1,149.448238,230
18,2,152.1130122,230
9,3,127.2548675537109,230
7,3,117.0228729248047,230
17,1,163.5652175,230
6,3,111.6374130249023,230
15,2,151.3330158,230
16,2,151.8724243,230
16,1,162.1928086,230
7,1,117.4528631,230
15,1,159.6987321,230
19,3,158.7950744628906,230
11,1,137.2404369,230
19,2,152.4190406,230
6,2,111.2189895,230
10,1,132.2658951,230
16,3,157.088623046875,230
8,3,122.1626892089844,230
5,3,105.8096466064453,230
12,2,144.1498382,230
10,3,132.4990844726563,230
7,2,116.5800741,230
9,1,127.4331551,230
5,1,106.1976979,230
8,1,122.540596,230
15,3,155.564453125,230
14,2,150.1083007,230
13,3,148.6670227050781,230
8,2,121.7734732,230
17,2,152.0304421,230
18,1,164.3445614,230
10,2,132.7389425,230
17,3,157.8577423095703,230
11,2,138.776315,230
12,3,143.5136413574219,230
18,3,158.2880706787109,230
5,2,105.4092031,230
13,2,147.8648717,230
14,1,155.5132431,230
14,3,152.8448181152344,230
19,1,165.0534481,230
8,1,132.0095014,231
9,2,138.3292595,231
7,3,127.0559921264648,231
13,3,159.5636749267578,231
15,1,170.1602618,231
19,2,160.9694131,231
13,1,159.4709927,231
17,3,168.1352081298828,231
11,2,150.4763608,231
14,3,163.6908721923828,231
16,1,172.8346744,231
5,2,115.5360427,231
9,3,137.643310546875,231
17,2,161.4058603,231
12,2,155.9462099,231
6,2,121.6079347,231
16,2,161.5881532,231
6,3,121.5161743164063,231
18,1,175.389143,231
19,3,168.8441162109375,231
12,3,154.3192291259766,231
10,1,141.9308197,231
6,1,121.4287275,231
15,3,166.0704040527344,231
7,1,126.8650177,231
10,3,143.0689392089844,231
10,2,144.2589187,231
16,3,167.3927459716797,231
19,1,176.3927595,231
13,2,159.6613603,231
18,3,168.5549011230469,231
8,2,132.7438176,231
18,2,161.199074,231
17,1,174.3653512,231
14,1,165.7370281,231
12,1,152.7677992,231
9,1,136.9873051,231
5,3,115.5622863769531,231
15,2,161.7305994,231
14,2,161.5221357,231
7,2,127.2557589,231
11,1,147.0017439,231
5,1,115.5871385,231
8,3,132.3685607910156,231
11,3,148.6996154785156,231
5,3,116.7947540283203,233
15,1,169.5329555,233
8,1,134.5068058,233
6,2,120.3400343,233
10,1,143.6330269,233
16,2,161.2468345,233
6,3,122.5277099609375,233
12,3,154.0457000732422,233
9,2,136.8376031,233
19,1,171.5005647,233
14,1,165.7795417,233
7,2,125.9248175,233
11,3,148.6041717529297,233
11,1,148.351254,233
9,3,137.9879455566406,233
12,2,154.3505878,233
18,2,161.1964401,233
5,1,119.3278395,233
15,3,165.2853240966797,233
11,2,148.8709709,233
14,2,160.3004919,233
19,2,161.2109574,233
16,1,171.0724112,233
17,2,161.2298967,233
18,1,171.4435149,233
9,1,139.0861152,233
18,3,166.2335510253906,233
7,1,129.7685839,233
13,1,160.0340663,233
13,2,158.119198,233
8,2,131.3350309,233
17,1,171.3810844,233
19,3,166.3557586669922,233
5,2,114.309462,233
16,3,166.0864715576172,233
15,2,161.1130428,233
10,3,143.173095703125,233
10,2,142.6855213,233
13,3,159.0910186767578,233
12,1,153.754185,233
14,3,163.0400238037109,233
7,3,127.8444671630859,233
17,3,166.2041015625,233
6,1,124.746569,233
8,3,132.9371185302734,233
5,1,112.5015243,234
8,2,129.1923325,234
19,3,169.3804473876953,234
10,3,139.7535552978516,234
15,1,167.7162035,234
14,1,163.1337905,234
12,3,151.2109832763672,234
16,2,161.8328935,234
13,1,156.7496283,234
8,1,129.0156705,234
8,3,129.1022644042969,234
11,1,144.1036709,234
18,3,168.3975830078125,234
5,3,112.4985122680664,234
15,2,160.8267792,234
9,2,134.6738034,234
6,1,118.3742311,234
17,1,172.4262636,234
13,3,156.6494140625,234
5,2,112.4953774,234
11,3,145.4534759521484,234
12,2,152.4958222,234
16,1,170.6518199,234
18,1,173.5261673,234
19,2,164.1660458,234
10,2,140.5479055,234
11,2,146.8317747,234
13,2,156.5475592,234
10,1,138.9794703,234
9,1,134.0244662,234
14,3,161.1659698486328,234
17,2,162.5144825,234
7,2,123.8549373,234
15,3,164.2811889648438,234
12,1,149.9490652,234
18,2,163.193772,234
7,1,123.8416336,234
6,2,118.3831322,234
16,3,166.2473602294922,234
17,3,167.4876861572266,234
14,2,159.1745621,234
7,3,123.8481521606445,234
6,3,118.3785934448242,234
19,1,174.486017,234
9,3,134.3436737060547,234
18,3,169.0906372070313,236
13,1,160.2129893,236
17,1,174.0871077,236
15,1,170.3447144,236
11,2,148.6566626,236
7,2,125.7892337,236
17,3,168.6055603027344,236
9,2,136.6181874,236
16,1,172.8004632,236
14,3,163.4100952148438,236
8,2,131.1496503,236
8,1,134.053624,236
16,3,167.7977600097656,236
12,3,153.9746704101563,236
11,3,148.43896484375,236
7,1,129.1856967,236
16,2,162.5467946,236
13,2,158.0822817,236
10,1,143.4112227,236
12,2,154.1986004,236
17,2,162.8581961,236
19,1,175.3457859,236
14,1,166.2059237,236
19,2,163.6598957,236
6,3,122.1815414428711,236
9,1,138.7546957,236
15,3,166.2087860107422,236
10,3,142.9464569091797,236
11,1,148.2333163,236
19,3,169.7024078369141,236
5,3,116.4297561645508,236
14,2,160.4916771,236
12,1,153.7609445,236
5,1,118.4607709,236
6,2,120.2629506,236
9,3,137.715576171875,236
10,2,142.4521783,236
15,2,161.8736333,236
18,1,174.743399,236
18,2,163.1375629,236
13,3,159.1700134277344,236
6,1,124.0266402,236
8,3,132.6306762695313,236
5,2,114.2914685,236
7,3,127.5141983032227,236
7,3,123.5932083129883,238
8,1,129.9303201,238
11,1,144.8763427,238
16,1,170.4694298,238
14,1,163.5980207,238
12,3,150.72802734375,238
19,1,172.5202935,238
8,3,128.8303985595703,238
7,2,122.3184818,238
7,1,124.8131209,238
10,1,139.7937462,238
10,2,138.9984299,238
12,1,150.6611342,238
6,3,118.1261825561523,238
5,3,112.234016418457,238
12,2,150.7976786,238
5,1,113.5931403,238
16,2,159.4376626,238
6,1,119.405263,238
11,2,145.2254826,238
14,2,157.1855197,238
17,1,171.6232113,238
11,3,145.0471649169922,238
15,2,158.6380773,238
5,2,110.8252553,238
17,3,166.0122222900391,238
8,2,127.6779278,238
13,2,154.7216568,238
10,3,139.4060363769531,238
19,3,167.1957550048828,238
6,2,116.7945409,238
16,3,165.1589660644531,238
15,1,167.9519878,238
9,3,134.0364074707031,238
15,3,163.4503326416016,238
17,2,159.957853,238
18,2,160.5349966,238
9,1,134.8795593,238
13,1,157.3644171,238
18,1,172.1352474,238
9,2,133.1493346,238
19,2,161.4749789,238
14,3,160.4806213378906,238
18,3,166.5546569824219,238
13,3,156.0736083984375,238
13,1,158.7833504,239
8,1,130.5029751,239
17,1,173.3268936,239
12,3,152.6191253662109,239
16,1,172.2019569,239
7,3,124.9326782226563,239
9,1,135.6466636,239
9,2,135.6151238,239
11,3,146.8600006103516,239
11,2,147.7479118,239
19,3,168.0000305175781,239
16,2,161.4066731,239
19,1,173.9498297,239
7,2,124.6729364,239
18,2,161.6437337,239
9,3,135.6311187744141,239
15,2,160.9138674,239
8,2,130.0929592,239
12,1,151.9407365,239
5,3,113.2942276000977,239
14,1,165.1382994,239
18,3,167.7768249511719,239
19,2,161.8597834,239
5,2,113.0430541,239
12,2,153.3181869,239
17,2,161.5508225,239
7,1,125.1846659,239
6,1,119.5684499,239
10,3,141.1174468994141,239
8,3,130.3009490966797,239
6,3,119.3292694091797,239
10,2,141.5012426,239
6,2,119.0821943,239
5,1,113.5369049,239
15,3,165.3171997070313,239
10,1,140.7446712,239
13,3,158.0093078613281,239
11,1,145.9985824,239
14,2,159.6117189,239
18,1,173.7187162,239
14,3,162.4140777587891,239
13,2,157.2128541,239
16,3,166.8863372802734,239
17,3,167.5305480957031,239
15,1,169.5949581,239
11,3,144.67431640625,242
5,2,112.4556305,242
17,1,171.6143797,242
10,3,138.9814453125,242
8,3,128.4310150146484,242
7,2,123.296883,242
10,1,138.2958933,242
7,1,123.3062046,242
9,2,133.8761069,242
13,3,155.8564300537109,242
16,2,159.8458849,242
19,2,160.2772478,242
11,2,145.9321386,242
14,3,160.3309326171875,242
17,2,159.9920944,242
8,1,128.3733474,242
19,1,172.2954122,242
13,2,155.462338,242
13,1,156.2334858,242
12,2,151.5262514,242
17,3,165.9095916748047,242
14,1,162.654249,242
10,2,139.6968706,242
19,3,166.3532867431641,242
5,3,112.4142379760742,242
11,1,143.4681271,242
9,1,133.3286744,242
18,1,172.12909,242
12,3,150.4282684326172,242
6,1,118.0083956,242
8,2,128.4912157,242
18,3,166.1842956542969,242
7,3,123.301643371582,242
16,3,165.0677795410156,242
14,2,157.9026239,242
15,1,167.2274106,242
15,2,159.2725972,242
12,1,149.3762974,242
6,3,118.0228042602539,242
6,2,118.0378253,242
5,1,112.3745148,242
18,2,160.0676826,242
9,3,133.5965270996094,242
16,1,170.076589,242
15,3,163.3370513916016,242
13,1,154.1258557,243
9,1,131.3432385,243
12,3,147.7079925537109,243
18,1,170.6371706,243
16,1,167.9440652,243
17,2,157.0859211,243
9,3,130.9354858398438,243
5,2,108.432543,243
18,3,164.1263580322266,243
15,3,160.5984802246094,243
10,2,136.3310664,243
17,1,169.6352626,243
10,1,136.3132542,243
18,2,157.42164,243
16,3,162.4205322265625,243
9,2,130.5059602,243
14,3,157.5701904296875,243
19,3,164.8247528076172,243
15,2,155.9754621,243
8,3,125.7276153564453,243
6,3,115.0529861450195,243
16,2,156.7083865,243
8,2,125.0712928,243
19,2,157.961963,243
7,1,121.1947258,243
7,3,120.499885559082,243
6,2,114.3106832,243
13,3,153.1066284179688,243
11,2,142.5442378,243
12,1,147.3172044,243
10,3,136.3219604492188,243
11,1,141.4548045,243
12,2,148.1146891,243
13,2,152.0475609,243
14,1,160.5045901,243
8,1,126.3481844,243
7,2,119.764515,243
11,3,141.9880676269531,243
5,3,109.1940765380859,243
6,1,115.7555629,243
15,1,165.0611086,243
14,2,154.5256077,243
5,1,109.9158405,243
19,1,171.5055132,243
17,3,163.4594879150391,243
16,1,173.7911404,244
14,2,161.1604007,244
15,2,162.5670479,244
18,2,164.2833434,244
17,2,163.7951158,244
19,2,164.9977663,244
8,3,131.9028778076172,244
13,2,158.6659974,244
13,1,160.0739634,244
12,1,153.2813371,244
7,3,126.6492004394531,244
12,2,154.6844576,244
6,2,120.5482472,244
10,3,142.5394592285156,244
16,2,163.3137605,244
7,1,127.2140489,244
9,1,137.3568649,244
11,3,148.2223358154297,244
17,3,169.9407196044922,244
11,2,149.0604717,244
5,1,115.9165546,244
19,1,177.7735965,244
6,1,121.7681251,244
18,1,176.6265985,244
15,3,166.9918823242188,244
5,3,115.3019104003906,244
17,1,175.4637818,244
10,1,142.3110655,244
9,3,137.1408081054688,244
16,3,168.858154296875,244
11,1,147.4371202,244
5,2,114.6160197,244
7,2,126.0567699,244
12,3,153.9719085693359,244
6,3,121.1869354248047,244
15,1,170.9842241,244
9,2,136.9087545,244
13,3,159.3827819824219,244
8,2,131.418934,244
14,1,166.4429237,244
10,2,142.7897095,244
19,3,171.4734497070313,244
18,3,170.6622009277344,244
8,1,132.3682137,244
14,3,163.8948822021484,244
18,2,163.6227482,245
18,1,177.1050627,245
12,3,154.4188079833984,245
5,1,112.4577499,245
8,2,130.373023,245
16,3,169.5267639160156,245
7,1,125.3787872,245
9,1,136.8020968,245
11,1,147.8359537,245
8,1,131.2181802,245
19,1,177.1693878,245
6,3,118.8936538696289,245
17,3,170.3259582519531,245
14,3,164.6738891601563,245
8,3,130.8052215576172,245
9,3,136.5260162353516,245
11,3,148.3984680175781,245
5,2,112.1710349,245
10,1,142.2772179,245
5,3,112.317985534668,245
11,2,148.9882363,245
17,2,163.6455216,245
13,3,160.0469970703125,245
6,1,119.160698,245
15,2,163.0189202,245
12,2,154.8229543,245
18,3,170.5493774414063,245
9,2,136.2363194,245
14,1,167.6442361,245
6,2,118.6126966,245
15,3,167.7819976806641,245
15,1,172.2744589,245
10,3,142.3597869873047,245
17,1,176.6417065,245
10,2,142.4465059,245
13,2,158.9473279,245
7,3,124.9938583374023,245
13,1,161.0944516,245
12,1,154.0330343,245
7,2,124.590031,245
19,2,163.6279948,245
19,3,170.5802917480469,245
14,2,161.537753,245
16,1,175.1186488,245
16,2,163.6008166,245
17,1,172.0798963,246
15,2,160.5980834,246
12,2,153.6661812,246
11,2,148.156502,246
15,1,168.2520378,246
9,2,136.0864122,246
13,3,157.5850219726563,246
11,3,146.6488800048828,246
11,1,145.1558218,246
14,2,159.6988636,246
13,2,157.4734641,246
14,1,163.9234502,246
8,2,130.5735431,246
9,1,135.044127,246
19,1,173.3139118,246
6,2,119.5637406,246
7,2,125.1552443,246
7,3,124.9955978393555,246
12,1,150.9745298,246
9,3,135.5589599609375,246
6,1,119.3873823,246
7,1,124.8423203,246
15,3,164.5166931152344,246
17,3,166.7101898193359,246
18,1,172.7277658,246
19,3,167.3911895751953,246
8,1,130.0234067,246
10,2,141.9496979,246
16,1,170.8084491,246
14,3,161.8340148925781,246
8,3,130.2938995361328,246
5,3,113.5376281738281,246
12,3,152.3136291503906,246
13,1,157.6952143,246
18,3,167.0701599121094,246
5,1,113.5484278,246
17,2,160.8587713,246
6,3,119.4735946655273,246
10,1,140.0237994,246
10,3,140.9785308837891,246
19,2,160.9622522,246
18,2,160.8826463,246
5,2,113.5263655,246
16,2,160.8150044,246
16,3,166.00390625,246
11,3,148.5491790771484,248
12,2,154.4107997,248
11,1,148.2077565,248
9,2,136.6889386,248
8,2,130.9451115,248
14,2,160.4630562,248
9,3,136.9854125976563,248
16,2,162.2292835,248
19,2,162.8752197,248
12,3,154.4008331298828,248
10,2,142.6664985,248
15,3,167.2621307373047,248
6,1,120.0692719,248
6,3,119.5466079711914,248
7,1,126.0817247,248
14,1,167.932038,248
7,2,125.1494284,248
18,2,162.5056869,248
7,3,125.6280899047852,248
16,3,168.9003295898438,248
15,1,172.4632563,248
12,1,154.3914585,248
15,2,161.6933841,248
17,1,176.3599023,248
5,1,113.6378352,248
8,3,131.37060546875,248
14,3,164.3217010498047,248
5,3,112.9297180175781,248
10,3,142.6703796386719,248
5,2,112.1854475,248
13,1,161.4313097,248
16,1,175.1185458,248
9,1,137.2659618,248
10,1,142.6740567,248
17,3,169.6242980957031,248
13,2,158.1912614,248
19,1,176.7523598,248
17,2,162.3889696,248
6,2,118.9963577,248
18,3,169.8343658447266,248
18,1,176.6529348,248
8,1,131.7739106,248
11,2,148.9114314,248
19,3,170.0684509277344,248
13,3,159.8630523681641,248
9,1,136.1647272,249
13,1,159.286007,249
9,2,136.4142255,249
16,3,168.6213989257813,249
7,1,125.701236,249
14,1,165.6972465,249
15,2,162.6230996,249
6,2,120.0232893,249
6,3,120.0547943115234,249
5,1,114.0623298,249
13,3,158.8325500488281,249
19,2,165.6221739,249
17,2,164.2149234,249
15,3,166.6026306152344,249
14,2,160.9813613,249
14,3,163.4111175537109,249
12,2,154.2934143,249
11,2,148.6125834,249
10,1,141.2530148,249
8,3,130.9715118408203,249
10,3,141.7614898681641,249
19,3,171.2951965332031,249
7,2,125.547676,249
6,1,120.0835788,249
5,2,114.0608634,249
18,3,170.5616302490234,249
12,3,153.3343048095703,249
16,2,163.6000107,249
5,3,114.0616302490234,249
16,1,173.140637,249
12,1,152.4283233,249
17,1,174.7889968,249
11,3,147.5194702148438,249
10,2,142.3070672,249
8,2,130.9174807,249
18,2,164.7909296,249
11,1,146.4934087,249
15,1,170.2640818,249
9,3,136.2844848632813,249
8,1,131.0209655,249
18,1,175.6643614,249
17,3,169.8135681152344,249
13,2,158.3542674,249
19,1,176.3552207,249
7,3,125.6280212402344,249
12,3,154.7233428955078,250
17,2,164.2502481,250
15,2,163.4608201,250
12,2,155.1035816,250
14,2,161.9296678,250
18,2,164.238287,250
10,2,142.6124228,250
16,3,170.1002349853516,250
6,3,119.0085067749023,250
19,1,178.1039163,250
15,3,168.2710113525391,250
13,2,159.2870889,250
10,3,142.5158386230469,250
5,2,112.2818182,250
17,3,170.9685668945313,250
16,1,175.8004058,250
9,1,136.8885876,250
5,3,112.5350570678711,250
16,2,164.1468937,250
6,2,118.6805371,250
19,2,164.263174,250
9,2,136.3572593,250
6,1,119.3189905,250
18,1,177.9695183,250
12,1,154.3600522,250
15,1,172.8775377,250
17,1,177.4006037,250
14,1,168.1597802,250
8,3,130.8702087402344,250
13,3,160.4296722412109,250
18,3,171.2513885498047,250
19,3,171.3320159912109,250
11,2,149.2089465,250
14,3,165.1173400878906,250
10,1,142.4240337,250
8,2,130.4523702,250
11,3,148.6245574951172,250
7,2,124.6493204,250
11,1,148.0671084,250
7,1,125.4491187,250
9,3,136.6295776367188,250
7,3,125.0598297119141,250
8,1,131.2675972,250
5,1,112.7749854,250
13,1,161.518085,250
10,3,144.15478515625,251
14,1,168.3899356,251
6,2,121.2312272,251
14,2,161.9183006,251
10,1,144.8163347,251
13,2,159.3407355,251
8,3,133.5863952636719,251
17,1,176.5527808,251
8,2,132.0384111,251
12,2,155.3159409,251
18,2,164.6913426,251
16,3,169.9689025878906,251
12,1,155.5753894,251
7,2,126.7000081,251
5,1,118.5461901,251
6,3,122.857292175293,251
5,3,117.0031967163086,251
16,1,175.2970981,251
15,1,172.70669,251
17,2,164.5570142,251
12,3,155.4559783935547,251
6,1,124.3792317,251
19,3,171.1300659179688,251
13,1,162.212002,251
15,3,168.2592620849609,251
18,3,171.0310363769531,251
11,2,149.6651435,251
7,1,129.8162668,251
11,1,149.852132,251
17,3,170.8065643310547,251
14,3,165.2947998046875,251
19,1,177.0641742,251
8,1,134.9598597,251
13,3,160.8652954101563,251
10,2,143.3861516,251
19,2,164.899248,251
9,2,137.5141424,251
9,3,138.8000335693359,251
18,1,176.9146324,251
9,1,139.9212236,251
7,3,128.3262329101563,251
5,2,115.3546342,251
11,3,149.7663421630859,251
16,2,164.2681172,251
15,2,163.4812907,251
5,1,115.7371651,252
13,1,157.4388671,252
8,1,131.2849089,252
11,1,145.406668,252
17,3,166.5057678222656,252
12,1,150.9421788,252
19,1,173.8206297,252
11,3,146.0745849609375,252
10,1,140.5957821,252
12,3,151.5531921386719,252
19,2,162.2376994,252
16,2,160.2683347,252
16,1,170.5461327,252
9,2,134.9805352,252
17,1,172.1508333,252
5,3,114.3748550415039,252
8,2,129.625917,252
18,1,173.0905181,252
14,1,163.5362182,252
10,3,140.6435699462891,252
8,3,130.4775085449219,252
9,1,135.9568556,252
13,2,155.9514286,252
13,3,156.7089538574219,252
16,3,165.4798583984375,252
6,3,120.1281051635742,252
9,3,135.4810333251953,252
7,1,126.4471682,252
5,2,112.9296466,252
6,2,118.887139,252
18,3,167.2459869384766,252
12,2,152.1893349,252
14,3,160.9354858398438,252
10,2,140.6936559,252
15,1,167.8535969,252
15,3,163.7700805664063,252
14,2,158.2518963,252
19,3,168.1128082275391,252
6,1,121.30032,252
7,2,124.3573608,252
18,2,161.2396711,252
11,2,146.7724303,252
17,2,160.7038302,252
15,2,159.5713876,252
7,3,125.4312133789063,252
13,3,162.1120910644531,253
17,3,170.6305389404297,253
15,1,174.4010058,253
10,3,146.2707061767578,253
9,2,138.4488561,253
7,1,134.1827155,253
7,3,131.0272979736328,253
10,1,148.210933,253
13,2,159.5356927,253
6,1,129.094999,253
18,1,177.5230769,253
18,3,171.0155792236328,253
7,2,127.7819432,253
19,1,177.7156334,253
14,2,161.8471062,253
18,2,164.296796,253
14,1,170.4863646,253
19,3,171.3850402832031,253
11,1,152.9469678,253
16,3,170.0387725830078,253
6,3,125.7716674804688,253
5,2,116.3753308,253
12,1,158.3636012,253
9,3,141.1149444580078,253
19,2,164.888255,253
13,1,164.6699375,253
8,1,138.9846831,253
12,2,155.7512937,253
11,3,151.6670989990234,253
6,2,122.3122035,253
8,2,133.0667061,253
17,2,164.0024917,253
15,3,168.7000274658203,253
5,3,120.0863189697266,253
17,1,177.2935134,253
16,2,163.7224654,253
16,1,176.52573,253
14,3,166.1307983398438,253
15,2,163.1314245,253
10,2,144.1942462,253
12,3,157.087890625,253
11,2,150.3055465,253
9,1,143.6209899,253
5,1,123.6184946,253
8,3,136.0703277587891,253
14,3,158.413818359375,255
17,2,158.3501873,255
15,1,165.1683016,255
5,3,109.9026184082031,255
11,2,144.2206741,255
10,1,136.5073134,255
18,2,158.4517701,255
15,2,157.5036294,255
13,1,154.4097085,255
18,3,163.9734039306641,255
13,2,153.6587066,255
10,3,137.2597198486328,255
12,1,147.6100341,255
10,2,138.0372872,255
9,1,131.4406909,255
9,3,131.8349914550781,255
7,2,121.5711244,255
6,2,116.1497655,255
17,3,163.7235107421875,255
18,1,169.5822963,255
16,1,167.8512311,255
17,1,169.1720259,255
8,3,126.579231262207,255
11,3,142.9525451660156,255
12,3,148.6762390136719,255
14,1,160.7329814,255
19,3,164.1709899902344,255
19,2,158.6612877,255
5,1,109.5183777,255
8,2,126.8436313,255
13,3,154.0361633300781,255
16,3,162.9797058105469,255
19,1,169.766071,255
6,1,115.4730633,255
7,1,121.0410696,255
5,2,110.3010103,255
16,2,158.1479348,255
12,2,149.7604111,255
6,3,115.8051681518555,255
15,3,161.3246002197266,255
9,2,132.2446138,255
14,2,156.0946596,255
8,1,126.3245887,255
7,3,121.301025390625,255
11,1,141.7163885,255
7,1,114.4200918,256
5,3,104.4749069213867,256
15,1,158.4959941,256
13,2,148.6196907,256
17,1,162.9901872,256
13,3,148.1063995361328,256
10,3,131.5938873291016,256
18,2,152.4030186,256
18,3,158.2556915283203,256
15,2,151.877658,256
9,1,124.7089237,256
5,1,103.0338949,256
16,3,156.8516540527344,256
10,1,129.7381745,256
14,2,150.7896075,256
11,1,134.9279795,256
13,1,147.6187611,256
12,2,144.9569742,256
8,1,119.6429512,256
19,1,164.6544291,256
14,1,153.9804655,256
14,3,152.4230804443359,256
16,1,161.3286359,256
15,3,155.2539672851563,256
19,3,158.7672882080078,256
18,1,163.9164668,256
10,2,133.5735176,256
8,2,122.5641157,256
7,3,115.8451080322266,256
6,1,108.9197897,256
6,3,110.3780975341797,256
8,3,121.0730590820313,256
7,2,117.32385,256
17,3,157.7378540039063,256
6,2,111.8919661,256
12,3,142.8322906494141,256
11,2,139.6083415,256
19,2,152.6721239,256
16,2,152.2365052,256
17,2,152.3240383,256
9,3,126.2551193237305,256
9,2,127.8924074,256
12,1,140.8141336,256
5,2,105.9881881,256
11,3,137.2004547119141,256
8,1,125.9775408,257
6,2,114.3504718,257
12,1,147.2878234,257
14,2,154.3790597,257
12,3,147.6296844482422,257
14,1,160.4621814,257
6,1,115.144907,257
15,3,160.5413970947266,257
7,2,119.7905986,257
18,3,163.5268249511719,257
17,3,163.134033203125,257
19,2,158.1702346,257
10,2,136.2659807,257
16,3,162.2868347167969,257
9,1,131.0905143,257
13,3,153.0552520751953,257
16,1,167.674781,257
14,3,157.5356292724609,257
16,2,156.6565922,257
18,2,157.5120607,257
5,2,108.4503204,257
9,3,130.7881927490234,257
17,1,169.1394753,257
5,3,108.8241653442383,257
19,1,170.1106106,257
5,1,109.177285,257
11,3,141.8990631103516,257
11,1,141.3792016,257
10,1,136.1600977,257
17,2,157.1068541,257
13,1,154.1094641,257
18,1,169.7396323,257
19,3,164.0579986572266,257
12,2,147.9963021,257
10,3,136.2116546630859,257
6,3,114.7544326782227,257
13,2,151.9110794,257
7,3,120.2495803833008,257
8,2,125.0715444,257
11,2,142.4504108,257
15,1,164.9352484,257
15,2,155.8506975,257
8,3,125.5285491943359,257
7,1,120.7023455,257
9,2,130.4740896,257
17,2,156.2757949,258
10,1,138.1126887,258
18,3,162.9503173828125,258
19,1,169.2672035,258
8,3,126.837890625,258
12,2,148.0585091,258
11,2,142.5821486,258
13,2,151.8794652,258
5,2,108.651863,258
14,2,154.2247717,258
18,2,156.4079739,258
7,2,120.0049525,258
14,1,161.6636016,258
5,1,111.7650132,258
10,2,136.4451496,258
17,3,162.6684722900391,258
19,2,156.7041064,258
11,3,142.8978729248047,258
11,1,143.1876768,258
16,2,156.0904656,258
12,3,148.505615234375,258
6,2,114.552355,258
16,1,168.1967553,258
16,3,162.0905151367188,258
7,3,121.611083984375,258
8,1,128.1938848,258
13,3,153.7248840332031,258
9,3,132.0182800292969,258
19,3,163.3346252441406,258
15,2,155.5323355,258
9,1,133.178362,258
15,1,165.8379584,258
12,1,148.9317768,258
18,1,169.2031715,258
7,1,123.0399801,258
8,2,125.2881882,258
6,1,117.5982189,258
13,1,155.5549226,258
6,3,116.1525344848633,258
5,3,110.2868270874023,258
17,1,169.0611407,258
10,3,137.3328094482422,258
14,3,157.8963012695313,258
9,2,130.6804336,258
15,3,160.6182250976563,258
7,2,125.7575393,260
14,3,165.6248474121094,260
5,1,113.6265173,260
16,2,164.4571874,260
18,2,164.5594825,260
10,2,143.4166808,260
11,3,149.3994445800781,260
16,1,175.8565326,260
19,1,177.6645391,260
15,3,168.6355285644531,260
5,2,113.5347984,260
9,1,137.7537636,260
8,1,132.1393569,260
13,1,162.2565148,260
15,1,173.2385038,260
19,2,164.6040375,260
11,1,148.913544,260
6,3,120.033073425293,260
15,2,163.8285771,260
12,1,155.1759657,260
14,2,162.3522002,260
14,1,168.7491403,260
18,3,171.1304168701172,260
10,3,143.3472900390625,260
18,1,177.4742169,260
12,3,155.430908203125,260
10,1,143.2807117,260
17,1,177.1090789,260
8,3,131.8130950927734,260
6,1,120.1860954,260
6,2,119.8704215,260
7,1,126.3228021,260
7,3,126.0495452880859,260
8,2,131.4653654,260
12,2,155.6985656,260
16,3,170.2740325927734,260
17,2,164.5402812,260
17,3,170.9472351074219,260
9,3,137.516845703125,260
9,2,137.2675576,260
13,3,161.0539703369141,260
19,3,171.2291107177734,260
5,3,113.5820999145508,260
11,2,149.9065173,260
13,2,159.7884411,260
10,3,144.4069519042969,261
11,1,150.8695631,261
13,1,163.2451869,261
9,3,138.9108276367188,261
13,3,160.9312744140625,261
15,3,167.199951171875,261
14,1,169.3596355,261
6,2,120.4700657,261
18,3,171.3054504394531,261
7,2,125.9209364,261
9,1,140.8629559,261
13,2,158.3451235,261
6,3,123.0818405151367,261
9,2,136.6504582,261
14,3,164.8992767333984,261
8,2,131.2183105,261
17,1,176.4925212,261
11,3,149.9300079345703,261
15,1,173.5079699,261
8,1,135.8950264,261
10,1,145.7968992,261
6,1,125.3374662,261
16,3,169.339111328125,261
8,3,133.6680145263672,261
17,2,163.6933905,261
16,1,175.806154,261
19,3,170.9330139160156,261
17,3,170.7122650146484,261
11,2,148.7399183,261
12,2,154.3548642,261
12,1,156.6150143,261
18,2,164.0938684,261
5,3,117.1727066040039,261
19,1,176.4567613,261
16,2,163.2313462,261
5,2,114.5841485,261
10,2,142.49578,261
14,2,160.8849482,261
19,2,164.718797,261
7,1,130.7626832,261
18,1,176.5138216,261
5,1,119.5147357,261
15,2,162.3938423,261
7,3,128.5189514160156,261
12,3,155.5942993164063,261
13,1,156.3598639,263
6,3,117.5349884033203,263
16,2,157.6222692,263
7,2,122.5449919,263
5,3,111.6283950805664,263
12,1,149.6692372,263
6,1,118.0146118,263
8,2,127.8763815,263
18,3,164.2940521240234,263
11,1,143.8621268,263
19,3,164.3776550292969,263
8,3,128.2887725830078,263
17,1,169.7459097,263
15,1,166.7631109,263
5,2,111.1000327,263
12,3,150.1720428466797,263
6,2,117.0440862,263
11,2,145.2425871,263
19,2,157.6153989,263
18,1,169.9880024,263
16,3,163.6737518310547,263
13,3,155.4388427734375,263
16,1,168.9687909,263
17,2,157.6154149,263
15,2,157.462186,263
11,3,144.5437774658203,263
9,2,133.3091072,263
7,3,123.0243835449219,263
5,1,112.1380006,263
14,3,159.6995544433594,263
15,3,162.3189849853516,263
14,1,162.5429104,263
14,2,156.6390084,263
17,3,164.1806640625,263
8,1,128.7035078,263
9,1,133.7398603,263
18,2,157.5898921,263
10,3,138.91259765625,263
10,1,138.7282631,263
12,2,150.6980075,263
13,2,154.4614342,263
7,1,123.5010339,263
10,2,139.0991503,263
9,3,133.5257263183594,263
19,1,170.1398681,263
14,1,152.6229935,264
12,2,145.6410876,264
17,3,158.6421203613281,264
13,3,147.7356567382813,264
8,1,117.5166675,264
9,2,128.0354513,264
10,2,133.8654691,264
15,3,155.5218200683594,264
14,2,152.0551049,264
6,1,106.6226089,264
19,1,164.335757,264
10,3,130.6519470214844,264
9,3,125.1875228881836,264
15,2,153.5277717,264
7,1,112.2062415,264
18,2,155.0195724,264
12,1,139.1276163,264
6,2,111.8175281,264
5,3,103.1524353027344,264
15,1,157.3295114,264
17,2,154.6955076,264
7,2,117.284528,264
12,3,142.1943969726563,264
8,2,122.5971635,264
8,3,119.8992462158203,264
19,3,160.0897064208984,264
14,3,152.3538818359375,264
16,3,157.4775695800781,264
11,2,140.0727258,264
5,1,100.6565846,264
13,1,146.0889908,264
13,2,149.5748738,264
9,1,122.6813041,264
5,2,105.9163172,264
16,1,160.3756137,264
11,1,133.1147143,264
7,3,114.595703125,264
18,1,163.4245047,264
16,2,154.3033014,264
6,3,109.0768127441406,264
10,1,127.8209094,264
17,1,162.2734053,264
11,3,136.3811950683594,264
19,2,155.5475038,264
18,3,159.3800201416016,264
11,1,141.1661377,265
6,2,115.991018,265
6,3,115.6774826049805,265
14,1,160.4593751,265
5,3,110.1377182006836,265
10,1,136.0003832,265
19,2,162.0346097,265
8,2,125.8408041,265
5,1,109.5974974,265
15,1,165.2353522,265
6,1,115.3873714,265
12,1,147.06428,265
18,3,166.9506072998047,265
19,3,168.4566802978516,265
11,3,141.9310455322266,265
7,3,120.8749160766602,265
16,3,163.7291564941406,265
7,2,120.9404613,265
13,2,152.4204468,265
17,3,165.4739227294922,265
15,3,161.3477935791016,265
18,2,160.5174111,265
14,2,155.1604071,265
10,2,136.6077777,265
11,2,142.7407849,265
8,1,125.9803976,265
17,2,159.3821459,265
9,2,130.9742013,265
12,3,147.6867065429688,265
9,1,131.0034953,265
13,1,153.945542,265
12,2,148.3425666,265
15,2,157.0131955,265
8,3,125.9136657714844,265
9,3,130.9894561767578,265
19,1,174.2454275,265
16,2,158.3173007,265
17,1,170.757058,265
14,3,157.9439697265625,265
7,1,120.813775,265
13,3,153.2118530273438,265
5,2,110.7109324,265
10,3,136.2954711914063,265
16,1,168.4789844,265
18,1,172.5296343,265
5,2,103.4863208,266
19,2,155.4654978,266
10,2,132.0351437,266
7,1,114.6021744,266
17,3,159.5974273681641,266
19,3,160.6112518310547,266
7,3,114.8259124755859,266
10,1,130.8329902,266
6,2,109.4877031,266
9,1,125.5292976,266
6,3,109.0996017456055,266
5,1,102.4551681,266
9,2,126.0686411,266
14,1,155.8471288,266
15,3,156.6390228271484,266
14,3,153.4650115966797,266
12,1,142.357618,266
5,3,102.9536666870117,266
13,2,148.2343582,266
15,1,160.4421589,266
16,1,163.2752181,266
14,2,150.8815496,266
8,1,120.1583095,266
12,3,143.209716796875,266
11,3,137.2884979248047,266
12,2,144.1336091,266
15,2,152.5205399,266
11,2,138.4008387,266
10,3,131.4111785888672,266
16,2,153.4918644,266
19,1,165.4689703,266
11,1,136.2608936,266
17,1,164.7202757,266
18,2,154.6553009,266
7,2,115.0655634,266
13,1,149.3479336,266
18,3,160.0950469970703,266
18,1,165.1980397,266
17,2,154.1008793,266
8,3,120.3230438232422,266
9,3,125.7891082763672,266
6,1,108.7366962,266
16,3,158.5704650878906,266
13,3,148.8138580322266,266
8,2,120.4998299,266
18,3,169.9358673095703,267
9,3,136.3611145019531,267
14,3,163.5207214355469,267
19,3,170.260498046875,267
15,3,166.7560119628906,267
11,3,147.5706024169922,267
10,2,141.882264,267
11,2,148.1730213,267
10,3,141.8181457519531,267
5,3,114.2431564331055,267
8,2,130.5127957,267
5,1,114.59729,267
18,2,163.6433501,267
13,1,159.7522485,267
17,3,169.1622924804688,267
14,1,166.1426184,267
15,2,162.0473432,267
12,1,152.912264,267
8,3,131.07177734375,267
17,2,163.3406963,267
16,1,173.4910979,267
15,1,170.6798954,267
16,2,162.9107609,267
10,1,141.7635359,267
7,3,125.7336730957031,267
19,1,175.674014,267
8,1,131.5309539,267
13,2,157.870376,267
6,1,120.6039832,267
5,2,113.7924386,267
12,2,153.8341231,267
14,2,160.4618408,267
9,1,136.6742073,267
6,3,120.1936416625977,267
6,2,119.6900489,267
16,3,168.200927734375,267
13,3,158.8331909179688,267
12,3,153.3731994628906,267
7,1,126.2133711,267
18,1,175.4880914,267
9,2,135.9958414,267
17,1,174.9838781,267
19,2,164.0736218,267
7,2,125.170551,267
11,1,146.9932885,267
13,3,159.6049194335938,268
19,2,164.9254374,268
10,2,143.4311411,268
10,1,143.0265078,268
11,1,147.9442764,268
19,3,170.7689666748047,268
6,2,121.4935393,268
18,1,175.7033792,268
8,3,132.8693084716797,268
5,1,117.6347186,268
18,3,170.1841583251953,268
13,1,160.1175363,268
9,3,137.9640960693359,268
7,2,126.9472528,268
17,3,169.563232421875,268
15,2,162.9409023,268
19,1,176.3625978,268
5,2,115.5925166,268
15,3,166.8344268798828,268
11,2,149.6097152,268
8,2,132.2347638,268
6,1,123.2339392,268
12,2,155.1472831,268
11,3,148.7297058105469,268
18,2,164.3950959,268
14,1,166.2411625,268
10,3,143.2177581787109,268
14,2,161.5000289,268
16,2,163.704544,268
9,2,137.6405358,268
13,2,159.0506682,268
14,3,163.9395904541016,268
12,1,153.5622922,268
16,3,168.5687408447266,268
5,3,116.6428756713867,268
17,1,174.7998056,268
7,1,128.4691807,268
16,1,173.216674,268
15,1,170.5448412,268
6,3,122.3933715820313,268
12,3,154.3143157958984,268
17,2,164.0866938,268
8,1,133.4381991,268
9,1,138.2541114,268
7,3,127.7417221069336,268
13,1,156.6469181,269
5,2,111.8619149,269
6,2,117.7761111,269
17,3,165.9735870361328,269
12,1,149.990548,269
17,1,170.6502464,269
19,3,166.0990753173828,269
6,1,117.9704623,269
10,1,139.0712613,269
18,1,171.0967604,269
12,2,151.4460585,269
15,2,159.1455274,269
12,3,150.6112823486328,269
7,2,123.2508691,269
13,2,155.3217053,269
7,3,123.4318084716797,269
8,2,128.5664246,269
5,3,111.8994064331055,269
9,1,134.0511983,269
13,3,156.0936126708984,269
15,3,163.7235260009766,269
19,1,171.4543766,269
5,1,111.9354148,269
19,2,160.9579998,269
9,3,134.0205688476563,269
18,3,166.0578308105469,269
8,1,128.9295919,269
8,3,128.7556304931641,269
14,1,162.7909379,269
14,3,160.7000122070313,269
11,2,145.9284686,269
9,2,133.9857162,269
10,3,139.3919982910156,269
10,2,139.7646479,269
14,2,157.740131,269
6,3,117.8764495849609,269
16,2,159.8611275,269
18,2,160.4666814,269
15,1,167.012571,269
7,1,123.6012619,269
11,1,144.2046323,269
17,2,160.1927129,269
16,3,165.3482666015625,269
16,1,169.477751,269
11,3,144.9707794189453,269
5,3,108.3728408813477,270
14,2,154.3186908,270
8,1,125.4703371,270
11,2,142.1508893,270
12,1,146.6674495,270
7,2,119.3323106,270
7,1,120.2119191,270
10,1,135.6057712,270
7,3,119.7864532470703,270
5,2,108.007697,270
19,2,158.6028371,270
17,1,167.9084533,270
18,3,163.0731048583984,270
6,3,114.285774230957,270
16,2,156.8148528,270
17,3,162.6932067871094,270
11,3,141.4548492431641,270
8,3,125.0653762817383,270
12,3,147.2002410888672,270
18,2,157.8696524,270
8,2,124.6334752,270
19,1,168.4035902,270
18,1,168.2444032,270
10,3,135.7518005371094,270
9,2,130.0691742,270
16,1,166.7191194,270
6,1,114.6623525,270
17,2,157.3713531,270
14,1,159.7252087,270
6,2,113.8841476,270
10,2,135.9069961,270
15,3,160.088623046875,270
5,1,108.7152523,270
15,1,164.1107489,270
16,3,161.8477478027344,270
13,1,153.4375468,270
15,2,155.8967315,270
12,2,147.7634723,270
14,3,157.085693359375,270
13,3,152.6190795898438,270
11,1,140.7981994,270
19,3,163.4846038818359,270
13,2,151.7570529,270
9,1,130.5614019,270
9,3,130.3230133056641,270
