age,sex,value,lid
7,2,118.2575645098122,1
6,3,112.8268261731299,1
13,2,150.7291831256077,1
9,2,128.8216482188996,1
9,1,127.564762768751,1
13,3,150.022641039463,1
12,1,142.7018756845834,1
18,3,162.728438052998,1
14,3,154.5718868884258,1
10,3,133.4318854762685,1
16,3,160.0112513445191,1
14,2,153.4628136374199,1
6,1,112.6783330394435,1
11,3,138.9840482690545,1
17,1,165.8608131943654,1
19,1,169.4326181650584,1
18,1,167.6780520250897,1
14,1,155.6565890078338,1
6,2,112.9783898411728,1
10,1,132.2474979630864,1
19,3,163.9483247928584,1
18,2,157.6904575225239,1
5,3,107.1840632349377,1
5,2,107.3278770819293,1
19,2,158.3777917351554,1
15,2,155.2574710296267,1
8,3,123.1331287945113,1
17,2,157.1157037021004,1
11,2,140.9147548742621,1
13,1,149.3319910212029,1
5,1,107.0431770624214,1
15,1,160.3364669784513,1
8,1,122.8261136305781,1
7,3,118.0778469279315,1
11,1,137.0962965895186,1
8,2,123.4468678181081,1
7,1,117.9018469726117,1
12,2,146.6085314743741,1
10,2,134.6433608329528,1
16,1,163.5557917150563,1
9,3,128.1861839563677,1
16,2,156.3923519888733,1
12,3,144.6330328032371,1
17,3,161.530881593435,1
15,3,157.8244213397289,1
6,1,113.8245326165314,2
8,1,124.141827075289,2
16,2,154.8398664765378,2
12,1,143.7638160673714,2
16,3,159.7331689616766,2
6,3,113.3631147647709,2
18,2,155.8225551074981,2
7,1,119.1722246693254,2
14,2,152.112566575467,2
5,1,107.9733598911371,2
9,3,128.6597101806991,2
8,3,123.6859116207045,2
9,2,128.4143910374684,2
5,2,107.111306881508,2
19,3,162.6056216193297,2
19,1,168.432288629567,2
17,1,166.170235622834,2
18,1,167.4068813520419,2
17,2,155.4400231263952,2
8,2,123.1860670162528,2
10,3,133.7464498502827,2
15,2,153.8085901051083,2
9,1,128.8832908827806,2
11,3,139.0921373678116,2
18,3,161.8451780127318,2
14,3,154.4683615268558,2
15,3,157.6714515137115,2
10,2,134.0234801451141,2
12,3,144.6118130870199,2
10,1,133.4938748212797,2
7,3,118.6655550218814,2
19,2,156.304949122986,2
11,1,138.2232096200397,2
13,2,149.4984031472226,2
5,3,107.5623509717636,2
13,3,149.940793822431,2
11,2,140.044120138414,2
15,1,161.2132945554625,2
17,3,161.023890865062,2
13,1,150.3453594607667,2
12,2,145.5400857632615,2
7,2,118.1101078600753,2
14,1,156.6248019004919,2
6,2,112.8569731342195,2
16,1,164.2312783863636,2
13,3,159.0874059708922,3
18,2,164.2992915782638,3
11,3,147.6945501604744,3
16,1,174.1616235366358,3
15,3,166.9182451292969,3
5,2,113.2921019291286,3
19,2,164.6406045347179,3
9,2,136.0254271693147,3
14,1,166.3101651353742,3
12,1,152.9645512181032,3
14,2,160.9374033847846,3
10,3,141.8940041870405,3
14,3,163.6886693059816,3
10,2,142.023005573655,3
7,3,125.4854818503328,3
13,1,159.8521695996993,3
17,2,164.0090233158732,3
19,3,171.3114420212596,3
18,3,170.8618040131611,3
6,2,119.3064483895515,3
8,2,130.411877174543,3
15,1,171.0348749607093,3
13,2,158.28461354334,3
18,1,177.164900484945,3
5,3,113.7371057954021,3
7,1,126.026979022482,3
15,2,162.6018018097925,3
10,1,141.7713099958553,3
11,2,148.40815304258,3
17,3,170.1858726815438,3
11,1,147.015579669284,3
9,1,136.6544980887074,3
12,2,154.1643484520921,3
8,1,131.453747799042,3
16,2,163.5368814264135,3
17,1,176.1028572279151,3
6,3,119.8181907799667,3
12,3,153.5496329544299,3
6,1,120.3048155304047,3
5,1,114.1603340661299,3
8,3,130.9458912761446,3
9,3,136.347923207307,3
7,2,124.9158982642097,3
16,3,168.9741343697059,3
19,1,177.7086176974181,3
18,3,164.2111325558942,4
14,2,156.198863203763,4
5,1,111.8286016673835,4
17,1,169.9284738227829,4
12,3,149.9112336835569,4
10,2,138.8550950110091,4
18,2,157.8129596258576,4
19,2,158.1928035588676,4
11,1,143.7418244889282,4
10,1,138.6597815406618,4
5,2,110.1647960531425,4
18,1,170.4623727814772,4
6,3,117.1114210003354,4
11,3,144.3442621746868,4
6,1,117.8183879419119,4
9,1,133.6947590099897,4
17,2,157.7470675822223,4
13,2,154.0368027967531,4
13,3,155.0737082397484,4
16,3,163.287639859296,4
16,2,157.6882414850359,4
9,2,133.0467442884208,4
19,3,164.6245945129178,4
16,1,168.7375332334439,4
7,2,122.0775495724199,4
8,3,128.1062369043243,4
15,1,166.3313295439544,4
14,1,162.1612992661271,4
6,2,116.3769547810696,4
13,1,156.0772365393047,4
10,3,138.7557014273429,4
19,1,170.9266651855967,4
7,3,122.7447090473742,4
15,2,157.2964344488225,4
5,3,111.012778467038,4
9,3,133.3766262291821,4
14,3,159.2265745275774,4
8,1,128.6478771080539,4
8,2,127.5441647736948,4
11,2,144.9680469742988,4
12,2,150.3588632578692,4
15,3,161.8795508212525,4
12,1,149.4785027527456,4
7,1,123.3872177384475,4
17,3,163.9150712113264,4
5,2,113.0073754401929,5
11,1,148.5014208084468,5
19,3,169.9833346546749,5
17,2,162.5636888818852,5
14,3,164.4902987760262,5
12,1,154.5557012170215,5
18,1,176.5473184902427,5
5,3,113.6812544142864,5
17,3,169.6389060075612,5
10,2,143.2714560995537,5
13,1,161.483907078777,5
11,3,148.9669337659173,5
15,3,167.3799270601653,5
19,2,162.8601869579266,5
7,1,126.7453006566501,5
12,2,154.9071040898372,5
14,2,160.8653378293014,5
6,2,119.7740763061005,5
14,1,167.8989773440105,5
15,1,172.3884148467841,5
13,3,160.1047379747852,5
6,3,120.2817375245491,5
8,1,132.3846716317745,5
16,2,162.4978617613741,5
18,3,169.7975224794735,5
9,3,137.5711955560473,5
10,3,143.1839589884735,5
8,2,131.6403689410537,5
9,2,137.3394257681264,5
15,2,162.0409339112288,5
16,1,175.0196475611702,5
5,1,114.3224278364596,5
19,1,176.6492834572973,5
8,3,132.0220400849755,5
7,3,126.3259606882055,5
18,2,162.589243027376,5
7,2,125.8847186521916,5
11,2,149.4592448974264,5
12,3,154.7263819355398,5
17,1,176.2573598517056,5
6,1,120.7645100179651,5
9,1,137.7910847813621,5
10,1,143.1011256386186,5
16,3,168.9640580688353,5
13,2,158.6413499211566,5
15,2,160.496563860448,6
13,3,156.2058405625094,6
19,1,173.3330113765128,6
10,1,137.6950349727254,6
11,2,146.4672417283771,6
19,3,167.8247397960226,6
9,1,132.475347680405,6
6,1,116.0269178398773,6
18,3,167.4003176440483,6
6,3,116.4853966731478,6
6,2,116.9760009508855,6
16,3,165.9023743734504,6
17,3,166.8879346056054,6
13,1,156.077987147562,6
8,3,127.7050562018982,6
5,2,110.8451988035891,6
9,3,133.1957847261746,6
19,2,161.9887312183448,6
14,3,160.8610980489328,6
18,2,161.6807778313071,6
7,3,122.1945145706493,6
5,3,110.3611610604097,6
15,3,164.0323101264701,6
16,1,170.2385956671931,6
10,3,138.8263191641476,6
14,1,162.6272437105366,6
15,1,167.3117922375395,6
17,1,171.9282946801252,6
12,2,152.2386760851676,6
12,3,150.6055331487585,6
7,2,122.6868033375068,6
16,2,161.243397577516,6
18,1,172.7692758425801,6
10,2,140.0413108967087,6
14,2,158.9552631857985,6
7,1,121.7342042383118,6
11,1,143.0331529299109,6
8,1,127.1837901163673,6
17,2,161.4946600627052,6
5,1,109.9081616986692,6
13,2,156.3436696685769,6
9,2,133.9683592142531,6
11,3,144.6870204849376,6
8,2,128.262977283627,6
12,1,149.0898037904609,6
18,1,177.9956447498884,7
19,1,178.2065496161523,7
14,1,168.2638781727967,7
9,1,137.5760954495332,7
10,3,142.9343311686167,7
11,2,149.4531144355747,7
12,3,154.9563707061902,7
16,1,175.8394936973044,7
14,3,165.276809681939,7
5,3,113.5620969720843,7
6,3,119.916068139067,7
7,1,126.473564987142,7
7,2,125.1635295078157,7
7,3,125.8347623176767,7
13,3,160.6117663999129,7
10,1,142.9570171216556,7
19,2,164.5288149230198,7
17,3,171.1017977372015,7
8,2,130.8852989028615,7
9,2,136.7138615214074,7
17,1,177.4144191011203,7
10,2,142.9105047363954,7
19,3,171.518997347035,7
15,1,172.948420332826,7
18,3,171.396158411126,7
6,1,120.5107959531755,7
8,3,131.5226440481476,7
14,2,162.1210220850045,7
12,2,155.314928257504,7
17,2,164.4683228967325,7
15,2,163.6584672262607,7
16,3,170.2462900442741,7
11,1,148.4430877384683,7
8,1,132.1302338585343,7
5,1,114.1101184937396,7
6,2,119.2883705149317,7
13,1,161.6841631441382,7
11,3,148.9352034169405,7
16,2,164.3518420352814,7
18,2,164.4789870655244,7
5,2,112.9831386107667,7
13,2,159.481536166115,7
9,3,137.155477449148,7
15,3,168.4318702825435,7
12,1,154.6159185744982,7
16,3,165.3952839057745,8
5,1,114.6023401783392,8
7,2,123.6667673451107,8
18,3,166.4489327790667,8
9,1,135.6196720203095,8
13,1,157.7567603171636,8
10,1,140.451788689106,8
13,3,156.770986234766,8
8,1,130.7403206943186,8
14,2,158.1220386990827,8
11,3,145.9060989861964,8
14,1,163.9071983243826,8
12,1,151.1489294888455,8
12,2,151.8934643058218,8
9,3,135.0111605544595,8
11,2,146.3723080445194,8
5,2,112.2961140975233,8
6,2,118.1992515896796,8
7,1,125.6897953865324,8
15,1,168.1975890791762,8
8,2,128.9676698904213,8
18,1,172.3964319355004,8
13,2,155.7541721001985,8
9,2,134.3841551989649,8
7,3,124.6942010506578,8
6,3,119.2904119085432,8
15,2,159.3908834671163,8
12,3,151.5154571932898,8
6,1,120.3464003412515,8
10,2,140.1837739928412,8
19,3,166.7123025231739,8
15,3,163.8528098319192,8
8,3,129.8675403620319,8
17,1,171.9333060062094,8
18,2,160.3135384468794,8
11,1,145.4536753842198,8
19,1,172.6596936330967,8
5,3,113.468771044077,8
14,3,161.0567603915414,8
16,1,170.709449828844,8
17,2,160.1546313354998,8
16,2,159.9342655718231,8
17,3,166.1315915732427,8
10,3,140.319770908409,8
19,2,160.5921896174438,8
13,2,151.7880127992185,9
12,2,148.2310558215439,9
16,1,166.4001727953975,9
6,2,114.7900892856424,9
8,1,126.9508082795479,9
14,3,157.0638094112054,9
14,1,160.199130769201,9
19,3,161.8501034765759,9
13,3,153.0333479992077,9
16,3,160.8454985112777,9
13,1,154.2444346295478,9
9,2,131.3146574381248,9
10,2,136.999679732586,9
12,1,147.7358302281361,9
18,1,167.6978577414047,9
11,1,142.0526189455751,9
5,2,108.5175906174167,9
17,3,161.3301372670292,9
14,2,153.846947576273,9
19,1,168.032663429644,9
15,3,159.5824923677036,9
9,1,132.0316465675629,9
16,2,155.1972888419934,9
11,2,142.9731333627729,9
11,3,142.5057793710471,9
5,3,109.1664414776583,9
17,2,155.2094178305425,9
18,3,161.4993487390529,9
10,3,136.9988353951271,9
17,1,167.3724148119787,9
6,1,115.9453499289382,9
7,3,121.0683144170942,9
15,2,154.8650781647549,9
8,3,126.4358442532001,9
7,1,121.626150608111,9
7,2,120.4914421419631,9
10,1,136.9980195339194,9
9,3,131.6789780233332,9
6,3,115.3774564484582,9
5,1,109.7936396713025,9
18,2,155.247822596127,9
19,2,155.6469415071204,9
15,1,164.1987192472403,9
12,3,147.9797919250098,9
8,2,125.9034663407443,9
10,2,137.3957722022,10
6,3,115.9340585545472,10
12,1,146.3493448725701,10
5,3,110.2998183682982,10
11,2,143.5829932219072,10
14,2,155.7553222508448,10
7,3,121.1843266262165,10
8,1,126.2559045912198,10
8,2,126.2320174692396,10
6,1,116.2018861969103,10
13,1,153.0181222229448,10
10,3,136.5607767990575,10
15,3,160.6356295113453,10
9,1,131.0186659357143,10
9,2,131.6183454061041,10
13,3,153.1007264416156,10
14,1,159.3136761454791,10
5,2,109.8984143830962,10
15,1,163.8612527385437,10
19,2,159.786666019804,10
18,1,169.9536894863613,10
12,3,147.7502615271727,10
12,2,149.185455177771,10
16,2,158.2767505657898,10
17,3,163.7994672833003,10
10,1,135.7560541413394,10
19,3,165.4767175456788,10
18,2,159.2057616455085,10
9,3,131.3116861109712,10
14,3,157.5517419012779,10
16,3,162.5885780423555,10
19,1,171.0691278078324,10
13,2,153.1850547777838,10
16,1,166.8239394475775,10
6,2,115.6523582354375,10
11,1,140.6749646305924,10
11,3,142.1087377417539,10
5,1,110.6810929104106,10
18,3,164.6292884930234,10
17,2,158.8013537097393,10
17,1,168.7112983682469,10
7,1,121.3555208589521,10
8,3,126.2442392363793,10
7,2,121.0045745745809,10
15,2,157.3484392918617,10
13,1,147.9493635802309,11
12,2,145.9508031985703,11
19,2,156.9682776240949,11
8,2,122.8194979142222,11
14,2,152.6580876007758,11
7,2,117.5675357829043,11
9,2,128.2248757270945,11
6,2,112.1926859213069,11
18,2,156.4097108009901,11
10,3,132.2620531440574,11
16,3,158.8629136480417,11
16,2,155.3705734516777,11
18,1,166.1727280352574,11
12,1,141.1985592933081,11
16,1,162.3358020763474,11
10,2,134.0505190259333,11
5,1,104.9762901742245,11
13,2,150.0075180616688,11
12,3,143.5632249670724,11
9,3,126.958844650927,11
17,2,155.9680817734508,11
17,1,164.5490104465116,11
11,2,140.3004995733763,11
19,3,162.2978694820574,11
15,2,154.3519879592305,11
14,3,153.5191925689257,11
18,3,161.293775278979,11
19,1,167.6371014143167,11
15,1,159.1129760492883,11
5,3,105.6935181016011,11
6,3,111.4089371441311,11
8,1,120.8886357022844,11
6,1,110.6345401325208,11
11,3,137.8701473941292,11
17,3,160.2660283887607,11
11,1,135.4640852292336,11
8,3,121.8490701653849,11
9,1,125.7056219996872,11
10,1,130.491786966954,11
5,2,106.4204376860402,11
7,3,116.7308130349627,11
13,3,148.9737600848775,11
14,1,154.373117222377,11
7,1,115.9032246213976,11
15,3,156.7411134384522,11
9,3,134.6018204884639,12
14,3,161.040541815816,12
11,3,145.5970517962657,12
6,2,118.0061472351143,12
7,2,123.5649418393392,12
10,1,139.8024306779549,12
16,3,165.2451811788593,12
19,1,172.6619084078363,12
8,2,128.9256781881372,12
15,1,168.0373809125242,12
9,1,134.8079718255511,12
14,1,163.8839502146315,12
7,1,124.4828437449155,12
10,2,140.1476126591885,12
13,2,155.5262719227625,12
16,2,159.5493621741826,12
19,3,166.8171690806121,12
8,3,129.3721528415871,12
17,2,159.7235047821334,12
12,2,151.747551750422,12
18,2,159.8657682761174,12
13,1,157.6912374821737,12
19,2,160.3296759918623,12
5,2,111.9785521474327,12
15,3,163.8145712276362,12
11,1,144.9956037228244,12
18,3,166.1510541427584,12
17,3,165.831726158085,12
6,1,118.8702503145459,12
15,2,159.0274244266841,12
12,3,151.3008007460174,12
5,1,112.8208518629274,12
13,3,156.6805642171149,12
11,2,146.2880853259292,12
6,3,118.47026253622,12
12,1,150.9108440697309,12
17,1,171.2742773999213,12
9,2,134.3636984684743,12
5,3,112.4311211458811,12
7,3,124.0577007310825,12
18,1,171.7821830997752,12
8,1,129.7579685422168,12
10,3,139.9628068886257,12
14,2,157.8042528201289,12
16,1,170.2932254697292,12
14,1,163.887586134502,13
6,1,118.6176187093245,13
15,3,165.4386742421158,13
9,2,133.8960434549236,13
10,1,139.3064895685932,13
7,3,123.5643857981729,13
10,2,139.9175133907752,13
7,1,124.1172148433839,13
11,1,144.4162009444705,13
12,3,151.2840710111415,13
13,3,156.9810136308122,13
10,3,139.6046046061725,13
16,1,172.56317564527,13
6,2,117.6116602884132,13
12,1,150.2917170231108,13
8,1,129.3404146322457,13
15,2,161.7675102232301,13
11,2,146.3981242637276,13
17,1,175.0552311190075,13
5,1,112.7147228002252,13
18,2,164.4236504740978,13
18,1,176.6013817336181,13
13,1,157.2385963467589,13
9,1,134.3590811330421,13
6,3,118.1272667682645,13
19,2,164.7660741651424,13
8,3,128.8510829733085,13
7,2,122.9825451030148,13
5,2,111.9256277450045,13
9,3,134.1333606566608,13
15,1,168.958142752737,13
14,2,159.7046584496433,13
16,3,167.9495363857374,13
19,1,177.3025659786306,13
16,2,163.1343658430625,13
5,3,112.3297778406837,13
18,3,170.6094179826005,13
13,2,156.7113236485895,13
8,2,128.3363294823906,13
19,3,171.1563070781478,13
17,3,169.6074961904817,13
11,3,145.3840731826723,13
14,3,161.8414163914844,13
17,2,163.9638523516738,13
12,2,152.3231675692219,13
13,2,150.9385065663111,14
5,3,105.4921671062536,14
19,1,163.8621971662423,14
7,2,118.8536695955035,14
12,3,143.4222545751533,14
16,2,155.5475586527568,14
10,3,132.2249788868396,14
9,3,126.9506132363222,14
10,1,129.4478320793273,14
5,1,103.6232554508715,14
15,3,156.305476339566,14
17,2,155.9223626680345,14
11,1,134.4574866825014,14
19,2,156.8110279773761,14
7,3,116.6846203324201,14
13,1,146.8998598585447,14
15,1,157.6425275461551,14
6,1,109.3713635685735,14
14,2,153.3811866883271,14
11,2,141.4980951751423,14
10,2,135.3188819442842,14
13,3,148.8019955003462,14
19,3,160.4884161543902,14
9,1,124.6204749836776,14
11,3,137.7809915919411,14
18,1,163.1122293388841,14
8,1,119.7545900713262,14
16,3,158.1392488131255,14
12,2,147.0370752404825,14
17,3,159.1988827963313,14
6,3,111.3002675286012,14
17,1,162.1529283339147,14
16,1,160.4627313922929,14
18,3,159.8455243542352,14
15,2,154.807917352758,14
8,2,124.1367677319746,14
7,1,114.710204767231,14
18,2,156.249534813958,14
14,3,153.2741090194722,14
6,2,113.408972670219,14
12,1,140.1993861313457,14
8,3,121.8373927107479,14
9,2,129.5350022274423,14
14,1,153.1787253906402,14
5,2,107.5251555116062,14
5,2,110.1729197770309,15
15,3,160.4385396549834,15
19,2,158.1167733931333,15
13,3,153.197212169199,15
13,2,153.2820770327627,15
9,2,132.129239202548,15
16,1,166.5293964601113,15
11,1,140.6298453336812,15
18,2,157.8673667035657,15
18,3,163.2069162218309,15
10,1,135.5835089037399,15
7,1,120.7018239918379,15
5,1,109.5173220358213,15
15,2,156.9394094049456,15
9,1,130.7198894842195,15
6,1,115.3156862592941,15
17,3,162.8765425000855,15
8,3,126.2797259154805,15
13,1,153.1146275854763,15
12,3,147.9076172088406,15
12,1,146.4020900745918,15
7,2,121.4962355556092,15
8,2,126.7765946643468,15
5,3,109.8401346416682,15
19,1,168.697941409437,15
14,1,159.3895834247853,15
9,3,131.4040532691898,15
16,2,157.5413182520748,15
17,2,157.7525706656869,15
11,2,143.9602410325284,15
14,3,157.5460745844885,15
6,2,116.0473593057193,15
15,1,163.8208879324715,15
10,2,137.8461575832551,15
6,3,115.6751130401344,15
14,2,155.6334638121966,15
16,3,162.089503473346,15
19,3,163.516177513142,15
10,3,136.6868492737069,15
7,3,121.0908729095917,15
18,1,168.4396021668361,15
8,1,125.8090066593117,15
12,2,149.4421565883504,15
17,1,167.9294799481096,15
11,3,142.2692795866094,15
7,2,117.834544206475,16
6,1,110.8979174935162,16
11,2,140.9556405951954,16
8,2,123.1929748204722,16
19,2,157.9762876315338,16
15,2,155.1175854095691,16
13,1,149.4193359790235,16
16,1,163.7185323110608,16
18,1,167.3936973541052,16
10,2,134.6185164558838,16
11,1,136.7542101167719,16
10,3,133.1210402184744,16
18,2,157.3144322581493,16
6,2,112.345625600998,16
17,2,156.804772275335,16
7,1,116.4224937061688,16
6,3,111.6200255468574,16
19,3,163.4419692247843,16
14,3,154.6438913239218,16
9,1,126.6649595922533,16
18,3,162.3576258945653,16
13,2,150.7550301045605,16
14,2,153.4169829997687,16
12,1,142.6018244832776,16
8,3,122.4148467709451,16
14,1,155.8648732016124,16
9,3,127.6793524713407,16
17,1,165.8269637113994,16
7,3,117.1268516758099,16
15,1,160.5803126172674,16
10,1,131.6309315595947,16
13,3,150.0855236607155,16
5,3,105.6941602866307,16
8,1,121.6403927463733,16
12,2,146.6667497517963,16
5,1,104.9526788993109,16
15,3,157.8548465195682,16
9,2,128.6986463153687,16
5,2,106.4394388082174,16
17,3,161.3216293027035,16
11,3,138.8497727730154,16
12,3,144.6292048053746,16
16,2,156.1635124732657,16
16,3,159.9474283438703,16
19,1,168.9063921633392,16
10,2,136.0428653331914,17
12,1,145.1985742880087,17
13,1,151.7570478530378,17
12,2,147.9364050487987,17
14,2,154.7642937622172,17
14,3,156.4527064676251,17
11,1,139.7199604255009,17
19,2,159.8849952771389,17
15,3,159.7231122433425,17
18,3,164.7800518385517,17
16,1,166.0266227688405,17
17,1,168.4089359931876,17
18,1,170.2632097451328,17
7,3,120.5543280271227,17
7,2,119.7860257287714,17
16,3,161.9410410364096,17
8,1,125.9961897891274,17
17,2,158.3849256103538,17
10,1,135.0443771228178,17
9,2,130.2709677607112,17
5,3,109.9681835809371,17
10,3,135.5313838256299,17
8,3,125.4773672232066,17
12,3,146.5327336174315,17
11,2,142.2620193885076,17
6,2,114.5563285504561,17
9,1,130.5420298893388,17
11,3,140.9603200657431,17
7,1,121.2901853976406,17
6,3,115.4501008770089,17
14,1,158.0542601928309,17
8,2,124.9338776521119,17
15,1,162.7539111560706,17
18,2,159.0400586579754,17
13,2,152.0498748344709,17
13,3,151.8995477438226,17
19,3,166.0462092988095,17
16,2,157.6450558189546,17
5,2,108.9538359429129,17
5,1,110.9415420397514,17
17,3,163.5185015615231,17
19,1,171.9532464859094,17
15,2,156.5316133919474,17
6,1,116.3079792626254,17
9,3,130.4098023812854,17
13,1,161.483907078777,18
19,2,162.8601869579266,18
8,2,131.6403689410537,18
12,2,154.9071040898373,18
14,1,167.8989773440105,18
19,1,176.6492834572973,18
16,2,162.4978617613741,18
18,3,169.7975224794735,18
18,1,176.5473184902427,18
6,3,120.2817375245491,18
15,3,167.3799270601653,18
9,2,137.3394257681264,18
19,3,169.9833346546749,18
10,2,143.2714560995537,18
8,3,132.0220400849755,18
7,1,126.7453006566501,18
13,2,158.6413499211566,18
11,2,149.4592448974264,18
17,3,169.6389060075612,18
15,2,162.0409339112288,18
8,1,132.3846716317745,18
10,1,143.1011256386186,18
14,3,164.4902987760262,18
5,3,113.6812544142864,18
5,2,113.0073754401929,18
9,1,137.7910847813621,18
16,1,175.0196475611702,18
17,2,162.5636888818852,18
11,1,148.5014208084467,18
14,2,160.8653378293014,18
16,3,168.9640580688353,18
9,3,137.5711955560474,18
11,3,148.9669337659173,18
6,1,120.7645100179651,18
5,1,114.3224278364596,18
12,3,154.7263819355398,18
10,3,143.1839589884735,18
6,2,119.7740763061005,18
17,1,176.2573598517056,18
12,1,154.5557012170216,18
13,3,160.1047379747851,18
7,2,125.8847186521916,18
15,1,172.3884148467841,18
7,3,126.3259606882055,18
18,2,162.589243027376,18
11,1,148.1450476965821,19
11,3,148.6868024352381,19
9,3,137.1112888198802,19
15,2,163.2895313906577,19
18,3,171.4633504279499,19
9,1,137.4129210580611,19
7,2,125.4120227387282,19
5,1,113.8795623687945,19
16,1,175.5413380130447,19
6,2,119.5236847978101,19
10,2,142.8535137763366,19
10,3,142.7904438975038,19
17,3,171.0064902212091,19
18,2,164.5589657127314,19
17,2,164.4403308226821,19
5,3,113.5069575473213,19
8,3,131.5447814478593,19
8,1,131.9941279335163,19
19,2,164.7454125420298,19
11,2,149.2556829830021,19
14,1,167.8010102292684,19
6,1,120.3402276612412,19
16,2,164.1152310707342,19
15,3,168.0368887910176,19
12,1,154.2344466837528,19
7,3,125.8844699456961,19
17,1,177.2743821017525,19
18,1,178.0918925112381,19
6,3,119.9418681070107,19
7,1,126.3351459671781,19
19,3,171.7321518215934,19
19,1,178.4601468280142,19
14,3,164.8341106569946,19
5,2,113.1165037526302,19
12,2,154.9927965605516,19
13,2,159.0795585091736,19
10,1,142.7303895399617,19
15,1,172.5390769700406,19
8,2,131.0741706891075,19
12,3,154.6042967995899,19
13,1,161.2363459770095,19
13,3,160.1851880340332,19
9,2,136.7951933433814,19
16,3,169.9694066754172,19
14,2,161.7021647348905,19
11,2,148.4683462781427,20
10,2,142.3741821376119,20
7,3,127.0015978191673,20
12,2,153.9543739557446,20
14,1,165.4632598240845,20
12,3,153.3225273172389,20
16,2,162.7832227118948,20
19,2,164.7363702407277,20
10,1,142.2721453715118,20
11,3,147.7837341176991,20
19,3,170.6498609650964,20
8,1,132.7830344293481,20
15,2,161.89096571157,20
11,1,147.139427754152,20
8,2,131.3223071718223,20
5,1,116.8676633981484,20
14,3,162.964565880506,20
14,2,160.3506224494441,20
7,2,126.1369259125971,20
17,2,163.3433221485329,20
15,1,169.9015508159364,20
10,3,142.321734555583,20
16,3,167.8827968266933,20
18,2,163.9052334070049,20
5,2,115.0826598354306,20
15,3,165.9938592762628,20
18,3,169.8089396450326,20
6,3,121.7035166028211,20
5,3,115.9998797314123,20
13,3,158.5835074431151,20
9,3,137.1186011288083,20
17,1,174.3759808047217,20
13,1,159.282605793949,20
17,3,168.9978396413305,20
19,1,176.3254478311393,20
6,1,122.5457862917644,20
9,2,136.654268437635,20
16,1,172.7252815694559,20
18,1,175.4127284567034,20
9,1,137.5579706969609,20
6,2,120.8138724702608,20
8,3,132.0729188229197,20
7,1,127.8182498539889,20
12,1,152.7263216093777,20
13,2,157.8474738768116,20
15,2,158.1926284106345,21
18,2,158.7086561766173,21
14,3,160.022583216428,21
9,3,134.0137965019261,21
9,2,133.7330145833608,21
16,2,158.5905936103709,21
9,1,134.2839172222181,21
15,1,167.1049224829964,21
17,3,164.8459667313533,21
13,1,156.7341499496505,21
6,1,118.461453798139,21
12,3,150.6242563276391,21
5,3,111.6537666482476,21
18,1,171.4815935126924,21
10,3,139.4142877803249,21
17,1,170.8584662491081,21
18,3,165.1876581446253,21
11,1,144.3387998344518,21
14,2,157.0753251455111,21
19,3,165.631325679811,21
11,2,145.7401213234829,21
12,2,151.1707392739305,21
17,2,158.6470242423263,21
6,3,117.7253717884681,21
15,3,162.7215928776068,21
12,1,150.0971653667626,21
7,2,122.6805209421253,21
11,3,145.0264555016445,21
7,1,123.9970734916579,21
8,2,128.1856660416776,21
19,1,172.0084371707014,21
19,2,159.0794055860615,21
5,2,110.7449668146513,21
10,2,139.5859533493731,21
8,1,129.2437477397923,21
6,2,116.9585846413917,21
5,1,112.5256843188584,21
7,3,123.3520480141233,21
16,3,164.1740836307793,21
10,1,139.2490126379014,21
13,3,155.8254422674392,21
13,2,154.88428995873,21
16,1,169.5832312689098,21
14,1,162.8715760077799,21
8,3,128.7251558573188,21
11,3,137.5233471699878,22
11,2,138.8616676475864,22
8,3,122.1669725537912,22
17,2,153.4645571532582,22
19,3,159.6899786818614,22
15,2,152.2213978575186,22
9,3,127.065986174566,22
14,2,150.7062484623839,22
8,1,122.3037306069369,22
15,3,155.7145115548756,22
5,2,106.2958520039724,22
18,1,164.6302025546446,22
16,1,161.8998044120913,22
18,3,159.2809879751348,22
10,2,132.8204349088815,22
11,1,136.2578167445178,22
15,1,159.0316655540762,22
9,1,126.9270657431468,22
13,1,148.3597357347742,22
13,3,148.2936067066593,22
5,3,106.68341658764,22
16,3,157.5901820589169,22
19,1,165.1861022883745,22
8,2,122.0223943433357,22
19,2,153.9525380750464,22
14,3,152.6853311007275,22
18,2,153.674755891571,22
10,3,132.1419325710421,22
14,1,154.5625352229588,22
16,2,153.0602256118483,22
6,3,112.1658609988899,22
7,2,116.9910696165382,22
7,3,117.2627328063663,22
12,2,144.3328366752998,22
6,1,112.4716140891703,22
5,1,107.049446005788,22
12,3,143.0340261723211,22
12,1,141.8047891131006,22
13,2,148.2238241775785,22
10,1,131.5006343599395,22
17,3,158.6836632253808,22
6,2,111.8425070092997,22
9,2,127.2129270194381,22
17,1,163.6549085585351,22
7,1,117.5197474418012,22
18,2,158.860197860595,23
19,1,170.2669255392228,23
8,3,125.9515605119217,23
7,3,120.925504657267,23
15,1,162.4698735397725,23
17,1,167.7901451925608,23
16,3,161.6561857483414,23
9,3,130.8969132620939,23
8,2,125.6197141633169,23
15,3,159.5123957841849,23
10,2,136.4165373621866,23
15,2,156.4910481237049,23
14,2,154.6921680329407,23
16,2,157.6486368958585,23
16,1,165.5821205375024,23
7,1,121.2496039548986,23
12,3,146.7310565117828,23
17,2,158.3675548394476,23
19,2,159.3423634759495,23
14,1,157.9487032142608,23
9,1,130.9904245597609,23
13,3,151.9259973063554,23
11,1,140.1579633649788,23
10,1,135.5398587108834,23
11,2,142.4877603245036,23
6,3,115.6111937542036,23
5,1,109.7329472642537,23
19,3,164.8598487436356,23
5,2,109.8114386218637,23
13,2,152.0123004422887,23
5,3,109.7716032936413,23
6,1,115.7909690013245,23
12,1,145.4809024871603,23
17,3,163.1260492593472,23
6,2,115.4261266083708,23
18,1,169.2964079925503,23
14,3,156.3385928447018,23
18,3,164.1301593894173,23
7,2,120.5921757232737,23
10,3,135.9722477855857,23
8,1,126.2742900076314,23
9,2,130.8007357478323,23
12,2,148.0110906017127,23
11,3,141.3082107409673,23
13,1,151.8416538579968,23
16,1,160.8178637247646,24
6,2,110.4995795105949,24
13,3,146.3842339808884,24
7,1,116.7753648941478,24
16,2,152.2602832048112,24
18,3,159.4048982875078,24
19,1,165.736064942117,24
10,1,130.4514233059443,24
12,2,142.3539736193015,24
6,1,111.4618771914578,24
7,3,116.2365250590876,24
6,3,111.0006076862427,24
14,1,152.6597880746538,24
5,2,104.7773538319086,24
17,3,158.369532246571,24
10,2,131.0291429532148,24
8,2,120.567497703563,24
14,2,149.0264030450787,24
8,3,121.1099260784885,24
12,1,140.1153809117191,24
15,1,157.4116051777917,24
19,2,153.6448652059454,24
15,2,150.9545213708317,24
12,3,141.1875817864709,24
9,3,125.8579001258088,24
14,3,150.9182281205125,24
19,3,159.8995944808197,24
7,2,115.6514927380571,24
8,1,121.6092350528401,24
17,2,153.077782360521,24
18,2,153.5035596445431,24
13,1,146.4559691838953,24
9,1,126.1081686083438,24
10,3,130.7280658837216,24
13,2,146.3062540997371,24
5,3,105.1726026299262,24
9,2,125.5856250523125,24
15,3,154.3134860028691,24
18,1,164.8994894649971,24
11,2,136.9455892203781,24
16,3,156.7050921436153,24
11,1,134.8969910631891,24
5,1,105.5365202515693,24
11,3,135.8780273163183,24
17,1,163.2833486619168,24
9,3,137.3146577000376,25
18,2,162.222536104485,25
5,3,115.3426700155174,25
13,3,158.9437297343754,25
8,1,132.7347589907247,25
7,1,127.4984111844387,25
5,2,114.7623098933248,25
15,3,166.0184579595327,25
8,3,132.1441130006005,25
13,2,157.8184089628326,25
15,1,170.4751758958146,25
5,1,115.891199262122,25
12,2,154.0750892043708,25
9,2,136.8799759227802,25
9,1,137.7260058475273,25
10,2,142.5891436536652,25
13,1,160.0129112640859,25
17,1,174.4950739275854,25
16,3,167.5941997401088,25
7,3,126.8798047976255,25
19,1,175.6326737380304,25
11,1,147.675436628404,25
6,1,121.9188424826554,25
18,1,175.1558566032858,25
14,3,163.2040298534361,25
16,2,161.814605113232,25
8,2,131.521297422022,25
6,2,120.7306547209887,25
10,1,142.6355192598799,25
7,2,126.2271375653593,25
16,1,173.0794522582271,25
6,3,121.3408584943508,25
17,2,162.008629498985,25
11,3,148.1571804171787,25
17,3,168.4102626034848,25
18,3,168.8617327843908,25
12,1,153.3966783454315,25
14,2,160.081584658347,25
12,3,153.7268188284636,25
14,1,166.1653147894106,25
15,2,161.3162474882758,25
19,3,169.3182737451728,25
11,2,148.6652854794139,25
10,3,142.6129509949599,25
19,2,162.6679490636344,25
8,3,123.3321958224649,26
15,1,159.7577719920418,26
6,2,113.0621291323452,26
18,3,162.8503676256802,26
5,1,107.9537502554436,26
9,1,128.0052617473526,26
15,2,155.3748818481756,26
16,2,156.6509518918655,26
16,3,159.8322948467304,26
13,1,149.0470875289491,26
10,1,132.5236719585402,26
12,2,146.3942090791373,26
17,1,165.3155353602813,26
17,2,157.5025409000892,26
5,3,107.79473413236,26
16,1,162.9287347547997,26
6,1,113.4963004715742,26
9,3,128.2764518251262,26
17,3,161.4598630422373,26
10,3,133.4270619774755,26
8,2,123.2494271673937,26
14,2,153.4433972260421,26
9,2,128.5556571960362,26
11,3,138.8983604247074,26
7,1,118.6131092613415,26
11,1,137.1966500415349,26
13,2,150.5947799545515,26
8,1,123.4126609067357,26
19,2,158.9140561363343,26
18,2,158.1755921274877,26
7,3,118.3978776311131,26
10,2,134.3575810608739,26
15,3,157.5962946377662,26
14,3,154.3352332936467,26
19,1,169.7202999511591,26
18,1,167.4132507925922,26
12,3,144.4743091616667,26
13,3,149.8099183470576,26
12,1,142.6100416112504,26
5,2,107.6318549518924,26
6,3,113.2819769337532,26
7,2,118.1767797113917,26
14,1,155.2027105496566,26
11,2,140.6516322692759,26
19,3,164.3779061945834,26
9,3,130.6289070236844,27
7,3,120.3776948693566,27
7,2,119.7766678332656,27
17,3,163.2869756463868,27
16,3,161.9888147578102,27
11,3,141.460323216373,27
10,2,136.013621504601,27
10,1,135.8008862553928,27
6,3,115.029501604785,27
15,3,159.9923799877067,27
12,2,147.7747430676565,27
8,1,126.0645099579937,27
17,1,168.7550936904424,27
8,2,124.9415227636834,27
8,3,125.5178191165678,27
19,2,158.5137491692986,27
6,2,114.5091491680865,27
10,3,135.9044601616151,27
18,2,157.8683822067791,27
18,3,164.2314157473468,27
19,1,171.1339171381883,27
11,1,140.7637151893299,27
17,2,157.3834828457751,27
11,2,142.1942365351931,27
13,3,152.4435558208082,27
9,1,130.9738710130249,27
5,3,109.2843591422248,27
16,2,156.8090185165261,27
14,1,159.3456140451177,27
5,2,108.8682284822395,27
16,1,166.8260276885318,27
15,1,163.8605667252388,27
13,1,153.0885935243084,27
14,2,154.3092778006483,27
12,3,147.0887539694256,27
13,2,151.7622025083153,27
9,2,130.2653778184153,27
7,1,120.9475045339678,27
5,1,109.6783469668481,27
15,2,155.8747492609395,27
12,1,146.438005889638,27
14,3,156.900028405219,27
6,1,115.5224373953626,27
19,3,165.1410027619684,27
18,1,170.0582737197037,27
19,2,165.7703173114483,28
9,1,138.5281496751091,28
10,2,143.9571996175158,28
17,2,165.3116803675827,28
8,2,132.0715416224846,28
5,1,115.146602687499,28
10,1,143.88936854317,28
16,2,165.1004326312849,28
11,1,149.3537605923246,28
6,2,120.5826499084136,28
13,1,162.534945951308,28
11,3,149.874894917195,28
9,2,137.8314028563537,28
10,3,143.9224322590993,28
17,3,171.9666590061334,28
8,3,132.6015639002547,28
7,3,126.9585038537955,28
12,3,155.8426765560734,28
14,1,169.0707436081678,28
19,1,179.5253036442544,28
12,2,156.2136055555536,28
15,1,173.7385884055996,28
5,3,114.7382725104813,28
17,1,178.3117839703211,28
14,2,162.9176411804082,28
15,2,164.4230787687806,28
16,1,176.6598425267251,28
14,3,166.0692834138906,28
8,1,133.105865711617,28
12,1,155.4902436372747,28
6,3,121.0665487271342,28
9,3,138.1884955955485,28
19,3,172.7941528514718,28
5,2,114.3091825706655,28
16,3,171.0201958584273,28
15,3,169.191396156232,28
18,3,172.427064284151,28
13,3,161.4602546383828,28
11,2,150.4237795127446,28
18,1,179.0844964912941,28
13,2,160.331511233219,28
6,1,121.5275322181356,28
7,2,126.4137368721525,28
18,2,165.4617226013916,28
7,1,127.4770333970714,28
12,2,154.1236738896328,29
12,1,153.5862250070443,29
11,3,148.0584462884542,29
14,1,166.8201008249775,29
11,2,148.583489732502,29
14,3,163.6509520169689,29
10,1,142.1921842555244,29
6,3,119.7127425585802,29
15,3,166.5388639546537,29
8,3,131.1666853987517,29
9,3,136.6590598100265,29
8,2,130.7196928497789,29
16,1,173.8490554091853,29
17,1,175.1837246836932,29
16,3,168.1506524230829,29
9,2,136.3726019381091,29
17,3,168.9334505574224,29
15,2,161.5224565496716,29
13,3,159.2524314656255,29
19,3,169.6650564877244,29
18,3,169.2769017333773,29
19,1,176.0715378356397,29
7,2,125.1001753217662,29
5,1,113.8648532316749,29
12,3,153.847051596495,29
15,1,171.2337800079198,29
6,2,119.2285821407232,29
11,1,147.5625254383373,29
8,1,131.5901359415066,29
13,2,157.958544311802,29
6,1,120.1715124480517,29
17,2,162.2169586285024,29
7,3,125.5833497144767,29
14,2,160.2734080178519,29
5,2,112.8200160147337,29
19,2,162.7393978286719,29
7,1,126.0410787332141,29
10,2,142.3275675067328,29
13,1,160.4700511758951,29
18,1,175.7073140990319,29
9,1,136.9300792860741,29
5,3,113.3565068203695,29
16,2,162.0447524662175,29
10,3,142.2579796694714,29
18,2,162.3470465169673,29
19,2,157.3223794553573,30
6,2,111.7474678469068,30
12,3,143.6485278411348,30
8,3,121.6689196771962,30
18,2,156.5710729625987,30
16,1,162.8229610859089,30
15,3,156.9336754727793,30
11,2,139.9777535114318,30
10,2,133.6973419813116,30
14,3,153.6916457481386,30
13,2,149.7580167672032,30
12,2,145.6613310174585,30
5,2,105.9486136858712,30
9,2,127.846581821865,30
11,3,137.9046517030448,30
14,2,152.4450334831149,30
9,1,125.9025028515447,30
19,1,168.2297682998954,30
16,2,155.2722417383839,30
16,3,159.0802648638767,30
10,3,132.2382983464738,30
15,1,159.6366192461495,30
14,1,154.9141439762359,30
12,1,141.6768325956122,30
13,3,149.1100805271365,30
8,1,120.9348427666253,30
7,3,116.450496613398,30
5,3,105.1612809578952,30
13,1,148.4751310931188,30
15,2,154.1799818754411,30
7,2,117.144029803858,30
17,3,160.5287416028256,30
11,1,135.8742184053079,30
19,3,162.8076077868018,30
8,2,122.4182575718574,30
6,3,111.0129032019046,30
7,1,115.7712247380635,30
18,1,166.6529972575372,30
18,3,161.6464619414965,30
5,1,104.3909935755361,30
10,1,130.8093090147591,30
9,3,126.8645098087083,30
6,1,110.2937348525341,30
17,1,165.0070058672654,30
17,2,155.9800506630937,30
6,2,111.5924399678345,31
7,1,117.6259004641612,31
14,3,152.232577621099,31
9,3,126.8754944893728,31
11,2,138.38170776828,31
9,1,126.9338093296562,31
5,3,106.3520272724273,31
8,1,122.4148132539323,31
6,1,112.433365572997,31
14,2,150.5577008124366,31
16,2,153.6146128815649,31
17,3,159.4038207010968,31
7,3,117.194766455186,31
18,2,154.8156158621152,31
12,1,141.1859246162919,31
18,3,160.4487034640132,31
12,3,142.4821464671744,31
9,2,126.8131479217963,31
5,1,106.7171355569453,31
11,3,137.086642554302,31
19,2,155.1213833484616,31
13,2,147.8581371611648,31
7,2,116.7350218992748,31
19,1,166.8310798292648,31
15,1,158.4909993872503,31
10,2,132.3643644750482,31
17,2,154.3670656779992,31
8,2,121.7023638388462,31
5,2,105.9629322749858,31
10,3,131.8349811467384,31
10,1,131.3399667910642,31
14,1,153.8006858028683,31
17,1,164.1512520328014,31
15,3,155.5456445682285,31
16,1,161.7913823842827,31
8,3,122.0702221120507,31
15,2,152.4044191190962,31
13,3,147.7196648402699,31
19,3,161.134011196886,31
13,1,147.5901028967512,31
18,1,165.7710149189394,31
12,2,143.8681622538397,31
11,1,135.8754598127416,31
6,3,112.0263453353121,31
16,3,157.8294590282661,31
6,3,116.460055267589,32
16,3,163.4270491624287,32
18,3,165.0548961366758,32
8,3,127.1276251320635,32
8,2,126.2713617475606,32
6,1,117.3496361405389,32
15,1,166.0314071992335,32
11,3,143.2587884079286,32
10,2,137.4915106359105,32
13,1,155.3163389288738,32
19,2,158.9919048295995,32
7,3,121.9048405428151,32
9,1,132.9050142995986,32
5,3,110.5987970361244,32
5,2,109.6367302464772,32
9,3,132.3169626689107,32
18,2,158.4512859541881,32
6,2,115.5195227423322,32
17,1,170.4131179129816,32
14,1,161.5780902871033,32
12,2,149.218178694159,32
14,3,158.6630301375503,32
11,2,143.6750704662172,32
13,3,154.2515252347865,32
18,1,171.3413020704705,32
14,2,155.5874418538343,32
7,1,122.7863745606058,32
11,1,142.8652961144008,32
17,2,158.1203183406487,32
13,2,153.1267722031179,32
19,1,172.1581899796411,32
16,1,168.8126502018093,32
12,3,148.9139516147816,32
9,2,131.6940850485955,32
10,1,137.8094178847026,32
15,2,157.0266680591253,32
7,2,120.9714381721517,32
17,3,164.428262858868,32
12,1,148.6261721089723,32
8,1,127.9357993131085,32
16,2,157.7504808433349,32
5,1,111.5103046942881,32
19,3,165.7125687029462,32
10,3,137.654978151809,32
15,3,161.6464351759921,32
13,2,153.8393356090172,33
17,3,164.5014472776257,33
19,3,165.6746994980643,33
17,2,158.583513345193,33
16,1,168.6283526448834,33
12,1,148.8044367911869,33
13,3,154.7039753203903,33
7,3,122.5618878767405,33
5,3,111.193905856677,33
10,3,138.2291960520672,33
8,1,128.2319435355774,33
10,1,138.0443985477151,33
5,1,111.7247472716011,33
12,3,149.3759124420816,33
14,3,159.0957344748053,33
12,2,149.9997253976344,33
14,2,156.2341716856135,33
9,3,132.9437673312821,33
18,1,170.7650438596563,33
10,2,138.4318490457456,33
5,2,110.6097153368263,33
18,3,164.9978909967346,33
15,2,157.6115116324409,33
18,2,158.8059385430732,33
19,1,171.6226101551339,33
11,1,143.0499164349302,33
9,2,132.6832467614248,33
9,1,133.1810053716403,33
8,3,127.7777183444216,33
17,1,169.9949847208101,33
16,3,163.65939042376,33
14,1,161.7281038356905,33
8,2,127.2786996948047,33
13,1,155.4976601978449,33
7,2,121.9878912220472,33
6,1,117.6192012785467,33
6,2,116.5257165919094,33
16,2,158.2864108158112,33
19,2,159.2934922917657,33
6,3,117.0985027271171,33
11,3,143.7567271080505,33
11,2,144.5298945269127,33
15,1,166.0630641560856,33
7,1,123.0840183695295,33
15,3,162.0085047488002,33
19,3,167.3165435791016,35
9,3,132.1500244140625,35
19,1,173.3153611,35
18,1,171.4862282,35
15,1,164.4774403,35
8,3,126.9857330322266,35
12,3,148.68408203125,35
7,1,120.9955045,35
8,2,127.8550658,35
18,3,166.1294403076172,35
5,2,111.3866797,35
13,1,153.449489,35
5,1,109.610992,35
14,3,158.5744934082031,35
15,3,161.7262878417969,35
12,1,146.7251877,35
14,2,157.2224339,35
13,3,154.0530853271484,35
9,1,131.1047617,35
5,3,110.4781112670898,35
16,1,167.5963493,35
6,1,115.519313,35
11,2,145.2043862,35
11,3,143.059814453125,35
16,2,159.5655328,35
10,3,137.4711608886719,35
12,2,150.7635937,35
13,2,154.7077115,35
18,2,160.3315614,35
11,1,140.9924591,35
6,3,116.3422775268555,35
17,3,165.0701751708984,35
7,3,121.780387878418,35
19,2,160.8452631,35
10,1,135.9806574,35
7,2,122.6010996,35
17,2,159.9904207,35
9,2,133.2393836,35
10,2,139.0210859,35
6,2,117.2038238,35
14,1,159.8222327,35
8,1,126.1530834,35
15,2,158.7467693,35
17,1,169.7599243,35
16,3,163.7394409179688,35
8,1,122.6416617,36
14,1,156.4812751,36
19,3,162.6567687988281,36
7,1,117.4697184,36
9,2,129.7122402,36
5,3,106.7316970825195,36
16,3,159.9426422119141,36
6,2,113.3190955,36
14,2,153.9575953,36
13,3,150.8093872070313,36
12,3,145.4485626220703,36
10,2,135.5916813,36
9,1,127.6222222,36
8,2,124.2176862,36
11,3,139.7402496337891,36
15,2,155.3694885,36
6,3,112.6551971435547,36
7,2,118.8445651,36
18,1,166.5110889,36
7,3,118.1564636230469,36
12,2,147.4802499,36
13,1,150.1539355,36
17,3,160.9842529296875,36
12,1,143.413354,36
10,1,132.5446281,36
16,1,163.7764384,36
15,3,158.1793060302734,36
18,2,157.0549462,36
8,3,123.4293594360352,36
16,2,156.1220862,36
14,3,155.2181701660156,36
10,3,134.0687713623047,36
19,1,167.6115978,36
6,1,111.9934732,36
17,1,165.4001472,36
11,1,137.6209439,36
19,2,157.7381707,36
13,2,151.4635567,36
5,2,107.3647569,36
5,1,106.1014038,36
18,3,161.7689971923828,36
9,3,128.6672821044922,36
17,2,156.5888432,36
11,2,141.856935,36
15,1,160.9961149,36
8,2,123.676018,37
6,3,112.6518020629883,37
15,1,161.7520326,37
19,3,163.3623199462891,37
13,2,151.109316,37
11,2,141.3711272,37
12,1,144.0317554,37
14,2,153.7455191,37
11,1,138.2190552,37
10,3,134.0819244384766,37
18,1,167.3230671,37
9,2,129.1750759,37
9,3,128.6705780029297,37
17,1,166.3844914,37
13,3,150.9526977539063,37
16,3,160.6062927246094,37
14,1,157.168449,37
9,1,128.1823931,37
5,3,106.7318572998047,37
12,3,145.5146179199219,37
19,1,168.0303304,37
18,2,157.7019745,37
17,3,161.7971496582031,37
17,2,157.0788683,37
6,2,112.7995325,37
13,1,150.8011242,37
7,1,117.9973708,37
8,1,123.1826618,37
14,3,155.4844360351563,37
5,1,106.607684,37
10,1,133.1244667,37
16,2,156.4150958,37
15,3,158.6276702880859,37
19,2,158.5818255,37
16,1,164.6748594,37
5,2,106.859842,37
7,2,118.3117822,37
18,3,162.576416015625,37
8,3,123.4254302978516,37
15,2,155.404759,37
12,2,147.0475644,37
10,2,135.0721523,37
7,3,118.1521530151367,37
6,1,112.5085364,37
11,3,139.7685852050781,37
18,3,166.2965698242188,38
5,3,109.0821380615234,38
12,3,148.2225799560547,38
6,2,115.6512433,38
7,1,120.0060904,38
8,3,125.916862487793,38
15,3,161.6082458496094,38
19,3,167.4836120605469,38
13,3,153.7330322265625,38
10,1,135.2725775,38
11,2,144.4608246,38
13,1,153.0948498,38
14,1,159.5619194,38
8,2,126.5970382,38
19,1,172.879127,38
7,2,121.1906029,38
10,3,136.6700592041016,38
16,3,163.7430725097656,38
12,1,146.2568538,38
5,1,108.4801511,38
17,3,165.1763305664063,38
17,2,160.7330823,38
16,1,167.4475697,38
7,3,120.592041015625,38
18,2,161.3448012,38
17,1,169.6058629,38
8,1,125.2508094,38
15,2,158.903299,38
5,2,109.6974637,38
14,2,157.1268274,38
19,2,162.1198728,38
11,3,142.4119110107422,38
11,1,140.399913,38
18,1,171.2540949,38
6,1,114.4530405,38
16,2,160.0147484,38
9,1,130.3005584,38
14,3,158.3513031005859,38
9,3,131.2141265869141,38
15,1,164.2888773,38
10,2,138.0949119,38
9,2,132.146483,38
12,2,150.2203116,38
6,3,115.0456848144531,38
13,2,154.3799924,38
14,2,155.0204666,39
15,2,157.084367,39
17,3,162.9055023193359,39
7,2,118.1619656,39
8,3,123.6386642456055,39
11,1,138.1559338,39
13,3,151.0979766845703,39
18,3,164.4139251708984,39
8,2,123.6443319,39
14,1,156.3345349,39
5,3,106.4939422607422,39
18,2,160.3917168,39
10,1,133.3158045,39
18,1,168.35342,39
9,1,128.5543073,39
6,1,112.7391848,39
19,2,161.3524175,39
5,1,106.5083821,39
9,2,129.2718712,39
7,3,118.2852020263672,39
6,2,112.5363615,39
15,3,158.9788513183594,39
9,3,128.9079437255859,39
11,2,141.8007894,39
17,1,166.2149489,39
13,2,152.0417888,39
6,3,112.6392288208008,39
7,1,118.4049693,39
11,3,139.9546813964844,39
16,3,161.2359008789063,39
19,3,166.1937713623047,39
12,3,145.6677703857422,39
12,2,147.7026857,39
12,1,143.6818253,39
16,1,163.9092208,39
16,2,158.5057411,39
19,1,170.9359861,39
10,2,135.3190318,39
13,1,150.1760054,39
10,3,134.3035278320313,39
15,1,160.8332916,39
14,3,155.6848602294922,39
5,2,106.4790814,39
17,2,159.5260428,39
8,1,123.6331579,39
10,2,132.4519148,40
15,1,160.1272254,40
17,3,159.2404937744141,40
8,1,121.5202507,40
8,3,121.3259963989258,40
12,2,144.3220399,40
10,1,131.4866034,40
11,2,138.7026101,40
11,3,137.6492462158203,40
17,2,153.861905,40
18,2,154.2866889,40
6,2,110.300954,40
5,2,104.3798719,40
9,1,126.533155,40
18,3,160.0423431396484,40
5,3,104.6102523803711,40
9,3,126.5645141601563,40
6,3,110.5441131591797,40
10,3,131.9684753417969,40
8,2,121.1309268,40
14,3,153.2270050048828,40
5,1,104.8398461,40
18,1,165.8100399,40
13,1,149.2094949,40
6,1,110.7864439,40
7,1,116.309888,40
13,3,148.7634124755859,40
7,2,115.7913567,40
15,3,156.2862548828125,40
16,2,153.3462464,40
7,3,116.0511245727539,40
17,1,164.6267695,40
19,3,160.9426116943359,40
16,3,158.138671875,40
19,1,166.9908681,40
15,2,152.4463231,40
9,2,126.5960018,40
11,1,136.5984296,40
19,2,154.9196421,40
14,2,150.8761383,40
12,3,143.3743896484375,40
13,2,148.3170039,40
12,1,142.4281013,40
14,1,155.5768757,40
16,1,162.9389702,40
8,3,125.6430969238281,41
8,2,126.7330889,41
19,2,162.9206289,41
17,1,170.5809216,41
7,3,120.3093032836914,41
12,2,150.227828,41
14,1,159.396312,41
18,1,172.9497421,41
13,3,153.5418395996094,41
15,1,164.3677673,41
10,1,134.7258709,41
11,3,142.1369018554688,41
14,2,157.0755403,41
15,2,158.8424299,41
5,2,109.8967519,41
7,2,121.356409,41
6,2,115.8385953,41
17,3,165.8227233886719,41
11,2,144.5030182,41
11,1,139.9064696,41
14,3,158.2568664550781,41
17,2,160.8309614,41
18,2,161.705258,41
16,2,159.9854793,41
5,1,107.6639341,41
10,2,138.1697282,41
10,3,136.4023895263672,41
16,1,167.8957896,41
16,3,164.0112457275391,41
6,3,114.7443466186523,41
19,3,169.4548187255859,41
12,1,145.8299481,41
8,1,124.6007358,41
13,2,154.3549136,41
6,1,113.6961298,41
9,2,132.2480919,41
5,3,108.7553176879883,41
18,3,167.4970245361328,41
9,1,129.6966414,41
19,1,175.5370093,41
13,1,152.7694824,41
15,3,161.6462707519531,41
7,1,119.305227,41
9,3,130.9413146972656,41
12,3,147.9608764648438,41
13,3,151.8644104003906,42
6,3,113.072135925293,42
9,3,129.3304901123047,42
8,1,121.9831287,42
19,2,160.2877914,42
16,1,164.9777856,42
13,2,153.5540405,42
15,1,161.6215013,42
19,3,165.7549591064453,42
9,1,127.1037797,42
5,3,107.0676498413086,42
16,3,161.8765869140625,42
6,1,111.0211261,42
10,2,137.4851495,42
11,2,143.8005227,42
14,1,156.7522283,42
18,3,164.5234680175781,42
7,3,118.6561431884766,42
6,2,115.1369925,42
5,2,109.1891255,42
14,3,156.4676666259766,42
7,1,116.6596046,42
9,2,131.5695748,42
12,1,143.2684086,42
18,1,169.3193728,42
15,2,157.8145693,42
7,2,120.6651206,42
12,2,149.4886024,42
5,1,104.9612471,42
16,2,158.7607053,42
8,2,126.0511281,42
10,3,134.8117523193359,42
15,3,159.7224884033203,42
11,1,137.3449354,42
18,2,159.7113139,42
11,3,140.5655670166016,42
17,3,163.3539886474609,42
17,2,159.2983777,42
12,3,146.3716735839844,42
13,1,150.1826588,42
14,2,156.1817351,42
10,1,132.1515314,42
19,1,171.2066565,42
8,3,124.0111694335938,42
17,1,167.3917767,42
5,1,105.4175914,43
7,1,116.9654672,43
8,2,124.2325386,43
10,1,132.2903376,43
19,2,159.7906009,43
18,1,167.4922555,43
17,2,158.0855541,43
11,2,142.0700945,43
19,1,168.7146763,43
5,3,106.341064453125,43
15,1,161.2443727,43
19,3,164.151123046875,43
16,1,164.277107,43
14,3,155.5967407226563,43
14,2,154.6053277,43
13,3,151.0286865234375,43
6,2,113.2655578,43
17,3,162.0957794189453,43
7,3,117.88427734375,43
6,1,111.4001185,43
5,2,107.2855895,43
9,3,128.5226135253906,43
15,2,156.3155323,43
16,3,160.8048095703125,43
15,3,158.7785797119141,43
16,2,157.3660714,43
8,3,123.2198181152344,43
6,3,112.3229217529297,43
13,1,150.1494356,43
10,2,135.7216207,43
12,3,145.5482025146484,43
12,2,147.7984331,43
11,1,137.4439215,43
14,1,156.58406,43
11,3,139.744140625,43
18,2,158.7966229,43
7,2,118.8214835,43
17,1,166.1938635,43
12,1,143.3167994,43
9,1,127.289106,43
8,1,122.2247559,43
10,3,133.9924011230469,43
13,2,151.9143725,43
18,3,163.0719757080078,43
9,2,129.777456,43
6,2,115.3534329,44
8,2,126.3171868,44
5,2,109.4084463,44
9,3,129.6227722167969,44
13,1,150.4270757,44
9,2,131.8917375,44
12,3,146.7787170410156,44
17,3,164.2616577148438,44
15,3,160.4199981689453,44
19,2,162.3154614,44
7,3,118.9350662231445,44
19,3,166.9091186523438,44
5,1,105.3952571,44
10,1,132.4366577,44
13,2,154.3311442,44
14,2,157.1369564,44
16,3,162.6827239990234,44
16,2,160.1453965,44
6,1,111.4184528,44
14,1,156.9806087,44
5,3,107.3764266967773,44
16,1,165.1597196,44
18,2,161.5405671,44
7,2,120.8967238,44
11,1,137.614864,44
8,3,124.2913131713867,44
15,2,158.9753971,44
19,1,171.4265199,44
13,3,152.3545837402344,44
7,1,117.0226756,44
18,3,165.5350799560547,44
6,3,113.3611526489258,44
14,3,157.0578002929688,44
12,1,143.5255623,44
17,2,160.9109993,44
12,2,150.1144202,44
17,1,167.5386463,44
9,1,127.4100384,44
18,1,169.4523269,44
11,2,144.3009262,44
15,1,161.8290033,44
8,1,122.3161402,44
10,2,137.8846774,44
11,3,140.9157867431641,44
10,3,135.1263885498047,44
12,3,145.0499877929688,45
13,3,150.4480285644531,45
15,2,154.7581167,45
9,2,129.0887149,45
16,1,163.9193671,45
12,2,146.8609143,45
18,3,161.450439453125,45
7,3,117.6792984008789,45
14,3,154.9117889404297,45
19,2,156.4448181,45
11,3,139.3250732421875,45
11,1,137.4926571,45
17,3,160.8367919921875,45
14,2,153.3000665,45
8,1,122.4367374,45
6,1,111.7274519,45
19,3,162.0472259521484,45
5,1,105.7996743,45
14,1,156.4600409,45
15,1,161.0272767,45
6,3,112.1371307373047,45
18,1,166.6030863,45
5,2,106.5287119,45
7,1,117.23718,45
5,3,106.1595993041992,45
6,2,112.5574632,45
8,3,122.9806137084961,45
10,3,133.6496734619141,45
17,2,155.8153833,45
17,1,165.6080395,45
12,1,143.3182131,45
19,1,167.4606094,45
13,1,150.0957023,45
18,2,156.0454009,45
9,3,128.2393798828125,45
10,1,132.3877694,45
9,1,127.4408228,45
13,2,150.8151785,45
16,3,159.8061828613281,45
11,2,141.252228,45
10,2,134.9851313,45
8,2,123.5624798,45
15,3,157.9586791992188,45
16,2,155.4925809,45
7,2,118.1433404,45
18,2,158.1568252,46
13,2,151.7442613,46
15,3,158.3176574707031,46
11,3,139.5857391357422,46
9,1,128.0933494,46
14,3,155.0541687011719,46
16,1,163.9644175,46
11,1,137.2607168,46
7,2,118.7886805,46
8,3,123.8740844726563,46
19,1,170.8620604,46
6,2,113.2668126,46
8,2,124.1684142,46
15,2,156.124351,46
12,1,142.7468889,46
18,3,163.5138549804688,46
17,1,166.6392934,46
19,3,164.7917633056641,46
19,2,158.6948616,46
9,3,128.8852386474609,46
12,3,145.1845855712891,46
11,2,141.9305007,46
6,3,113.6223754882813,46
13,1,149.3223037,46
17,3,162.1972198486328,46
5,2,107.3229702,46
10,1,132.5789078,46
15,1,160.4953424,46
6,1,113.9740545,46
16,3,160.5633087158203,46
18,1,168.842891,46
14,1,155.6803263,46
10,3,134.0845794677734,46
5,1,108.6533592,46
10,2,135.6033366,46
7,3,118.8514022827148,46
7,1,118.9134752,46
5,3,107.9919586181641,46
13,3,150.5287933349609,46
17,2,157.7287905,46
12,2,147.6420313,46
9,2,129.684315,46
8,1,123.5825993,46
14,2,154.423489,46
16,2,157.1396297,46
19,3,162.2042999267578,47
19,2,156.3398409,47
7,1,115.6261035,47
15,3,156.6294708251953,47
17,1,165.0746286,47
12,1,141.8496705,47
9,3,126.348991394043,47
14,3,153.3937530517578,47
18,2,155.6991896,47
13,1,148.6802869,47
11,2,139.0539668,47
19,1,168.0687964,47
17,2,155.1765671,47
5,3,104.3761901855469,47
18,1,166.6149009,47
5,1,104.1294108,47
6,2,110.5010745,47
15,1,159.838833,47
9,2,126.8086732,47
9,1,125.889607,47
10,3,131.7910766601563,47
6,3,110.2949295043945,47
14,1,155.1327733,47
13,2,148.9219456,47
16,3,158.7382049560547,47
18,3,161.1595001220703,47
8,3,121.0849380493164,47
6,1,110.0885353,47
13,3,148.8009490966797,47
12,2,144.7855987,47
7,3,115.7990875244141,47
14,2,151.6495267,47
11,1,135.9921952,47
8,2,121.3147703,47
11,3,137.5215148925781,47
16,2,154.5015565,47
8,1,120.8550978,47
17,3,160.1292266845703,47
7,2,115.9719526,47
5,2,104.6227203,47
15,2,153.4116158,47
10,1,130.8633263,47
10,2,132.7201488,47
16,1,162.967497,47
12,3,143.3156433105469,47
19,3,163.1146850585938,48
13,2,152.4001436,48
14,1,158.2271053,48
10,1,134.6074357,48
11,3,141.1398620605469,48
7,3,119.5645370483398,48
6,2,113.9920979,48
16,1,165.2321237,48
17,2,157.9090171,48
8,1,124.7518768,48
18,1,167.2060758,48
15,2,156.5689837,48
18,3,162.6807861328125,48
17,3,162.2373046875,48
5,2,108.0157168,48
8,2,124.9451782,48
5,3,108.1114120483398,48
7,2,119.543167,48
16,2,157.4501213,48
6,3,114.0502319335938,48
10,2,136.3878806,48
9,3,130.0866546630859,48
12,3,146.8470916748047,48
8,3,124.8466644287109,48
11,1,139.6398188,48
10,3,135.4806671142578,48
12,2,148.3627033,48
19,1,167.5982996,48
9,2,130.4723009,48
13,1,152.0224522,48
6,1,114.1065736,48
18,2,158.2362973,48
13,3,152.2102508544922,48
14,3,156.6087188720703,48
5,1,108.2045877,48
7,1,119.5851574,48
17,1,166.6259198,48
15,3,159.5714721679688,48
14,2,154.9885761,48
15,1,162.5890023,48
11,2,142.693451,48
12,1,145.36906,48
19,2,158.7191928,48
16,3,161.3229217529297,48
9,1,129.7157305,48
7,3,120.0090026855469,49
14,2,155.7406889,49
16,2,157.9793392,49
16,1,166.3802886,49
10,3,136.0295867919922,49
8,1,124.8253871,49
19,3,165.1739196777344,49
9,2,131.3551363,49
5,2,108.8785538,49
6,1,114.0568411,49
6,3,114.4585647583008,49
15,1,163.5408179,49
18,3,164.2073822021484,49
10,2,137.2613892,49
7,2,120.4283697,49
11,3,141.7315521240234,49
9,1,129.852956,49
11,2,143.5525693,49
17,3,163.3412933349609,49
16,3,162.2144775390625,49
13,1,152.5797227,49
9,3,130.5970916748047,49
7,1,119.5983689,49
8,2,125.832142,49
14,3,157.3667907714844,49
18,2,159.0418919,49
5,1,108.09014,49
5,3,108.4797668457031,49
15,2,157.1850316,49
17,2,158.5082111,49
11,1,139.9408913,49
17,1,168.0982573,49
14,1,158.9656803,49
13,3,152.8933410644531,49
8,3,125.3237686157227,49
10,1,134.8190865,49
12,1,145.7832783,49
12,2,149.2012861,49
18,1,169.2953416,49
19,1,170.4752204,49
19,2,159.7994658,49
15,3,160.3898010253906,49
6,2,114.8692837,49
12,3,147.4780883789063,49
13,2,153.2122105,49
18,1,168.3630819,50
8,3,125.0499954223633,50
19,1,170.0918692,50
17,1,166.2700689,50
7,2,118.6422014,50
15,3,157.7369232177734,50
12,1,143.5036052,50
8,1,126.4884979,50
9,3,129.5775909423828,50
17,3,161.9218139648438,50
5,3,111.0821380615234,50
11,2,140.492637,50
17,2,157.3013314,50
12,3,144.7842102050781,50
19,3,164.7339477539063,50
14,1,155.6928566,50
6,1,118.1620045,50
10,3,134.3498992919922,50
13,3,149.9539947509766,50
10,1,134.3661183,50
19,2,159.0826469,50
16,1,163.6541665,50
14,2,153.0834364,50
10,2,134.3327816,50
9,2,128.6824906,50
6,3,115.9850997924805,50
5,2,108.4901118,50
18,2,158.1331462,50
7,1,122.4355247,50
15,2,155.016386,50
16,3,160.1102142333984,50
14,3,154.4263458251953,50
5,1,113.5674775,50
7,3,120.5802841186523,50
15,1,160.2986386,50
8,2,123.540348,50
13,1,149.6549626,50
9,1,130.4273894,50
6,2,113.7166686,50
11,1,138.5151943,50
16,2,156.3423228,50
12,2,146.136983,50
18,3,163.3951416015625,50
11,3,139.4771118164063,50
13,2,150.2702859,50
6,1,112.0458882,51
10,1,132.456615,51
16,2,155.8803273,51
17,1,165.0396562,51
15,2,155.1421185,51
6,3,112.6691818237305,51
9,1,127.5703749,51
15,1,160.7025873,51
11,3,139.5552673339844,51
12,3,145.2380676269531,51
16,1,163.4208888,51
6,2,113.3275122,51
14,1,156.2386813,51
13,2,151.2756349,51
19,2,157.6062065,51
17,3,160.7925567626953,51
8,2,124.1691589,51
15,3,157.9566955566406,51
18,1,166.1486064,51
5,3,106.7832412719727,51
7,3,118.1359405517578,51
17,2,156.3787842,51
19,1,167.2498416,51
16,3,159.7014465332031,51
14,2,153.747759,51
12,2,147.3180862,51
10,3,133.9263153076172,51
19,3,162.6329193115234,51
5,2,107.3988156,51
8,1,122.6256065,51
8,3,123.3716735839844,51
18,3,161.6499176025391,51
11,2,141.7225928,51
11,1,137.4958652,51
9,3,128.5684509277344,51
13,1,149.9526453,51
14,3,155.0119018554688,51
10,2,135.4852631,51
9,2,129.6348314,51
7,1,117.4885017,51
12,1,143.2504657,51
13,3,150.6015625,51
18,2,156.8812333,51
7,2,118.8248778,51
5,1,106.1865049,51
17,1,168.7863754,52
17,2,156.7684995,52
18,3,163.3582305908203,52
11,1,139.9550129,52
18,2,156.9518521,52
15,1,163.9100007,52
19,2,157.2533254,52
13,3,152.2616882324219,52
5,3,107.6667404174805,52
12,1,145.8686203,52
6,2,113.5308938,52
17,3,162.7895965576172,52
10,3,135.3269805908203,52
14,3,156.7631225585938,52
10,1,134.7678749,52
16,1,166.9398257,52
19,1,170.310624,52
5,1,107.7808749,52
9,2,129.9958506,52
9,1,129.7395796,52
8,3,124.5670700073242,52
7,1,119.3740071,52
6,1,113.7860357,52
18,1,169.7458447,52
15,2,155.7687066,52
7,2,119.0820946,52
13,2,151.7748925,52
14,2,154.2888107,52
10,2,135.8923516,52
16,2,156.4819633,52
19,3,163.7850494384766,52
15,3,159.8514556884766,52
12,3,146.8277435302734,52
14,1,159.2194656,52
16,3,161.7239227294922,52
9,3,129.866943359375,52
13,1,152.7443217,52
12,2,147.795677,52
6,3,113.6593856811523,52
8,2,124.4796578,52
11,3,141.0563049316406,52
8,1,124.653391,52
11,2,142.1685606,52
7,3,119.2290267944336,52
5,2,107.5508108,52
10,3,134.2256774902344,53
7,2,119.4066091,53
19,2,159.0737809,53
17,2,158.2359599,53
16,1,164.7911052,53
8,1,121.8359693,53
9,1,126.9957477,53
15,1,161.6125685,53
10,1,132.0951046,53
6,3,112.3220977783203,53
19,3,164.0361938476563,53
7,1,116.4871514,53
14,3,155.9991760253906,53
13,1,150.2769688,53
17,1,166.8771753,53
6,1,110.835019,53
6,2,113.8201254,53
10,2,136.378899,53
18,2,158.5865041,53
14,1,156.823901,53
5,3,106.2808609008789,53
8,2,124.8468681,53
19,1,169.2563495,53
18,1,168.2405708,53
9,2,130.416103,53
17,3,162.4370727539063,53
13,2,152.5640195,53
11,2,142.7377745,53
9,3,128.7015380859375,53
12,2,148.4647574,53
12,3,145.9087982177734,53
5,2,107.8083642,53
16,3,161.1809539794922,53
13,3,151.4304962158203,53
15,3,159.1691131591797,53
7,3,117.9448852539063,53
14,2,155.1969295,53
18,3,163.2900238037109,53
5,1,104.7671175,53
12,1,143.3259788,53
11,3,140.038818359375,53
8,3,123.3415832519531,53
11,1,137.3477737,53
16,2,157.7451046,53
15,2,156.8221625,53
12,3,142.3792266845703,54
17,3,159.9853820800781,54
5,2,105.8279007,54
8,3,120.1111907958984,54
7,1,112.6365977,54
10,3,130.8226165771484,54
17,2,155.658256,54
18,3,161.2516021728516,54
5,1,101.0210924,54
5,3,103.3832168579102,54
6,3,109.3083267211914,54
9,3,125.3780670166016,54
19,3,162.4664916992188,54
14,2,152.3445292,54
11,2,139.9278778,54
13,1,146.2489702,54
7,3,114.8196563720703,54
16,3,158.3568572998047,54
16,2,155.0690046,54
15,3,156.0426177978516,54
15,2,154.0470379,54
14,3,152.6452789306641,54
6,1,107.0383205,54
12,1,139.2567799,54
11,1,133.2866872,54
13,3,147.9348602294922,54
8,2,122.3580889,54
15,1,157.9724709,54
16,1,161.5360547,54
9,1,123.0261598,54
7,2,117.0683005,54
19,1,168.1647612,54
13,2,149.675576,54
17,1,164.1692736,54
10,1,128.0731729,54
19,2,156.5753312,54
8,1,117.9272354,54
12,2,145.5994423,54
9,2,127.797586,54
10,2,133.6530877,54
11,3,136.5576477050781,54
18,1,166.2588963,54
14,1,152.9362566,54
18,2,156.0726704,54
6,2,111.6511853,54
19,2,159.9777025,55
15,1,162.9522108,55
8,1,125.1396475,55
7,3,120.1487426757813,55
12,1,145.6411403,55
5,1,108.7362112,55
16,3,162.0990600585938,55
18,2,159.3981087,55
19,3,164.9238739013672,55
6,3,114.6638031005859,55
14,2,155.8484794,55
13,1,152.2990378,55
11,3,141.6840209960938,55
7,1,120.0229236,55
14,1,158.5306184,55
11,2,143.4471171,55
6,1,114.5922153,55
9,2,131.2001677,55
5,3,108.7556610107422,55
19,1,169.7522439,55
12,2,149.1416989,55
16,2,158.4423522,55
15,3,160.2277069091797,55
17,1,167.4186025,55
13,3,152.7559661865234,55
6,2,114.7356361,55
11,1,139.9235502,55
10,2,137.1241103,55
18,3,164.0179901123047,55
10,1,134.9163812,55
18,1,168.5558509,55
9,3,130.62939453125,55
17,2,158.9862724,55
8,3,125.4052581787109,55
16,1,165.7264471,55
12,3,147.3897705078125,55
14,3,157.1919555664063,55
13,2,153.214063,55
9,1,130.05971,55
7,2,120.2749355,55
17,3,163.2281799316406,55
15,2,157.4884603,55
8,2,125.6715083,55
5,2,108.7751875,55
10,3,136.0194244384766,55
18,1,166.6164152,56
17,1,165.643058,56
8,1,122.9422009,56
17,3,163.1474151611328,56
13,1,150.3521276,56
17,2,160.6374881,56
7,1,117.7698336,56
13,2,155.1544638,56
8,3,125.2863693237305,56
5,2,110.6792918,56
16,3,162.0923919677734,56
9,2,133.2090115,56
6,3,114.462043762207,56
10,3,135.9541931152344,56
6,2,116.6794171,56
14,3,157.1911163330078,56
10,1,132.8217997,56
5,3,108.5105743408203,56
16,1,163.9921642,56
12,3,147.3563079833984,56
19,2,161.511627,56
18,2,160.9844743,56
7,3,119.9923095703125,56
19,1,167.4780546,56
18,3,163.8062438964844,56
15,1,161.1559853,56
11,2,145.447661,56
14,2,157.7360892,56
8,2,127.6700585,56
6,1,112.2821087,56
11,1,137.8757154,56
10,2,139.1343521,56
14,1,156.6517394,56
7,2,122.2525938,56
19,3,164.4986877441406,56
15,3,160.2357940673828,56
12,2,151.1202322,56
5,1,106.3787518,56
9,3,130.5407867431641,56
16,2,160.1783577,56
12,1,143.6407565,56
11,3,141.6350708007813,56
9,1,127.915314,56
15,2,159.3072735,56
13,3,152.7393951416016,56
18,1,168.474828,57
9,2,130.6589457,57
5,2,108.3471335,57
6,1,110.0573972,57
8,2,125.17519,57
18,3,163.2798156738281,57
6,2,114.2951981,57
14,2,154.8910318,57
9,1,126.2203556,57
7,2,119.8119703,57
12,1,142.5261964,57
18,2,157.9629733,57
16,3,160.8567504882813,57
9,3,128.4145202636719,57
19,3,164.2418823242188,57
15,2,156.4113798,57
15,3,158.7443695068359,57
13,1,149.4958462,57
19,1,169.9081714,57
13,3,150.9142456054688,57
15,1,161.0245603,57
17,2,157.6596317,57
10,3,133.8894195556641,57
8,1,121.0651532,57
14,3,155.5104217529297,57
13,2,152.3655599,57
7,3,117.740234375,57
10,1,131.3097652,57
7,1,115.7143106,57
5,3,106.1430053710938,57
5,1,103.9858909,57
17,1,166.7537292,57
19,2,158.4431605,57
16,1,164.3926977,57
17,3,162.2587738037109,57
14,1,156.1155479,57
11,3,139.6301422119141,57
12,2,148.3901701,57
16,2,157.2401689,57
8,3,123.096923828125,57
12,3,145.4250030517578,57
10,2,136.5276135,57
11,1,136.5501105,57
6,3,112.1530380249023,57
11,2,142.7798665,57
5,1,106.940635,58
15,3,159.6171264648438,58
12,2,148.2700481,58
11,1,138.7888588,58
17,3,162.8882141113281,58
15,2,156.6726458,58
17,1,167.4957888,58
14,2,155.0272057,58
13,2,152.3738283,58
11,3,140.6318206787109,58
11,2,142.5317452,58
17,2,158.156172,58
13,1,151.4219848,58
7,2,119.0972783,58
18,2,158.5623705,58
8,1,123.6697135,58
9,1,128.7043323,58
19,3,164.7180938720703,58
16,2,157.6221352,58
14,1,157.8280933,58
18,1,168.8928698,58
10,3,134.8956909179688,58
10,1,133.6724539,58
6,3,113.18359375,58
19,2,159.1331462,58
8,3,124.113883972168,58
9,2,130.1685977,58
9,3,129.4263458251953,58
6,1,112.8971179,58
16,3,161.6246337890625,58
18,3,163.7863616943359,58
19,1,170.2054134,58
10,2,136.1550505,58
7,1,118.4377618,58
5,3,107.1830062866211,58
7,3,118.7633361816406,58
12,1,144.6236428,58
13,3,151.8902130126953,58
8,2,124.569894,58
14,3,156.4503326416016,58
12,3,146.4179840087891,58
15,1,162.4698386,58
6,2,113.477234,58
16,1,165.5102734,58
5,2,107.4313872,58
13,2,152.7100415,59
5,1,105.6898785,59
5,2,108.3272629,59
7,1,117.1272583,59
16,2,157.6356116,59
8,2,125.2854571,59
18,2,158.2869221,59
6,1,111.617335,59
15,3,158.7904205322266,59
7,3,118.4899978637695,59
8,1,122.3287681,59
11,3,140.1734161376953,59
5,3,106.9964828491211,59
15,1,160.7474732,59
17,2,158.0204448,59
18,3,162.3483123779297,59
12,1,143.1422668,59
19,1,167.5221738,59
13,3,151.2907104492188,59
13,1,149.8862741,59
6,3,112.9545288085938,59
10,3,134.4840545654297,59
16,3,160.6010589599609,59
14,1,156.2209467,59
10,2,136.7335337,59
17,3,161.6296844482422,59
11,1,137.3478741,59
14,3,155.7482604980469,59
9,3,129.0610809326172,59
9,2,130.8173138,59
17,1,165.2086129,59
6,2,114.3152427,59
14,2,155.2708602,59
19,3,163.1140289306641,59
9,1,127.3307419,59
19,2,158.6749958,59
8,3,123.7954711914063,59
7,2,119.8755083,59
12,2,148.6925723,59
18,1,166.3778787,59
12,3,145.9013214111328,59
11,2,143.0351187,59
15,2,156.8148925,59
10,1,132.2654308,59
16,1,163.5403086,59
18,3,163.5766448974609,60
19,3,164.4424743652344,60
17,3,162.7599945068359,60
13,1,152.1673216,60
8,2,126.0402753,60
16,1,165.4659959,60
13,3,152.4423370361328,60
12,3,147.2505035400391,60
5,2,109.9530816,60
19,2,159.2254028,60
10,2,137.0695525,60
13,2,152.7172303,60
12,1,145.7348499,60
9,1,131.2486601,60
8,1,126.814097,60
12,2,148.7666968,60
18,2,158.6519478,60
8,3,126.4281005859375,60
18,1,168.5125615,60
5,3,111.0881195068359,60
6,1,117.4048564,60
15,2,156.8256155,60
6,3,116.516471862793,60
7,1,122.2363688,60
7,2,120.8920167,60
10,3,136.3735961914063,60
14,1,158.2589692,60
11,2,143.2192981,60
15,1,162.6378622,60
11,3,141.7679901123047,60
6,2,115.6225619,60
16,3,161.5973510742188,60
10,1,135.6794207,60
7,3,121.5660018920898,60
14,2,155.2556266,60
9,3,131.2962951660156,60
17,1,167.2782639,60
15,3,159.7304534912109,60
19,1,169.6749131,60
16,2,157.7330124,60
14,3,156.7567138671875,60
5,1,112.214717,60
9,2,131.3440978,60
17,2,158.2489854,60
11,1,140.318792,60
7,1,113.9628921,61
8,1,119.3414782,61
13,2,150.5086045,61
9,2,128.7246829,61
19,2,156.7106151,61
10,3,132.1307983398438,61
12,2,146.5095497,61
19,1,167.862803,61
5,1,102.1869383,61
11,1,134.9531833,61
13,1,147.9816989,61
6,3,110.2969970703125,61
16,3,159.0970306396484,61
11,3,137.9123992919922,61
9,3,126.6230697631836,61
9,1,124.531564,61
18,1,166.5918897,61
14,1,154.6163959,61
7,3,115.90234375,61
7,2,117.8557798,61
17,3,160.4207916259766,61
15,1,159.500063,61
16,2,155.4348327,61
5,3,104.2667922973633,61
15,2,154.5924433,61
12,1,140.9765813,61
16,1,162.7942531,61
10,1,129.6637669,61
17,1,165.0286413,61
15,3,157.0387878417969,61
5,2,106.3653567,61
14,2,153.057432,61
17,2,155.8713265,61
6,1,108.282635,61
18,2,156.1981702,61
13,3,149.2457733154297,61
12,3,143.7424621582031,61
18,3,161.3542327880859,61
8,3,121.2796859741211,61
10,2,134.6057408,61
8,2,123.2298791,61
11,2,140.8766014,61
19,3,162.2339324951172,61
6,2,112.3275059,61
14,3,153.8357086181641,61
11,2,140.2466855,62
13,1,144.7633802,62
7,2,117.3657119,62
8,3,119.7661514282227,62
15,1,156.2019142,62
18,3,160.1692810058594,62
15,3,155.1898956298828,62
17,3,158.9474639892578,62
16,3,157.4135284423828,62
10,2,133.9954302,62
14,3,151.8540344238281,62
18,1,163.9842459,62
11,3,136.1214904785156,62
14,1,151.2613648,62
11,1,132.039679,62
7,1,111.6516867,62
6,3,108.9747085571289,62
19,1,165.8862401,62
10,3,130.4286041259766,62
8,1,116.887583,62
17,2,155.8510705,62
9,3,125.0143585205078,62
7,3,114.4844665527344,62
12,1,137.9078128,62
13,3,147.3117980957031,62
9,1,121.927823,62
13,2,149.8771211,62
5,3,103.042724609375,62
6,2,111.8951131,62
5,2,105.9992411,62
12,3,141.8725891113281,62
9,2,128.1443849,62
18,2,156.3586579,62
6,1,106.107841,62
5,1,100.1450817,62
19,2,157.0266169,62
14,2,152.4494702,62
12,2,145.8716397,62
16,2,155.2181776,62
15,2,154.1749635,62
8,2,122.6895844,62
16,1,159.6061513,62
10,1,126.9057734,62
17,1,162.0443148,62
19,3,161.4522247314453,62
16,3,164.4380645751953,63
15,3,162.3787994384766,63
17,3,165.8367614746094,63
7,2,121.9742729,63
15,1,166.1908054,63
14,2,156.7877619,63
5,3,111.1024780273438,63
7,1,122.7989944,63
15,2,158.3837082,63
6,3,116.9632034301758,63
19,3,168.2495574951172,63
18,1,173.0303476,63
11,3,143.6682434082031,63
12,1,148.4496985,63
13,3,154.705322265625,63
16,2,159.3346242,63
12,3,149.3266906738281,63
8,1,127.9315033,63
12,2,150.2435517,63
10,1,137.7243975,63
8,3,127.5991973876953,63
16,1,169.3019773,63
17,2,159.9674679,63
10,3,138.0791625976563,63
8,2,127.2484895,63
9,1,132.8640995,63
13,1,155.1658619,63
9,3,132.7606201171875,63
19,2,161.5410405,63
6,2,116.5512016,63
6,1,117.353252,63
5,1,111.4824672,63
14,1,161.5361122,63
11,1,142.7247755,63
18,2,160.6045607,63
7,3,122.3978118896484,63
11,2,144.6562318,63
13,2,154.223706,63
10,2,138.4517824,63
5,2,110.6993439,63
9,2,132.6515625,63
19,1,174.6451356,63
14,3,159.2167053222656,63
17,1,171.4228318,63
18,3,166.9708404541016,63
16,1,162.438745,64
15,1,159.86125,64
14,3,152.3344573974609,64
10,1,131.6940003,64
12,1,142.5307681,64
13,1,149.2272422,64
12,2,142.7229567,64
18,2,152.2592851,64
19,1,164.6947808,64
5,3,104.2047424316406,64
6,1,111.1641533,64
8,3,120.7940673828125,64
7,1,116.6451969,64
11,1,136.7593915,64
17,2,151.8991051,64
19,3,158.8306884765625,64
7,2,114.4556541,64
5,1,105.2760266,64
8,2,119.7554901,64
19,2,152.8454574,64
10,2,130.9771575,64
7,3,115.5607376098633,64
16,3,157.0037078857422,64
17,1,163.6677292,64
14,2,149.1326468,64
15,2,150.6263715,64
6,3,110.0908660888672,64
18,3,158.3115386962891,64
17,3,157.8462829589844,64
16,2,151.4518142,64
14,1,155.4712509,64
11,3,136.9619750976563,64
9,3,125.9866027832031,64
9,1,126.7830566,64
6,2,108.9968613,64
5,2,103.112193,64
12,3,142.6258392333984,64
13,3,147.9510955810547,64
11,2,137.168852,64
10,3,131.3392486572266,64
15,3,155.2915191650391,64
18,1,164.2367863,64
8,1,121.8129265,64
13,2,146.64805,64
9,2,125.1741761,64
16,3,158.2755584716797,65
8,2,122.0996921,65
7,1,115.9984702,65
6,2,111.2555767,65
13,2,149.3780061,65
15,1,159.5160112,65
6,1,110.4942005,65
14,2,151.9553264,65
16,2,154.4489949,65
18,1,164.7006407,65
12,3,143.7066802978516,65
10,1,131.126286,65
16,1,162.2998094,65
15,2,153.5433705,65
13,3,149.0663146972656,65
11,1,136.2179133,65
11,2,139.7251348,65
9,2,127.5787972,65
8,1,121.1926752,65
5,3,104.954345703125,65
17,3,159.2732238769531,65
19,2,155.8246953,65
9,3,126.8888854980469,65
18,2,155.3090275,65
14,1,155.0417486,65
17,1,163.8828325,65
18,3,159.8229217529297,65
12,2,145.3672598,65
10,3,132.2971801757813,65
13,1,148.7478348,65
14,3,153.4755554199219,65
12,1,142.0203261,65
19,3,160.3242340087891,65
15,3,156.4710388183594,65
7,2,116.7506268,65
9,1,126.1897018,65
17,2,154.9451668,65
6,3,110.8774642944336,65
19,1,165.2671534,65
8,3,121.6492156982422,65
5,2,105.3349489,65
11,3,137.9827575683594,65
7,3,116.377082824707,65
10,2,133.4529522,65
5,1,104.5686589,65
15,2,158.8194389,66
15,1,164.0335,66
6,1,114.0635023,66
5,2,109.7358902,66
16,1,167.3898652,66
14,3,158.1428527832031,66
13,3,153.4889373779297,66
17,3,165.2781677246094,66
12,1,145.8165347,66
11,3,142.1653137207031,66
19,2,161.8785376,66
19,1,174.1057636,66
12,2,150.1737873,66
15,3,161.4593048095703,66
8,2,126.5732168,66
11,1,139.9678655,66
13,1,152.6729111,66
7,1,119.6171029,66
14,2,157.0618931,66
5,1,108.0859717,66
6,3,114.8541870117188,66
5,3,108.9017486572266,66
8,1,124.8548055,66
7,2,121.1825089,66
18,3,166.6073760986328,66
6,2,115.6633037,66
10,3,136.4360046386719,66
19,3,168.0709686279297,66
18,2,161.1538592,66
18,1,171.926838,66
17,2,160.5895953,66
16,3,163.6924743652344,66
14,1,159.1955368,66
12,3,147.96630859375,66
7,3,120.3904571533203,66
8,3,125.7033538818359,66
13,2,154.327095,66
9,3,130.9865417480469,66
10,1,134.8548172,66
11,2,144.4218263,66
10,2,138.0591753,66
9,1,129.8905975,66
16,2,159.9042389,66
9,2,132.1109191,66
17,1,169.8543726,66
5,2,108.585641,67
7,1,116.1952961,67
8,3,123.3573532104492,67
15,1,158.880326,67
19,2,160.2184202,67
17,3,160.9040374755859,67
7,3,118.13427734375,67
6,2,114.5415652,67
19,3,162.4952850341797,67
13,2,152.8647251,67
7,2,120.0634758,67
18,1,164.0724158,67
8,1,121.2623491,67
11,2,143.1293623,67
10,2,136.815931,67
19,1,164.8761649,67
5,1,105.0187306,67
16,1,161.6010627,67
14,3,154.9929046630859,67
12,3,145.2708892822266,67
10,1,130.9482403,67
8,2,125.4315591,67
12,1,141.6463237,67
17,2,158.7183629,67
15,3,157.9841156005859,67
13,3,150.6028900146484,67
17,1,163.1698538,67
18,3,161.6504516601563,67
16,2,158.0886035,67
13,1,148.2831605,67
14,2,155.4825384,67
16,3,159.8167572021484,67
6,3,112.6794967651367,67
10,3,133.9093017578125,67
14,1,154.4899695,67
9,2,130.9226538,67
9,1,126.1309291,67
11,1,135.9447476,67
12,2,148.8096056,67
15,2,157.1134949,67
11,3,139.576171875,67
6,1,110.8172486,67
5,3,106.7980117797852,67
18,2,159.324092,67
9,3,128.544189453125,67
12,3,152.6217651367188,68
5,3,113.6755752563477,68
17,1,173.0214605,68
10,3,141.3701629638672,68
9,2,134.9923913,68
11,1,146.8953897,68
18,3,166.11181640625,68
17,3,166.0260925292969,68
15,3,164.3832092285156,68
18,2,158.8497841,68
14,2,158.4009176,68
13,1,159.3290226,68
9,1,136.9115369,68
11,3,147.0006866455078,68
7,3,125.3407287597656,68
19,2,158.8427363,68
19,1,173.2797881,68
16,1,172.2189954,68
14,1,165.5124062,68
19,3,166.1585845947266,68
13,2,156.311374,68
15,1,169.7938317,68
5,2,111.9071518,68
15,2,158.8517696,68
12,1,152.6598701,68
13,3,157.8390655517578,68
10,2,140.8991466,68
6,3,119.7325134277344,68
5,1,115.3876808,68
16,2,158.8688263,68
14,3,161.9963836669922,68
7,2,123.8622022,68
9,3,135.9666137695313,68
10,1,141.8270086,68
7,1,126.7724082,68
6,2,118.1210534,68
12,2,152.5825744,68
6,1,121.2924668,68
8,1,131.9392348,68
8,2,129.3974869,68
11,2,147.1091806,68
18,1,173.1866659,68
17,2,158.8622287,68
16,3,165.6185302734375,68
8,3,130.6881866455078,68
15,2,157.7014653,70
14,2,156.2112651,70
11,2,144.2561127,70
12,1,148.5168142,70
13,1,155.212137,70
13,3,154.4955749511719,70
7,2,121.5407418,70
19,2,160.0293164,70
19,3,167.2614135742188,70
17,1,171.3118666,70
8,3,127.4675750732422,70
18,2,159.3790115,70
14,3,158.9645538330078,70
5,2,110.1797188,70
15,1,166.1880762,70
17,2,158.980816,70
6,1,117.4716481,70
16,1,169.2627113,70
7,1,122.9160561,70
13,2,153.7305015,70
17,3,165.3005065917969,70
16,2,158.527863,70
11,3,143.5056304931641,70
9,3,132.6322937011719,70
5,3,110.9118041992188,70
9,1,132.971484,70
10,3,137.9399871826172,70
19,1,174.1345322,70
18,3,166.2511749267578,70
5,1,111.6110934,70
12,3,149.1399993896484,70
12,2,149.8087132,70
6,3,116.7914123535156,70
7,3,122.25,70
6,2,116.0751203,70
10,1,137.8224441,70
9,2,132.2653074,70
8,2,126.8456737,70
18,1,172.7790074,70
15,3,162.0603942871094,70
14,1,161.5590104,70
16,3,164.0320587158203,70
11,1,142.8091492,70
8,1,128.045306,70
10,2,138.0671176,70
18,1,164.2208035,71
13,2,151.1964977,71
12,3,145.8369903564453,71
16,2,154.2618235,71
7,2,122.2009729,71
10,2,137.2782587,71
19,2,155.586427,71
6,2,117.114613,71
10,1,133.7805284,71
8,2,127.0682518,71
19,1,164.7717163,71
9,2,132.002784,71
10,3,135.5332641601563,71
7,3,121.1922454833984,71
6,3,116.1754684448242,71
17,2,154.4045499,71
14,3,154.5199890136719,71
6,1,115.2360968,71
14,1,155.9896035,71
11,3,140.6680908203125,71
17,1,163.6413267,71
5,1,109.892145,71
16,1,162.4294905,71
13,3,150.6549377441406,71
18,2,154.7098816,71
12,1,143.7876168,71
9,3,130.6677856445313,71
18,3,159.4338073730469,71
7,1,120.1821586,71
5,3,110.7057723999023,71
11,2,142.9082494,71
11,1,138.4170022,71
15,1,160.0473918,71
15,3,156.9871063232422,71
14,2,153.0600468,71
15,2,153.9485368,71
9,1,129.3276834,71
17,3,159.0001831054688,71
12,2,147.8753404,71
5,2,111.519977,71
16,3,158.32958984375,71
8,3,125.9561309814453,71
19,3,160.1379089355469,71
8,1,124.8410103,71
13,1,150.1101283,71
16,1,163.1353315,72
18,1,167.3696079,72
14,2,155.6638735,72
7,1,116.2582694,72
14,1,155.1664683,72
10,2,136.3636568,72
19,3,164.8196105957031,72
12,3,145.3289337158203,72
8,2,124.7919586,72
13,1,148.7325481,72
18,3,163.5391693115234,72
19,2,160.4175571,72
19,1,169.3755028,72
15,3,158.6816101074219,72
16,2,158.6432241,72
13,3,150.8200531005859,72
15,2,157.5002882,72
6,2,113.8565063,72
10,1,131.140697,72
9,1,126.2667562,72
10,3,133.7747344970703,72
9,3,128.3278961181641,72
12,1,141.9545885,72
17,1,165.4576562,72
18,2,159.84198,72
8,3,123.0849761962891,72
15,1,159.9018758,72
14,3,155.4190216064453,72
13,2,152.8493134,72
11,3,139.5199890136719,72
11,1,136.176469,72
8,1,121.3540583,72
5,3,106.5014572143555,72
5,2,107.9325597,72
5,1,105.0549727,72
12,2,148.6197277,72
6,3,112.3687973022461,72
9,2,130.3598975,72
16,3,160.851806640625,72
7,3,117.8314361572266,72
17,3,162.345458984375,72
6,1,110.8628548,72
17,2,159.3396992,72
11,2,142.7928925,72
7,2,119.3832504,72
14,3,154.6649169921875,73
7,2,118.8946182,73
13,3,149.9864349365234,73
8,1,119.9745382,73
9,1,125.0588098,73
6,3,111.1858367919922,73
9,2,129.8463115,73
14,2,154.706362,73
12,2,147.8709337,73
16,3,160.2854919433594,73
5,2,107.3682407,73
12,3,144.4441223144531,73
13,2,151.9971141,73
11,3,138.6253051757813,73
19,2,160.0445555,73
12,1,141.1463984,73
10,2,135.7879227,73
5,1,103.0908525,73
13,1,148.0530396,73
18,1,167.5513625,73
19,3,165.0153961181641,73
17,1,165.4298864,73
7,3,116.7564010620117,73
15,2,156.4470547,73
11,2,142.1374466,73
15,3,158.0094909667969,73
18,3,163.3852386474609,73
19,1,169.7765434,73
18,2,159.0397288,73
7,1,114.6914595,73
14,1,154.6250598,73
17,3,161.9426574707031,73
5,3,105.1953125,73
10,3,132.8802185058594,73
9,3,127.4108047485352,73
11,1,135.2395318,73
8,3,122.1007232666016,73
16,1,162.9169614,73
17,2,158.3101905,73
8,2,124.302818,73
16,2,157.5479752,73
6,1,109.1000273,73
15,1,159.5121904,73
10,1,130.0730828,73
6,2,113.3429872,73
5,1,109.7917437,74
12,1,141.6060788,74
16,3,158.2940063476563,74
7,1,119.633807,74
9,3,127.4706192016602,74
8,1,124.0306387,74
17,3,160.1475219726563,74
13,1,147.7084758,74
15,1,158.0031618,74
18,2,157.1918404,74
8,3,122.8466567993164,74
7,2,116.8665566,74
12,2,144.3431479,74
11,3,137.5619049072266,74
12,3,142.9509582519531,74
9,1,128.2144943,74
5,3,108.5195922851563,74
18,1,166.3587537,74
9,2,126.7030217,74
15,3,155.9358215332031,74
11,2,138.5792952,74
10,2,132.3507231,74
14,3,152.6454925537109,74
13,2,148.6415556,74
13,3,148.1668395996094,74
10,3,132.3330841064453,74
6,2,112.1532691,74
5,2,107.2168244,74
6,3,113.5550079345703,74
6,1,114.9209911,74
8,2,121.6271782,74
16,1,161.1787799,74
16,2,155.2987998,74
17,1,163.7915302,74
17,2,156.3667812,74
14,2,151.6509759,74
19,1,169.3804379,74
14,1,153.6051264,74
18,3,161.8550567626953,74
7,3,118.2693481445313,74
19,3,163.772216796875,74
10,1,132.316,74
15,2,153.7909172,74
19,2,157.9768121,74
11,1,136.5784096,74
17,3,157.3980407714844,75
10,3,127.5987777709961,75
7,2,115.8124169,75
12,2,144.1883759,75
16,2,153.8119508,75
11,2,138.5251115,75
17,1,160.3621527,75
10,1,122.8007599,75
19,1,165.4566184,75
13,1,141.3289546,75
18,3,158.9982604980469,75
9,1,117.6892662,75
18,2,155.2081937,75
7,1,107.1689999,75
14,3,149.6018218994141,75
6,2,110.4250365,75
10,2,132.2747389,75
16,1,157.3086737,75
19,3,160.6362762451172,75
17,2,154.5573468,75
6,1,101.4937751,75
6,3,105.9712677001953,75
7,3,111.5188217163086,75
11,3,133.3883972167969,75
13,2,148.2761929,75
15,2,152.7029398,75
14,2,150.9669666,75
12,3,139.2657470703125,75
8,1,112.5397288,75
8,2,121.0739169,75
5,2,104.6351372,75
16,3,155.5270538330078,75
12,1,134.1859362,75
8,3,116.8495864868164,75
13,3,144.8584289550781,75
14,1,148.1927438,75
15,1,153.4398211,75
19,2,156.0413849,75
9,3,122.1246948242188,75
11,1,128.1000652,75
15,3,153.0652313232422,75
5,1,95.40789795000001,75
18,1,162.965929,75
9,2,126.4599901,75
5,3,100.0254058837891,75
8,2,125.8110682,78
17,3,162.2234497070313,78
7,1,116.5001619,78
6,3,112.975456237793,78
18,2,158.9985314,78
8,1,121.6467513,78
12,1,142.3353511,78
19,1,169.4413011,78
15,1,160.2646529,78
6,2,114.9073776,78
6,1,111.043536,78
13,3,151.105224609375,78
10,1,131.4964226,78
11,2,143.4779468,78
19,2,159.6108147,78
16,3,160.839111328125,78
9,2,131.3081608,78
11,3,139.9925231933594,78
16,2,158.1181934,78
19,3,164.5850219726563,78
18,3,163.3436737060547,78
15,2,157.2481508,78
10,3,134.3381500244141,78
7,2,120.4372302,78
5,2,108.9441148,78
8,3,123.737678527832,78
5,1,105.1671189,78
13,2,153.1275174,78
9,1,126.5988345,78
17,1,165.7436267,78
18,1,167.5718033,78
9,3,128.9559783935547,78
17,2,158.5960375,78
13,1,149.1139474,78
12,2,149.1190873,78
11,1,136.548236,78
7,3,118.4767532348633,78
14,3,155.6149749755859,78
5,3,107.0470123291016,78
14,2,155.6887498,78
16,1,163.4703585,78
14,1,155.5428222,78
12,3,145.7056427001953,78
10,2,137.1987413,78
15,3,158.7795562744141,78
12,3,149.0413360595703,79
15,2,160.656331,79
11,2,145.9401566,79
17,1,171.2309237,79
14,1,160.0191644,79
19,3,169.938232421875,79
12,2,151.7636633,79
13,3,154.6606140136719,79
9,1,130.081788,79
18,1,173.5296453,79
18,3,168.3655853271484,79
8,3,126.4111785888672,79
11,1,140.3935114,79
10,2,139.5133928,79
8,2,127.9221609,79
6,3,115.4277420043945,79
9,3,131.7783355712891,79
7,2,122.4942474,79
7,3,121.0270004272461,79
14,2,158.8073773,79
17,3,166.9181671142578,79
16,1,168.563292,79
16,3,165.2079315185547,79
8,1,124.9329813,79
6,2,116.9464821,79
18,2,163.2367506,79
6,1,113.9421696,79
13,2,155.9903937,79
15,1,165.022572,79
11,3,143.1401062011719,79
10,1,135.1611427,79
13,1,153.3527417,79
17,2,162.6046046,79
10,3,137.3175354003906,79
5,3,109.4150543212891,79
14,3,159.4174041748047,79
19,1,175.9590903,79
5,2,110.9961767,79
9,2,133.5087781,79
19,2,164.0055128,79
16,2,161.8341145,79
7,1,119.5916007,79
12,1,146.3684238,79
15,3,162.8501892089844,79
5,1,107.8698875,79
9,2,136.878463,80
13,1,159.0776985,80
17,3,167.4546966552734,80
6,3,119.158805847168,80
14,1,165.2236861,80
8,3,131.0660858154297,80
10,2,142.9082688,80
11,1,146.626613,80
18,2,161.1095954,80
16,2,161.1265056,80
15,1,169.4792575,80
11,3,147.8446807861328,80
9,1,136.3629737,80
6,1,119.4871193,80
19,2,161.5862332,80
19,1,174.6518068,80
7,2,125.1063341,80
8,1,131.0966529,80
5,3,112.4004669189453,80
5,1,112.9017446,80
19,3,168.6363067626953,80
15,3,165.4266204833984,80
14,3,162.8121948242188,80
12,1,152.4230619,80
18,1,173.9627562,80
5,2,111.8662989,80
14,2,160.1502104,80
7,1,125.5124324,80
10,1,141.4628954,80
6,2,118.8107548,80
16,1,171.9839165,80
12,2,154.5434422,80
13,3,158.6331329345703,80
8,2,131.0346686,80
15,2,161.0050536,80
9,3,136.6183013916016,80
11,2,149.1352686,80
10,3,142.17236328125,80
17,1,173.2873224,80
17,2,161.0740519,80
12,3,153.4441528320313,80
13,2,158.1471554,80
7,3,125.3144836425781,80
18,3,167.9249114990234,80
16,3,166.7504425048828,80
16,1,160.7505529,81
14,3,152.7348937988281,81
6,3,110.0632400512695,81
5,1,102.1150639,81
11,3,137.1412200927734,81
12,2,146.0040801,81
19,2,157.1237331,81
17,1,162.8677691,81
10,3,131.4745178222656,81
12,3,142.8546295166016,81
13,2,149.9748259,81
7,3,115.5732498168945,81
19,3,161.5762939453125,81
5,3,104.1225357055664,81
10,2,134.1859484,81
18,3,160.3475341796875,81
18,2,156.2010392,81
15,2,154.0745229,81
6,2,112.0858857,81
5,2,106.1576585,81
7,1,113.6011882,81
9,2,128.3531666,81
17,2,155.6002614,81
9,3,126.0782699584961,81
6,1,108.0671328,81
8,2,122.9052152,81
18,1,164.4586806,81
9,1,123.8462271,81
15,3,155.8547668457031,81
13,1,146.5332401,81
16,3,157.8821716308594,81
15,1,157.6361748,81
19,1,165.9938118,81
14,1,152.9567308,81
17,3,159.2492828369141,81
12,1,139.73252,81
8,1,118.8238784,81
8,3,120.8444366455078,81
14,2,152.5133073,81
13,3,148.2496643066406,81
7,2,117.5757438,81
10,1,128.7998126,81
16,2,154.9984442,81
11,2,140.4112784,81
11,1,133.9033632,81
12,2,148.0163784,82
9,1,128.440419,82
5,2,107.8317345,82
9,3,129.2772979736328,82
5,3,107.2459564208984,82
6,1,112.638389,82
13,1,151.2971584,82
10,2,136.0373722,82
19,1,170.8465757,82
11,2,142.3378916,82
17,3,162.9741058349609,82
7,3,118.7179183959961,82
11,1,138.5671154,82
13,2,152.080314,82
18,2,158.700163,82
15,1,162.5140916,82
17,1,167.7835887,82
11,3,140.4254760742188,82
16,2,157.3696154,82
12,1,144.443192,82
8,1,123.3975055,82
16,1,165.6733911,82
10,3,134.7126617431641,82
14,2,154.7197092,82
14,3,156.2701873779297,82
19,2,159.6440451,82
13,3,151.6830902099609,82
5,1,106.6762567,82
9,2,130.1377329,82
18,1,169.3320803,82
15,2,156.375865,82
15,3,159.4888000488281,82
7,2,119.2756351,82
8,2,124.6343841,82
19,3,165.3269653320313,82
18,3,164.0825500488281,82
6,2,113.7684477,82
8,3,124.0074310302734,82
12,3,146.2043609619141,82
10,1,133.4248401,82
17,2,158.0380056,82
6,3,113.1956558227539,82
7,1,118.1752876,82
16,3,161.5799713134766,82
14,1,157.7759366,82
18,1,169.4481327,83
14,2,154.6085833,83
9,3,131.2968292236328,83
13,1,152.146638,83
6,3,116.1603012084961,83
18,2,158.8384952,83
10,2,136.4313802,83
17,1,167.9636993,83
8,2,125.766383,83
6,1,116.6057772,83
5,2,110.1339904,83
19,3,164.8934173583984,83
10,3,136.2906341552734,83
12,2,147.9456761,83
15,3,159.5825958251953,83
18,3,164.2137451171875,83
16,2,157.5971116,83
11,2,142.4547669,83
14,1,158.1796277,83
10,1,136.1542516,83
15,2,156.4181776,83
7,3,121.4526977539063,83
12,3,146.8999786376953,83
7,2,120.8082154,83
14,3,156.418701171875,83
9,2,130.8771437,83
7,1,122.07663,83
17,2,158.3378685,83
15,1,162.6621545,83
11,1,140.6642947,83
17,3,163.2147064208984,83
19,1,170.3326086,83
5,3,110.3235244750977,83
8,3,126.4249114990234,83
16,3,161.7323455810547,83
8,1,127.0624666,83
6,2,115.6998326,83
9,1,131.7030906,83
11,3,141.5462951660156,83
12,1,145.8835232,83
13,2,151.93049,83
13,3,152.0400695800781,83
16,1,165.7581454,83
5,1,110.5066965,83
19,2,159.3046025,83
16,1,165.5121897,85
16,2,157.1773095,85
18,2,159.0114422,85
19,1,171.7763975,85
8,3,123.4096298217773,85
19,2,160.3290702,85
13,1,150.783286,85
15,1,162.1811331,85
7,1,117.6210211,85
5,1,106.1423828,85
17,1,167.9014827,85
17,3,162.9774932861328,85
15,2,156.0057559,85
7,2,118.6237205,85
7,3,118.1163177490234,85
14,2,154.2395495,85
12,2,147.4182696,85
19,3,165.9788818359375,85
18,3,164.3638153076172,85
5,3,106.6449890136719,85
10,2,135.3947143,85
6,1,112.0914821,85
9,1,127.8714257,85
8,2,123.9907857,85
17,2,158.0820335,85
18,1,169.8045054,85
9,3,128.6713409423828,85
10,1,132.8485812,85
11,3,139.8298492431641,85
16,3,161.3533477783203,85
13,3,151.1524200439453,85
15,3,159.1125030517578,85
5,2,107.1614041,85
6,2,113.1084541,85
6,3,112.5935287475586,85
8,1,122.8421626,85
14,1,157.333164,85
9,2,129.4910147,85
11,1,137.99422,85
11,2,141.7106582,85
13,2,151.5296828,85
14,3,155.8003692626953,85
10,3,134.1059112548828,85
12,1,143.88861,85
12,3,145.6326446533203,85
9,1,125.5653619,86
6,3,111.3067092895508,86
18,3,160.4310455322266,86
12,2,144.2632496,86
5,3,106.0330505371094,86
8,1,121.2019221,86
14,3,152.0658416748047,86
19,3,161.6682281494141,86
13,1,146.4881199,86
15,3,155.3668670654297,86
17,1,162.896092,86
12,3,142.114013671875,86
9,3,125.9280014038086,86
8,2,120.9191882,86
6,1,112.0495052,86
14,2,151.397252,86
16,3,157.6129302978516,86
13,3,147.4931488037109,86
15,2,153.3608933,86
14,1,152.7284407,86
17,3,159.1905670166016,86
15,1,157.3573455,86
11,2,138.4778929,86
5,1,107.044749,86
10,1,129.9461977,86
7,2,115.7674956,86
13,2,148.5078786,86
11,3,136.5084991455078,86
18,2,156.047458,86
8,3,121.061149597168,86
19,2,156.5930072,86
17,2,155.4748765,86
5,2,105.0120081,86
19,1,166.7645119,86
11,1,134.557988,86
18,1,164.8166196,86
16,1,160.5586063,86
10,3,131.0410614013672,86
9,2,126.293784,86
16,2,154.6507842,86
7,3,116.2531127929688,86
6,2,110.5575333,86
7,1,116.7346899,86
10,2,132.1459543,86
12,1,139.9857066,86
9,2,131.1466679,87
8,1,123.4403007,87
17,2,158.6907528,87
5,2,108.5906847,87
16,1,165.1148468,87
11,3,140.9622039794922,87
16,2,158.3073918,87
6,2,114.5814703,87
19,2,159.2170794,87
6,1,112.6776104,87
12,1,144.3328892,87
16,3,161.7397766113281,87
9,1,128.4647099,87
17,1,167.0677445,87
7,3,119.1780548095703,87
19,3,164.4321441650391,87
13,2,153.2269826,87
14,3,156.6732635498047,87
15,3,159.7925720214844,87
12,2,149.1542541,87
8,3,124.5044021606445,87
10,3,135.2442321777344,87
9,3,129.7947845458984,87
18,1,168.3927253,87
10,2,137.0998159,87
10,1,133.4181637,87
18,3,163.6943054199219,87
17,3,162.9161224365234,87
14,1,157.4885906,87
15,1,162.1032337,87
19,1,169.5494822,87
13,1,151.1074757,87
7,1,118.216114,87
12,3,146.7246856689453,87
13,3,152.1588897705078,87
7,2,120.1548031,87
6,3,113.6228637695313,87
5,1,106.7158937,87
11,1,138.5173882,87
15,2,157.4438375,87
18,2,158.9089798,87
14,2,155.8448287,87
8,2,125.5856742,87
5,3,107.6473922729492,87
11,2,143.4456837,87
19,2,160.327544,88
12,2,152.0496456,88
10,2,140.0187985,88
15,2,160.0287043,88
9,3,134.4801177978516,88
5,3,111.8409729003906,88
9,2,134.0306181,88
9,1,134.8993564,88
17,1,173.1556902,88
18,1,174.3505877,88
16,2,160.5916509,88
13,1,157.3746663,88
14,2,158.5760959,88
14,1,163.6938425,88
13,2,156.0588008,88
6,2,117.2166991,88
15,3,164.2340698242188,88
8,3,129.1317901611328,88
7,3,123.7034149169922,88
16,3,166.0316009521484,88
11,2,146.3692681,88
15,1,168.26938,88
11,3,145.6313018798828,88
17,3,166.9773254394531,88
10,3,139.9427185058594,88
6,3,118.0048675537109,88
5,1,112.523665,88
14,3,161.1920776367188,88
8,1,129.8055719,88
5,2,111.1073254,88
17,2,160.5552957,88
18,2,160.4304022,88
18,3,167.5133666992188,88
19,3,167.8798522949219,88
19,1,175.2026914,88
6,1,118.7383182,88
16,1,171.2551598,88
10,1,139.8714096,88
12,1,150.6789617,88
7,1,124.4581588,88
12,3,151.3460845947266,88
8,2,128.4085908,88
13,3,156.7328796386719,88
11,1,144.9352211,88
7,2,122.8930569,88
8,3,120.1143341064453,89
7,1,114.234385,89
7,2,115.8467505,89
10,3,130.5757598876953,89
6,2,110.4292455,89
5,1,103.7748252,89
19,2,158.3532783,89
13,1,145.5513568,89
13,3,147.7881622314453,89
16,3,158.9073638916016,89
10,2,132.9064438,89
5,2,104.6894847,89
5,3,104.2325973510742,89
15,2,155.319796,89
15,1,157.3013263,89
9,1,123.6273017,89
6,3,109.8122863769531,89
14,1,152.1806749,89
7,3,115.0420379638672,89
12,3,142.1396636962891,89
10,1,128.2379931,89
14,2,153.1424128,89
9,2,126.8167914,89
9,3,125.2245559692383,89
17,2,157.6313529,89
19,3,163.0763549804688,89
11,3,136.2838592529297,89
12,2,145.5211034,89
8,2,121.217665,89
12,1,138.7449807,89
18,2,158.0941327,89
19,1,167.8541506,89
13,2,150.0148522,89
16,1,161.0693011,89
11,1,133.0717828,89
15,3,156.3074798583984,89
17,1,163.9655232,89
18,3,162.1177978515625,89
18,1,166.1818193,89
16,2,156.761343,89
17,3,160.7847137451172,89
8,1,119.007139,89
14,3,152.662841796875,89
11,2,139.484771,89
6,1,109.1933548,89
5,3,105.9431686401367,91
18,1,166.5064565,91
6,3,111.8351364135742,91
14,3,154.5665130615234,91
10,3,133.1701812744141,91
19,3,162.3618011474609,91
15,2,154.7437051,91
6,1,111.4416378,91
5,1,105.5317195,91
9,1,127.0639909,91
13,1,149.7172165,91
10,1,131.9871871,91
11,3,138.886474609375,91
12,3,144.6489105224609,91
8,1,122.0935594,91
10,2,134.3349371,91
13,3,150.0693664550781,91
12,2,146.3358406,91
9,3,127.7673797607422,91
16,2,155.7351967,91
9,2,128.4605196,91
18,3,161.5856170654297,91
11,2,140.6441523,91
7,3,117.3057861328125,91
16,3,159.6317749023438,91
8,3,122.5507583618164,91
14,2,153.0702678,91
17,2,156.3098952,91
12,1,142.9325822,91
16,1,163.6000837,91
6,2,112.2249649,91
18,2,156.7375526,91
15,3,157.6795654296875,91
8,2,123.0017869,91
19,1,167.4922856,91
7,1,116.9251019,91
15,1,160.6704039,91
14,1,156.0903115,91
13,2,150.4152622,91
11,1,137.0994684,91
17,3,160.8103485107422,91
19,2,157.2966994,91
17,1,165.3870104,91
7,2,117.6820286,91
5,2,106.3516301,91
5,1,102.0261438,92
16,2,158.0249183,92
10,1,129.9289129,92
17,3,162.7335662841797,92
9,1,124.714293,92
13,1,148.6067153,92
16,3,161.1056060791016,92
12,2,148.3571133,92
7,3,116.7008056640625,92
14,3,155.3327484130859,92
15,3,158.7712097167969,92
11,3,138.9562377929688,92
11,1,135.3109877,92
14,1,155.4554132,92
8,3,122.1301956176758,92
10,3,133.0859375,92
8,2,124.8360761,92
6,2,113.9286839,92
15,2,156.9571421,92
9,2,130.3488401,92
13,2,152.4929963,92
13,3,150.5596618652344,92
19,2,159.8060829,92
19,3,165.0320587158203,92
11,2,142.6200316,92
5,3,104.9987030029297,92
19,1,170.7528981,92
7,2,119.4492672,92
7,1,113.9767119,92
10,2,136.2754125,92
12,3,144.9053344726563,92
14,2,155.2124078,92
18,2,159.1854325,92
5,2,107.9969961,92
6,3,111.0545425415039,92
12,1,141.4482123,92
6,1,108.20486,92
9,3,127.5174026489258,92
18,3,163.953369140625,92
15,1,160.6412241,92
17,2,158.6789888,92
18,1,169.0778185,92
16,1,164.3264598,92
8,1,119.4498354,92
17,1,167.0301815,92
5,3,104.0147399902344,93
6,3,109.7222442626953,93
13,1,149.6005579,93
11,2,135.6054844,93
9,1,126.9553465,93
19,3,161.8792724609375,93
16,2,151.9025531,93
17,1,165.6108251,93
10,3,130.6438751220703,93
11,1,136.9762097,93
6,1,111.3172438,93
12,3,142.0912475585938,93
16,1,163.6960006,93
5,1,105.422075,93
19,1,167.9179404,93
17,3,159.4666900634766,93
6,2,108.0407375,93
18,3,160.6502380371094,93
13,2,145.5650277,93
14,2,148.4548908,93
15,1,160.6655829,93
15,3,155.6790924072266,93
19,2,155.5847672,93
12,2,141.3456652,93
15,2,150.4640677,93
8,1,121.9717291,93
7,1,116.7966946,93
13,3,147.6308135986328,93
9,2,123.5602665,93
9,3,125.3024444580078,93
7,2,113.1919052,93
14,3,152.3223724365234,93
12,1,142.8011231,93
7,3,115.0423889160156,93
17,2,153.0479493,93
8,2,118.2705223,93
18,1,166.8492139,93
10,2,129.3359015,93
14,1,156.0166841,93
10,1,131.8851862,93
5,2,102.5316106,93
16,3,157.9304351806641,93
8,3,120.1703491210938,93
18,2,154.1808367,93
11,3,136.3083190917969,93
9,1,132.8686695,94
13,1,155.4481244,94
8,2,126.0574681,94
10,2,137.4163571,94
19,2,159.6391723,94
5,1,111.4116257,94
6,3,116.2717666625977,94
13,2,153.2457618,94
19,3,166.0003356933594,94
10,3,137.6169738769531,94
16,1,169.2888118,94
7,3,121.765022277832,94
15,2,157.2713158,94
18,3,165.334716796875,94
7,1,122.7294451,94
14,2,155.7604267,94
14,1,161.8040839,94
14,3,158.8053436279297,94
11,2,143.6695485,94
15,3,161.7979278564453,94
16,3,163.606201171875,94
8,1,127.8897622,94
9,2,131.5447849,94
13,3,154.3701324462891,94
15,1,166.3685219,94
5,2,109.1777637,94
17,2,158.5793822,94
12,2,149.2774097,94
6,2,115.1517327,94
11,3,143.2622833251953,94
12,1,148.6888834,94
16,2,158.1094061,94
7,2,120.6859322,94
8,3,127.0253067016602,94
18,1,172.1506746,94
9,3,132.2411193847656,94
6,1,117.2735657,94
18,2,158.9860657,94
5,3,110.356201171875,94
17,3,164.6618347167969,94
17,1,171.0833676,94
10,1,137.8000662,94
11,1,142.88596,94
12,3,148.973876953125,94
19,1,172.9561831,94
16,2,158.6171341,95
14,3,158.4196472167969,95
10,3,137.2985534667969,95
13,3,153.9777374267578,95
11,3,142.9050140380859,95
15,3,161.4886932373047,95
9,2,132.2093407,95
8,1,126.8500366,95
8,3,126.8231430053711,95
7,3,121.6159744262695,95
17,1,170.2939783,95
14,2,156.2164819,95
19,3,166.5047912597656,95
9,3,131.9855194091797,95
11,2,144.1983016,95
5,2,110.1332229,95
18,2,159.7080275,95
5,3,110.3137435913086,95
11,1,141.7077387,95
17,2,159.1680145,95
13,2,153.7092235,95
13,1,154.242599,95
12,1,147.4824993,95
12,3,148.6063690185547,95
6,1,116.3011184,95
12,2,149.7637777,95
15,2,157.7383745,95
18,1,171.616567,95
6,3,116.1760787963867,95
9,1,131.7896762,95
16,3,163.4144592285156,95
7,2,121.4914194,95
10,2,138.0094598,95
5,1,110.4697312,95
7,1,121.7239403,95
6,2,116.0314824,95
10,1,136.6718706,95
19,1,172.6841447,95
14,1,160.6271072,95
19,2,160.5577609,95
18,3,165.558837890625,95
8,2,126.7922291,95
15,1,165.2626929,95
17,3,164.6430511474609,95
16,1,168.3090126,95
12,1,149.9111763,96
18,1,170.8794386,96
17,3,164.0920867919922,96
5,1,113.301676,96
12,3,150.4886322021484,96
19,2,157.123909,96
10,2,139.8997896,96
9,2,134.2525715,96
9,1,134.5042833,96
7,2,123.6359268,96
15,2,157.2003491,96
8,3,129.2752990722656,96
6,1,119.1227053,96
19,3,164.5006866455078,96
8,2,128.9190241,96
9,3,134.3818359375,96
15,1,166.9676525,96
18,2,157.0797476,96
13,3,155.5844573974609,96
10,1,139.3210432,96
7,3,124.090461730957,96
6,2,118.1328691,96
10,3,139.6029510498047,96
7,1,124.5226877,96
5,2,112.1371896,96
19,1,170.9122627,96
12,2,151.0996877,96
16,1,169.5389009,96
6,3,118.6390228271484,96
13,2,154.6228702,96
11,3,145.0434112548828,96
13,1,156.4897526,96
11,1,144.2693818,96
18,3,164.2777099609375,96
14,3,159.7018280029297,96
8,1,129.6127384,96
11,2,145.8588381,96
17,1,170.6473904,96
5,3,112.7308044433594,96
14,1,162.6443455,96
16,2,157.2157259,96
17,2,157.1399718,96
14,2,156.5818604,96
16,3,163.5251617431641,96
15,3,162.2070007324219,96
17,3,157.1460876464844,97
6,3,111.9390258789063,97
15,1,158.8375749,97
12,1,141.9450697,97
5,3,106.0396957397461,97
5,1,104.8186582,97
5,2,107.298437,97
10,2,134.2771559,97
19,1,163.1477218,97
11,3,138.1697235107422,97
14,3,152.6978912353516,97
8,3,122.5023727416992,97
15,2,151.5724094,97
19,3,157.4730682373047,97
8,1,121.4629888,97
8,2,123.5766595,97
9,2,128.758184,97
15,3,155.2526702880859,97
11,1,136.2655232,97
9,3,127.5616607666016,97
10,1,131.2677453,97
11,2,140.1345572,97
17,2,151.6212188,97
12,3,143.5957641601563,97
18,3,157.3224029541016,97
6,2,113.1256536,97
9,1,126.4035482,97
13,2,148.7637441,97
10,3,132.7484436035156,97
14,2,150.7232158,97
6,1,110.7890023,97
12,2,145.2957256,97
16,3,156.5534362792969,97
18,1,162.9518554,97
7,1,116.2975972,97
18,2,151.575733,97
7,2,118.4584915,97
13,3,148.6424255371094,97
13,1,148.5242414,97
19,2,151.7023922,97
7,3,117.3604888916016,97
17,1,162.5408482,97
14,1,154.6228916,97
16,2,151.6739209,97
16,1,161.3079715,97
15,1,160.8882685,98
7,3,117.3803176879883,98
15,3,156.9896087646484,98
5,3,106.171142578125,98
10,2,133.0519685,98
18,2,153.6503456,98
17,1,164.8310333,98
6,3,111.9845123291016,98
9,3,127.6812133789063,98
8,1,123.1690499,98
17,2,153.4314248,98
12,2,144.7658719,98
7,1,118.0870686,98
13,3,149.5140991210938,98
17,3,159.5842895507813,98
13,1,150.2611182,98
16,1,163.5380026,98
18,1,165.3565553,98
12,3,144.1519927978516,98
14,2,151.1118952,98
10,3,132.9712982177734,98
18,3,159.9492645263672,98
11,2,139.2275448,98
16,3,158.7407531738281,98
14,1,156.4902671,98
19,3,160.2447052001953,98
5,1,106.9033201,98
19,2,154.0284055,98
8,3,122.5495300292969,98
5,2,105.3990151,98
6,1,112.7027676,98
13,2,148.6674611,98
8,2,121.8820884,98
11,3,138.5252532958984,98
6,2,111.2232683,98
9,2,127.2698596,98
11,1,137.8930584,98
14,3,153.9768371582031,98
16,2,153.1540414,98
9,1,128.060167,98
7,2,116.6244368,98
19,1,165.6707577,98
15,2,152.5087975,98
10,1,132.8978009,98
12,1,143.6055465,98
5,2,106.9111266,99
11,1,140.5278866,99
19,3,159.7334747314453,99
6,1,114.2588881,99
15,1,162.5288088,99
14,1,158.6256196,99
16,1,164.5380188,99
19,1,165.334968,99
18,3,159.5427856445313,99
8,2,124.2999999,99
6,2,113.1629859,99
8,1,125.4060451,99
19,2,153.4324173,99
18,1,165.1929003,99
13,2,150.2932548,99
7,1,120.0241001,99
7,3,119.4680099487305,99
16,2,153.3897089,99
17,3,159.4951171875,99
11,3,140.9708251953125,99
12,3,146.4581604003906,99
10,1,135.4764973,99
9,2,129.7424872,99
8,3,124.8798370361328,99
6,3,113.7326354980469,99
5,1,108.0009129,99
10,2,135.4584469,99
14,3,155.6181640625,99
9,3,130.1480407714844,99
9,1,130.5112006,99
13,3,151.5657806396484,99
10,3,135.4679412841797,99
12,1,146.2093212,99
18,2,153.2562723,99
17,1,165.1106744,99
14,2,152.3197348,99
17,2,153.3131009,99
12,2,146.7368884,99
5,3,107.4804458618164,99
15,3,158.0956878662109,99
11,2,141.4628119,99
16,3,159.2188415527344,99
15,2,153.2394642,99
13,1,152.7093373,99
7,2,118.8660887,99
11,1,136.1051337,100
19,2,153.3535497,100
11,3,136.9772338867188,100
14,1,154.5160261,100
17,2,152.6478814,100
13,2,147.3351217,100
8,1,121.5012565,100
10,3,131.4590148925781,100
9,1,126.3689383,100
18,1,163.3592033,100
6,1,111.0280765,100
5,3,104.8794860839844,100
16,3,156.9269104003906,100
14,2,149.8337925,100
11,2,137.8987455,100
19,1,163.8189211,100
16,2,152.2109064,100
15,3,155.1882629394531,100
15,1,158.8521814,100
18,2,152.9374157,100
14,3,152.2368927001953,100
16,1,161.45283,100
10,1,131.1631637,100
5,1,105.2069206,100
18,3,158.2807922363281,100
17,1,162.7570809,100
13,3,147.8590240478516,100
7,1,116.4240165,100
9,3,126.2154998779297,100
10,2,131.7701043,100
9,2,126.0549283,100
7,3,116.0081329345703,100
12,2,143.4197362,100
8,2,120.7458413,100
8,3,121.1315383911133,100
5,2,104.5390921,100
6,3,110.654182434082,100
6,2,110.2656904,100
13,1,148.3534123,100
19,3,158.6881256103516,100
7,2,115.5753593,100
17,3,157.8250732421875,100
15,2,151.3600785,100
12,3,142.5673217773438,100
12,1,141.7626084,100
19,3,166.8777923583984,101
6,2,118.2107528,101
13,2,155.5567993,101
19,2,160.4263228,101
15,2,159.1156957,101
19,1,172.6735416,101
5,1,113.0046187,101
14,1,163.7568576,101
15,3,163.8157806396484,101
13,1,157.563891,101
9,3,134.6664123535156,101
5,3,112.6459274291992,101
11,1,144.9344662,101
5,2,112.2245888,101
6,3,118.6600494384766,101
7,3,124.2135543823242,101
13,3,156.6317901611328,101
12,1,150.805623,101
11,3,145.5738830566406,101
14,2,157.8574328,101
16,1,170.2162462,101
16,2,159.6753476,101
18,3,166.2156219482422,101
8,1,129.8635861,101
17,1,171.2245224,101
18,2,160.0002564,101
17,2,159.8598951,101
16,3,165.2801818847656,101
9,1,134.8594232,101
6,1,119.0427345,101
15,1,167.9308932,101
9,2,134.440909,101
10,2,140.1958419,101
10,1,139.7981445,101
12,3,151.2521820068359,101
8,3,129.4856872558594,101
7,2,123.7259072,101
8,2,129.0431597,101
11,2,146.3169395,101
7,1,124.6293371,101
10,3,139.9817962646484,101
14,3,161.0104217529297,101
18,1,171.7609234,101
12,2,151.7692999,101
17,3,165.8845062255859,101
12,3,152.6679382324219,102
18,2,159.9450682,102
13,3,157.9557189941406,102
16,3,166.1190338134766,102
7,3,125.2850494384766,102
6,2,119.0901378,102
18,3,166.6702880859375,102
17,3,166.4891052246094,102
11,2,147.4716718,102
9,1,136.2958881,102
19,2,160.1017894,102
13,1,159.2123523,102
12,2,152.8866393,102
7,1,125.8341721,102
19,3,166.8678741455078,102
18,1,172.3556186,102
5,1,114.2119101,102
11,3,147.0105590820313,102
6,1,120.2177691,102
14,1,165.4327305,102
14,2,158.7632588,102
10,3,141.3616485595703,102
14,3,162.2338104248047,102
7,2,124.698559,102
17,1,172.2190909,102
9,2,135.5702956,102
13,2,156.6031511,102
16,1,171.7106611,102
11,1,146.5786283,102
5,2,113.005604,102
10,1,141.3663153,102
15,1,169.6834534,102
5,3,113.6293334960938,102
10,2,141.3566843,102
19,1,172.4557451,102
15,2,159.6270798,102
16,2,159.8385264,102
8,1,131.1624616,102
8,2,130.1032635,102
17,2,159.8907537,102
6,3,119.6729965209961,102
8,3,130.6499633789063,102
9,3,135.9445648193359,102
15,3,164.8961181640625,102
12,1,152.4638169,102
10,3,137.7230072021484,103
6,2,117.2710209,103
13,2,154.2774044,103
14,2,156.9884601,103
10,2,138.3693483,103
15,2,158.7772326,103
15,3,162.4427642822266,103
8,2,127.3978567,103
18,3,167.6042327880859,103
9,2,132.6437487,103
7,3,122.5858840942383,103
17,2,160.8373903,103
17,3,166.2762298583984,103
13,3,154.4919281005859,103
16,1,169.4080434,103
12,2,150.1973894,103
17,1,171.7888727,103
5,3,112.1307678222656,103
12,3,149.0105895996094,103
19,1,175.3190291,103
13,1,154.6987833,103
16,3,164.6818542480469,103
14,3,159.1296081542969,103
18,2,161.6960325,103
12,1,147.8774964,103
8,3,127.5090866088867,103
5,1,112.4112756,103
16,2,159.9633514,103
11,2,144.5631856,103
19,3,169.0153656005859,103
5,2,111.8276928,103
19,2,162.836366,103
10,1,137.1162714,103
7,1,122.7865913,103
11,3,143.2980041503906,103
14,1,161.2186459,103
8,1,127.6121296,103
9,1,132.3498433,103
11,1,142.1007092,103
6,1,117.7538325,103
9,3,132.4915618896484,103
7,2,122.3688266,103
18,1,173.620495,103
15,1,166.064822,103
6,3,117.5218963623047,103
7,2,120.8163612,104
5,1,110.6179995,104
19,2,159.3416246,104
13,2,153.3745028,104
5,2,109.4811221,104
15,3,162.4055328369141,104
10,3,137.5469055175781,104
9,1,132.6076259,104
12,1,148.864469,104
14,3,159.2059936523438,104
15,1,167.1049924,104
18,1,172.6331919,104
18,2,159.0629009,104
6,1,116.6286316,104
13,1,155.8174927,104
8,3,126.8393630981445,104
14,1,162.366956,104
7,3,121.5328369140625,104
7,1,122.2246076,104
5,3,110.0635604858398,104
11,1,142.883912,104
10,1,137.6546692,104
16,1,170.1293919,104
17,1,171.8942086,104
19,1,172.8850593,104
19,3,166.2091674804688,104
8,1,127.5129967,104
10,2,137.4329114,104
8,2,126.1303166,104
11,3,143.2807769775391,104
17,3,165.4274444580078,104
16,3,164.3735809326172,104
13,3,154.6081237792969,104
17,2,158.8562865,104
9,2,131.579835,104
11,2,143.6943414,104
9,3,132.1089324951172,104
12,3,149.0991363525391,104
16,2,158.4645178,104
18,3,165.9185791015625,104
12,2,149.3396544,104
6,3,116.0029449462891,104
15,2,157.5820072,104
14,2,155.9772782,104
6,2,115.3594174,104
7,3,115.8871688842773,105
19,1,165.2583944,105
6,1,111.3417786,105
15,1,156.3265217,105
13,2,145.3019898,105
8,2,119.8908828,105
10,1,129.8158002,105
8,3,120.6405563354492,105
19,3,159.5174560546875,105
16,1,159.9083322,105
8,1,121.3213165,105
17,1,162.6099881,105
7,1,116.598653,105
15,3,153.4509887695313,105
14,3,149.9042510986328,105
9,2,124.7699159,105
16,2,151.8269089,105
17,2,152.8057086,105
7,2,115.1041054,105
14,1,151.4954554,105
12,3,140.1461181640625,105
11,2,135.9209303,105
11,1,134.058346,105
18,1,164.4156191,105
9,3,125.2383651733398,105
9,1,125.6627817,105
18,3,159.0833435058594,105
19,2,153.2680012,105
5,1,105.4100508,105
17,3,157.925537109375,105
5,2,104.3702842,105
6,2,110.0498972,105
13,1,145.3204189,105
14,2,148.1497105,105
15,2,150.2874226,105
10,2,130.0887596,105
6,3,110.7270584106445,105
18,2,153.2670545,105
10,3,129.9454956054688,105
16,3,156.0530242919922,105
12,1,139.0987117,105
13,3,145.3116607666016,105
12,2,141.3030994,105
5,3,104.9152450561523,105
11,3,134.9432983398438,105
9,1,126.1490472,106
18,2,152.6213933,106
16,1,160.8233211,106
13,2,146.8405774,106
12,3,141.7428283691406,106
11,1,135.1892088,106
17,1,162.6756541,106
18,1,163.6966093,106
10,1,130.5702875,106
9,3,126.0722961425781,106
19,2,152.7093863,106
8,3,121.346794128418,106
16,3,156.5295715332031,106
9,2,125.9913958,106
8,1,121.7206256,106
5,1,107.1963145,106
11,3,136.3053588867188,106
19,3,158.5799713134766,106
15,1,157.8573271,106
14,1,153.3202457,106
12,1,140.6203026,106
5,2,105.9219506,106
12,2,142.9247082,106
10,2,131.5031141,106
13,1,147.11126,106
11,2,137.4812185,106
7,2,116.1158561,106
15,3,154.5421295166016,106
8,2,120.9526413,106
19,1,164.1517212,106
5,3,106.5759048461914,106
16,2,152.0037233,106
18,3,158.3063049316406,106
7,1,117.150536,106
6,2,111.1991962,106
15,2,151.0495719,106
6,1,112.342644,106
17,3,157.7047119140625,106
10,3,131.0244750976563,106
14,2,149.4073446,106
14,3,151.4142608642578,106
13,3,146.9793853759766,106
7,3,116.6469192504883,106
6,3,111.7860488891602,106
17,2,152.4619919,106
10,1,136.3077834,107
19,2,159.7444296,107
9,1,131.5099669,107
12,2,149.2132884,107
19,1,174.6642094,107
13,1,153.8561958,107
5,2,109.111796,107
18,2,159.7549911,107
8,1,126.6166669,107
6,1,115.9913855,107
19,3,167.352783203125,107
6,2,114.859575,107
14,1,160.5371435,107
18,1,173.5957426,107
16,1,169.2991364,107
17,1,171.8731264,107
17,3,165.8925933837891,107
7,2,120.2567291,107
16,2,159.1242078,107
18,3,166.8199462890625,107
16,3,164.3490905761719,107
5,1,109.9968219,107
15,2,158.0643075,107
14,3,158.4573211669922,107
11,3,142.2984619140625,107
11,2,143.4048971,107
11,1,141.252966,107
6,3,115.4445343017578,107
15,1,165.6581932,107
7,1,121.4883711,107
13,3,153.6529541015625,107
13,2,153.4374234,107
12,3,148.0722808837891,107
8,2,125.5715488,107
17,2,159.6238825,107
9,2,131.0706394,107
5,3,109.5691986083984,107
9,3,131.2968139648438,107
15,3,161.9723815917969,107
10,3,136.6510620117188,107
14,2,156.249041,107
8,3,126.1106567382813,107
12,1,146.9944893,107
10,2,137.0145311,107
7,3,120.8930587768555,107
10,1,137.3656802,108
8,1,127.6047109,108
6,1,117.0495388,108
5,1,111.1875559,108
16,3,162.6077423095703,108
8,3,126.4463119506836,108
13,1,154.6982216,108
19,3,165.1668853759766,108
17,1,170.1844207,108
6,3,115.8079986572266,108
17,3,163.7036590576172,108
11,1,142.3452565,108
15,1,165.5085389,108
12,2,148.0835015,108
18,3,164.4291076660156,108
19,1,172.1475355,108
5,2,108.6208745,108
11,3,142.4523315429688,108
13,2,151.9708223,108
12,3,148.0591735839844,108
18,1,171.2636534,108
14,3,157.7700653076172,108
13,3,153.3635864257813,108
7,1,122.4842056,108
6,2,114.5025047,108
7,2,119.9468596,108
14,1,160.9858161,108
9,1,132.5216071,108
11,2,142.5642379,108
16,2,156.5776101,108
18,2,157.3457743,108
16,1,168.4059606,108
19,2,157.9523392,108
7,3,121.2470016479492,108
17,2,156.9730472,108
12,1,148.0358877,108
15,3,160.7753143310547,108
9,3,131.5966949462891,108
15,2,155.847207,108
8,2,125.2304741,108
5,3,109.9364700317383,108
9,2,130.6271992,108
10,3,136.8956604003906,108
10,2,136.4036668,108
14,2,154.4178918,108
19,1,175.727009,109
7,2,126.1444444,109
17,3,167.9272766113281,109
5,3,115.3148345947266,109
6,1,121.7636824,109
19,2,161.81651,109
10,2,142.5066853,109
18,1,175.0757834,109
9,1,137.1435129,109
13,3,158.4225006103516,109
13,1,159.268703,109
14,2,159.6961604,109
9,3,136.9816284179688,109
10,3,142.2367553710938,109
16,3,167.0599060058594,109
11,2,148.5368489,109
11,1,146.9610571,109
5,1,115.965402,109
12,1,152.6475006,109
15,2,160.8121717,109
17,2,161.2905665,109
19,3,168.9197845458984,109
16,1,172.6293393,109
16,2,161.1971162,109
18,3,168.4018402099609,109
14,1,165.475886,109
12,3,153.2469482421875,109
12,2,153.8766202,109
6,2,120.6308266,109
9,2,136.8110709,109
8,3,131.8569183349609,109
13,2,157.5334433,109
11,3,147.7291259765625,109
8,1,132.2479238,109
17,1,174.2278518,109
15,3,165.4596252441406,109
15,1,169.8840297,109
14,3,162.6567993164063,109
7,3,126.6610565185547,109
18,2,161.4121803,109
10,1,141.9806547,109
5,2,114.6278887,109
6,3,121.2113723754883,109
7,1,127.1546973,109
8,2,131.4468238,109
15,1,168.2817851,110
7,2,121.7172933,110
8,2,127.441331,110
13,2,154.6847926,110
8,1,127.8409082,110
19,1,171.6707131,110
6,3,116.0864105224609,110
13,1,158.1821623,110
16,3,164.0256652832031,110
17,1,170.721288,110
14,2,156.7006141,110
6,1,116.3918005,110
6,2,115.7646645,110
17,2,157.5659969,110
7,1,122.2153057,110
11,3,145.1037750244141,110
18,1,170.9382697,110
18,2,157.5734759,110
15,3,163.0547180175781,110
15,2,157.5327546,110
14,1,164.3995825,110
13,3,156.48046875,110
10,2,139.2058602,110
8,3,127.6465454101563,110
5,1,110.2894369,110
11,1,144.7111933,110
10,1,138.9188717,110
19,3,165.1065673828125,110
12,3,151.0649108886719,110
19,2,158.2488234,110
16,1,170.1265357,110
12,1,151.1105567,110
16,2,157.5830771,110
18,3,164.4205322265625,110
7,3,121.9730224609375,110
14,3,160.6556701660156,110
12,2,151.0167932,110
10,3,139.0583953857422,110
5,3,109.8232345581055,110
9,3,133.2768249511719,110
17,3,164.3172302246094,110
5,2,109.3324388,110
11,2,145.5180427,110
9,1,133.3637204,110
9,2,133.1850023,110
16,3,162.3947143554688,111
9,2,131.0595262,111
13,2,152.6487877,111
17,1,169.4237547,111
19,3,165.9241333007813,111
11,1,139.8315089,111
14,2,155.2044779,111
17,3,163.8687896728516,111
5,2,109.3783611,111
17,2,158.0648306,111
10,2,136.856552,111
9,3,130.7188262939453,111
14,3,156.9553833007813,111
8,1,125.7522637,111
7,2,120.4411327,111
19,2,158.8360965,111
10,3,135.9157257080078,111
6,3,115.5246963500977,111
6,2,115.0844301,111
18,3,164.95361328125,111
13,1,152.1571256,111
5,3,110.0143585205078,111
13,3,152.3977966308594,111
15,1,163.5257276,111
6,1,115.9483208,111
7,3,120.7127685546875,111
8,3,125.71484375,111
9,1,130.3921693,111
19,1,172.7160244,111
8,2,125.6758453,111
12,2,148.6643339,111
7,1,120.9736968,111
16,2,157.6364677,111
10,1,135.0139083,111
15,3,160.2174987792969,111
18,1,171.2538622,111
12,1,145.4489046,111
16,1,166.9570674,111
11,2,143.0677896,111
11,3,141.4152679443359,111
15,2,156.7721216,111
5,1,110.6269223,111
18,2,158.3687032,111
14,1,158.6360081,111
12,3,147.0223541259766,111
6,2,117.2975764,112
14,3,159.2135467529297,112
17,1,170.8962348,112
19,3,167.7021026611328,112
8,3,128.0454559326172,112
15,1,165.4885835,112
11,3,143.7838134765625,112
10,2,139.1769954,112
13,2,155.0387249,112
18,3,166.6618957519531,112
7,3,123.0465698242188,112
13,3,154.7599487304688,112
13,1,154.4820858,112
7,1,123.396927,112
9,3,133.0547790527344,112
9,2,133.3536006,112
11,1,142.2222771,112
8,1,128.1445204,112
11,2,145.4136388,112
9,1,132.7687951,112
8,2,127.9419147,112
15,3,162.3279266357422,112
16,3,164.3444061279297,112
18,1,172.6546799,112
10,3,138.2647857666016,112
17,3,165.6683197021484,112
6,3,117.8724212646484,112
5,2,111.5192158,112
19,1,174.4037156,112
5,1,113.1099829,112
16,2,160.0655389,112
14,2,157.6122241,112
5,3,112.3337326049805,112
12,3,149.4135131835938,112
19,2,161.0895208,112
12,2,151.0332539,112
17,2,160.4935385,112
14,1,160.8229729,112
12,1,147.8343567,112
6,1,118.4209102,112
18,2,160.7442876,112
15,2,159.1903687,112
16,1,168.6586665,112
7,2,122.6799816,112
10,1,137.3920379,112
15,2,158.0379988,113
15,3,162.7244262695313,113
17,3,165.4554138183594,113
10,1,138.584647,113
16,3,164.4827117919922,113
19,3,166.18359375,113
17,1,171.6122497,113
14,3,159.7651672363281,113
10,2,139.1161952,113
13,2,154.5060918,113
11,2,145.2698222,113
7,1,123.117168,113
18,2,158.8407923,113
16,1,169.8808868,113
18,3,165.9088439941406,113
11,1,143.6907335,113
6,2,116.6583747,113
9,2,133.3229761,113
10,3,138.8428192138672,113
9,1,133.6178877,113
8,1,128.4958077,113
6,3,117.0239868164063,113
19,1,173.0583036,113
12,1,149.4744542,113
18,1,172.5342513,113
8,3,128.1644439697266,113
5,1,111.1348285,113
15,1,167.0110179,113
12,2,150.7295001,113
7,2,122.3519717,113
12,3,150.0811920166016,113
6,1,117.3687713,113
5,3,110.8054046630859,113
13,3,155.3813934326172,113
7,3,122.7447280883789,113
8,2,127.8153352,113
13,1,156.193273,113
17,2,158.7292734,113
11,3,144.4566192626953,113
19,2,159.1787966,113
14,2,156.7914348,113
16,2,158.5751506,113
5,2,110.4546767,113
14,1,162.4999165,113
9,3,133.4745025634766,113
19,2,159.7062922,114
11,2,142.8115019,114
12,1,144.7066799,114
18,1,169.0986457,114
9,3,130.4892120361328,114
11,1,139.1829878,114
19,1,170.765887,114
13,1,151.2929893,114
19,3,165.26123046875,114
6,3,116.308952331543,114
5,1,111.6433103,114
17,1,167.4414382,114
9,1,130.0277221,114
6,2,116.0792946,114
15,3,159.6825714111328,114
16,1,165.2928261,114
14,2,155.3173841,114
7,1,121.1578359,114
8,1,125.6251315,114
8,3,125.7211151123047,114
12,2,148.4635871,114
5,3,111.3103942871094,114
13,2,152.5768318,114
6,1,116.5292679,114
7,3,121.0529861450195,114
10,3,135.5380096435547,114
14,1,157.5805168,114
14,3,156.4668426513672,114
16,2,158.2102632,114
18,3,164.2269439697266,114
15,2,157.1065553,114
16,3,161.7867126464844,114
17,2,158.8550102,114
11,3,140.9669189453125,114
13,3,151.9239196777344,114
18,2,159.2715953,114
15,1,162.1898513,114
5,2,110.9641072,114
8,2,125.8206786,114
17,3,163.1771392822266,114
10,1,134.4812473,114
9,2,130.967751,114
7,2,120.9439178,114
10,2,136.6355528,114
12,3,146.5560760498047,114
14,2,149.6575617,115
9,2,126.5145162,115
12,3,141.8852386474609,115
19,2,151.7601938,115
14,3,151.1895141601563,115
18,2,151.5688114,115
6,3,110.4094009399414,115
17,1,160.2602492,115
10,3,130.9892578125,115
7,2,116.0181574,115
8,2,121.2129841,115
10,2,132.1868487,115
19,3,156.3831787109375,115
12,2,143.6273494,115
6,2,110.6560207,115
13,1,146.6622453,115
15,2,150.9017587,115
16,1,159.2291812,115
15,3,153.9126129150391,115
16,2,151.3992418,115
19,1,160.9004689,115
13,3,147.0144653320313,115
7,3,115.7266693115234,115
12,1,140.19386,115
18,3,156.15087890625,115
10,1,129.8272311,115
9,1,125.1503233,115
8,3,120.8016738891602,115
7,1,115.4439059,115
13,2,147.3755889,115
5,1,104.4632593,115
18,1,160.6321692,115
8,1,120.4013136,115
11,3,136.4141235351563,115
11,2,138.2323587,115
17,3,155.9376373291016,115
11,1,134.654702,115
5,2,104.8448325,115
9,3,125.8234252929688,115
17,2,151.5173196,115
16,3,155.3604888916016,115
6,1,110.170476,115
15,1,156.8523338,115
14,1,152.6864891,115
5,3,104.651123046875,115
9,2,135.3669606,116
8,2,129.6490556,116
7,2,123.9726855,116
15,3,165.6981048583984,116
12,1,152.7388241,116
13,1,159.3401871,116
5,3,112.925163269043,116
17,3,168.4077606201172,116
19,1,175.7132312,116
15,1,170.0044542,116
6,2,118.0598609,116
7,3,125.2335357666016,116
8,3,130.7931213378906,116
11,3,147.3963012695313,116
16,2,161.8559778,116
18,1,175.3755192,116
19,3,169.0828399658203,116
18,3,168.8464202880859,116
14,3,162.7355346679688,116
12,2,153.3967686,116
11,2,147.7473627,116
10,1,142.0235207,116
6,3,119.3440780639648,116
6,1,120.5842296,116
17,1,174.5344884,116
10,3,141.7157440185547,116
8,1,131.8969872,116
14,2,159.8042977,116
16,3,167.4632720947266,116
16,1,172.8365455,116
10,2,141.3971314,116
9,1,137.0434543,116
19,2,162.1556209,116
13,3,158.3641967773438,116
13,2,157.3492918,116
15,2,161.2081288,116
17,2,162.0109494,116
7,1,126.4503719,116
14,1,165.5502237,116
9,3,136.2201080322266,116
5,2,111.6298248,116
18,2,162.0271492,116
11,1,147.0574111,116
12,3,153.0616302490234,116
5,1,114.1780507,116
13,1,153.3438398,118
8,1,126.795429,118
10,2,137.2310615,118
15,2,155.0063516,118
5,2,109.0697475,118
11,2,143.1681621,118
11,3,142.2591857910156,118
14,1,159.2065108,118
12,1,146.9528054,118
14,2,153.9920406,118
17,2,155.3104126,118
18,3,161.2590942382813,118
5,3,109.5079956054688,118
19,2,155.5907288,118
15,1,163.1181155,118
7,3,121.2395401000977,118
16,1,165.2634523,118
18,2,155.30457,118
11,1,141.4201782,118
13,2,151.9426776,118
10,1,136.5431488,118
8,2,126.2218839,118
5,1,109.9164786,118
14,3,156.7032623291016,118
7,1,121.5809276,118
10,3,136.8728790283203,118
6,1,115.9904855,118
9,1,131.7412786,118
9,2,131.5847531,118
18,1,166.7923506,118
19,1,167.5666464,118
9,3,131.6662902832031,118
12,3,147.6480255126953,118
6,3,115.6324768066406,118
16,2,155.3230315,118
7,2,120.8700034,118
15,3,159.2323303222656,118
17,1,166.2611434,118
6,2,115.2466915,118
16,3,160.4963531494141,118
12,2,148.3993624,118
13,3,152.6701507568359,118
8,3,126.5204696655273,118
17,3,160.9925231933594,118
19,3,161.8089752197266,118
16,1,166.3978928,119
16,2,152.7870842,119
18,3,161.1021881103516,119
11,3,141.2748107910156,119
10,1,138.3544727,119
13,2,148.4928567,119
13,1,154.7398088,119
8,1,129.1707937,119
11,2,139.1976236,119
15,3,158.9974517822266,119
18,2,152.8731874,119
7,3,120.8809127807617,119
6,2,111.615924,119
17,2,152.8886739,119
6,3,115.64013671875,119
10,3,135.9156951904297,119
19,2,152.9234125,119
17,3,161.0484161376953,119
14,2,150.8676005,119
7,2,116.9428524,119
10,2,133.102745,119
11,1,143.0661029,119
15,1,164.3523663,119
14,1,160.5089973,119
14,3,156.1723480224609,119
8,3,125.8787612915039,119
19,1,166.8070564,119
5,1,113.5593193,119
12,3,146.7129211425781,119
13,3,151.8923645019531,119
12,1,148.462626,119
6,1,119.1553655,119
17,1,166.9637922,119
16,3,160.5435485839844,119
9,1,133.8036847,119
9,3,130.8294830322266,119
15,2,152.2144697,119
9,2,127.4189157,119
12,2,144.6617934,119
5,2,105.8660382,119
19,3,161.1220703125,119
8,2,122.1197339,119
5,3,109.9641876220703,119
7,1,124.3233328,119
18,1,166.9090084,119
18,2,158.7132911,120
19,2,158.870174,120
18,1,169.1267595,120
12,1,144.537849,120
8,1,123.2154151,120
7,1,117.9554543,120
14,3,156.8334808349609,120
6,3,113.849967956543,120
17,2,158.5599039,120
15,3,160.0852966308594,120
8,2,125.8513379,120
14,2,155.5633226,120
11,1,138.5544708,120
9,3,129.7371673583984,120
9,1,128.2981466,120
8,3,124.5156631469727,120
15,2,157.2163962,120
13,3,152.2059936523438,120
17,3,163.3610687255859,120
10,2,136.9935542,120
13,1,151.4983806,120
5,2,109.6287552,120
7,3,119.2827224731445,120
6,1,112.4104698,120
17,1,168.0595676,120
18,3,163.9743499755859,120
5,1,106.4699553,120
7,2,120.6489668,120
10,1,133.3311095,120
12,2,148.874671,120
16,1,166.0672375,120
11,3,140.8673400878906,120
10,3,135.1438903808594,120
16,3,162.1502380371094,120
19,3,164.2725982666016,120
19,1,169.5701969,120
13,2,152.9268792,120
11,2,143.2240739,120
14,1,158.0787949,120
5,3,108.0255355834961,120
9,2,131.2114415,120
16,2,158.147163,120
12,3,146.6864013671875,120
15,1,162.8944592,120
6,2,115.3333505,120
9,1,124.5147067,121
8,3,120.409049987793,121
8,1,119.5966872,121
15,3,154.8908386230469,121
16,1,160.9375193,121
6,1,109.0390932,121
13,3,147.3625335693359,121
11,1,134.3730665,121
16,2,152.5513285,121
13,2,147.8857419,121
11,2,138.4986151,121
7,1,114.4738849,121
10,2,132.3639437,121
11,3,136.3885803222656,121
10,3,130.8289794921875,121
14,3,151.8146514892578,121
5,2,104.7845384,121
16,3,156.8274841308594,121
18,1,164.2947237,121
7,3,115.2281799316406,121
19,3,159.6565856933594,121
19,1,165.3675426,121
17,1,162.9457451,121
9,3,125.5424270629883,121
14,1,153.2391932,121
13,1,146.8612705,121
10,1,129.3648194,121
5,1,103.1853964,121
5,3,103.9639282226563,121
7,2,116.0214745,121
17,2,152.9339249,121
18,2,153.2267098,121
12,3,142.0203857421875,121
17,3,158.0372924804688,121
18,3,158.8669128417969,121
6,3,109.8097534179688,121
9,2,126.6210193,121
12,1,140.123624,121
6,2,110.6211174,121
15,2,151.7795434,121
14,2,150.3297895,121
19,2,153.7251649,121
15,1,157.8788171,121
12,2,144.0031551,121
8,2,121.2625492,121
5,2,104.1659726,122
14,3,151.5564422607422,122
11,1,134.778063,122
16,3,156.0217590332031,122
14,2,149.5606348,122
8,3,120.3843688964844,122
15,3,154.4154357910156,122
9,1,124.9108167,122
11,3,136.3770751953125,122
13,2,147.2637789,122
6,2,110.0599827,122
18,2,151.3443188,122
19,3,157.0968322753906,122
7,1,114.8780177,122
17,1,162.3429316,122
7,3,115.1881332397461,122
8,1,119.9898066,122
5,3,103.888786315918,122
17,3,156.7800140380859,122
13,1,147.2008161,122
10,2,131.9288655,122
12,2,143.4842438,122
9,2,126.184183,122
9,3,125.5349807739258,122
12,3,141.9700622558594,122
13,3,147.231689453125,122
14,1,153.4781242,122
18,1,163.0267462,122
15,2,150.8131051,122
6,3,109.7534866333008,122
16,2,151.3126445,122
19,1,163.2578972,122
18,3,157.0218811035156,122
7,2,115.511435,122
5,1,103.6234311,122
16,1,160.7459362,122
8,2,120.7951717,122
10,3,130.8253479003906,122
19,2,151.4378483,122
11,2,138.038885,122
12,1,140.5133593,122
6,1,109.4598173,122
10,1,129.7637477,122
15,1,157.950454,122
17,2,151.3717477,122
18,2,159.2159682,123
16,3,164.0466613769531,123
5,3,112.1011123657227,123
7,2,122.395636,123
6,2,117.0501174,123
17,3,165.0368499755859,123
12,3,149.7845916748047,123
18,1,172.0501509,123
8,3,128.3900451660156,123
11,2,144.7162467,123
17,2,158.8046492,123
5,2,111.2739748,123
13,1,156.0451095,123
19,1,173.1014584,123
12,2,150.1922249,123
15,1,166.7296659,123
19,3,166.6234436035156,123
10,3,138.6944580078125,123
13,3,155.0691223144531,123
10,2,138.6118788,123
7,3,123.2674865722656,123
8,1,129.1536914,123
19,2,159.8589711,123
6,1,118.7114705,123
6,3,117.9017181396484,123
13,2,154.0446663,123
5,1,112.8870304,123
15,3,162.3427124023438,123
17,1,170.9908064,123
9,1,133.9961382,123
10,1,138.7730554,123
14,1,162.2923196,123
11,1,143.7153188,123
11,3,144.2034912109375,123
12,1,149.3963897,123
14,2,156.4260378,123
14,3,159.4295654296875,123
15,2,157.7405186,123
16,1,169.4289891,123
16,2,158.4041767,123
18,3,165.7753601074219,123
9,2,132.904678,123
7,1,124.0974139,123
8,2,127.5882724,123
9,3,133.4637908935547,123
11,1,137.5315637,124
9,2,129.0741722,124
8,3,123.6992645263672,124
16,1,163.3739648,124
11,3,139.136962890625,124
19,3,163.4525604248047,124
15,1,160.2708434,124
14,3,154.2242126464844,124
7,2,118.6381246,124
15,3,157.2745666503906,124
14,1,155.7150456,124
8,1,123.6099912,124
16,3,159.3084564208984,124
12,2,146.3265102,124
9,3,128.6455688476563,124
18,3,162.0086517333984,124
5,1,108.1262365,124
5,3,107.8854446411133,124
16,2,155.1236174,124
7,1,118.7837484,124
10,2,134.7559073,124
9,1,128.2391452,124
12,1,143.0063092,124
13,2,150.2095279,124
15,2,154.2180967,124
17,1,165.5680907,124
7,3,118.7123641967773,124
19,1,168.9922283,124
17,3,160.7640686035156,124
13,3,149.8510589599609,124
12,3,144.6190490722656,124
5,2,107.6361213,124
14,2,152.6891304,124
10,3,133.7519073486328,124
6,1,113.6607834,124
19,2,156.9444395,124
6,3,113.5067138671875,124
17,2,155.6773478,124
8,2,123.7926294,124
11,2,140.8462122,124
18,1,167.2814351,124
18,2,156.1687008,124
13,1,149.5084741,124
10,1,132.8073343,124
6,2,113.3470456,124
15,2,151.9717825,125
12,3,142.8942718505859,125
6,3,111.1860504150391,125
16,3,157.7638549804688,125
6,1,111.9111601,125
9,1,127.0608551,125
7,1,117.3022495,125
18,3,160.0288238525391,125
16,2,152.9409545,125
11,2,138.2938355,125
10,3,131.9185485839844,125
12,1,142.0062424,125
9,3,126.7416687011719,125
7,2,115.8227416,125
15,1,159.2577887,125
8,1,122.3089031,125
17,2,153.5348348,125
5,3,105.2972183227539,125
6,2,110.4129806,125
5,1,106.0125619,125
9,2,126.4006256,125
14,1,154.7282589,125
17,3,159.0892333984375,125
8,3,121.7024536132813,125
10,2,132.141653,125
14,3,152.6147155761719,125
8,2,121.0547023,125
16,1,162.2810191,125
19,3,160.8817596435547,125
13,2,147.7987241,125
12,2,143.8418653,125
10,1,131.7097077,125
17,1,164.3123638,125
11,3,137.3627471923828,125
14,2,150.3588015,125
15,3,155.7342071533203,125
7,3,116.5863037109375,125
5,2,104.5334923,125
11,1,136.4907975,125
19,2,154.695237,125
13,3,148.174560546875,125
13,1,148.5266151,125
18,2,154.026933,125
18,1,165.6822954,125
19,1,166.698702,125
13,3,153.8402862548828,126
10,1,135.1562473,126
9,2,133.1750878,126
13,2,154.4814968,126
8,2,127.7664029,126
5,3,109.5099792480469,126
11,1,140.3517647,126
14,1,159.7672816,126
17,1,170.2004852,126
18,2,159.4956719,126
15,2,158.2533483,126
19,2,159.9626707,126
18,3,165.6759948730469,126
19,3,166.6425933837891,126
17,3,164.7209014892578,126
7,3,121.0486526489258,126
6,3,115.4952239990234,126
14,2,156.8736191,126
14,3,158.3139343261719,126
6,2,117.002456,126
5,1,107.9562588,126
10,2,138.9577326,126
8,3,126.3645477294922,126
15,3,161.428955078125,126
9,1,130.1028233,126
12,2,150.6237989,126
17,2,159.2589222,126
18,1,171.8543594,126
6,1,114.0179709,126
12,1,146.2760666,126
11,3,142.7359161376953,126
16,1,167.9306239,126
7,2,122.4662085,126
5,2,111.099452,126
10,3,137.0543823242188,126
12,3,148.4573364257813,126
8,1,124.9784157,126
15,1,164.6300409,126
13,1,153.1932291,126
9,3,131.6337585449219,126
16,3,163.4256896972656,126
11,2,145.116072,126
19,1,173.3001417,126
7,1,119.6534682,126
16,2,158.9480676,126
13,2,147.7170258,127
6,2,110.7989496,127
17,2,152.3074185,127
15,1,157.9794415,127
11,1,135.1242809,127
7,2,116.1157751,127
9,3,126.0893173217773,127
9,2,126.6191414,127
10,3,131.2615661621094,127
19,2,153.0633371,127
11,2,138.4352181,127
13,3,147.5193634033203,127
19,3,158.6441802978516,127
10,2,132.3318863,127
12,1,140.7395415,127
6,3,110.9237365722656,127
14,3,151.8658142089844,127
5,3,105.3780899047852,127
19,1,163.9150175,127
13,1,147.3347529,127
15,2,151.3916198,127
9,1,125.594902,127
10,1,130.2624511,127
16,3,156.5360107421875,127
18,3,158.0798492431641,127
16,2,152.0324633,127
8,1,120.9129927,127
12,2,143.8978585,127
14,2,150.0674904,127
17,3,157.5039672851563,127
7,1,116.0934545,127
16,1,160.7563198,127
15,3,154.7950134277344,127
14,1,153.5465975,127
18,1,163.2941034,127
11,3,136.7229461669922,127
5,1,105.6547989,127
12,3,142.2645721435547,127
5,2,105.081117,127
6,1,111.0400739,127
7,3,116.1042251586914,127
8,2,121.2994136,127
18,2,152.5419289,127
8,3,121.099494934082,127
17,1,162.3840182,127
16,2,158.8765034,128
8,3,127.9999771118164,128
10,1,137.6353924,128
5,1,111.7039629,128
5,3,111.508544921875,128
14,2,156.9879293,128
14,1,160.9561709,128
9,3,133.1261138916016,128
19,1,171.2941519,128
12,1,148.1911572,128
18,1,170.5984352,128
6,3,117.3774566650391,128
11,3,143.8714294433594,128
11,2,145.3453424,128
5,2,111.305969,128
19,2,159.6358578,128
14,3,158.8672790527344,128
6,2,117.2338148,128
18,3,166.6400146484375,128
13,3,154.7091369628906,128
6,1,117.5162939,128
15,3,161.3937530517578,128
7,1,122.9035553,128
8,1,127.9754379,128
10,3,138.3758392333984,128
17,2,159.0892246,128
8,2,128.0260978,128
13,1,154.7754268,128
16,3,163.1365814208984,128
15,2,158.2990004,128
9,1,132.8442053,128
17,3,164.9763488769531,128
11,1,142.5606718,128
17,1,169.7007907,128
13,2,154.6410221,128
18,2,159.2604849,128
7,2,122.7159661,128
19,3,168.0797729492188,128
16,1,168.0884403,128
9,2,133.4350184,128
12,3,149.4455413818359,128
15,1,165.3455984,128
10,2,139.2074282,128
7,3,122.8116836547852,128
12,2,150.8215801,128
18,3,164.0221710205078,129
19,3,164.9980621337891,129
13,1,151.3516982,129
10,2,135.9323094,129
16,3,161.3277282714844,129
7,2,120.0105992,129
15,2,155.0631433,129
5,3,108.6149673461914,129
7,3,119.7345504760742,129
17,2,156.3208066,129
6,1,114.009739,129
5,2,109.1986374,129
14,3,155.8386993408203,129
11,2,141.9721935,129
17,3,162.8765563964844,129
14,2,153.6262814,129
8,1,124.5918764,129
16,1,165.440582,129
15,1,162.3103654,129
16,2,155.8605039,129
13,3,151.2914123535156,129
6,3,114.3935012817383,129
12,1,144.7324263,129
10,1,134.2395617,129
12,2,147.3992259,129
19,2,157.4285762,129
8,3,124.8295745849609,129
7,1,119.478099,129
18,1,168.9515049,129
12,3,145.9849090576172,129
5,1,108.0732279,129
8,2,125.0851548,129
9,2,130.3039924,129
9,3,129.8705749511719,129
11,1,139.125942,129
11,3,140.4803314208984,129
14,1,157.6639972,129
17,1,167.5597185,129
19,1,169.867013,129
18,2,156.7442541,129
9,1,129.4678786,129
6,2,114.8069154,129
13,2,151.2211107,129
10,3,135.0518188476563,129
15,3,159.1128082275391,129
10,1,139.9136999,130
10,2,140.1037575,130
14,2,158.1467249,130
14,3,160.9655303955078,130
11,3,145.6043548583984,130
19,3,167.3899230957031,130
10,3,140.0056457519531,130
9,2,134.2678502,130
18,1,172.4950678,130
11,1,144.9432131,130
7,3,124.2333679199219,130
6,1,119.5615577,130
13,2,155.740994,130
5,1,113.7211597,130
12,1,150.6758856,130
15,1,167.8770657,130
12,3,151.2456512451172,130
17,2,160.256391,130
6,2,117.9256678,130
5,2,111.9681911,130
16,2,160.0242867,130
8,2,128.8024389,130
5,3,112.8608779907227,130
19,1,173.0205587,130
7,2,123.4457063,130
15,3,163.8857116699219,130
15,2,159.4641779,130
16,3,165.5637359619141,130
11,2,146.3095473,130
12,2,151.8543521,130
19,2,160.7678933,130
8,3,129.4718933105469,130
13,1,157.3303601,130
17,3,166.4329833984375,130
17,1,171.8322545,130
18,3,166.9056549072266,130
6,3,118.7602920532227,130
7,1,124.9878806,130
9,3,134.6644134521484,130
16,1,170.4867962,130
9,1,135.0376662,130
18,2,160.4395253,130
8,1,130.1076294,130
14,1,163.5292449,130
13,3,156.56787109375,130
16,3,167.2914123535156,131
7,1,125.7432909,131
18,2,160.8552092,131
11,3,148.2724914550781,131
12,1,154.3266997,131
9,1,137.072251,131
11,1,148.1529289,131
17,2,160.7185334,131
7,3,125.2203750610352,131
11,2,148.4063612,131
19,3,168.3199462890625,131
5,1,113.1517769,131
9,2,136.1629317,131
13,2,157.5301135,131
12,3,154.1075134277344,131
5,2,111.9693148,131
10,2,142.1624555,131
5,3,112.5908889770508,131
8,3,130.9921264648438,131
14,2,159.5997797,131
15,3,166.1958312988281,131
16,1,172.924383,131
17,1,173.4358252,131
17,3,167.5703735351563,131
18,1,173.4941876,131
18,3,167.6863555908203,131
19,2,161.6011404,131
19,1,173.9838521,131
8,2,130.4087334,131
14,3,163.6934204101563,131
13,3,159.4760437011719,131
10,3,142.3690643310547,131
16,2,160.7554511,131
9,3,136.6424255371094,131
6,3,119.1442642211914,131
13,1,161.1958901,131
7,2,124.6380621,131
6,1,119.6515072,131
10,1,142.5541122,131
14,1,167.2802003,131
8,1,131.515556,131
15,1,171.1146581,131
15,2,160.5319096,131
6,2,118.580927,131
12,2,153.8612966,131
10,1,130.9695105,132
15,1,160.124226,132
17,2,154.1147895,132
11,2,139.1585694,132
14,2,151.2820214,132
7,1,115.5031233,132
19,2,154.8080817,132
17,1,165.1371623,132
12,2,144.7530382,132
12,3,143.3879089355469,132
7,2,116.4541413,132
18,3,160.2909240722656,132
5,2,105.213735,132
15,3,156.4946899414063,132
5,3,104.5011901855469,132
16,2,153.6914679,132
13,1,148.9280175,132
16,1,163.1965823,132
12,1,142.0564151,132
10,3,131.9425506591797,132
10,2,132.944908,132
6,1,109.8658664,132
6,2,111.0413519,132
9,3,126.5266265869141,132
15,2,152.835121,132
9,1,125.9352837,132
18,2,154.3941403,132
7,3,115.972282409668,132
11,3,137.6336517333984,132
19,3,160.8639678955078,132
8,2,121.7273898,132
18,1,166.3172445,132
5,1,103.8060118,132
6,3,110.4461364746094,132
14,3,153.3633117675781,132
9,2,127.1357582,132
8,1,120.8239037,132
14,1,155.4132601,132
13,2,148.7341714,132
13,3,148.8320922851563,132
11,1,136.1508836,132
8,3,121.2692489624023,132
17,3,159.5973815917969,132
16,3,158.4434661865234,132
19,1,167.1213959,132
11,2,142.898563,133
6,1,115.5144907,133
16,3,161.4800109863281,133
10,2,136.7497181,133
17,2,157.0775409,133
7,3,120.6316833496094,133
8,1,126.0021384,133
9,1,130.8809392,133
5,3,109.3689270019531,133
10,1,135.6824027,133
19,1,169.7171225,133
13,2,152.2769949,133
12,3,147.3055419921875,133
14,2,154.6653668,133
5,2,109.0429093,133
18,1,168.6862519,133
14,1,159.042637,133
12,2,148.4061019,133
16,2,156.657037,133
12,1,146.2533951,133
17,1,167.647939,133
15,1,163.432328,133
13,3,152.5684661865234,133
11,3,141.7314147949219,133
16,1,166.0991429,133
17,3,162.4734954833984,133
7,2,120.3329588,133
8,2,125.6011249,133
13,1,152.8471623,133
14,3,156.9026641845703,133
19,2,158.1757736,133
5,1,109.6804906,133
6,3,115.2168807983398,133
11,1,140.6156766,133
18,2,157.5099783,133
19,3,164.0560607910156,133
6,2,114.9055026,133
9,3,130.9316253662109,133
15,3,159.7890014648438,133
15,2,155.9818101,133
10,3,136.2040557861328,133
9,2,130.9846435,133
18,3,163.210205078125,133
8,3,125.8061141967773,133
7,1,120.9172662,133
8,3,129.6955413818359,134
11,3,146.4354858398438,134
5,3,111.3117752075195,134
14,3,161.5497131347656,134
9,3,135.1926879882813,134
11,1,146.1279532,134
8,1,130.4034366,134
9,1,135.6997578,134
14,2,157.9421698,134
7,3,124.0178375244141,134
19,1,172.5200648,134
5,2,110.2391709,134
17,2,159.2785219,134
13,2,155.8352438,134
16,1,171.2844017,134
16,2,159.2521977,134
19,2,159.8634904,134
17,3,165.9554443359375,134
12,1,152.0299797,134
13,1,158.7594471,134
18,3,166.1152038574219,134
15,1,169.0345732,134
11,2,146.7618376,134
10,3,140.7255554199219,134
6,1,118.8150547,134
5,1,112.2904469,134
13,3,157.3533020019531,134
18,1,172.3252246,134
7,2,123.1433587,134
15,2,158.9598407,134
16,3,165.4845428466797,134
6,3,117.9571990966797,134
14,1,164.9058766,134
12,3,152.0991058349609,134
12,2,152.1737953,134
10,2,140.578342,134
10,1,140.8630989,134
9,2,134.6387165,134
8,2,128.922232,134
6,2,117.0119053,134
19,3,166.4990386962891,134
18,2,159.3730302,134
17,1,172.1510304,134
7,1,124.8144437,134
15,3,164.1770935058594,134
6,2,112.6916572,135
14,3,155.1948394775391,135
19,1,167.8592857,135
16,3,160.0090942382813,135
13,1,150.8481855,135
10,3,134.17822265625,135
18,1,166.9668335,135
12,3,145.5150756835938,135
19,2,157.7214099,135
15,1,161.5595455,135
5,3,107.2349395751953,135
7,3,118.4871520996094,135
12,1,144.1767317,135
14,1,157.1065045,135
10,1,133.476533,135
10,2,134.8757666,135
17,2,156.5255787,135
9,1,128.666253,135
9,3,128.8375396728516,135
11,3,139.8357849121094,135
9,2,129.0169362,135
18,3,161.8265075683594,135
19,3,162.6218872070313,135
5,1,107.6944233,135
7,2,118.1964884,135
12,2,146.7822809,135
11,1,138.4604267,135
6,3,113.0703659057617,135
17,1,165.9854527,135
11,2,141.1384824,135
6,1,113.4310727,135
18,2,157.016064,135
5,2,106.7523977,135
15,2,155.0072238,135
7,1,118.7640903,135
8,2,123.5463435,135
8,1,123.8049761,135
15,3,158.1778869628906,135
16,1,164.3529183,135
16,2,155.9533665,135
17,3,161.0898284912109,135
8,3,123.6787185668945,135
14,2,153.3979919,135
13,2,150.8059385,135
13,3,150.8264465332031,135
5,1,110.7316251,136
17,3,163.4992370605469,136
7,2,121.315753,136
10,3,137.4024200439453,136
9,1,132.0309685,136
12,2,149.5302987,136
11,2,144.0284802,136
14,2,155.6887563,136
18,3,163.5503540039063,136
10,1,136.9740529,136
6,2,115.8132678,136
19,3,163.4734954833984,136
16,2,157.4708355,136
19,1,169.4764747,136
9,3,132.0528869628906,136
17,2,157.4791082,136
6,3,116.1614456176758,136
18,1,169.5929172,136
15,3,161.3090362548828,136
16,3,162.8648834228516,136
7,1,121.8997756,136
8,3,126.8539276123047,136
5,2,109.8733165,136
8,2,126.647135,136
12,1,147.9892792,136
18,2,157.340014,136
10,2,137.8607165,136
11,3,143.0439605712891,136
13,1,154.7705462,136
16,1,168.0688291,136
7,3,121.6161346435547,136
14,1,161.0747261,136
6,1,116.4905968,136
14,3,158.4489898681641,136
17,1,169.3363464,136
5,3,110.3145370483398,136
19,2,157.2953641,136
13,3,154.0835418701172,136
13,2,153.3581023,136
9,2,132.0762655,136
12,3,148.7370300292969,136
15,1,165.473972,136
15,2,156.9597312,136
8,1,127.048655,136
11,1,142.1211681,136
16,1,155.6039004,137
7,2,113.0471037,137
9,2,123.3706169,137
10,3,126.6716079711914,137
15,3,150.5164947509766,137
5,2,102.1059959,137
17,2,149.6999979,137
18,1,158.5460885,137
15,1,152.7181097,137
13,3,143.0679168701172,137
14,3,147.4934234619141,137
10,2,128.9963885,137
11,1,129.5070879,137
12,1,135.2260777,137
11,3,132.1556854248047,137
6,3,106.0233383178711,137
13,1,141.9131215,137
8,2,118.1444886,137
7,3,111.3424224853516,137
17,1,157.4004479,137
12,3,137.740234375,137
16,2,149.1137107,137
19,3,155.4371948242188,137
19,1,159.5056279,137
5,1,98.57154238,137
15,2,148.2325036,137
13,2,144.3051201,137
8,1,114.827888,137
18,2,150.3093059,137
11,2,135.0339264,137
16,3,152.4089965820313,137
14,1,148.2067095,137
9,3,121.4695816040039,137
7,1,109.7541357,137
19,2,151.2620001,137
17,3,153.6078948974609,137
6,2,107.7951948,137
18,3,154.4867401123047,137
8,3,116.4270553588867,137
14,2,146.7426943,137
12,2,140.4656304,137
9,1,119.7048925,137
10,1,124.5237401,137
6,1,104.3717333,137
5,3,100.2781524658203,137
17,1,169.5149884,138
15,3,160.8755950927734,138
7,1,121.2218051,138
12,1,146.2218151,138
5,3,110.1769943237305,138
9,2,131.1108544,138
9,1,130.8467202,138
5,1,110.6506733,138
16,3,163.1110076904297,138
6,3,115.7172546386719,138
14,1,159.3433652,138
8,1,126.1007547,138
15,1,164.0451214,138
19,1,173.2040163,138
13,2,153.0226275,138
12,2,148.8892639,138
10,2,136.9242025,138
16,2,158.8467735,138
17,2,159.7730008,138
12,3,147.5410461425781,138
7,3,120.9044799804688,138
18,3,166.0983428955078,138
8,2,125.7478394,138
13,3,152.9837493896484,138
19,3,167.6360473632813,138
7,2,120.5697955,138
13,1,152.9458102,138
6,1,116.1065199,138
5,2,109.6694979,138
14,2,155.7808017,138
15,2,157.6125091,138
18,2,160.6810565,138
19,2,161.8697074,138
6,2,115.3025304,138
9,3,130.9766082763672,138
8,3,125.9280014038086,138
11,2,143.1921238,138
10,3,136.2447509765625,138
10,1,135.5835161,138
11,3,141.8399200439453,138
17,3,164.72314453125,138
18,1,171.3346622,138
16,1,167.2457475,138
14,3,157.5863189697266,138
11,1,140.5178778,138
5,1,113.4180203,139
16,3,165.6020812988281,139
15,2,158.7976101,139
14,1,163.7052117,139
15,1,168.3290514,139
13,2,154.7800609,139
12,3,150.6792755126953,139
13,1,157.3003135,139
14,3,160.5749664306641,139
10,1,139.616057,139
9,3,134.1266021728516,139
7,2,123.2488929,139
18,3,167.3306427001953,139
17,1,173.0983776,139
11,3,145.0066070556641,139
16,1,171.2951261,139
19,3,167.7925109863281,139
13,3,156.0721740722656,139
5,2,112.6634269,139
8,2,128.2938593,139
6,2,118.1281541,139
19,1,174.6931117,139
6,1,119.1975962,139
10,2,139.2065141,139
18,2,160.2288458,139
19,2,160.5616758,139
12,2,150.854671,139
11,2,145.3290698,139
8,3,129.0320281982422,139
12,1,150.5126436,139
15,3,163.6826629638672,139
7,3,123.9429397583008,139
10,3,139.4166412353516,139
18,1,174.0989607,139
17,3,166.7128753662109,139
17,2,160.0062226,139
16,2,159.6193126,139
11,1,144.7004219,139
9,2,133.5267077,139
9,1,134.6956212,139
5,3,113.050910949707,139
7,1,124.6006619,139
6,3,118.6772994995117,139
8,1,129.7318454,139
14,2,157.2827355,139
9,2,134.5553109,140
19,2,159.4676111,140
19,3,167.1531372070313,140
12,2,151.3986177,140
6,3,121.101432800293,140
7,2,124.0224597,140
7,3,126.2555694580078,140
9,3,135.9943237304688,140
10,1,141.7322528,140
11,2,146.1335222,140
13,2,154.9815742,140
17,1,170.9179754,140
18,3,166.3268737792969,140
19,1,171.9278029,140
8,2,129.2595605,140
18,2,158.8829279,140
10,3,140.9646148681641,140
7,1,128.4286117,140
5,3,115.4957504272461,140
17,3,165.5116424560547,140
16,3,164.5855712890625,140
5,1,118.2545353,140
15,2,158.1464002,140
16,1,169.6321263,140
5,2,112.6160793,140
13,3,156.2759246826172,140
6,2,118.5681543,140
9,1,137.4024833,140
11,1,146.2027211,140
14,1,163.2746096,140
14,3,160.2704620361328,140
15,1,167.2555219,140
13,1,157.5266965,140
14,2,157.0732897,140
8,1,133.009773,140
11,3,146.1686096191406,140
17,2,158.6904008,140
10,2,140.1778517,140
12,3,151.3913726806641,140
18,1,171.5068929,140
8,3,131.1544647216797,140
12,1,151.3843497,140
6,1,123.5483718,140
16,2,158.5617657,140
15,3,162.9998474121094,140
7,1,121.2762092,141
13,3,153.3332977294922,141
15,3,160.7424011230469,141
12,2,149.3881653,141
19,2,159.3401491,141
14,3,157.7394714355469,141
15,1,164.0785308,141
18,2,158.7901318,141
8,3,126.4134216308594,141
13,2,153.294799,141
16,3,162.5641937255859,141
11,2,143.8522271,141
5,3,110.0615005493164,141
6,1,115.929952,141
9,3,131.5408935546875,141
18,3,164.2272338867188,141
10,3,136.8316497802734,141
5,2,109.9384488,141
19,1,169.9747632,141
7,2,121.2257487,141
12,3,148.0168609619141,141
10,2,137.6807779,141
14,1,159.6232966,141
7,3,121.2516326904297,141
18,1,169.3852269,141
6,2,115.7972042,141
9,1,131.2013786,141
5,1,110.1781655,141
14,2,155.7595912,141
10,1,136.0236988,141
16,2,158.0318546,141
13,1,153.3700018,141
11,3,142.39501953125,141
6,3,115.8653182983398,141
17,3,163.6100311279297,141
15,2,157.2307822,141
17,2,158.4534159,141
9,2,131.8979764,141
8,1,126.3296345,141
16,1,166.8711844,141
8,2,126.5015684,141
17,1,168.5094639,141
12,1,146.7097372,141
19,3,164.7992553710938,141
11,1,141.006839,141
16,1,161.8056241,142
6,2,112.9048026,142
16,2,153.9585948,142
16,3,157.9388427734375,142
19,2,155.5298388,142
14,2,151.1034391,142
12,1,141.8549853,142
8,1,123.6263584,142
8,3,123.14208984375,142
9,2,127.6513052,142
12,2,144.5373951,142
7,3,118.4303436279297,142
18,3,160.2441558837891,142
13,3,148.3033905029297,142
9,3,127.8210067749023,142
18,1,165.2953529,142
9,1,127.984111,142
13,2,148.4770991,142
6,3,113.4863662719727,142
15,3,155.8327178955078,142
17,1,163.932525,142
8,2,122.6394801,142
6,1,114.0421929,142
11,2,139.0941221,142
12,3,143.1682739257813,142
19,1,166.0359173,142
14,3,152.6824035644531,142
10,2,133.1310539,142
11,1,136.6586841,142
5,2,107.6105323,142
10,3,132.6797637939453,142
18,2,155.0894061,142
17,2,154.6360859,142
17,3,159.3454895019531,142
11,3,137.8520202636719,142
15,1,158.717403,142
7,2,117.8192901,142
15,2,152.8484778,142
14,1,154.2049251,142
13,1,148.1363963,142
5,3,108.1117858886719,142
5,1,108.5859015,142
7,1,119.0182515,142
10,1,132.2463289,142
19,3,160.7840728759766,142
15,1,152.1981437,143
19,2,153.3315498,143
5,1,100.3400212,143
7,2,110.0364214,143
17,2,150.951683,143
12,2,137.5298418,143
9,1,120.761217,143
15,3,149.9515686035156,143
8,3,115.4715347290039,143
10,3,125.3692245483398,143
10,1,125.2814754,143
17,3,154.3312835693359,143
11,1,129.9225582,143
15,2,147.6047847,143
8,1,116.1401791,143
6,2,105.3409758,143
16,3,152.4351043701172,143
7,1,111.2798168,143
7,3,110.6733856201172,143
14,2,145.1666048,143
10,2,125.4612338,143
14,3,146.4821472167969,143
16,2,149.479978,143
16,1,155.2655951,143
11,2,131.7039271,143
5,2,100.4000331,143
14,1,147.7406407,143
6,3,105.7069473266602,143
19,3,157.7768096923828,143
17,1,157.5702371,143
18,1,159.6522472,143
18,2,152.1810825,143
13,3,141.8028106689453,143
12,3,136.382080078125,143
5,3,100.3693084716797,143
6,1,106.0556078,143
19,1,162.0398757,143
12,1,135.2855523,143
11,3,130.7925109863281,143
18,3,155.9953765869141,143
9,3,120.3017578125,143
13,1,141.6595695,143
9,2,119.8196398,143
13,2,141.9526519,143
8,2,114.7693438,143
16,1,170.7509944,144
9,1,135.2535526,144
14,1,163.7519771,144
12,2,151.721446,144
6,1,120.2902449,144
9,2,134.5505081,144
19,1,173.2391176,144
9,3,134.9106140136719,144
15,1,168.1199092,144
7,3,125.0570220947266,144
16,3,165.6313018798828,144
15,2,159.7090997,144
12,3,151.2752380371094,144
17,3,166.5345764160156,144
7,2,124.5971918,144
17,1,172.1589924,144
19,2,161.4514778,144
5,2,114.5513567,144
13,3,156.5917510986328,144
10,1,140.0760753,144
12,1,150.8407944,144
18,2,161.1541205,144
18,1,172.7963306,144
7,1,125.48483,144
19,3,167.4267883300781,144
6,3,120.0141143798828,144
14,3,160.9693450927734,144
17,2,160.9424082,144
14,2,158.1677489,144
5,1,114.7572284,144
16,2,160.55333,144
11,3,145.6468505859375,144
8,3,129.9634094238281,144
15,3,163.9130859375,144
10,3,140.1097564697266,144
8,2,129.4565062,144
6,2,119.7160295,144
11,1,145.0960912,144
5,3,114.6586456298828,144
11,2,146.2179908,144
18,3,166.9988098144531,144
10,2,140.1447816,144
8,1,130.4378809,144
13,1,157.5224693,144
13,2,155.6475787,144
12,2,154.7902774,145
17,2,164.1247752,145
18,2,164.6767857,145
13,2,158.7971449,145
5,3,115.2389984130859,145
6,2,120.4313475,145
7,1,127.5392286,145
18,3,171.1080627441406,145
6,3,121.2503814697266,145
13,1,160.5604524,145
9,1,137.8649151,145
15,2,162.7790489,145
10,2,142.8583874,145
11,2,149.1456578,145
11,3,148.5345001220703,145
6,1,121.9679686,145
14,3,164.3874664306641,145
19,1,178.5384887,145
18,1,177.3066964,145
13,3,159.7107238769531,145
9,2,136.9520593,145
10,1,142.8546506,145
12,1,153.7981933,145
11,1,147.9766675,145
16,1,174.3389618,145
8,1,132.805057,145
15,1,171.4803064,145
17,3,170.6134490966797,145
15,3,167.4607696533203,145
16,3,169.3713073730469,145
7,2,126.006114,145
12,3,154.2783813476563,145
7,3,126.8014068603516,145
16,2,163.5826646,145
14,2,161.3252488,145
10,3,142.8565063476563,145
17,1,176.076781,145
14,1,166.9174313,145
9,3,137.4385528564453,145
19,2,165.4629936,145
5,1,115.9861343,145
5,2,114.4235935,145
19,3,172.3704833984375,145
8,2,131.422373,145
8,3,132.129638671875,145
10,2,145.4687042,146
8,1,135.9691483,146
15,2,164.3834674,146
11,2,151.6967823,146
6,3,123.5468139648438,146
19,2,166.8591787,146
19,3,172.6972961425781,146
6,2,122.6046508,146
16,3,170.8496551513672,146
9,1,141.3002465,146
18,2,165.7200263,146
14,1,170.2935981,146
5,3,117.2040100097656,146
7,1,130.3839357,146
8,3,134.9791107177734,146
10,3,146.0037231445313,146
14,2,163.2170078,146
13,2,160.977902,146
12,3,157.4302062988281,146
18,3,171.9536285400391,146
17,1,177.4691215,146
15,1,174.3037763,146
12,1,157.6506473,146
7,2,128.3780911,146
18,1,177.8381701,146
17,3,171.5206146240234,146
10,1,146.512666,146
15,3,169.4622039794922,146
13,3,162.6680297851563,146
8,2,133.9371353,146
9,2,139.5479226,146
11,3,151.7446746826172,146
9,3,140.4480438232422,146
14,3,166.8374328613281,146
16,2,164.9058885,146
5,1,118.0218428,146
7,3,129.4058685302734,146
5,2,116.3470441,146
11,1,151.7902684,146
19,1,178.2825444,146
17,2,165.2100185,146
16,1,176.4947676,146
6,1,124.4394792,146
13,1,164.2815233,146
12,2,157.1992553,146
11,1,148.3051412,147
14,3,164.2308654785156,147
5,2,114.6221785,147
10,1,143.2375261,147
13,2,158.5229543,147
6,3,121.68603515625,147
11,3,148.5608367919922,147
9,1,138.3304974,147
15,1,171.6271706,147
12,3,154.2789916992188,147
19,2,166.4250821,147
7,2,125.9587819,147
14,1,167.1272141,147
7,3,127.1285552978516,147
13,3,159.6999206542969,147
5,3,115.8295364379883,147
17,1,176.0269688,147
8,1,133.3735283,147
17,3,170.4519805908203,147
19,1,177.4737179,147
12,1,154.0899281,147
8,2,131.2727659,147
15,3,167.3653411865234,147
19,3,172.1367645263672,147
6,1,122.8056164,147
10,3,142.9134826660156,147
6,2,120.5020617,147
7,1,128.2348276,147
9,2,136.7215745,147
5,1,116.9793071,147
11,2,148.8325261,147
17,2,164.5827271,147
12,2,154.4793766,147
9,3,137.5476379394531,147
14,2,161.1516728,147
13,1,160.8197755,147
16,3,169.2985687255859,147
15,2,162.8175637,147
8,3,132.352783203125,147
16,2,163.8518991,147
16,1,174.4410136,147
10,2,142.5727245,147
18,2,165.3369484,147
18,1,176.8524387,147
18,3,171.2639923095703,147
12,3,156.6446228027344,148
11,3,150.7315063476563,148
12,1,155.8238875,148
11,1,149.650208,148
7,2,127.4731142,148
15,2,164.6587215,148
9,2,139.295723,148
17,2,165.0464644,148
17,1,178.8565217,148
10,2,145.4488602,148
6,1,121.4654743,148
18,2,165.1801965,148
8,2,133.3937231,148
5,3,114.721435546875,148
9,1,138.7177508,148
17,3,172.1021270751953,148
13,2,161.3815391,148
5,1,114.9598425,148
5,2,114.4709159,148
18,3,172.6216583251953,148
16,2,164.8852242,148
8,1,133.2266,148
10,3,144.7760009765625,148
14,1,169.4358724,148
16,3,171.1433715820313,148
13,3,162.1429901123047,148
8,3,133.3083648681641,148
6,3,121.3647918701172,148
14,3,166.6203002929688,148
18,1,179.7519192,148
19,2,165.3170224,148
7,3,127.4936828613281,148
10,1,144.1314845,148
19,1,180.2920898,148
16,1,177.0975311,148
15,3,169.5136260986328,148
15,1,174.1294655,148
14,2,163.6847437,148
12,2,157.5014917,148
9,3,139.0005950927734,148
11,2,151.8592427,148
13,1,162.8744059,148
6,2,121.2595319,148
19,3,172.9453582763672,148
7,1,127.513347,148
11,1,149.3686036,149
9,2,138.0111211,149
5,1,117.3632945,149
14,2,162.4964833,149
10,2,143.8857384,149
6,3,122.5466156005859,149
19,2,166.949618,149
13,3,161.0299224853516,149
16,2,165.1049841,149
7,1,128.8687672,149
19,3,174.5596466064453,149
5,3,116.6216888427734,149
14,3,165.6417694091797,149
6,1,123.3170649,149
18,2,166.2177066,149
15,2,164.1414921,149
17,1,178.6433054,149
16,1,176.4993539,149
12,1,155.2558664,149
17,2,165.6925331,149
10,1,144.2033846,149
9,3,138.6203308105469,149
16,3,171.0049438476563,149
11,3,149.7541809082031,149
13,2,159.8714489,149
8,1,134.1235329,149
19,1,181.6180278,149
6,2,121.7209923,149
14,1,168.5933117,149
15,3,168.8879852294922,149
7,2,127.1980797,149
18,3,173.4935455322266,149
12,3,155.5303802490234,149
5,2,115.8276529,149
11,2,150.1658356,149
8,3,133.356201171875,149
9,1,139.191664,149
17,3,172.4179229736328,149
8,2,132.5369125,149
18,1,180.1965198,149
12,2,155.8242843,149
7,3,128.0618133544922,149
15,1,173.3313755,149
13,1,162.1135543,149
10,3,144.0495910644531,149
11,2,147.0760912,150
14,3,160.7727508544922,150
13,2,156.5167066,150
9,3,135.2693023681641,150
16,1,169.4621476,150
8,2,130.5320039,150
7,1,126.450445,150
5,1,117.5343978,150
10,1,139.4260996,150
17,1,170.9951338,150
19,2,163.5654672,150
19,1,173.0074144,150
17,2,162.1418362,150
8,1,130.7392547,150
12,2,152.5702417,150
12,1,149.6423478,150
14,1,162.3849524,150
15,3,163.7817535400391,150
10,3,140.2169189453125,150
7,3,126.14306640625,150
15,1,166.7935743,150
14,2,159.068738,150
16,3,165.6027374267578,150
11,3,145.5632019042969,150
7,2,125.8151547,150
8,3,130.6390533447266,150
9,2,135.5254253,150
11,1,144.1224302,150
15,2,160.6223802,150
18,3,167.5206146240234,150
18,2,162.7435589,150
13,3,156.3489227294922,150
10,2,141.045136,150
9,1,135.0266227,150
12,3,151.0580902099609,150
17,3,166.7070922851563,150
6,3,121.6114959716797,150
18,1,172.0148071,150
13,1,156.1921825,150
5,3,116.8798828125,150
6,1,122.0759965,150
16,2,161.5289729,150
19,3,168.4173889160156,150
6,2,121.1205004,150
5,2,116.1885612,150
18,3,173.5572204589844,151
17,2,166.2575145,151
6,2,123.3641068,151
17,3,173.3860321044922,151
16,3,172.6378479003906,151
11,3,152.0207824707031,151
8,1,135.4091502,151
12,3,157.9498291015625,151
19,1,180.5716902,151
19,3,173.6575469970703,151
6,3,123.7659759521484,151
11,2,152.4316279,151
12,2,158.0789094,151
15,2,165.7703208,151
16,2,166.2004771,151
9,1,140.7770847,151
9,2,140.1117209,151
10,3,146.1068267822266,151
18,2,166.2831443,151
14,1,171.4646097,151
7,3,129.4579620361328,151
8,3,134.96240234375,151
9,3,140.4534301757813,151
10,2,146.0947775,151
12,1,157.8262096,151
10,1,146.1182671,151
15,1,176.0807602,151
16,1,178.8349965,151
17,1,180.1440272,151
11,1,151.6279601,151
5,1,118.0538168,151
14,3,168.0539855957031,151
19,2,166.4134848,151
14,2,164.453534,151
13,2,162.0296289,151
13,1,164.9054138,151
6,1,124.1448783,151
13,3,163.5048065185547,151
15,3,171.0189514160156,151
5,2,117.3365197,151
5,3,117.7053833007813,151
7,2,128.9957269,151
18,1,180.4562932,151
7,1,129.8983677,151
8,2,134.4935524,151
12,3,155.5337524414063,152
12,1,154.9549501,152
19,3,174.1083526611328,152
14,1,168.8009761,152
8,1,133.0101647,152
10,1,143.419876,152
6,2,121.0818612,152
7,2,126.5951387,152
9,1,138.2178221,152
9,2,137.6714309,152
5,1,116.1801279,152
7,3,127.1462631225586,152
11,3,149.5140380859375,152
6,3,121.6011581420898,152
16,3,171.7100830078125,152
14,3,166.1034088134766,152
13,1,162.0717043,152
12,2,156.1442326,152
17,3,173.027099609375,152
8,2,132.0391373,152
17,2,166.6930026,152
11,1,148.8148693,152
9,3,137.9531860351563,152
6,1,122.0915947,152
18,1,180.0640253,152
13,3,161.2682800292969,152
16,1,177.0157041,152
5,3,115.7198486328125,152
17,1,179.0467496,152
10,3,143.5780029296875,152
18,2,167.0193799,152
10,2,143.7459247,152
7,1,127.6679363,152
8,3,132.5381011962891,152
19,2,167.392933,152
14,2,163.2530535,152
15,2,165.0648584,152
18,3,173.7189025878906,152
15,3,169.5241241455078,152
11,2,150.2506571,152
19,1,180.5087423,152
13,2,160.4211679,152
15,1,173.7499015,152
16,2,166.133972,152
5,2,115.2335275,152
17,2,167.1728373,153
19,2,168.1878783,153
8,3,134.2133636474609,153
14,3,166.6860961914063,153
11,1,150.287035,153
16,2,166.5527957,153
9,1,140.0162907,153
18,2,167.6278464,153
12,3,156.5039978027344,153
12,1,156.1701674,153
14,1,169.4611393,153
19,3,174.5335083007813,153
11,3,150.6883392333984,153
7,2,128.32416,153
16,3,172.0987091064453,153
11,2,151.10865,153
10,1,145.0953966,153
14,2,163.7536267,153
8,2,133.5132506,153
13,2,161.0144111,153
10,3,144.9414367675781,153
12,2,156.8556914,153
15,3,169.9629211425781,153
18,1,180.4583603,153
16,1,177.3834959,153
17,1,179.4370362,153
6,1,123.9513826,153
17,3,173.4704132080078,153
6,3,123.5319900512695,153
15,2,165.5017437,153
6,2,123.0927243,153
5,1,117.9598651,153
7,1,129.5555188,153
5,2,117.5560973,153
13,3,162.0350341796875,153
9,3,139.4766998291016,153
8,1,134.8802755,153
13,1,163.0027778,153
15,1,174.2068038,153
7,3,128.9557647705078,153
18,3,174.2120208740234,153
19,1,180.5567387,153
5,3,117.7619400024414,153
10,2,144.7807636,153
9,2,138.9138517,153
18,2,167.729297,154
17,3,174.1151733398438,154
10,2,144.7692072,154
11,1,150.8090496,154
16,2,166.7400268,154
19,1,181.4851631,154
17,1,180.488521,154
12,1,156.9599671,154
19,3,175.0728302001953,154
8,3,133.7060852050781,154
14,1,170.6573135,154
13,2,161.2535654,154
18,1,181.3196233,154
6,3,122.0229339599609,154
10,1,145.3250075,154
10,3,145.0569610595703,154
12,3,157.0123596191406,154
14,2,163.9879546,154
15,2,165.7173534,154
17,2,167.3192224,154
14,3,167.3978576660156,154
15,1,175.4800433,154
13,1,164.0262622,154
19,2,168.2479783,154
15,3,170.6799011230469,154
5,3,115.5785522460938,154
12,2,157.0686474,154
9,1,139.9426645,154
8,2,132.9338265,154
5,1,115.9314903,154
6,2,121.4785081,154
11,2,151.2439702,154
11,3,151.0203094482422,154
18,3,174.7142944335938,154
16,1,178.6055004,154
9,2,138.6686809,154
9,3,139.3304138183594,154
7,2,127.2961211,154
7,3,127.9984817504883,154
6,1,122.5472195,154
5,2,115.2015487,154
16,3,172.8183135986328,154
8,1,134.4409547,154
7,1,128.6802122,154
13,3,162.6829223632813,154
11,1,148.6974272,156
13,1,161.5942254,156
9,2,137.082047,156
15,2,163.9300906,156
8,2,131.4365953,156
15,3,168.4990997314453,156
6,3,121.140022277832,156
7,3,126.8230590820313,156
13,2,159.5045072,156
13,3,160.5698852539063,156
10,2,143.1172014,156
16,2,164.911571,156
5,1,115.8792653,156
17,2,165.4149375,156
9,3,137.7006072998047,156
18,2,165.7126027,156
17,1,178.0776052,156
11,2,149.544801,156
8,1,133.0874523,156
17,3,171.8715667724609,156
12,2,155.3388923,156
16,3,170.5795288085938,156
10,3,143.2764129638672,156
10,1,143.4280026,156
7,2,125.9168989,156
6,2,120.2502107,156
5,2,114.1611111,156
7,1,127.6911823,156
9,1,138.2883607,156
14,2,162.2229409,156
18,3,172.5783386230469,156
14,1,168.1263146,156
15,1,172.9030079,156
19,3,173.0464324951172,156
11,3,149.1125183105469,156
12,1,154.670351,156
19,2,166.085865,156
16,1,176.060932,156
14,3,165.2407836914063,156
5,3,115.039176940918,156
6,1,121.9922034,156
12,3,154.9987030029297,156
19,1,179.7082575,156
18,1,179.1771315,156
8,3,132.2819671630859,156
6,3,119.9222106933594,157
17,3,170.7762908935547,157
14,1,167.7292283,157
5,3,113.7526779174805,157
17,2,164.1611576,157
16,3,169.8644561767578,157
18,2,164.1688107,157
18,3,171.1500701904297,157
18,1,177.8430517,157
15,1,172.454215,157
13,2,159.0680129,157
12,1,154.0862019,157
11,2,149.0501994,157
11,1,147.9374506,157
5,2,113.4384824,157
5,1,114.0521222,157
7,3,125.7023849487305,157
16,1,175.4167862,157
17,1,177.0994649,157
8,1,131.761225,157
13,1,161.1382802,157
10,3,142.5196075439453,157
11,3,148.4785003662109,157
12,3,154.4747772216797,157
10,2,142.5662739,157
6,2,119.5124754,157
14,3,164.8140411376953,157
16,2,164.0591427,157
8,3,131.2745208740234,157
13,3,160.1286926269531,157
19,3,171.3587799072266,157
14,2,161.7655598,157
19,2,164.1918701,157
8,2,130.7645429,157
9,1,137.1466495,157
19,1,178.223423,157
7,2,125.1998295,157
15,3,168.0181884765625,157
6,1,120.3136559,157
9,3,136.8152618408203,157
10,1,142.4751456,157
9,2,136.4681611,157
15,2,163.3935575,157
7,1,126.1819685,157
12,2,154.8861806,157
5,3,114.5665588378906,158
16,3,171.4667053222656,158
6,1,121.62381,158
18,2,165.8773249,158
14,1,169.6673178,158
18,3,172.8035736083984,158
18,1,179.4186711,158
11,1,149.9573321,158
15,2,164.9185067,158
17,2,165.7489575,158
11,3,150.4662933349609,158
8,2,132.3420438,158
7,2,126.5174647,158
16,2,165.553919,158
6,3,121.0779876708984,158
14,2,163.4802377,158
13,1,163.1619302,158
14,3,166.6553192138672,158
9,2,138.2375234,158
17,1,178.6541477,158
19,1,179.901262,158
7,3,127.1343307495117,158
13,3,162.0733489990234,158
8,1,133.4731983,158
5,2,114.0327612,158
10,2,144.459579,158
12,2,156.827356,158
15,1,174.2628354,158
17,3,172.3585815429688,158
13,2,160.9288621,158
19,2,166.1891838,158
16,1,177.082649,158
12,3,156.4719390869141,158
8,3,132.9227600097656,158
7,1,127.7197309,158
15,3,169.7126922607422,158
9,3,138.6266937255859,158
19,3,173.1900939941406,158
5,1,115.0731965,158
11,2,151.0021198,158
6,2,120.502764,158
12,1,156.133424,158
10,1,144.4251631,158
10,3,144.4419097900391,158
9,1,138.9948403,158
8,3,133.9898986816406,160
13,1,161.8721981,160
15,2,163.6560117,160
10,1,144.6298452,160
5,2,115.9513038,160
17,2,164.5658253,160
5,3,116.1529312133789,160
12,2,156.3741438,160
9,2,139.0611644,160
10,2,144.8586582,160
6,2,122.2934913,160
19,1,178.1239974,160
14,1,167.9572584,160
7,2,128.0663157,160
16,3,169.7023620605469,160
13,3,161.0068969726563,160
10,3,144.7418212890625,160
13,2,160.1074206,160
17,1,176.5309061,160
15,3,168.0377349853516,160
9,3,139.3377838134766,160
7,1,128.8658465,160
18,1,177.4474122,160
11,2,150.9672821,160
11,1,149.6856384,160
18,2,164.8295432,160
9,1,139.6027918,160
7,3,128.4751434326172,160
16,2,164.2818743,160
11,3,150.3129577636719,160
19,3,171.9122467041016,160
6,3,122.5966644287109,160
18,3,171.325927734375,160
14,3,165.2171173095703,160
6,1,122.8857678,160
19,2,165.3840614,160
8,1,134.4012256,160
14,2,162.3778945,160
17,3,170.6828460693359,160
12,1,155.3444707,160
15,1,172.254773,160
5,1,116.3450028,160
8,2,133.5602444,160
12,3,155.8485107421875,160
16,1,174.9310307,160
16,3,167.9120025634766,163
15,2,161.1496605,163
10,1,143.0019014,163
6,1,122.199194,163
13,2,158.1154563,163
14,2,160.251363,163
8,1,132.9113841,163
12,2,154.3718797,163
8,3,132.29150390625,163
18,1,175.9373508,163
15,3,166.5067291259766,163
14,3,163.8153381347656,163
17,1,175.2820593,163
14,1,167.1959216,163
12,1,154.0918875,163
18,3,169.0045471191406,163
6,2,120.8460817,163
6,3,121.5417709350586,163
7,1,127.6888641,163
9,2,137.0415132,163
9,3,137.5170440673828,163
11,1,148.2014081,163
16,2,161.4548274,163
17,2,161.5865225,163
18,2,161.7346487,163
19,2,162.0391181,163
15,1,171.6036779,163
7,2,126.3252729,163
5,3,115.6622161865234,163
5,1,116.3514697,163
7,3,127.0264434814453,163
10,2,142.8111464,163
16,1,174.0874495,163
13,3,159.5408477783203,163
19,1,176.5404799,163
11,3,148.5606231689453,163
10,3,142.9086151123047,163
5,2,114.9325039,163
19,3,169.4480438232422,163
8,2,131.6357643,163
12,3,154.2282409667969,163
13,1,160.8855753,163
9,1,137.9693357,163
17,3,168.5878753662109,163
11,2,148.9363869,163
5,1,118.4199247,164
8,3,134.4980010986328,164
13,3,162.3004760742188,164
14,1,169.6616097,164
14,3,166.8717956542969,164
9,1,140.4085931,164
17,1,179.1269507,164
15,2,165.5767691,164
15,3,170.0460052490234,164
14,2,163.9108207,164
13,1,163.285203,164
18,2,167.8920015,164
5,3,117.5562744140625,164
12,1,156.4898121,164
10,1,145.4500486,164
10,2,145.1383999,164
19,1,181.5933806,164
19,3,175.3715972900391,164
6,2,122.6661781,164
18,1,180.4018416,164
12,2,157.173521,164
17,2,167.2351807,164
11,3,151.0448608398438,164
11,2,151.4693144,164
6,1,124.4226866,164
7,3,129.1386413574219,164
7,1,130.0147593,164
10,3,145.2940063476563,164
16,3,171.9867248535156,164
6,3,123.5585021972656,164
16,2,166.5736727,164
16,1,177.2391012,164
8,2,133.6615008,164
15,1,174.2579882,164
12,3,156.8219604492188,164
13,2,161.2580709,164
5,2,116.6599911,164
9,3,139.8177947998047,164
8,1,135.3086878,164
17,3,173.3117065429688,164
18,3,174.3626098632813,164
9,2,139.2046775,164
19,2,168.8354284,164
11,1,150.6229691,164
7,2,128.2403873,164
14,3,163.9668579101563,165
13,3,159.3455047607422,165
18,1,177.8406179,165
14,2,160.6266953,165
9,1,137.2455233,165
5,2,113.3862363,165
5,1,114.5164807,165
7,3,125.740119934082,165
18,3,170.9647674560547,165
17,2,163.5325642,165
7,2,124.9165592,165
10,3,142.1438903808594,165
11,1,147.7061183,165
9,3,136.5870971679688,165
6,2,119.3579158,165
19,1,178.6838579,165
5,3,113.966194152832,165
8,1,132.0000416,165
19,2,164.3079153,165
19,3,171.5011138916016,165
8,3,131.1859436035156,165
10,1,142.4162468,165
15,3,167.1488800048828,165
6,1,120.7497889,165
8,2,130.3404307,165
9,2,135.8995912,165
12,2,153.9262139,165
14,1,167.1066875,165
11,3,147.9512634277344,165
12,1,153.6935444,165
15,2,162.2239652,165
17,3,170.3320922851563,165
15,1,171.7940096,165
18,2,163.840823,165
13,2,158.0064152,165
16,2,163.100321,165
17,1,176.7107356,165
6,3,120.073486328125,165
16,3,169.1348266601563,165
7,1,126.5367949,165
13,1,160.6145104,165
16,1,174.8233609,165
10,2,141.8566694,165
12,3,153.8068237304688,165
11,2,148.2086058,165
8,3,131.5685119628906,167
10,1,141.83036,167
7,1,127.2552541,167
18,1,173.4218743,167
6,3,121.2450714111328,167
11,3,147.0435943603516,167
17,3,166.9073791503906,167
8,2,130.8198744,167
13,2,156.2301375,167
16,2,160.1504745,167
14,2,158.4010964,167
13,3,157.5884857177734,167
19,1,173.6093395,167
18,3,167.2599487304688,167
7,3,126.5266189575195,167
18,2,160.7187565,167
11,1,146.726918,167
19,3,167.6858520507813,167
14,3,161.7844848632813,167
10,3,141.6661987304688,167
16,3,166.1272277832031,167
5,1,116.2434527,167
6,1,121.9415665,167
10,2,141.4918564,167
8,1,132.2746956,167
9,1,137.0817096,167
9,3,136.54541015625,167
7,2,125.7542529,167
13,1,158.86574,167
15,3,164.5536499023438,167
5,2,114.8021668,167
19,2,161.4011056,167
12,1,152.3362117,167
12,3,152.474609375,167
14,1,164.9600501,167
12,2,152.6218806,167
15,1,169.213358,167
11,2,147.380006,167
17,1,173.0381361,167
17,2,160.4139606,167
9,2,135.9750919,167
15,2,159.5902374,167
16,1,171.7463908,167
6,2,120.5071984,167
5,3,115.5448989868164,167
17,3,171.2826843261719,170
9,2,137.1649453,170
15,2,163.5449208,170
8,3,132.1701965332031,170
6,2,121.3700283,170
14,2,161.723855,170
15,1,171.1117425,170
7,2,126.640941,170
8,2,131.8140955,170
14,3,164.1165313720703,170
12,3,153.954345703125,170
10,1,142.2262145,170
9,1,137.3806117,170
12,2,154.879691,170
7,1,127.5045643,170
17,2,165.7794587,170
9,3,137.2743530273438,170
11,2,149.2046876,170
6,1,122.2430427,170
5,3,116.1788711547852,170
7,3,127.0846786499023,170
10,3,142.5850219726563,170
19,2,168.3065868,170
16,2,164.7953995,170
19,1,180.1767964,170
18,2,166.8394306,170
5,1,116.6173927,170
5,2,115.7144934,170
12,1,153.0778536,170
13,2,158.9895374,170
13,3,159.4540252685547,170
18,1,178.3737575,170
13,1,159.8886796,170
14,1,166.3527528,170
15,3,167.4374847412109,170
10,2,142.9586744,170
16,3,169.6406860351563,170
16,1,174.3436145,170
8,1,132.5146003,170
11,3,148.2168884277344,170
19,3,174.3565979003906,170
17,1,176.6006099,170
18,3,172.7255706787109,170
6,3,121.8207244873047,170
11,1,147.2700642,170
7,1,128.7826235,172
10,1,143.8610295,172
14,3,165.9080047607422,172
17,3,172.5610046386719,172
19,2,167.3031998,172
16,2,165.8373615,172
5,1,117.9681547,172
19,3,173.8619842529297,172
13,2,160.283908,172
11,2,150.4033382,172
17,2,166.4051194,172
8,2,132.9378897,172
8,3,133.4132537841797,172
15,2,164.7946667,172
12,2,156.1317029,172
13,3,161.1954803466797,172
7,3,128.3197784423828,172
19,1,180.0916054,172
18,3,173.2649688720703,172
15,1,173.4606245,172
6,1,123.5127039,172
16,3,171.3388214111328,172
11,3,149.7258148193359,172
8,1,133.8646985,172
11,1,149.0914723,172
14,2,163.0300341,172
9,1,138.8532332,172
12,1,155.0848753,172
5,2,117.2593774,172
17,1,178.4809757,172
9,2,138.2815574,172
7,2,127.8266267,172
6,2,122.6867872,172
5,3,117.6207733154297,172
14,1,168.6568187,172
13,1,162.0652936,172
18,1,179.4669481,172
6,3,123.110221862793,172
10,2,144.1059454,172
10,3,143.9797668457031,172
12,3,155.5916748046875,172
18,2,166.8091004,172
16,1,176.5860439,172
9,3,138.5747833251953,172
15,3,169.2337493896484,172
19,3,171.6485443115234,173
11,1,148.8963639,173
15,3,167.4104156494141,173
11,2,149.052577,173
5,2,114.495225,173
13,1,161.4088821,173
12,2,154.6405815,173
17,1,176.3548323,173
13,2,158.6006286,173
15,2,162.5781668,173
5,3,115.8527984619141,173
17,2,163.7554972,173
13,3,160.0436248779297,173
17,3,170.2201690673828,173
9,1,138.8287106,173
8,3,132.6597290039063,173
7,3,127.3625259399414,173
9,2,136.9614871,173
6,3,121.8330764770508,173
6,2,120.5059003,173
8,2,131.4635037,173
16,3,169.1786651611328,173
14,2,161.105728,173
10,2,142.8224072,173
15,1,172.1343381,173
11,3,148.9726409912109,173
10,3,143.3207244873047,173
18,3,170.8960113525391,173
18,1,177.1900603,173
18,2,164.1955955,173
9,3,137.9198913574219,173
14,1,167.6856358,173
19,1,177.9018785,173
16,2,163.328152,173
12,3,154.6648101806641,173
19,2,164.8978676,173
14,3,164.5049285888672,173
7,2,126.0694887,173
12,1,154.687991,173
16,1,174.8597586,173
10,1,143.800269,173
7,1,128.5637535,173
5,1,117.1081991,173
6,1,123.0394398,173
8,1,133.7915013,173
12,2,151.5579881,174
10,2,139.8308238,174
19,1,174.1390069,174
7,3,124.3962249755859,174
14,2,158.1265684,174
17,3,166.652099609375,174
15,2,159.6886807,174
17,1,171.7715126,174
16,3,165.4659271240234,174
18,2,161.9349287,174
10,1,139.1742315,174
13,3,156.0244750976563,174
12,3,150.6463928222656,174
9,1,134.4486837,174
11,2,145.9836116,174
9,3,134.2916870117188,174
11,3,145.0325775146484,174
19,2,162.848975,174
14,1,162.754313,174
5,1,114.6056551,174
13,2,155.5512269,174
18,3,167.5723114013672,174
13,1,156.4589069,174
6,2,118.7567852,174
6,3,119.3357696533203,174
12,1,149.7897123,174
14,3,160.5267181396484,174
18,1,172.9596534,174
7,1,124.9207738,174
11,1,144.1032965,174
16,2,160.6148306,174
15,3,163.5897064208984,174
17,2,161.2692562,174
9,2,134.1332756,174
15,1,167.2719032,174
5,3,113.979850769043,174
8,3,129.3274688720703,174
8,2,128.8949233,174
5,2,113.3264125,174
19,3,168.6316680908203,174
7,2,123.8570037,174
10,3,139.5020751953125,174
8,1,129.7395823,174
6,1,119.9069143,174
16,1,170.0803553,174
5,2,112.5342766,175
13,1,157.2749988,175
6,1,119.2532177,175
18,1,174.1987257,175
19,2,162.7897835,175
6,2,118.2430639,175
19,3,168.7445526123047,175
15,1,168.3712727,175
17,2,162.149521,175
7,2,123.6043775,175
15,2,160.7267305,175
7,3,124.0806274414063,175
10,3,139.8484039306641,175
16,1,171.3701075,175
13,2,156.3750966,175
10,2,140.2254205,175
11,3,145.5800933837891,175
16,2,161.677205,175
19,1,174.9464751,175
8,1,129.6114766,175
14,3,161.3199310302734,175
10,1,139.4604699,175
18,2,162.4319966,175
14,1,163.721104,175
9,3,134.4373321533203,175
12,3,151.3706512451172,175
17,3,167.5427551269531,175
11,2,146.5472832,175
6,3,118.7504348754883,175
9,2,134.3345099,175
12,1,150.4377798,175
5,1,113.6264119,175
11,1,144.5758331,175
8,3,129.2481231689453,175
16,3,166.3945159912109,175
18,3,168.1867523193359,175
14,2,159.0566181,175
12,2,152.2641252,175
15,3,164.4385833740234,175
5,3,113.0824813842773,175
7,1,124.5509715,175
13,3,156.8130340576172,175
9,1,134.5403118,175
8,2,128.8792159,175
17,1,173.1858757,175
18,1,181.8960076,177
8,1,136.5003566,177
12,1,158.3906031,177
17,1,181.2746547,177
13,1,165.4236616,177
14,2,164.5581667,177
11,2,151.9063656,177
9,2,139.6370988,177
12,2,157.6670673,177
15,2,166.2906444,177
7,3,130.0617218017578,177
9,1,141.7122811,177
10,3,146.2332611083984,177
14,3,168.3009033203125,177
15,1,176.7156176,177
16,2,167.3174195,177
8,3,135.3546295166016,177
8,2,134.1774467,177
13,2,161.8267252,177
10,2,145.5495901,177
19,1,182.0461724,177
9,3,140.6792144775391,177
7,2,128.9226323,177
19,2,168.8568832,177
12,3,158.0326385498047,177
11,1,152.290522,177
17,2,167.8954299,177
5,1,119.6913171,177
19,3,175.5376281738281,177
17,3,174.6470489501953,177
13,3,163.6416625976563,177
6,2,123.5978859,177
18,3,175.1948089599609,177
11,3,152.0999755859375,177
15,3,171.512451171875,177
16,3,173.5019836425781,177
7,1,131.1622652,177
16,1,179.6529476,177
10,1,146.9107817,177
18,2,168.3149174,177
14,1,172.0026243,177
6,1,125.5846171,177
6,3,124.6058731079102,177
5,2,117.9498598,177
5,3,118.8381195068359,177
14,1,171.7891372,178
6,2,124.1929042,178
9,1,141.145804,178
8,1,135.9112426,178
12,1,157.9541933,178
6,3,124.5725631713867,178
14,3,168.7664337158203,178
7,3,130.0948944091797,178
9,3,140.8139343261719,178
13,2,162.7998125,178
12,3,158.2713165283203,178
10,2,146.4151166,178
7,2,129.628757,178
13,3,163.9590759277344,178
7,1,130.5392197,178
18,2,169.6911153,178
14,2,165.5824562,178
5,2,118.3801833,178
16,2,168.502,178
5,1,118.9966446,178
6,1,124.9355929,178
9,2,140.4676437,178
18,3,176.5755920410156,178
10,1,146.3844105,178
19,1,183.5269152,178
17,1,182.1622744,178
16,3,174.4217681884766,178
11,3,152.29443359375,178
16,1,180.0755779,178
11,1,151.8055132,178
15,1,176.7599931,178
17,3,175.8286590576172,178
8,2,134.9637383,178
18,1,183.1467871,178
19,2,170.3100822,178
19,3,177.0544586181641,178
11,2,152.8072644,178
13,1,165.0638396,178
15,3,172.1822814941406,178
17,2,169.1794555,178
8,3,135.448486328125,178
10,3,146.3994140625,178
5,3,118.6952438354492,178
15,2,167.3872483,178
12,2,158.6021587,178
18,3,167.4013061523438,179
12,2,152.0830882,179
16,2,159.6161013,179
15,3,164.5243072509766,179
6,1,121.5597304,179
19,2,160.0444671,179
16,1,172.2050257,179
5,1,116.1363723,179
18,2,159.7975581,179
14,2,158.0065611,179
13,1,158.6227923,179
7,3,126.073974609375,179
9,1,136.3704349,179
14,1,164.9381614,179
9,2,135.3656281,179
17,2,159.7155087,179
12,1,151.9070699,179
8,1,131.5820061,179
8,3,130.9658660888672,179
10,1,141.1643623,179
18,1,174.8301957,179
16,3,166.1344299316406,179
7,2,125.4274491,179
11,3,146.4586181640625,179
19,3,168.0502624511719,179
12,3,151.9914703369141,179
13,2,155.7676417,179
10,3,141.0176086425781,179
8,2,130.3051137,179
17,1,173.7777621,179
17,3,166.9043121337891,179
15,2,159.1881957,179
5,3,115.6731872558594,179
13,3,157.2566528320313,179
6,3,121.0343170166016,179
6,2,120.4726251,179
11,1,146.1617876,179
5,2,115.1778291,179
10,2,140.8598684,179
9,3,135.8856353759766,179
15,1,169.4449657,179
14,3,161.6216583251953,179
19,1,175.8609542,179
11,2,146.7790484,179
7,1,126.6779988,179
12,3,156.8150939941406,180
10,2,144.5984274,180
6,3,121.6922302246094,180
10,1,144.7993427,180
11,3,150.7541198730469,180
8,1,133.876503,180
7,2,126.9080105,180
19,3,173.4015197753906,180
8,2,132.5812591,180
15,1,174.8906722,180
9,3,138.8915710449219,180
16,3,172.1670837402344,180
9,2,138.3952888,180
19,1,180.0604044,180
6,1,122.240949,180
13,3,162.5023956298828,180
5,2,114.9539543,180
19,2,166.3727549,180
7,3,127.5671997070313,180
17,3,173.0588226318359,180
16,2,166.2519936,180
14,2,163.9946826,180
17,2,166.3343828,180
12,1,156.5683327,180
18,3,173.3590240478516,180
5,1,115.8817333,180
8,3,133.2414398193359,180
11,2,151.1733208,180
13,1,163.6461363,180
9,1,139.3658563,180
5,3,115.4281539916992,180
10,3,144.7013854980469,180
6,2,121.1189872,180
14,1,170.2183616,180
11,1,150.3548739,180
13,2,161.2920059,180
17,1,179.3349948,180
15,3,170.3856353759766,180
18,1,179.8795302,180
7,1,128.2024849,180
14,3,167.1997680664063,180
12,2,157.0746501,180
15,2,165.5990969,180
16,1,177.7681831,180
18,2,166.3451081,180
15,3,168.3151702880859,181
12,2,155.3235778,181
5,2,112.6116987,181
11,2,149.5708253,181
8,3,131.9202575683594,181
10,3,143.307373046875,181
19,3,172.3418731689453,181
11,1,148.903219,181
14,2,161.9263489,181
16,2,164.2011247,181
15,2,163.4228864,181
17,3,171.2975921630859,181
13,1,161.8884184,181
6,1,120.7924338,181
16,1,175.9611774,181
14,1,168.3635828,181
12,3,155.1323547363281,181
14,3,165.2227630615234,181
19,2,165.317747,181
5,1,114.1260988,181
9,3,137.5769195556641,181
17,1,177.7361166,181
5,3,113.3923797607422,181
18,2,164.8357847,181
8,1,132.703069,181
8,2,131.0931488,181
19,1,179.0648502,181
6,3,120.0199203491211,181
12,1,154.9510401,181
17,2,164.5678501,181
10,1,143.4994307,181
9,2,136.9490612,181
6,2,119.1989859,181
7,2,125.2662763,181
18,3,171.9130706787109,181
18,1,178.663841,181
10,2,143.1050604,181
13,3,160.6664428710938,181
15,1,173.0057943,181
16,3,170.2104644775391,181
11,3,149.2280120849609,181
7,1,126.9476901,181
7,3,126.1329345703125,181
13,2,159.3779129,181
9,1,138.1721273,181
18,2,160.398915,182
9,2,136.2711155,182
19,3,167.565185546875,182
8,1,131.5681816,182
5,2,113.7876922,182
14,1,164.4702547,182
8,2,130.9411769,182
12,2,152.9996922,182
10,1,141.3779556,182
12,3,152.4574890136719,182
5,3,114.2695541381836,182
13,2,156.5286708,182
9,3,136.4038238525391,182
17,1,172.4604946,182
10,2,141.8798151,182
7,2,125.6082461,182
17,2,160.2055564,182
10,3,141.6230163574219,182
12,1,151.9361227,182
15,3,164.2822418212891,182
6,2,119.9869664,182
13,3,157.5041961669922,182
18,1,173.1979158,182
6,3,120.3875961303711,182
16,1,171.1373574,182
5,1,114.7272714,182
16,2,160.0677463,182
14,3,161.6155395507813,182
15,1,168.6586781,182
18,3,166.9073333740234,182
7,3,125.9880752563477,182
19,2,160.9628916,182
7,1,126.3485321,182
9,1,136.5292383,182
11,1,146.3265949,182
11,3,147.0433807373047,182
13,1,158.4351557,182
15,2,159.6492827,182
14,2,158.5870351,182
6,1,120.7693143,182
8,3,131.2632904052734,182
17,3,166.4354705810547,182
16,3,165.7308654785156,182
19,1,173.9407872,182
11,2,147.791183,182
11,1,145.9689985,183
17,3,168.7097625732422,183
12,1,151.8450097,183
12,3,152.1639251708984,183
8,3,129.9312286376953,183
14,2,159.1285882,183
14,3,162.1368865966797,183
7,1,125.0542456,183
16,1,172.8046579,183
6,2,118.4763899,183
10,2,140.6468566,183
10,1,140.7772285,183
16,3,167.3801116943359,183
17,1,174.7153589,183
19,3,170.3599700927734,183
8,2,129.3522589,183
6,3,118.8613128662109,183
9,3,135.2545013427734,183
13,2,156.5066388,183
15,2,160.8098784,183
13,3,157.5983581542969,183
6,1,119.2344053,183
11,3,146.4183959960938,183
13,1,158.6678813,183
18,3,169.6078643798828,183
11,2,146.878384,183
19,1,176.5837891,183
9,1,135.6890771,183
5,2,112.475325,183
18,1,175.8572445,183
7,3,124.5379867553711,183
8,1,130.494385,183
9,2,134.8089063,183
5,3,112.6994171142578,183
15,3,165.3202514648438,183
18,2,163.1155815,183
19,2,163.8675489,183
17,2,162.530988,183
5,1,112.9169901,183
10,3,140.7128143310547,183
16,2,161.8538483,183
12,2,152.4903108,183
7,2,124.0055982,183
15,1,169.7637216,183
14,1,165.0949851,183
12,1,147.5511755,184
5,1,111.0639849,184
12,3,149.0176391601563,184
17,3,168.6228332519531,184
17,2,163.6478432,184
13,1,154.4044587,184
6,3,116.4396057128906,184
6,1,116.978481,184
14,1,161.1504593,184
18,3,169.8056640625,184
7,1,122.3921036,184
9,3,132.0705718994141,184
19,2,164.1769757,184
16,2,162.6073779,184
11,3,143.1316680908203,184
11,2,144.475846,184
14,2,158.4796947,184
10,3,137.4276733398438,184
5,3,110.6854629516602,184
14,3,159.8440856933594,184
18,2,164.0796015,184
6,2,115.873813,184
10,1,136.9657619,184
9,1,132.2427624,184
15,1,166.4719997,184
17,1,173.4635967,184
16,3,166.6194152832031,184
7,3,121.7842330932617,184
9,2,131.8893712,184
13,2,155.1625851,184
8,1,127.435825,184
15,2,160.9129961,184
5,2,110.2894093,184
13,3,154.7746887207031,184
8,2,126.3900095,184
12,2,150.5550719,184
10,2,137.914128,184
8,3,126.9257888793945,184
16,1,170.4554577,184
19,1,176.2168018,184
19,3,170.2958679199219,184
11,1,141.8520661,184
7,2,121.1456051,184
18,1,175.4325814,184
15,3,163.7536468505859,184
7,2,128.3985659,186
16,3,171.9575347900391,186
7,1,129.2422173,186
13,1,162.7338937,186
5,3,117.5708847045898,186
8,3,134.1288909912109,186
5,2,117.0423972,186
18,2,167.2417561,186
14,2,164.396812,186
9,3,139.4599151611328,186
7,3,128.8219757080078,186
6,2,122.8921789,186
13,2,161.7485081,186
11,2,151.8473115,186
12,1,155.7937902,186
19,1,180.3447064,186
9,2,139.4181674,186
16,1,177.0843856,186
19,3,173.8600311279297,186
18,1,179.9112844,186
10,2,145.4312868,186
8,1,134.4336914,186
17,3,173.0321807861328,186
15,1,174.013756,186
16,2,166.8285817,186
6,1,123.8292033,186
15,3,170.0143890380859,186
10,3,144.9962158203125,186
14,1,169.2684386,186
15,2,165.9943126,186
11,1,149.8126876,186
17,1,178.9518668,186
12,3,156.7081298828125,186
10,1,144.564298,186
17,2,167.1406092,186
13,3,162.2408752441406,186
14,3,166.8364562988281,186
8,2,133.8224044,186
11,3,150.8265228271484,186
9,1,139.5013993,186
18,3,173.5541381835938,186
19,2,167.4075575,186
5,1,118.0986082,186
6,3,123.3624877929688,186
12,2,157.6223036,186
6,1,122.3093299,187
8,1,133.3928922,187
12,2,156.5237705,187
14,2,163.2846878,187
8,2,132.749767,187
5,3,116.2197570800781,187
17,3,172.8057708740234,187
15,1,174.6537703,187
6,2,121.8473282,187
5,1,116.4074836,187
12,1,155.9726857,187
10,1,144.1220624,187
7,2,127.3372567,187
7,1,127.9414792,187
13,3,161.9429016113281,187
10,3,144.2301940917969,187
9,3,138.5506286621094,187
18,1,179.8380772,187
17,2,166.0817207,187
12,3,156.2406158447266,187
19,3,173.4776306152344,187
13,1,163.1655767,187
18,3,173.1953582763672,187
16,2,165.7171369,187
13,2,160.6443417,187
14,1,169.8662648,187
18,2,166.2801327,187
6,3,122.0846557617188,187
15,3,169.8638000488281,187
17,1,179.2192242,187
19,2,166.5930248,187
11,2,150.7537558,187
8,3,133.0806579589844,187
7,3,127.64697265625,187
15,2,164.8741897,187
10,2,144.3432343,187
19,1,180.0634441,187
16,1,177.6159829,187
16,3,171.7993774414063,187
14,3,166.6674194335938,187
9,2,138.3377009,187
11,1,149.6893533,187
11,3,150.2092590332031,187
5,2,116.0210213,187
9,1,138.751283,187
18,3,173.52490234375,188
8,3,134.2724914550781,188
13,3,162.7997131347656,188
6,1,124.3876315,188
12,1,156.7557199,188
10,3,145.1571502685547,188
14,2,164.2707291,188
12,3,157.1137390136719,188
16,3,172.3878173828125,188
6,2,123.4462696,188
15,1,175.2384133,188
8,2,133.6967593,188
6,3,123.9280776977539,188
11,2,151.655279,188
17,3,173.2798309326172,188
8,1,134.8113033,188
9,3,139.5715484619141,188
13,1,163.8790429,188
10,2,145.1895728,188
5,2,118.2405868,188
19,3,173.5113983154297,188
19,2,166.4960021,188
18,2,166.4499849,188
12,2,157.4940452,188
19,1,180.1339879,188
9,2,139.1841729,188
16,2,166.3855234,188
18,1,180.1511833,188
11,3,151.0925903320313,188
15,3,170.5926055908203,188
5,3,118.5837173461914,188
11,1,150.5646544,188
17,1,179.6348883,188
16,1,178.1190125,188
17,2,166.5086528,188
15,2,165.7393818,188
7,2,128.5245035,188
5,1,118.9115354,188
7,1,129.6609583,188
7,3,129.1101531982422,188
14,3,167.4894866943359,188
13,2,161.6560427,188
10,1,145.1266533,188
14,1,170.5213137,188
9,1,139.933381,188
13,3,159.3810272216797,189
7,3,126.6100463867188,189
8,3,132.1123199462891,189
16,3,167.7763824462891,189
7,2,125.9229433,189
10,2,142.9265558,189
5,1,114.9326797,189
11,1,148.0336549,189
13,1,160.3354817,189
9,1,137.9027381,189
17,3,168.5267486572266,189
6,3,120.7741851806641,189
11,2,149.1232175,189
7,1,127.2608036,189
15,2,161.771049,189
18,2,162.1534846,189
13,2,158.3761456,189
18,3,168.9524993896484,189
18,1,175.3304586,189
8,1,132.7289181,189
5,2,113.8433971,189
11,3,148.562744140625,189
16,2,162.0279807,189
12,1,153.7555122,189
14,3,163.6023101806641,189
9,3,137.4834442138672,189
19,3,169.3264770507813,189
19,1,175.9605118,189
19,2,162.2801758,189
15,1,170.6480079,189
12,3,154.1676025390625,189
6,2,120.1420232,189
12,2,154.604575,189
10,1,142.9377856,189
6,1,121.3714379,189
17,2,162.0893721,189
15,3,166.3437194824219,189
10,3,142.9323272705078,189
16,1,173.1768323,189
9,2,137.0395082,189
14,2,160.6246236,189
8,2,131.4622223,189
5,3,114.4039993286133,189
17,1,174.575541,189
14,1,166.423731,189
9,2,138.2245258,190
14,3,166.4951629638672,190
19,1,180.2213999,190
15,3,169.8317413330078,190
17,2,166.2714001,190
11,2,150.7766031,190
16,1,177.5187778,190
8,2,132.5382196,190
13,1,162.5550151,190
17,3,173.0090026855469,190
12,2,156.6008074,190
19,3,173.6439056396484,190
7,3,126.7889709472656,190
15,1,174.3400686,190
14,1,169.3820128,190
10,1,143.2153022,190
10,3,143.7455596923828,190
7,1,126.5951679,190
6,3,121.036262512207,190
7,2,126.992171,190
19,2,166.6830431,190
15,2,165.0825336,190
5,2,115.272518,190
9,1,137.718101,190
13,2,160.7700641,190
8,1,132.2177913,190
6,1,120.7618119,190
16,3,171.8701782226563,190
12,1,155.2614608,190
10,2,144.3055199,190
16,2,165.9368506,190
11,1,148.8833382,190
17,1,179.3657666,190
18,1,180.0530797,190
18,2,166.4351235,190
6,2,121.3253665,190
8,3,132.3739929199219,190
12,3,155.9118194580078,190
5,1,114.6221849,190
11,3,149.8036346435547,190
13,3,161.6840972900391,190
5,3,114.938835144043,190
18,3,173.4589996337891,190
14,2,163.4553175,190
9,3,137.9639892578125,190
10,1,143.1686292,191
11,1,148.4107241,191
11,3,148.6839141845703,191
18,1,177.963594,191
7,2,125.5519385,191
18,2,163.3766994,191
17,1,177.0114637,191
16,2,162.5563538,191
19,3,171.3486175537109,191
10,2,142.770219,191
8,1,132.6458197,191
17,3,170.1501922607422,191
9,2,136.8612627,191
15,1,172.072086,191
7,3,126.3016891479492,191
12,2,154.4593962,191
6,2,119.5657364,191
9,1,137.9812659,191
12,3,154.3721771240234,191
6,3,120.2777938842773,191
17,2,162.9312717,191
14,1,167.4514991,191
9,3,137.4386596679688,191
16,1,175.0941274,191
11,2,148.9718261,191
15,2,161.8934939,191
8,3,131.9543914794922,191
19,1,178.1449968,191
7,1,127.010706,191
14,2,160.580637,191
12,1,154.2896627,191
8,2,131.2187205,191
18,3,170.8525848388672,191
14,3,164.1080780029297,191
5,2,112.9625518,191
13,3,159.7068481445313,191
13,1,161.0774957,191
16,3,168.9998779296875,191
6,1,120.956814,191
19,2,164.2225616,191
5,3,113.6809310913086,191
15,3,167.1223907470703,191
10,3,142.9751281738281,191
5,1,114.3608751,191
13,2,158.2600328,191
10,2,140.1381072,192
5,3,113.3976440429688,192
18,3,172.2334442138672,192
5,1,113.2884859,192
11,3,145.3635711669922,192
19,2,166.4008641,192
17,2,164.9136663,192
17,1,176.5748888,192
13,1,157.4948797,192
12,1,150.2805677,192
14,2,160.2021999,192
11,1,144.1587799,192
8,2,128.7999577,192
10,3,139.4872589111328,192
17,3,170.8839569091797,192
12,3,151.4192047119141,192
7,3,123.794189453125,192
8,1,128.875408,192
19,3,173.1606140136719,192
6,2,118.7188781,192
9,1,133.8426553,192
12,2,152.6122592,192
16,3,168.9373474121094,192
13,2,157.081827,192
15,1,169.8492507,192
18,2,165.6691383,192
14,1,164.4711338,192
16,2,163.8919846,192
9,3,134.0108489990234,192
14,3,162.3896179199219,192
19,1,179.5971142,192
8,3,128.8388214111328,192
15,3,166.2134246826172,192
16,1,173.7397216,192
18,1,178.4837285,192
15,2,162.3902112,192
13,3,157.2934875488281,192
9,2,134.1889817,192
5,2,113.5132619,192
10,1,138.8708579,192
11,2,146.627573,192
7,1,123.8566144,192
6,1,118.691542,192
6,3,118.704833984375,192
7,2,123.7280731,192
15,2,162.5082082,193
11,2,148.6938683,193
7,1,125.5160099,193
17,1,176.4360328,193
8,2,130.3953092,193
16,2,163.2662568,193
12,1,153.66931,193
13,2,158.4433591,193
6,1,119.378903,193
19,2,163.5948308,193
13,3,159.5771179199219,193
6,3,118.9636917114258,193
16,1,174.8077919,193
12,3,154.0294036865234,193
18,1,177.1926335,193
13,1,160.6552854,193
11,3,148.1226043701172,193
11,1,147.578326,193
8,3,130.8491363525391,193
6,2,118.5279955,193
8,1,131.282189,193
5,2,111.868434,193
17,3,170.1134338378906,193
9,3,136.4854125976563,193
14,1,167.1864261,193
9,2,136.1891353,193
19,1,177.5241032,193
14,2,160.9967487,193
5,3,112.3141174316406,193
17,2,163.5194612,193
16,3,169.1830139160156,193
7,3,125.0712890625,193
5,1,112.7396609,193
15,3,167.3193054199219,193
18,2,163.5383967,193
14,3,164.175537109375,193
18,3,170.4806365966797,193
10,3,142.2080078125,193
10,2,142.2848442,193
12,2,154.4069654,193
10,1,142.1347788,193
9,1,136.7684736,193
7,2,124.6043323,193
19,3,170.6741485595703,193
15,1,171.8766966,193
15,3,167.3296813964844,195
5,1,118.9137032,195
19,2,165.1208111,195
6,1,124.6927272,195
11,3,149.1907806396484,195
19,1,177.6320713,195
9,1,140.030142,195
10,1,144.8517884,195
18,1,176.8512926,195
6,3,122.4205093383789,195
16,3,168.8997497558594,195
13,2,158.2030446,195
7,1,130.0634976,195
10,3,143.5818328857422,195
7,3,127.8513412475586,195
9,2,136.4088095,195
5,2,114.1762174,195
6,2,120.0865871,195
14,1,168.1607658,195
9,3,138.2436828613281,195
11,2,148.5469218,195
18,3,170.5029754638672,195
15,2,162.2916302,195
19,3,171.2085571289063,195
5,3,116.5770950317383,195
17,2,163.7226016,195
8,1,135.1396079,195
11,1,149.8185178,195
18,2,164.3001799,195
16,1,174.7950029,195
10,2,142.2788085,195
7,2,125.5768652,195
17,3,169.8213806152344,195
8,3,133.0612640380859,195
8,2,130.9262516,195
12,2,154.1861109,195
12,3,154.8397064208984,195
17,1,176.0609655,195
16,2,163.1512658,195
14,2,160.7682315,195
14,3,164.4694519042969,195
13,3,160.1384735107422,195
12,1,155.4777755,195
15,1,172.3951103,195
13,1,162.0478893,195
7,2,123.922795,196
7,3,124.5618438720703,196
12,2,152.9333447,196
17,2,159.9440973,196
18,3,166.7825164794922,196
14,1,165.3808354,196
13,3,157.9938049316406,196
19,2,160.3177217,196
8,1,130.8691815,196
5,1,112.3618793,196
5,2,111.2318451,196
6,1,119.0463486,196
7,1,125.1699835,196
9,2,135.3706802,196
10,3,141.4140625,196
12,3,152.8004302978516,196
14,2,158.6946778,196
15,3,164.68359375,196
17,1,172.7539124,196
19,1,174.0599871,196
11,1,146.7971022,196
12,1,152.6737853,196
9,3,135.8285522460938,196
10,1,141.5041883,196
9,1,136.2647574,196
10,2,141.3194376,196
6,2,117.8748885,196
16,3,165.9656219482422,196
19,3,167.3434295654297,196
11,3,147.1466064453125,196
17,3,166.4959716796875,196
5,3,111.8116836547852,196
14,3,162.1170349121094,196
13,1,159.3284051,196
18,1,173.3043244,196
15,2,159.7014774,196
8,3,130.2800445556641,196
11,2,147.5136513,196
6,3,118.4753952026367,196
18,2,159.9559822,196
15,1,169.4344493,196
8,2,129.6614643,196
16,1,171.6871098,196
13,2,156.594204,196
16,2,159.9703167,196
5,2,114.5062301,198
16,3,166.8359375,198
18,2,162.3996557,198
14,3,162.7268676757813,198
6,1,122.0125599,198
5,3,115.4077224731445,198
8,1,132.34714,198
9,1,137.1847943,198
7,1,127.3257779,198
11,3,147.7796478271484,198
16,2,162.0945146,198
15,3,165.4236145019531,198
6,3,121.2281646728516,198
5,1,116.2933267,198
17,2,162.264623,198
13,3,158.5223083496094,198
14,2,160.3769279,198
13,2,158.0215528,198
17,3,167.3803253173828,198
19,1,172.7930846,198
18,1,172.6707442,198
12,1,152.5088723,198
16,1,171.5184419,198
14,1,165.0382764,198
19,3,167.7244262695313,198
17,1,172.450892,198
11,1,146.8981349,198
18,3,167.5430297851563,198
15,1,169.1738638,198
13,1,159.0148582,198
7,3,126.6287078857422,198
9,3,136.9395904541016,198
19,2,162.6736208,198
9,2,136.6905617,198
10,2,142.5016828,198
8,2,131.2503999,198
10,1,141.9710099,198
12,2,154.1793383,198
7,2,125.919962,198
12,3,153.3377685546875,198
15,2,161.6165452,198
10,3,142.2344818115234,198
11,2,148.6738483,198
8,3,131.8033752441406,198
6,2,120.4303732,198
17,2,164.2948205,199
8,2,132.7737103,199
14,1,167.3504091,199
15,2,163.4203967,199
11,3,149.6743621826172,199
7,1,129.4367641,199
10,2,144.0647626,199
18,3,169.9961853027344,199
13,2,159.6698375,199
15,3,167.47216796875,199
11,2,150.2625666,199
14,3,164.7029571533203,199
13,1,161.2861432,199
11,1,149.1069893,199
18,1,175.4726351,199
5,1,118.3384437,199
9,1,139.3467641,199
17,3,169.6649932861328,199
17,1,175.0950424,199
6,2,121.8847045,199
16,2,164.0345417,199
8,3,133.6457366943359,199
6,3,123.0013046264648,199
5,2,115.9093306,199
16,3,168.9783325195313,199
14,2,162.0673415,199
8,1,134.4850057,199
19,2,164.9594798,199
18,2,164.5225158,199
12,2,155.7968322,199
19,1,175.7339817,199
9,2,138.2365661,199
7,3,128.4429016113281,199
7,2,127.4136654,199
6,1,124.0919423,199
10,3,144.1092071533203,199
12,3,155.2673645019531,199
9,3,138.8043823242188,199
19,3,170.3087768554688,199
13,3,160.4786529541016,199
5,3,117.126594543457,199
12,1,154.7475436,199
15,1,171.544559,199
10,1,144.1515464,199
16,1,173.9853861,199
18,1,169.1562155,200
8,2,126.8343723,200
18,2,157.3076439,200
6,3,117.7354888916016,200
12,1,149.9735552,200
18,3,163.2083129882813,200
19,1,169.1283995,200
12,2,149.6226932,200
12,3,149.7986145019531,200
16,1,168.6206779,200
13,3,154.9542083740234,200
13,2,153.4187387,200
9,2,132.2425474,200
8,1,129.7275469,200
10,2,138.0154805,200
7,2,121.5309554,200
14,1,162.4859267,200
9,1,134.579485,200
19,2,157.4535506,200
13,1,156.4858844,200
14,3,159.1068267822266,200
16,2,157.1860206,200
10,1,139.380438,200
11,1,144.3377722,200
9,3,133.4220733642578,200
6,2,116.0624075,200
15,3,161.7067413330078,200
15,2,156.8479448,200
17,3,163.1944885253906,200
14,2,155.7174022,200
7,3,123.1299896240234,200
8,3,128.2974243164063,200
16,3,162.9082183837891,200
10,3,138.7031555175781,200
11,3,144.2466735839844,200
17,1,169.1345671,200
17,2,157.2595576,200
5,3,111.92333984375,200
15,1,166.5560066,200
19,3,163.2494354248047,200
7,1,124.6952161,200
6,1,119.3747495,200
5,1,113.6527614,200
11,2,144.1545499,200
5,2,110.1549834,200
15,3,159.1419067382813,201
8,3,126.5132827758789,201
9,3,131.5533447265625,201
10,2,135.9746895,201
11,1,142.2899403,201
7,3,121.4165267944336,201
5,1,112.3385482,201
15,1,163.9794005,201
11,2,142.0042086,201
18,1,166.6409802,201
14,2,153.1101605,201
5,3,110.295295715332,201
10,1,137.4656545,201
11,3,142.1491241455078,201
17,3,160.5524139404297,201
15,2,154.1700672,201
12,3,147.5677337646484,201
14,3,156.6218414306641,201
14,1,160.039059,201
19,3,160.6090545654297,201
12,1,147.7919916,201
18,3,160.5537261962891,201
19,1,166.7004602,201
19,2,154.3454182,201
9,1,132.7885929,201
16,3,160.2995147705078,201
17,2,154.381752,201
6,2,114.14246,201
8,2,124.9166222,201
7,1,123.147754,201
16,1,166.0031256,201
13,1,154.1722731,201
5,2,108.1815856,201
12,2,147.3371546,201
6,3,116.0747909545898,201
6,1,117.9445197,201
18,2,154.3011214,201
17,1,166.5586919,201
8,1,128.0598349,201
9,2,130.2791026,201
13,3,152.5968780517578,201
7,2,119.6284288,201
13,2,150.9780925,201
10,3,136.7312927246094,201
16,2,154.4373093,201
6,3,119.7600173950195,203
8,2,130.2122207,203
17,3,166.8343353271484,203
13,2,156.9974653,203
13,3,157.9248352050781,203
5,3,113.6889495849609,203
14,1,164.9673843,203
16,3,166.2024993896484,203
15,3,164.7833099365234,203
11,2,147.8619111,203
6,2,118.8588067,203
19,1,173.9285127,203
15,2,160.235347,203
11,3,147.1102600097656,203
8,3,130.7664947509766,203
5,2,112.5484661,203
18,2,160.6953263,203
18,3,167.1456146240234,203
16,1,171.6259587,203
19,3,167.6090240478516,203
18,1,173.4244228,203
5,1,114.7865278,203
10,3,141.4871978759766,203
7,3,125.3890609741211,203
6,1,120.6278212,203
14,2,159.1571043,203
9,2,135.8049641,203
19,2,161.1335987,203
17,2,160.6407455,203
8,1,131.3006687,203
12,1,152.1626712,203
17,1,172.8489871,203
10,2,141.6939914,203
13,1,158.8210367,203
7,1,126.0969318,203
16,2,160.6085806,203
10,1,141.2877386,203
14,3,162.1103973388672,203
7,2,124.6543127,203
9,3,136.0684051513672,203
12,2,153.2949919,203
15,1,169.1881753,203
9,1,136.3223956,203
12,3,152.7189331054688,203
11,1,146.3849613,203
15,1,168.6011462,206
17,3,165.1300506591797,206
18,1,171.5169577,206
5,2,112.4021745,206
14,1,164.6635549,206
14,2,157.7507504,206
13,2,155.7562022,206
8,1,130.5935713,206
18,3,165.1823272705078,206
18,2,158.5801635,206
11,3,146.6160125732422,206
10,2,140.9341175,206
6,3,118.8339767456055,206
6,2,118.6275603,206
11,2,146.9476786,206
12,3,152.1626281738281,206
6,1,119.0315799,206
19,3,165.3652496337891,206
12,2,152.2185828,206
16,2,158.6608478,206
7,2,124.3190416,206
13,1,158.6949323,206
5,1,112.5550752,206
9,3,135.5604858398438,206
15,3,163.6948547363281,206
8,2,129.7557021,206
16,1,170.6656266,206
9,1,135.9025603,206
7,3,124.6687316894531,206
13,3,157.2592315673828,206
10,3,141.0041809082031,206
11,1,146.298202,206
15,2,158.5807515,206
16,3,164.7870025634766,206
9,2,135.2039607,206
19,1,171.743699,206
10,1,141.0713308,206
14,3,161.2830810546875,206
7,1,125.0039334,206
17,1,171.3822162,206
17,2,158.6130666,206
5,3,112.4803695678711,206
8,3,130.1832733154297,206
12,1,152.10911,206
19,2,158.7102099,206
12,3,147.7000579833984,207
14,2,155.0020752,207
16,2,156.7364042,207
12,2,148.9165473,207
5,2,108.6217725,207
10,3,136.5032196044922,207
18,2,156.7391367,207
12,1,146.5277542,207
14,1,159.5125495,207
9,2,131.4214198,207
17,3,162.8023071289063,207
7,1,120.8865269,207
6,1,115.4964294,207
10,2,137.2646143,207
7,3,120.6747894287109,207
8,3,125.9477081298828,207
9,1,130.9046367,207
15,3,160.208740234375,207
19,1,169.8616183,207
14,3,157.2960815429688,207
8,2,125.9072928,207
16,1,166.9307178,207
19,3,163.4309539794922,207
7,2,120.4538335,207
13,3,152.9672393798828,207
11,1,140.7914695,207
9,3,131.1577911376953,207
13,1,153.2160611,207
15,1,164.0459688,207
10,1,135.7712745,207
17,1,168.6496699,207
18,3,163.2206573486328,207
5,1,109.6958993,207
11,2,143.4373508,207
16,3,161.9138793945313,207
11,3,142.0890960693359,207
6,2,114.7851403,207
6,3,115.1484832763672,207
8,1,125.9864787,207
5,3,109.1704025268555,207
15,2,156.2428813,207
19,2,156.8227239,207
13,2,152.709383,207
18,1,169.5197901,207
17,2,156.7775386,207
18,2,158.7999048,208
15,2,158.0072975,208
5,2,111.0847169,208
16,1,171.0372172,208
11,3,145.5835418701172,208
9,3,134.7736053466797,208
8,3,129.656982421875,208
7,1,126.4639323,208
7,2,122.4336191,208
6,3,119.1028442382813,208
6,2,116.9802513,208
12,1,151.7650462,208
17,1,172.1163154,208
19,3,165.8875579833984,208
17,2,158.7220529,208
13,2,154.3393336,208
16,3,164.9386596679688,208
6,1,121.1338616,208
5,1,115.3973173,208
18,3,165.7257690429688,208
8,2,127.7211883,208
13,1,158.3113552,208
17,3,165.5637512207031,208
19,2,159.0379772,208
14,3,160.6225433349609,208
9,1,136.3561818,208
12,2,150.5121191,208
15,3,163.4130706787109,208
10,1,141.1531382,208
10,2,138.8769571,208
13,3,156.3688659667969,208
5,3,113.2878646850586,208
18,1,172.3617898,208
7,3,124.4957809448242,208
14,2,156.6916862,208
19,1,172.456332,208
8,1,131.5021947,208
11,2,145.0254607,208
15,1,168.5882792,208
16,2,158.5696149,208
9,2,133.114885,208
14,1,164.3847337,208
11,1,146.116547,208
10,3,140.0415344238281,208
12,3,151.1525268554688,208
17,2,159.5390067,209
5,1,113.449269,209
19,2,159.4640975,209
6,2,118.5480167,209
12,3,151.3525238037109,209
8,1,129.8070154,209
18,1,171.7365423,209
15,3,163.6402893066406,209
6,3,118.9152069091797,209
8,2,129.4142549,209
14,2,158.3968953,209
14,1,163.3031622,209
7,2,124.0638805,209
14,3,160.9091949462891,209
16,3,165.0456237792969,209
6,1,119.2655149,209
15,2,159.4694592,209
19,3,165.7283325195313,209
7,1,124.6816257,209
11,1,144.6903653,209
11,2,146.8403061,209
15,1,167.659728,209
17,1,171.5464433,209
9,2,134.8651675,209
10,2,140.6768667,209
9,1,134.7497751,209
13,2,156.1139278,209
17,3,165.7267456054688,209
13,1,157.0952694,209
18,3,165.8293609619141,209
12,1,150.4354917,209
16,1,170.2677809,209
11,3,145.7391510009766,209
16,2,159.5864208,209
7,3,124.3797607421875,209
13,3,156.6185150146484,209
10,3,140.1486511230469,209
5,3,113.0344161987305,209
19,1,171.6233966,209
8,3,129.6149597167969,209
12,2,152.3207609,209
9,3,134.8062286376953,209
18,2,159.4936872,209
10,1,139.6434801,209
5,2,112.5985378,209
9,3,139.2860717773438,211
18,3,172.2261047363281,211
16,3,170.7045135498047,211
8,2,133.8525496,211
17,3,171.7332000732422,211
7,1,128.9662001,211
17,2,165.6592366,211
10,3,144.7297668457031,211
9,1,139.2381033,211
11,1,149.4090482,211
6,2,122.9680283,211
11,2,151.4333124,211
14,1,168.479353,211
15,3,168.8966369628906,211
14,3,165.9043121337891,211
8,3,134.0164642333984,211
18,1,178.4522678,211
15,1,173.0655067,211
7,3,128.7215576171875,211
11,3,150.4353790283203,211
5,2,117.0167027,211
19,1,178.9037044,211
18,2,165.8109689,211
13,1,162.0889791,211
9,2,139.331884,211
6,1,123.4519794,211
16,1,175.9716134,211
15,2,164.7933259,211
5,1,117.537811,211
14,2,163.3877093,211
6,3,123.2111663818359,211
19,2,166.1021467,211
19,3,172.5711822509766,211
16,2,165.429257,211
10,2,145.1955471,211
12,3,156.1526184082031,211
7,2,128.4879456,211
5,3,117.2804946899414,211
13,3,161.5066528320313,211
10,1,144.2459206,211
17,1,177.6590153,211
13,2,160.9370188,211
8,1,134.1913592,211
12,1,155.2799706,211
12,2,157.0131598,211
15,1,168.016613,212
19,1,173.1481485,212
5,2,112.3665937,212
15,2,159.0429532,212
6,1,120.3373181,212
9,1,135.5220891,212
7,1,125.637168,212
12,1,150.9795961,212
11,3,145.7075805664063,212
16,2,159.6384147,212
10,1,140.3379213,212
14,3,160.7744445800781,212
8,3,129.783203125,212
8,2,128.8744228,212
7,2,123.623993,212
16,3,165.2178649902344,212
13,3,156.5010070800781,212
11,1,145.3087438,212
18,2,159.9098195,212
19,2,160.1659803,212
17,2,159.8159123,212
6,3,119.2986373901367,212
5,3,113.5239868164063,212
17,3,166.0225067138672,212
13,1,157.5714165,212
16,1,170.6201479,212
11,2,146.121178,212
8,1,130.6580152,212
18,1,172.7161152,212
15,3,163.6060638427734,212
17,1,172.0437453,212
12,2,151.5836655,212
9,2,134.2517171,212
14,2,157.7303362,212
10,3,140.1726226806641,212
10,2,140.0011356,212
19,3,166.7456970214844,212
18,3,166.4048767089844,212
14,1,163.7137121,212
5,1,114.63399,212
6,2,118.2166305,212
13,2,155.3918045,212
7,3,124.6503982543945,212
12,3,151.2761993408203,212
9,3,134.8987274169922,212
11,2,140.9373802,213
18,3,159.9530792236328,213
10,3,134.5432281494141,213
18,2,153.3618493,213
8,2,123.7609831,213
9,3,129.2263031005859,213
19,1,166.559632,213
5,2,106.5999777,213
8,3,124.0147933959961,213
14,3,154.8975677490234,213
14,2,151.9346082,213
10,2,134.9093741,213
6,1,113.509674,213
12,3,145.6049499511719,213
16,2,153.3059115,213
10,1,134.1915531,213
8,1,124.2583399,213
7,1,119.0421688,213
5,1,107.5419959,213
15,3,157.5692596435547,213
15,2,152.9652769,213
18,1,166.3194091,213
7,2,118.3694291,213
15,1,162.0074295,213
12,1,144.9879345,213
11,1,139.2513312,213
17,3,159.6878051757813,213
9,1,129.2636365,213
13,3,150.7483520507813,213
16,3,159.0182189941406,213
6,2,112.7423872,213
14,1,157.7513422,213
16,1,164.5289054,213
19,3,160.2698974609375,213
12,2,146.246891,213
13,1,151.6136362,213
9,2,129.1874213,213
7,3,118.7127532958984,213
11,3,140.0775299072266,213
19,2,153.7649457,213
6,3,113.1339645385742,213
13,2,149.8489099,213
17,2,153.3204537,213
5,3,107.0807266235352,213
17,1,165.8343682,213
10,1,135.912397,214
8,2,123.233805,214
17,2,154.0685745,214
8,3,124.7628326416016,214
12,1,146.5733913,214
10,3,135.125,214
13,3,151.4027557373047,214
14,2,151.8811344,214
13,2,149.5782972,214
6,1,115.8130202,214
9,2,128.5800094,214
5,1,110.068847,214
12,2,145.8188923,214
13,1,153.1438311,214
11,1,140.891648,214
5,3,108.4372253417969,214
10,2,134.296009,214
12,3,146.2055511474609,214
16,1,166.1771185,214
8,1,126.2106693,214
15,3,158.4864501953125,214
7,2,117.9912209,214
17,3,160.9220733642578,214
11,3,140.6443023681641,214
19,2,154.808953,214
18,3,161.3430023193359,214
18,1,168.1878409,214
17,1,167.5280902,214
19,1,168.7430051,214
14,3,155.6573638916016,214
11,2,140.3840426,214
9,1,131.0869745,214
18,2,154.2936191,214
15,2,153.1779609,214
15,1,163.581509,214
14,1,159.2745965,214
16,2,153.8040789,214
9,3,129.8666839599609,214
7,1,121.1548545,214
5,2,106.7093153,214
6,2,112.57614,214
6,3,114.23974609375,214
7,3,119.6167068481445,214
16,3,160.1138458251953,214
19,3,161.8343811035156,214
6,1,120.6677422,217
8,3,130.7944793701172,217
5,3,114.2494583129883,217
18,2,164.1435439,217
15,2,161.7107474,217
19,2,165.1745106,217
16,3,167.8557586669922,217
16,2,162.7238954,217
9,2,135.7233677,217
8,2,130.2841111,217
12,2,153.4280811,217
9,1,136.2684731,217
10,2,141.5580614,217
5,2,113.6707934,217
6,3,120.1139450073242,217
5,1,114.8049227,217
14,3,162.6738891601563,217
12,1,152.0447795,217
11,3,147.0036773681641,217
17,2,163.4266605,217
11,1,146.2575583,217
9,3,136.0033416748047,217
7,3,125.563606262207,217
7,2,124.9815765,217
13,2,157.4518347,217
10,1,141.1869878,217
14,2,160.0625167,217
18,1,175.9429085,217
15,1,169.7125169,217
13,3,158.139892578125,217
11,2,147.8005117,217
19,1,177.2261556,217
17,1,174.6108306,217
17,3,169.1891937255859,217
14,1,165.1324231,217
18,3,170.2273406982422,217
8,1,131.2865444,217
13,1,158.7865988,217
12,3,152.7144927978516,217
10,3,141.3660430908203,217
6,2,119.5380539,217
15,3,165.8282775878906,217
7,1,126.1236738,217
19,3,171.3786773681641,217
16,1,172.6939414,217
14,2,147.687752,219
18,2,149.6983433,219
10,1,130.6122397,219
12,3,141.4542083740234,219
8,1,120.9631323,219
19,1,162.4828017,219
9,2,124.5668717,219
11,2,136.3055845,219
6,2,108.5922907,219
15,1,158.1872972,219
11,1,135.5665123,219
6,1,110.6238779,219
5,2,102.7187511,219
17,1,162.0602066,219
19,3,156.3052062988281,219
15,3,153.6123352050781,219
17,3,155.9158325195313,219
8,2,119.2390897,219
16,1,160.7474486,219
7,2,114.0056891,219
16,2,149.4682232,219
9,3,125.1970672607422,219
14,1,153.9095397,219
18,3,156.1343078613281,219
9,1,125.8121059,219
13,3,146.6216583251953,219
16,3,155.1749420166016,219
15,2,148.929677,219
6,3,109.6199645996094,219
7,1,115.9354801,219
18,1,162.4160888,219
7,3,114.9821929931641,219
5,3,103.8275756835938,219
17,2,149.6181959,219
13,1,147.7902938,219
19,2,149.9821281,219
12,1,141.2205844,219
12,2,141.6934254,219
5,1,104.9110853,219
11,3,135.9316101074219,219
13,2,145.4249254,219
14,3,150.8354034423828,219
8,3,120.1116561889648,219
10,2,130.2550654,219
10,3,130.4358215332031,219
9,1,134.4670101,220
19,2,158.731873,220
13,3,155.5061492919922,220
17,1,169.9818685,220
14,3,159.7010498046875,220
16,3,163.7949371337891,220
17,3,164.3848114013672,220
19,3,164.6797637939453,220
6,2,117.3284593,220
15,3,162.4080810546875,220
15,2,158.4070876,220
8,3,128.9184265136719,220
10,2,139.3532886,220
18,1,170.4104298,220
16,1,168.7710231,220
6,1,119.4228477,220
16,2,158.7694708,220
17,2,158.7689189,220
7,3,123.7700729370117,220
9,3,134.02099609375,220
10,1,139.2060667,220
11,1,144.0965873,220
15,1,166.3421904,220
14,2,157.1576351,220
11,2,145.5132743,220
11,3,144.7928314208984,220
7,2,122.8096419,220
7,1,124.6957905,220
12,1,149.6795301,220
19,1,170.6727744,220
9,2,133.5578049,220
6,3,118.3942184448242,220
10,3,139.2783508300781,220
5,2,111.4158783,220
5,3,112.6007385253906,220
8,2,128.1315584,220
18,3,164.5592193603516,220
13,2,154.8256946,220
14,1,162.1871077,220
18,2,158.7252203,220
5,1,113.7458645,220
12,3,150.3314514160156,220
13,1,156.1681143,220
12,2,151.0041418,220
8,1,129.6759307,220
6,3,118.0293045043945,221
10,3,138.7763061523438,221
6,1,119.9289781,221
13,3,155.1613922119141,221
6,2,116.1034056,221
11,2,144.0575002,221
11,1,144.6145037,221
17,3,164.5155944824219,221
13,1,156.7573676,221
12,1,150.2377364,221
16,3,163.8370056152344,221
14,1,162.7967944,221
18,2,159.3759,221
5,3,112.2649765014648,221
17,1,170.0713071,221
7,1,125.2086535,221
9,1,134.9462191,221
19,3,165.2551116943359,221
12,3,149.9288330078125,221
8,3,128.4671020507813,221
13,2,153.5541849,221
11,3,144.3370666503906,221
16,1,169.2113065,221
18,1,170.3200278,221
5,2,110.2539579,221
7,3,123.3735809326172,221
9,2,132.1121281,221
12,2,149.6176585,221
10,2,137.8662208,221
15,2,157.5727278,221
15,1,166.9440804,221
8,2,126.7513684,221
19,2,160.0400072,221
15,3,162.2736663818359,221
5,1,114.2443028,221
16,2,158.4311167,221
8,1,130.1653011,221
18,3,164.8612060546875,221
7,2,121.5171308,221
10,1,139.678767,221
9,3,133.535888671875,221
19,1,170.4460568,221
14,2,156.0563144,221
17,2,158.9312659,221
14,3,159.4379119873047,221
12,2,145.9891774,222
15,3,158.2997589111328,222
18,1,167.4981909,222
9,2,128.692807,222
6,1,115.2137406,222
8,3,124.491813659668,222
10,1,135.3346187,222
18,3,160.8429260253906,222
6,3,113.9377593994141,222
6,2,112.5998098,222
17,2,153.9238957,222
5,2,106.7106726,222
8,1,125.6142671,222
13,2,149.7665814,222
7,1,120.5564566,222
11,1,140.3263373,222
10,3,134.8968505859375,222
18,2,153.9306883,222
13,3,151.2228393554688,222
12,3,146.0021667480469,222
17,1,166.9024492,222
11,3,140.4347534179688,222
16,3,159.8495178222656,222
11,2,140.5479218,222
5,3,108.1237258911133,222
7,2,118.0430156,222
14,2,152.0641406,222
8,2,123.3165642,222
14,3,155.4866638183594,222
13,1,152.6195362,222
15,1,163.0826851,222
10,2,134.4394676,222
9,1,130.4954813,222
15,2,153.3235694,222
16,1,165.6375426,222
9,3,129.6143341064453,222
16,2,153.8340187,222
7,3,119.3292083740234,222
14,1,158.7719884,222
12,1,146.0146234,222
19,1,167.9762349,222
19,3,161.1565093994141,222
5,1,109.4710042,222
19,2,154.0763299,222
17,3,160.5365600585938,222
14,2,161.2791043,223
5,3,115.7618789672852,223
16,1,172.5480218,223
10,2,143.6020081,223
15,3,166.3265838623047,223
14,1,165.6291935,223
10,1,142.0041297,223
8,1,132.1142053,223
18,1,174.6790306,223
12,2,155.1586299,223
13,1,159.4493183,223
16,3,167.9270324707031,223
19,1,175.2560415,223
13,2,158.9533884,223
7,2,127.2370373,223
11,2,149.7093629,223
6,1,121.4753545,223
15,1,169.9488818,223
5,1,115.5896221,223
12,1,152.8022903,223
6,2,121.8106697,223
6,3,121.6401062011719,223
8,2,132.4973111,223
9,1,137.0905648,223
9,2,137.8651049,223
18,2,163.3749272,223
8,3,132.302490234375,223
18,3,169.1242828369141,223
11,1,147.0604719,223
17,3,168.7215423583984,223
17,1,173.9617646,223
13,3,159.20556640625,223
11,3,148.3624420166016,223
16,2,163.1459214,223
7,3,127.0885314941406,223
15,2,162.5795898,223
10,3,142.7895812988281,223
9,3,137.4712982177734,223
19,2,163.6029973,223
14,3,163.4910125732422,223
5,2,115.9401806,223
17,2,163.2984954,223
12,3,153.9603881835938,223
19,3,169.53076171875,223
7,1,126.9450731,223
15,1,165.1591481,225
18,1,168.2673553,225
11,3,143.9136047363281,225
6,3,116.4876480102539,225
15,3,160.6049346923828,225
6,2,116.2060921,225
5,1,110.4269563,225
8,1,128.0233724,225
14,2,155.0869457,225
17,1,168.0220711,225
14,3,158.2319641113281,225
17,3,162.0832977294922,225
9,2,132.9272294,225
13,1,155.4545413,225
18,3,162.1847076416016,225
12,3,149.3475341796875,225
17,2,156.1091798,225
18,2,156.0971796,225
6,1,116.7601357,225
15,2,155.9700776,225
9,1,133.1900345,225
16,1,167.1959937,225
10,3,138.4073638916016,225
8,3,127.7618713378906,225
19,1,168.6090483,225
12,1,148.9949006,225
8,2,127.4918953,225
7,3,122.3040771484375,225
7,2,122.0143771,225
10,2,138.6011453,225
16,3,161.7202453613281,225
11,2,144.5318998,225
16,2,156.1850148,225
9,3,133.0606689453125,225
14,1,161.3063853,225
12,2,149.7099282,225
5,3,110.1048583984375,225
13,3,154.3210296630859,225
7,1,122.5845518,225
11,1,143.3129584,225
13,2,153.1584185,225
10,1,138.2193295,225
5,2,109.7719513,225
19,2,156.5154875,225
19,3,162.5469665527344,225
5,2,106.7521199,227
16,2,154.2952769,227
12,1,146.5315017,227
14,2,152.3613545,227
16,3,160.2657318115234,227
8,1,126.0280474,227
15,3,158.6940612792969,227
18,2,154.5513165,227
18,1,167.9675009,227
17,1,167.4000339,227
14,1,159.3073058,227
7,2,118.1189256,227
6,3,114.1167526245117,227
13,2,150.0105944,227
8,3,124.7365417480469,227
14,3,155.8689575195313,227
10,3,135.2037353515625,227
19,3,161.5875854492188,227
9,3,129.8927459716797,227
10,2,134.5793214,227
12,3,146.3628234863281,227
19,2,154.7898134,227
6,1,115.5374916,227
7,1,120.9271808,227
6,2,112.6578966,227
5,1,109.7416088,227
17,2,154.4771413,227
5,3,108.267204284668,227
11,3,140.7707977294922,227
9,2,128.8110572,227
13,3,151.5968322753906,227
8,2,123.4121674,227
15,1,163.6181707,227
15,2,153.6867171,227
16,1,166.1583972,227
17,3,160.9645843505859,227
9,1,130.9479529,227
11,1,140.8253568,227
19,1,168.4160255,227
11,2,140.7149051,227
12,2,146.19012,227
18,3,161.2658081054688,227
7,3,119.5410842895508,227
13,1,153.1480077,227
10,1,135.8129395,227
15,2,155.5816356,228
18,2,156.4357136,228
16,2,156.0691166,228
5,1,110.3739704,228
11,1,141.4269109,228
9,1,131.5355241,228
7,3,121.1299514770508,228
10,2,137.2384244,228
17,2,156.2366138,228
19,3,162.8206024169922,228
18,1,168.1797824,228
13,3,153.0070648193359,228
15,3,159.9073486328125,228
8,2,126.0947657,228
11,2,143.2709888,228
17,3,162.1085357666016,228
13,2,152.2592118,228
19,2,156.9927254,228
14,3,157.1898345947266,228
15,1,164.0535222,228
12,3,147.8489227294922,228
16,3,161.4041137695313,228
6,3,115.6361999511719,228
19,1,168.4401825,228
12,1,147.1267769,228
10,1,136.4139092,228
5,2,108.9464743,228
9,3,131.5229034423828,228
7,2,120.7192267,228
5,3,109.6766052246094,228
6,1,116.1486303,228
10,3,136.8166046142578,228
16,1,166.5260997,228
14,1,159.8302707,228
8,1,126.6142449,228
9,2,131.509674,228
8,3,126.3605422973633,228
13,1,153.7216944,228
18,3,162.41796875,228
7,1,121.5220917,228
17,1,167.7553696,228
11,3,142.3275299072266,228
14,2,154.4303324,228
12,2,148.6051682,228
6,2,115.0995629,228
5,3,111.2622375488281,229
18,2,158.4268225,229
13,1,155.4999227,229
16,3,163.6304321289063,229
14,3,158.9944152832031,229
19,1,172.3832555,229
8,2,127.0564014,229
13,2,153.7470352,229
16,2,158.0917177,229
14,1,161.7368297,229
19,2,158.6879607,229
17,2,158.3002563,229
10,3,138.1679534912109,229
7,2,121.7602884,229
12,3,149.3560791015625,229
9,1,133.2385156,229
13,3,154.6421661376953,229
8,1,128.3275841,229
7,3,122.51025390625,229
18,1,171.5996114,229
11,1,143.1172929,229
10,2,138.2375428,229
11,3,143.7412872314453,229
14,2,156.1352077,229
10,1,138.1013977,229
12,1,148.8400256,229
6,3,117.0920333862305,229
11,2,144.3932041,229
15,1,166.1696724,229
6,2,116.3059082,229
12,2,149.8949856,229
19,3,165.6646881103516,229
17,3,164.5808258056641,229
9,2,132.458004,229
5,2,110.4191297,229
18,3,165.140625,229
9,3,132.8570404052734,229
8,3,127.7062835693359,229
15,3,161.9177551269531,229
7,1,123.2272476,229
17,1,170.6201871,229
15,2,157.4889576,229
6,1,117.8433995,229
5,1,112.0681536,229
16,1,168.9529394,229
13,1,150.4150904,230
16,2,152.7825842,230
6,2,112.8440375,230
13,2,148.9780139,230
18,3,158.8028259277344,230
12,1,144.0115252,230
6,3,113.4676971435547,230
11,1,138.511715,230
5,2,107.0815454,230
17,1,164.0927763,230
5,3,107.7326202392578,230
18,1,164.7816518,230
10,1,133.6981829,230
14,2,151.1526095,230
15,2,152.3106313,230
17,3,158.447998046875,230
9,1,129.0266489,230
14,3,153.7414245605469,230
11,2,140.042078,230
16,1,162.8128155,230
19,2,153.1405126,230
9,3,128.7653656005859,230
7,1,119.3440704,230
15,3,156.3466796875,230
14,1,156.3457087,230
12,3,144.6734466552734,230
8,1,124.2896433,230
9,2,128.4998708,230
12,2,145.3366185,230
10,2,134.0879744,230
8,2,123.2749576,230
5,1,108.3642391,230
7,2,118.1485622,230
13,3,149.6956481933594,230
10,3,133.8919525146484,230
15,1,160.4193214,230
17,2,152.8726785,230
6,1,114.0739188,230
19,3,159.2407989501953,230
19,1,165.4036895,230
18,2,152.8921047,230
8,3,123.7875213623047,230
7,3,118.7538528442383,230
11,3,139.2743072509766,230
16,3,157.7688598632813,230
7,2,128.1216607,231
14,2,162.3164847,231
7,3,128.3483734130859,231
10,1,143.5361855,231
17,2,162.4798078,231
14,1,167.2271415,231
8,3,133.6365814208984,231
11,3,149.8560485839844,231
12,3,155.4669494628906,231
11,2,151.1998996,231
15,2,162.5945776,231
19,3,170.2884368896484,231
6,1,123.1378502,231
9,1,138.6421415,231
5,1,117.3048608,231
8,2,133.5752027,231
5,2,116.4504742,231
14,3,164.8268280029297,231
12,1,154.3117569,231
19,1,178.0110906,231
8,1,133.6947522,231
6,3,122.827880859375,231
18,3,169.7895050048828,231
15,1,171.64652,231
5,3,116.8892440795898,231
19,2,162.3640726,231
13,2,160.4099184,231
17,3,169.2991638183594,231
10,2,145.0018157,231
16,2,162.5445839,231
16,1,174.3221114,231
13,1,160.9830925,231
6,2,122.5009004,231
11,1,148.5731119,231
10,3,144.2505187988281,231
9,2,139.1191919,231
7,1,128.5633452,231
18,1,176.9397589,231
16,3,168.5559387207031,231
9,3,138.8743133544922,231
17,1,175.8740907,231
12,2,156.6735895,231
13,3,160.7027740478516,231
18,2,162.4195142,231
15,3,167.2206573486328,231
6,2,121.3779545,233
12,1,155.3461121,233
11,3,149.8989868164063,233
9,1,140.9273144,233
6,1,126.6255199,233
19,1,172.0706848,233
8,1,136.3812654,233
15,1,170.6921438,233
5,1,121.1956966,233
12,2,155.1881013,233
7,3,129.2557830810547,233
11,2,149.7478822,233
9,3,139.3437042236328,233
16,2,161.9838894,233
13,3,160.1968231201172,233
14,1,167.0872172,233
18,2,161.9202466,233
5,3,118.2155227661133,233
7,1,131.6501854,233
18,1,172.1478667,233
17,2,161.9564574,233
5,2,115.3638088,233
19,2,161.9401739,233
10,2,143.6039804,233
13,2,158.9208826,233
8,3,134.3222503662109,233
14,2,161.0735684,233
11,1,150.0515593,233
14,3,164.0457458496094,233
16,3,166.984375,233
7,2,126.9414117,233
8,2,132.3244569,233
19,3,167.2180480957031,233
15,3,166.2450103759766,233
10,3,144.5034484863281,233
9,2,137.792841,233
16,1,172.0762635,233
17,1,172.2323097,233
6,3,123.9671630859375,233
18,3,167.0865020751953,233
15,2,161.8659416,233
17,3,167.0274810791016,233
12,3,155.2670135498047,233
10,1,145.4186965,233
13,1,161.4889964,233
15,3,165.1868438720703,234
12,2,153.1617672,234
7,3,124.9658355712891,234
17,1,173.2601026,234
10,2,141.2792642,234
5,3,113.5936965942383,234
9,1,135.4865606,234
16,2,162.4657225,234
8,1,130.4746875,234
15,2,161.4551761,234
19,3,170.1380615234375,234
5,1,113.9106129,234
11,1,145.4708243,234
16,3,167.1748352050781,234
6,2,119.1561885,234
13,2,157.190517,234
7,1,125.2820527,234
13,3,157.5810241699219,234
18,3,169.2339477539063,234
7,2,124.6281363,234
9,2,135.4348498,234
14,2,159.8056113,234
9,3,135.4610443115234,234
14,1,164.2482554,234
14,3,162.0677642822266,234
11,2,147.5278477,234
16,1,171.5804707,234
12,1,151.2435705,234
8,3,130.2251739501953,234
18,2,163.8587193,234
5,2,113.2651786,234
10,3,140.8403015136719,234
19,2,164.8608199,234
17,3,168.393310546875,234
10,1,140.4054222,234
17,2,163.1591684,234
15,1,168.7416386,234
18,1,174.266272,234
13,1,157.9555164,234
11,3,146.4853363037109,234
12,3,152.1798858642578,234
8,2,129.9614767,234
6,1,119.7988387,234
19,1,175.1424428,234
6,3,119.4864730834961,234
7,1,131.0576749,236
17,1,174.9471618,236
10,2,143.3816891,236
10,1,144.999964,236
18,1,175.5127767,236
16,1,173.7589291,236
10,3,144.2271118164063,236
6,1,125.9921199,236
13,2,158.8730558,236
14,1,167.3684288,236
9,3,139.0701293945313,236
19,1,176.0356657,236
9,1,140.4386713,236
18,2,163.9039921,236
14,3,164.4399719238281,236
19,3,170.4935607910156,236
11,1,149.7204479,236
6,2,121.4193511,236
11,2,149.5315231,236
14,2,161.2580232,236
5,1,120.5197753,236
8,1,135.8359755,236
8,2,132.1954868,236
17,3,169.4532928466797,236
19,2,164.4487382,236
7,3,129.0215148925781,236
18,3,169.8835601806641,236
5,2,115.4950208,236
5,3,118.0719680786133,236
12,2,155.0268477,236
7,2,126.8924973,236
16,2,163.2949281,236
6,3,123.7571182250977,236
8,3,134.0636291503906,236
9,2,137.6034095,236
12,1,155.1437974,236
12,3,155.0878448486328,236
13,3,160.2310943603516,236
15,1,171.4065031,236
15,2,162.6267783,236
15,3,167.2065887451172,236
16,3,168.7402191162109,236
17,2,163.6108838,236
11,3,149.6304168701172,236
13,1,161.4835759,236
13,1,158.6267253,238
15,2,158.9115139,238
9,1,136.5212254,238
8,3,130.0045166015625,238
16,2,159.700823,238
15,3,164.0451202392578,238
17,1,172.3960025,238
16,3,165.6783294677734,238
5,1,115.374696,238
18,2,160.8105034,238
10,1,141.3677258,238
7,1,126.5390492,238
6,3,119.4021377563477,238
13,2,155.0508051,238
9,2,133.7380491,238
17,2,160.2218918,238
19,3,167.6136474609375,238
11,2,145.6682192,238
7,3,124.8195953369141,238
7,2,123.0460745,238
19,2,161.7718276,238
10,3,140.4542541503906,238
6,1,121.1644058,238
12,2,151.1772079,238
14,3,161.1712646484375,238
13,3,156.8667449951172,238
11,1,146.3611837,238
9,3,135.1500244140625,238
6,2,117.5846336,238
18,1,172.7911733,238
11,3,146.0196838378906,238
14,2,157.4795124,238
15,1,168.9730228,238
19,1,173.0680176,238
18,3,166.983642578125,238
14,1,164.7383449,238
12,1,152.0425943,238
8,1,131.6217751,238
8,2,128.3382635,238
10,2,139.5137632,238
16,1,171.364475,238
12,3,151.6162261962891,238
5,3,113.5492324829102,238
5,2,111.6677061,238
17,3,166.4791870117188,238
8,3,131.4428558349609,239
9,2,136.4895869,239
14,1,166.281072,239
10,3,142.2370147705078,239
6,1,120.9137398,239
14,3,163.3695678710938,239
18,3,168.5655822753906,239
13,2,157.9729555,239
8,2,130.9819592,239
9,1,137.0350668,239
10,2,142.3571044,239
11,2,148.5688274,239
9,3,136.76708984375,239
13,3,158.9993896484375,239
19,3,168.7647247314453,239
14,2,160.3545008,239
6,3,120.4588165283203,239
5,2,113.9524732,239
12,2,154.1059701,239
17,2,162.273177,239
15,2,161.646812,239
6,2,119.9871419,239
5,3,114.4152069091797,239
7,2,125.5717238,239
10,1,142.1210554,239
12,1,153.2151376,239
16,1,173.2143593,239
17,1,174.2711873,239
5,1,114.8613106,239
18,1,174.6019161,239
15,1,170.6777583,239
19,2,162.5977875,239
12,3,153.6528930664063,239
16,3,167.7597351074219,239
11,1,147.3296374,239
15,3,166.2382049560547,239
19,1,174.7836445,239
18,2,162.3698277,239
17,3,168.3572235107422,239
13,1,159.9906953,239
11,3,147.9384307861328,239
8,1,131.8878899,239
7,1,126.5504063,239
7,3,126.0697784423828,239
16,2,162.1322818,239
6,3,119.0651626586914,242
19,3,167.1618957519531,242
10,2,140.5195633,242
18,1,173.0849051,242
5,3,113.4578704833984,242
10,1,139.4831506,242
19,2,160.7925952,242
13,1,157.2971554,242
9,3,134.6315002441406,242
17,1,172.5817086,242
13,3,156.7173767089844,242
8,1,129.556493,242
7,1,124.4613226,242
18,2,160.5856311,242
6,2,118.9819145,242
11,3,145.6385650634766,242
7,3,124.3454895019531,242
5,1,113.5049937,242
8,3,129.4770355224609,242
12,1,150.4935364,242
11,2,146.6978058,242
5,2,113.4084752,242
6,1,119.1446493,242
17,2,160.5218554,242
8,2,129.3938378,242
11,1,144.6271844,242
15,1,168.2278557,242
19,1,173.2485453,242
14,3,161.1440887451172,242
14,1,163.674319,242
16,2,160.3943736,242
13,2,156.1122866,242
16,1,171.0586591,242
12,2,152.2326679,242
17,3,166.6850738525391,242
7,2,124.2242188,242
9,2,134.7449236,242
16,3,165.8412628173828,242
10,3,139.9893798828125,242
9,1,134.5231822,242
12,3,151.3433227539063,242
14,2,158.5081267,242
15,3,164.1244812011719,242
18,3,166.9765014648438,242
15,2,159.8463807,242
19,1,172.1547021,243
18,3,165.0505065917969,243
8,1,127.931269,243
11,3,143.2541961669922,243
14,2,155.5825798,243
13,2,153.1220635,243
17,2,158.1155988,243
9,2,131.6895144,243
7,3,121.900276184082,243
12,2,149.2135949,243
12,1,148.6214201,243
7,2,120.9668205,243
12,3,148.9092864990234,243
14,3,158.6581420898438,243
15,3,161.6414947509766,243
19,3,165.7086181640625,243
8,2,126.2668087,243
19,2,158.9878399,243
16,3,163.4221496582031,243
15,2,157.0218122,243
6,2,115.5148192,243
6,1,117.3450181,243
11,1,142.8605843,243
16,1,168.8079514,243
18,1,171.3372897,243
9,3,132.3123931884766,243
9,1,132.9004307,243
13,1,155.3115375,243
10,3,137.6504058837891,243
18,2,158.4468198,243
8,3,127.1231002807617,243
10,2,137.4870135,243
7,1,122.7818165,243
16,2,157.745662,243
14,1,161.5732699,243
17,3,164.4235534667969,243
17,1,170.4086878,243
15,1,166.0265949,243
11,2,143.6705918,243
10,1,137.8047756,243
6,3,116.4554214477539,243
5,3,110.594123840332,243
5,2,109.6320254,243
13,3,154.2467498779297,243
5,1,111.5056205,243
15,1,171.9919268,244
7,2,126.9061161,244
13,3,160.2776947021484,244
13,2,159.2138823,244
19,1,178.3071737,244
18,2,164.7380541,244
7,1,128.8889703,244
16,3,169.4012603759766,244
10,1,143.8485707,244
7,3,127.9535522460938,244
17,2,164.2532496,244
16,1,174.6736583,244
5,1,117.6429684,244
16,2,163.7836519,244
11,3,149.2895660400391,244
17,3,170.187255859375,244
19,3,172.0542602539063,244
14,2,161.6741698,244
11,1,148.8895027,244
9,1,138.9587556,244
18,3,170.976318359375,244
17,1,176.2229804,244
12,3,154.9507446289063,244
8,2,132.2239338,244
14,3,164.6992340087891,244
6,3,122.5128402709961,244
8,3,133.1570892333984,244
10,3,143.6740417480469,244
13,1,161.3146888,244
6,2,121.4369639,244
12,2,155.2773309,244
5,2,115.5378164,244
9,3,138.3290252685547,244
19,2,165.456995,244
18,1,177.267142,244
15,3,167.7665405273438,244
12,1,154.6359714,244
10,2,143.4913852,244
6,1,123.4698302,244
5,3,116.6585006713867,244
8,1,134.0156013,244
15,2,163.0560556,244
14,1,167.5655287,244
9,2,137.6645143,244
11,2,149.7046232,244
5,2,112.8624937,245
7,3,125.9437713623047,245
17,1,177.2389359,245
14,1,168.2495954,245
16,3,170.0705413818359,245
15,1,172.8609241,245
7,2,125.3293245,245
16,1,175.7030356,245
19,3,171.0769348144531,245
8,2,131.124413,245
13,3,160.7032012939453,245
10,2,143.1707488,245
7,1,126.5271466,245
18,3,171.0351104736328,245
14,3,165.2724304199219,245
13,2,159.5752242,245
9,2,136.9872003,245
5,1,113.5656344,245
11,3,149.1870880126953,245
12,3,155.1353302001953,245
15,2,163.5865637,245
10,3,143.2260437011719,245
13,1,161.7695026,245
8,3,131.7569732666016,245
5,3,113.223274230957,245
9,3,137.4542236328125,245
11,1,148.721082,245
17,2,164.1505889,245
11,2,149.6791569,245
16,2,164.1388871,245
12,2,155.4826512,245
9,1,137.8949845,245
6,2,119.3333972,245
6,3,119.8320541381836,245
15,3,168.3517913818359,245
17,3,170.8332672119141,245
18,2,164.0923166,245
14,2,162.1311684,245
12,1,154.8063766,245
18,1,177.7190951,245
8,1,132.3557745,245
6,1,120.3051759,245
10,1,143.2782803,245
19,2,164.0660077,245
19,1,177.8063972,245
17,3,166.5126190185547,246
5,2,113.6713982,246
8,1,130.9350743,246
13,2,157.6987778,246
10,3,141.4457550048828,246
19,1,173.1199864,246
17,1,171.9204925,246
13,3,157.8540802001953,246
11,2,148.3704667,246
16,1,170.7276746,246
15,3,164.6020050048828,246
10,1,140.7497675,246
9,2,136.2944709,246
14,2,159.9330976,246
13,1,158.0073559,246
15,1,168.2843297,246
9,3,136.0816345214844,246
5,3,114.0992279052734,246
14,3,162.0222930908203,246
15,2,160.8385743,246
9,1,135.8723078,246
6,3,120.0501098632813,246
6,1,120.3636162,246
6,2,119.7272436,246
14,1,164.084311,246
19,3,167.2310791015625,246
5,1,114.5165712,246
8,2,130.773486,246
7,2,125.3393189,246
16,3,165.93017578125,246
12,3,152.6402740478516,246
10,2,142.1598852,246
18,3,166.8448181152344,246
12,2,153.8849642,246
7,1,125.7997329,246
7,3,125.5742492675781,246
16,2,161.058718,246
11,3,147.0386505126953,246
18,1,172.5333607,246
12,1,151.4417725,246
19,2,161.2144415,246
11,1,145.7604712,246
8,3,130.8558197021484,246
17,2,161.104753,246
18,2,161.1318489,246
14,1,167.8637543,248
13,3,160.0450744628906,248
15,3,167.2788238525391,248
19,1,176.5314988,248
12,3,154.6870880126953,248
5,3,113.7212829589844,248
11,2,149.4386667,248
12,2,154.8512755,248
8,2,131.6863591,248
17,3,169.5162506103516,248
9,2,137.3710407,248
14,3,164.409912109375,248
13,2,158.5474568,248
7,2,125.9340216,248
17,2,162.397713,248
15,1,172.3401772,248
14,2,160.7338872,248
7,3,126.3598175048828,248
8,3,132.0457153320313,248
8,1,132.3872582,248
6,2,119.8129293,248
16,2,162.3259968,248
16,1,174.9500747,248
5,1,114.3890118,248
13,1,161.4560491,248
19,2,162.7334177,248
7,1,126.7645171,248
18,3,169.6705627441406,248
11,3,148.9465179443359,248
18,1,176.4291889,248
6,1,120.8049917,248
11,1,148.4812297,248
10,2,143.280893,248
5,2,113.0196652,248
9,1,137.7819413,248
12,1,154.5320662,248
17,1,176.1582949,248
10,3,143.1803741455078,248
19,3,169.8703002929688,248
6,3,120.3213729858398,248
16,3,168.8495941162109,248
18,2,162.4320364,248
15,2,161.8785757,248
9,3,137.5818481445313,248
10,1,143.0851984,248
19,3,171.5239410400391,249
15,1,170.442249,249
16,1,173.2916735,249
11,2,149.8923006,249
18,2,165.619779,249
13,2,159.5382191,249
12,2,155.5287296,249
9,2,137.7060099,249
14,1,165.9147498,249
7,3,126.7033920288086,249
11,1,147.0031617,249
15,3,167.1379547119141,249
17,1,174.925586,249
18,3,170.8152770996094,249
19,2,166.3721699,249
16,3,169.0484008789063,249
14,3,164.0524139404297,249
10,3,142.7181243896484,249
18,1,175.7936003,249
7,2,126.7913476,249
12,1,152.820682,249
10,2,143.613685,249
13,3,159.5588226318359,249
9,3,137.2835693359375,249
5,3,115.1843719482422,249
17,3,170.1446075439453,249
5,2,115.250037,249
16,2,164.5912928,249
6,1,121.0870415,249
19,1,176.4869123,249
6,3,121.1581726074219,249
8,3,132.0136413574219,249
12,3,154.142333984375,249
11,3,148.4073333740234,249
13,1,159.5785769,249
6,2,121.2389325,249
15,2,163.686342,249
10,1,141.8884243,249
7,1,126.6258947,249
9,1,136.9025971,249
8,1,131.859508,249
17,2,165.1261018,249
5,1,115.1262496,249
8,2,132.1874936,249
14,2,162.1077679,249
12,1,154.4833516,250
14,2,162.0414785,250
6,2,119.1748351,250
6,1,120.4344331,250
7,2,125.0413497,250
10,1,142.8143285,250
5,1,114.064162,250
15,3,168.3953704833984,250
16,3,170.2608489990234,250
17,3,171.1676025390625,250
18,2,164.4504598,250
19,2,164.509238,250
16,1,175.8923907,250
14,1,168.1923293,250
17,1,177.5428062,250
13,3,160.5102081298828,250
9,2,136.5853027,250
14,3,165.2015228271484,250
7,3,125.7232894897461,250
11,1,148.2998689,250
8,2,130.7586731,250
19,1,178.3809714,250
5,2,112.8831307,250
12,3,154.8367614746094,250
9,1,137.4397488,250
17,2,164.4338402,250
11,2,149.3372759,250
5,3,113.4903259277344,250
13,1,161.5742136,250
18,1,178.1714134,250
9,3,137.0230560302734,250
18,3,171.4897308349609,250
10,2,142.7864736,250
15,1,172.9325206,250
12,2,155.2090978,250
8,1,132.0090854,250
8,3,131.399169921875,250
11,3,148.8056793212891,250
13,2,159.3881254,250
10,3,142.8007354736328,250
7,1,126.3716847,250
6,3,119.8219528198242,250
19,3,171.6189270019531,250
15,2,163.5932504,250
16,2,164.3043789,250
14,3,166.06494140625,251
16,2,165.4636035,251
5,2,116.9945407,251
17,1,177.1365742,251
18,3,171.9168701171875,251
13,2,160.6462179,251
17,2,165.7100631,251
11,2,151.1128989,251
12,2,156.6974963,251
13,3,161.6510620117188,251
11,1,150.3200369,251
11,3,150.6900329589844,251
7,1,130.6261482,251
16,3,170.8429565429688,251
19,2,165.9475364,251
15,2,164.7100216,251
14,2,163.1692747,251
12,3,156.3169860839844,251
12,1,155.9768947,251
9,3,139.8443756103516,251
8,1,135.7005733,251
10,1,145.3690404,251
8,2,133.622625,251
10,2,144.8915009,251
17,3,171.6307373046875,251
6,1,125.2509234,251
19,3,172.0518951416016,251
5,3,118.2279205322266,251
15,1,173.1154529,251
13,1,162.5560499,251
18,1,177.5916033,251
19,1,177.8194534,251
6,2,122.8529742,251
7,3,129.4807281494141,251
10,3,145.142333984375,251
5,1,119.4612977,251
14,1,168.7282357,251
18,2,165.7994175,251
7,2,128.3043407,251
9,2,139.0661273,251
15,3,169.0743865966797,251
9,1,140.5720779,251
6,3,124.0558776855469,251
8,3,134.6860809326172,251
16,1,175.7879445,251
17,1,172.2138688,252
10,3,141.4848175048828,252
16,2,161.3786906,252
13,1,157.8790161,252
7,1,126.8166795,252
18,1,173.0054191,252
8,2,130.8168328,252
11,1,145.8700207,252
19,3,168.4501800537109,252
18,3,167.6919403076172,252
10,2,141.9382043,252
12,3,152.3991546630859,252
19,2,163.1678869,252
10,1,141.0533287,252
6,3,120.8456420898438,252
6,1,121.6512193,252
15,1,168.1535114,252
5,3,115.0710601806641,252
5,2,114.0052381,252
16,1,170.7360722,252
16,3,166.1358642578125,252
12,1,151.4028908,252
7,3,126.1787948608398,252
14,3,161.7503051757813,252
17,2,161.7507842,252
17,3,167.0631103515625,252
7,2,125.5082815,252
9,3,136.3025817871094,252
5,1,116.0853241,252
9,2,136.2035029,252
8,1,131.6945839,252
15,3,164.5170288085938,252
9,1,136.3968469,252
12,2,153.4423687,252
14,2,159.4797921,252
13,3,157.5455780029297,252
13,2,157.1969392,252
18,2,162.2237851,252
6,2,119.9987749,252
8,3,131.2666015625,252
11,3,146.9223785400391,252
14,1,163.9277789,252
19,1,173.5911213,252
11,2,148.0262161,252
15,2,160.7426279,252
10,1,148.6757935,253
12,2,156.7914159,253
8,3,137.1285400390625,253
10,2,145.3813997,253
11,2,151.4204138,253
11,3,152.3615264892578,253
10,3,147.0589599609375,253
7,1,135.1256713,253
9,2,139.7009163,253
19,3,171.6699829101563,253
13,1,164.8043142,253
8,2,134.3753355,253
18,3,171.2997741699219,253
6,3,127.0511245727539,253
12,1,158.5770244,253
16,2,164.4683265,253
15,1,174.4777264,253
9,1,144.244565,253
17,1,177.3903417,253
14,3,166.7159118652344,253
19,1,177.8590349,253
11,1,153.2713973,253
17,3,171.0873260498047,253
13,2,160.501037,253
5,1,124.8502886,253
6,1,130.1950544,253
6,2,123.7511935,253
12,3,157.6981506347656,253
9,3,142.0177154541016,253
13,3,162.6866607666016,253
7,3,132.2070007324219,253
14,1,170.5699469,253
5,2,117.8770274,253
15,3,169.2944183349609,253
18,1,177.6407725,253
17,2,164.6716054,253
16,3,170.6171264648438,253
16,1,176.6061914,253
18,2,164.8939278,253
19,2,165.4233833,253
5,3,121.4530563354492,253
8,1,139.7665478,253
15,2,163.9511484,253
7,2,129.1542211,253
14,2,162.7374534,253
16,1,167.6083574,255
9,3,132.9752960205078,255
17,3,164.1439056396484,255
8,3,127.8014831542969,255
14,1,160.5394606,255
12,3,149.4463348388672,255
19,2,159.5186212,255
14,2,157.3757244,255
15,1,164.9235336,255
11,3,143.85009765625,255
10,1,136.9569954,255
6,1,116.5554896,255
6,3,117.1668090820313,255
6,2,117.8173391,255
19,3,164.5569000244141,255
7,3,122.5966720581055,255
18,1,169.3923692,255
18,2,159.3896479,255
15,3,161.7958526611328,255
9,2,133.9303702,255
12,1,147.6807083,255
5,3,111.3204650878906,255
17,1,168.9504136,255
9,1,132.0710667,255
5,2,111.9561923,255
7,1,121.9816678,255
10,2,139.6905519,255
16,3,163.4163665771484,255
14,3,158.9556427001953,255
12,2,151.2433346,255
7,2,123.250634,255
11,1,141.96231,255
13,3,154.6859588623047,255
13,2,155.0439503,255
13,1,154.3305672,255
15,2,158.6891106,255
8,2,128.5308593,255
18,3,164.3782348632813,255
16,2,159.2563514,255
17,2,159.3741519,255
10,3,138.2951354980469,255
19,1,169.6169265,255
8,1,127.1156715,255
11,2,145.7926154,255
5,1,110.7227235,255
15,1,158.5598262,256
13,2,149.8825761,256
10,2,135.0367797,256
5,1,105.0688157,256
11,3,138.2480773925781,256
19,2,153.4148229,256
18,2,153.2365536,256
16,2,153.2632402,256
14,2,151.9829627,256
6,2,113.5381482,256
5,2,107.6647455,256
16,1,161.2686688,256
7,3,117.4463043212891,256
15,3,155.8734893798828,256
11,1,135.6788525,256
8,3,122.5448837280273,256
10,3,132.8094482421875,256
7,1,116.098241,256
17,1,162.8173884,256
12,2,146.2819198,256
17,2,153.2545021,256
13,3,148.8875579833984,256
6,3,112.1238327026367,256
16,3,157.3831939697266,256
14,3,153.1261291503906,256
14,1,154.1790429,256
19,3,159.0677795410156,256
10,1,130.7272432,256
12,3,143.711669921875,256
8,2,124.138764,256
9,1,125.9416492,256
12,1,141.3592417,256
9,3,127.6022796630859,256
15,2,152.9925559,256
8,1,121.110622,256
18,1,163.6403996,256
7,2,118.9371588,256
19,1,164.2876008,256
9,2,129.4169155,256
18,3,158.5520629882813,256
17,3,158.1257629394531,256
5,3,106.3412628173828,256
11,2,140.9991016,256
13,1,147.9822591,256
6,1,110.789285,256
9,2,131.5890138,257
17,2,157.8026252,257
16,1,167.105636,257
6,1,116.0132459,257
15,2,156.7059738,257
18,3,163.6780395507813,257
18,2,158.1153298,257
5,2,109.6758819,257
14,2,155.2883622,257
10,3,136.7856750488281,257
12,3,148.0444793701172,257
15,3,160.6479644775391,257
14,1,160.0101635,257
6,2,115.5395491,257
18,1,169.0767542,257
8,1,126.4895314,257
5,1,110.213291,257
11,3,142.3928070068359,257
7,3,121.179557800293,257
11,2,143.4867706,257
14,3,157.6973724365234,257
8,3,126.355354309082,257
12,2,148.9969953,257
12,1,147.0646491,257
19,2,158.6877198,257
19,1,169.4298929,257
16,2,157.4451501,257
19,3,164.2240753173828,257
13,2,152.8685584,257
13,1,153.7594198,257
13,3,153.3143310546875,257
17,1,168.5150031,257
5,3,109.9433135986328,257
16,3,162.3466491699219,257
9,3,131.490478515625,257
10,2,137.3379397,257
17,3,163.2029113769531,257
15,1,164.4191981,257
8,2,126.2184011,257
9,1,131.3963591,257
6,3,115.7756423950195,257
7,1,121.4005628,257
11,1,141.30049,257
7,2,120.9606894,257
10,1,136.256716,257
9,1,133.6189824,258
19,3,163.2345428466797,258
16,1,168.134266,258
19,1,169.2661931,258
9,3,132.6545562744141,258
10,3,137.90771484375,258
5,1,112.7123274,258
18,3,163.0270385742188,258
11,1,143.3597795,258
17,1,169.0142723,258
12,1,149.0054754,258
6,1,118.4408958,258
11,2,143.4623373,258
12,2,148.8828787,258
8,1,128.7797295,258
19,2,156.9686592,258
15,1,165.7735096,258
12,3,148.9476776123047,258
6,3,117.0218811035156,258
10,2,137.3755166,258
7,1,123.7584842,258
13,1,155.5518764,258
18,1,169.1767681,258
14,3,158.4507751464844,258
10,1,138.4106256,258
15,3,161.2397308349609,258
16,2,156.618372,258
17,2,156.7122347,258
17,3,163.0515441894531,258
9,2,131.6540809,258
7,2,121.042105,258
18,2,156.7543114,258
11,3,143.4088745117188,258
14,2,154.9156184,258
6,2,115.6150923,258
7,3,122.3818588256836,258
5,3,111.2262573242188,258
15,2,156.1455871,258
8,2,126.2975348,258
13,2,152.6404119,258
5,2,109.74018,258
14,1,161.6120161,258
8,3,127.5442962646484,258
13,3,154.1750335693359,258
16,3,162.6187591552734,258
18,3,170.9627227783203,260
9,2,137.3068043,260
12,3,155.5093536376953,260
17,2,164.6237955,260
17,1,176.8187364,260
16,3,170.1791839599609,260
5,3,113.9047927856445,260
18,2,164.6092016,260
14,1,168.5934901,260
11,3,149.5332336425781,260
8,1,132.7024276,260
11,1,149.1018814,260
6,3,120.3610000610352,260
14,3,165.6235504150391,260
9,1,138.207046,260
7,3,126.3620223999023,260
7,1,126.9566951,260
6,1,120.8728667,260
14,2,162.4872657,260
8,3,132.1040191650391,260
6,2,119.8234501,260
13,1,162.1920085,260
15,1,173.0222,260
15,2,163.9586397,260
5,1,114.3305388,260
18,1,177.1698739,260
16,1,175.5932362,260
15,3,168.6005706787109,260
5,2,113.4584137,260
8,2,131.4795843,260
9,3,137.7672729492188,260
10,3,143.5464477539063,260
19,2,164.6201222,260
17,3,170.8007354736328,260
12,1,155.2294128,260
10,2,143.4800904,260
13,2,159.9114995,260
19,3,171.0448608398438,260
12,2,155.8037011,260
19,1,177.3651272,260
13,3,161.0800628662109,260
7,2,125.7398744,260
10,1,143.6093857,260
11,2,149.9900698,260
16,2,164.5683422,260
8,2,132.5702035,261
14,3,166.1130676269531,261
9,2,138.0055904,261
11,3,150.4826812744141,261
5,2,115.8926239,261
14,1,169.4321765,261
16,3,172.0116424560547,261
13,2,159.5757383,261
11,2,150.0486571,261
7,1,131.1459489,261
17,1,176.8155493,261
12,1,156.7136857,261
18,1,176.9307199,261
8,3,134.1611938476563,261
10,1,146.0084039,261
10,3,144.8073425292969,261
16,1,176.0365653,261
15,1,173.6552469,261
15,3,169.8365631103516,261
7,3,128.8876342773438,261
13,3,161.6248931884766,261
5,1,119.9518332,261
6,2,121.7900243,261
18,3,172.5911254882813,261
19,3,173.2577972412109,261
5,3,117.5640640258789,261
12,2,155.6268157,261
6,3,123.3999786376953,261
7,2,127.2566371,261
19,1,176.9794848,261
19,2,165.8144237,261
9,3,139.3684997558594,261
17,2,164.8456075,261
10,2,143.8314772,261
18,2,165.2138348,261
8,1,136.2417065,261
16,2,164.4090005,261
13,1,163.3124231,261
11,1,151.0168484,261
9,1,141.1507719,261
12,3,156.1702575683594,261
14,2,162.0827267,261
6,1,125.7529958,261
17,3,172.6721038818359,261
15,2,163.5878064,261
14,3,160.2610321044922,263
7,3,123.9128494262695,263
11,1,144.0637892,263
13,1,156.4227611,263
19,3,164.7557678222656,263
16,3,164.0291595458984,263
17,2,158.5851496,263
19,1,170.3222031,263
15,1,166.8083491,263
6,1,118.8105701,263
12,1,149.7917007,263
10,3,139.6051788330078,263
11,2,146.3634969,263
16,1,169.0311394,263
10,2,140.2291833,263
18,3,164.5158843994141,263
5,2,112.2627015,263
15,2,158.5104843,263
17,1,169.8388274,263
18,2,158.5164215,263
12,3,150.7435302734375,263
16,2,158.6348777,263
14,2,157.7016094,263
19,2,158.504237,263
13,3,156.007080078125,263
6,2,118.1803623,263
8,2,128.9996741,263
18,1,170.120654,263
5,1,113.0607134,263
13,2,155.5474827,263
5,3,112.6790542602539,263
8,1,129.2481563,263
6,3,118.50927734375,263
9,2,134.4388665,263
17,3,164.3769378662109,263
9,1,134.1653196,263
9,3,134.2969360351563,263
10,1,139.0352193,263
8,3,129.1285095214844,263
11,3,145.142333984375,263
14,1,162.5707676,263
7,1,124.1505822,263
7,2,123.6549744,263
15,3,162.8409271240234,263
12,2,151.8043369,263
16,2,154.9302066,264
12,3,142.4319305419922,264
19,3,159.5441741943359,264
18,3,158.9091033935547,264
17,2,155.2741176,264
10,1,128.1176714,264
12,2,146.4678524,264
9,3,125.9848937988281,264
6,2,112.9177758,264
7,3,115.7213592529297,264
12,1,138.8682818,264
11,3,136.8022766113281,264
7,2,118.3481014,264
17,1,160.912965,264
14,2,152.7810144,264
11,1,133.1301648,264
6,3,110.342414855957,264
13,3,147.8048706054688,264
5,1,102.2505251,264
11,2,140.9465228,264
5,2,107.0513175,264
8,3,120.8716888427734,264
9,1,123.2804327,264
14,3,152.2846221923828,264
7,1,113.3482903,264
10,3,131.2560272216797,264
16,3,157.1898040771484,264
14,1,151.8475498,264
13,1,145.5623338,264
16,1,159.1882027,264
18,2,155.5538559,264
19,2,156.0466638,264
8,1,118.4023071,264
19,1,162.70863,264
15,1,156.3386477,264
15,2,154.2044976,264
13,2,150.3503738,264
18,1,161.9135399,264
15,3,155.3387298583984,264
10,2,134.7825343,264
8,2,123.6200913,264
6,1,108.0024918,264
17,3,158.2594146728516,264
9,2,129.0097946,264
5,3,104.5429916381836,264
17,1,170.8020877,265
5,3,110.799072265625,265
7,2,122.1441983,265
9,2,132.1759376,265
12,2,149.4400457,265
16,1,168.4299239,265
18,2,161.2825744,265
10,3,136.8059234619141,265
15,2,157.9648215,265
9,3,131.5551605224609,265
17,2,160.2098637,265
19,2,162.7468658,265
14,1,160.2715282,265
16,2,159.2090757,265
10,2,137.7815104,265
13,1,153.7355944,265
5,1,109.7558517,265
13,2,153.4732251,265
15,3,161.6588897705078,265
15,1,165.1082129,265
10,1,135.8899602,265
14,2,156.1647802,265
19,3,168.8822174072266,265
13,3,153.6084289550781,265
6,2,117.1858557,265
7,3,121.5051116943359,265
16,3,163.9912414550781,265
8,3,126.5187225341797,265
12,1,146.8631517,265
8,2,127.0507583,265
18,3,167.2250366210938,265
14,3,158.2810668945313,265
9,1,130.9698567,265
17,3,165.6845550537109,265
6,3,116.3300094604492,265
7,1,120.8977502,265
11,2,143.8783963,265
11,3,142.3919372558594,265
12,3,148.1119995117188,265
18,1,172.6778967,265
19,1,174.5099156,265
5,2,111.8973377,265
11,1,140.9968035,265
8,1,126.0148232,265
6,1,115.5151258,265
18,3,159.2889556884766,266
5,3,104.0653076171875,266
10,1,130.1293488,266
13,2,148.97733,266
8,2,121.5000009,266
14,3,152.8804168701172,266
5,1,103.5551551,266
6,3,110.0244522094727,266
14,1,154.0685588,266
15,2,153.1680477,266
12,3,142.8718109130859,266
18,2,155.1760931,266
6,2,110.5681855,266
11,1,135.2083644,266
5,2,104.6065645,266
11,3,137.1350860595703,266
16,1,161.3362188,266
19,1,163.5702716,266
12,2,144.9324119,266
6,1,109.5119488,266
11,2,139.2521899,266
12,1,141.0078383,266
18,1,163.2538882,266
9,3,126.0809097290039,266
8,1,120.2199926,266
7,3,115.5507659912109,266
10,3,131.4748840332031,266
9,1,125.2063293,266
8,3,120.838752746582,266
7,2,116.1066447,266
17,2,154.6600131,266
9,2,127.0228496,266
13,1,147.7511224,266
13,3,148.3333129882813,266
16,2,154.0948628,266
17,1,162.7632807,266
17,3,158.8181915283203,266
19,2,155.9574536,266
10,2,132.939132,266
7,1,115.0279005,266
14,2,151.5730792,266
15,1,158.5621236,266
15,3,155.9779815673828,266
16,3,157.8390350341797,266
19,3,159.8034515380859,266
18,1,175.7857486,267
7,3,126.3087768554688,267
10,3,142.4008178710938,267
5,2,114.8430586,267
14,1,166.1635555,267
6,3,120.7762985229492,267
11,2,149.3145658,267
10,2,143.0194192,267
11,3,148.0792694091797,267
15,1,170.7619436,267
15,2,163.1635864,267
17,3,170.2669677734375,267
10,1,141.7822225,267
13,3,159.3852691650391,267
5,3,114.8286895751953,267
7,2,126.2593077,267
19,2,165.0611001,267
18,2,164.6651762,267
12,1,152.8928936,267
9,2,137.122016,267
14,3,164.0633087158203,267
7,1,126.3675178,267
9,1,136.738743,267
19,3,171.5836639404297,267
6,1,120.7961712,267
18,3,170.8796081542969,267
12,2,154.9763232,267
16,2,164.0028627,267
8,2,131.6229659,267
6,2,120.7575892,267
5,1,114.8168519,267
11,1,146.9812234,267
14,2,161.5924383,267
8,3,131.6324920654297,267
13,2,159.0086474,267
16,3,169.2353363037109,267
15,3,167.4097290039063,267
19,1,176.0464656,267
8,1,131.6445673,267
9,3,136.9477996826172,267
13,1,159.7420575,267
16,1,173.6416386,267
17,1,175.2079105,267
17,2,164.3995872,267
12,3,153.8453216552734,267
18,1,175.1172326,268
7,3,127.7555389404297,268
12,1,152.2886858,268
16,3,168.3915405273438,268
17,2,164.7443162,268
17,1,173.9870029,268
10,2,144.0573478,268
12,2,155.8108241,268
8,1,132.7733834,268
11,2,150.2571101,268
14,2,162.180072,268
16,2,164.3813062,268
13,3,159.2525634765625,268
5,2,116.0845454,268
19,1,176.0255785,268
19,3,170.8242797851563,268
6,3,122.5042877197266,268
13,2,159.7236178,268
19,2,165.5346358,268
15,3,166.5606079101563,268
11,3,148.4141693115234,268
17,3,169.5406341552734,268
10,3,142.9803771972656,268
14,3,163.5988311767578,268
8,2,132.8034639,268
6,2,122.0022949,268
12,3,153.9589691162109,268
6,1,122.9822218,268
11,1,146.7527233,268
7,1,128.0117601,268
5,1,117.5684844,268
15,1,169.3795837,268
13,1,158.8130241,268
15,2,163.6252338,268
9,3,137.7981872558594,268
18,2,165.0266525,268
7,2,127.4826046,268
9,2,138.2396944,268
14,1,164.9685963,268
10,1,141.9714544,268
9,1,137.3814137,268
8,3,132.7880096435547,268
18,3,170.2690124511719,268
5,3,116.8428573608398,268
16,1,172.2058373,268
17,2,161.6311882,269
6,1,118.191032,269
5,2,113.2634498,269
16,3,165.3977661132813,269
16,1,169.1935239,269
9,3,134.4775085449219,269
9,1,133.6682606,269
10,1,138.5591285,269
19,2,162.3419573,269
13,2,156.778925,269
14,1,162.2234328,269
8,1,128.7230035,269
12,1,149.3518766,269
13,1,156.0160243,269
7,3,124.0871658325195,269
19,1,171.7641068,269
8,3,129.2953033447266,269
11,1,143.6040688,269
18,3,166.7875366210938,269
15,3,163.6624755859375,269
14,3,160.7354583740234,269
9,2,135.3548296,269
13,3,156.3908386230469,269
10,2,141.1654196,269
12,3,151.0816040039063,269
11,3,145.4206390380859,269
16,2,161.3208326,269
8,2,129.9216006,269
6,3,118.6520004272461,269
5,3,112.7863845825195,269
11,2,147.3528057,269
19,3,167.3977508544922,269
5,1,112.3530471,269
10,3,139.8040924072266,269
7,1,123.6064838,269
17,3,166.2750396728516,269
17,1,170.5522644,269
15,1,166.5733006,269
14,2,159.2079718,269
12,2,152.8885543,269
7,2,124.6182055,269
6,2,119.1603633,269
18,1,171.2056781,269
18,2,161.8834072,269
15,2,160.6193363,269
10,2,137.0195547,270
19,3,163.8291320800781,270
5,1,109.2139114,270
13,2,152.785257,270
11,3,141.9332580566406,270
7,3,120.5184631347656,270
14,2,155.3204262,270
9,1,130.6899818,270
16,1,166.4828498,270
6,1,115.0787423,270
12,1,146.5127265,270
12,2,148.8194832,270
14,1,159.4773783,270
8,1,125.7048097,270
11,1,140.7175172,270
18,3,163.4005432128906,270
12,3,147.6316223144531,270
13,3,153.0109252929688,270
17,1,167.6944254,270
5,2,109.1915433,270
15,3,160.4208679199219,270
19,2,159.4735177,270
9,3,130.9377899169922,270
10,1,135.6254106,270
15,1,163.8638509,270
6,3,115.0690612792969,270
10,3,136.2974853515625,270
17,2,158.2913661,270
6,2,115.0586656,270
5,3,109.2031097412109,270
16,2,157.7635269,270
8,2,125.7857738,270
14,3,157.4419860839844,270
7,1,120.5388,270
7,2,120.4966024,270
8,3,125.7438125610352,270
15,2,156.8727302,270
9,2,131.2044837,270
13,1,153.2253748,270
16,3,162.1648559570313,270
18,1,168.057088,270
17,3,163.0119323730469,270
18,2,158.7622066,270
19,1,168.2515133,270
11,2,143.2334645,270
