age,sex,value,lid
19,1,170.3545218939968,1
15,2,155.612395879678,1
13,3,150.8239915186944,1
16,2,156.6996906646046,1
15,3,158.6228991599182,1
14,3,155.3907800230749,1
5,2,107.6200591440952,1
9,1,128.272481090103,1
10,3,134.0558945994655,1
16,3,160.7685067282819,1
18,2,157.9237453479349,1
19,2,158.5752011669448,1
12,2,147.0313117248314,1
11,1,138.061348939972,1
7,1,118.4287546238822,1
18,1,168.7152568355686,1
17,1,166.9912372407268,1
5,1,107.5115224164097,1
12,3,145.3878680621056,1
10,1,133.0813267778525,1
7,2,118.5994198225856,1
13,2,151.1463165497034,1
19,3,164.5204580587188,1
14,2,153.8596266512731,1
8,3,123.6169719368677,1
17,3,162.2365705931671,1
11,3,139.6800890539998,1
6,2,113.2949767796481,1
10,2,135.0540598149697,1
16,1,164.7548531907862,1
12,1,143.7811683417745,1
5,3,107.5651588495499,1
15,1,161.5719521975385,1
6,3,113.231331274126,1
13,1,150.5086719154163,1
7,3,118.5130597140642,1
9,3,128.7374379011906,1
8,2,123.8143907246214,1
14,1,156.8898324864932,1
6,1,113.1691745809019,1
17,2,157.3838911563372,1
8,1,123.4242803438732,1
18,3,163.3733254205675,1
9,2,129.2137887239101,1
11,2,141.3369479438317,1
8,2,125.5242375278593,2
8,1,125.9272197290717,2
17,1,167.9552728833903,2
7,2,120.4702699051566,2
10,3,136.0171803672026,2
12,3,146.9455043161073,2
15,1,163.3970245031939,2
17,2,156.9223629945148,2
13,3,152.1850999137372,2
17,3,162.6733756182161,2
13,1,152.82533885978,2
11,1,140.6653658219083,2
12,2,147.6813880269717,2
16,3,161.524280451303,2
5,1,109.3607474313103,2
16,1,166.2186752133623,2
18,2,157.2423931779672,2
9,2,130.7423209526627,2
14,3,156.5761833335573,2
19,2,157.5078953397277,2
10,1,135.7259664472029,2
15,2,155.4946182213547,2
7,1,120.8119224590395,2
14,2,153.942161776274,2
6,2,115.189578393125,2
9,1,130.8789751511962,2
18,1,168.9785432214135,2
10,2,136.3358631420842,2
6,3,115.2623606974254,2
14,1,158.9878873176861,2
11,3,141.4531914142709,2
12,1,146.2723352379623,2
19,1,169.5970430928353,2
16,2,156.4101679172913,2
18,3,163.3618376773398,2
9,3,130.8137268916425,2
5,3,109.3748562324636,2
19,3,163.8113071132956,2
8,3,125.7347341922033,2
11,2,142.3150044758628,2
5,2,109.3902282016183,2
15,3,159.6176000617083,2
7,3,120.6486481711536,2
13,2,151.4855182072054,2
6,1,115.3290685377453,2
16,3,169.6075519073663,3
17,1,176.9252021572635,3
15,3,167.5813343234103,3
17,3,170.8060451038207,3
8,1,132.3650023190671,3
9,2,136.2827344213498,3
14,1,167.2230824479042,3
16,2,163.8991371114793,3
12,3,154.1540415883313,3
10,2,142.2864171403506,3
19,2,164.8490244046207,3
8,3,131.5291790540552,3
6,1,121.3633935093069,3
7,1,127.0113214598507,3
10,3,142.4552783351669,3
8,2,130.6484584605698,3
13,3,159.7224389046741,3
13,1,160.7377836238321,3
18,2,164.5661735715318,3
12,2,154.5046365179832,3
5,1,115.280612409931,3
18,1,177.8977225328278,3
7,2,125.1364177922964,3
15,1,171.9380974640204,3
18,3,171.4290012517917,3
9,1,137.5340098187226,3
11,1,147.8527019882831,3
6,2,119.5226412228155,3
11,2,148.7052680597643,3
12,1,153.8211047186341,3
5,2,113.5198864136558,3
14,3,164.3525978697424,3
16,1,175.0204191778682,3
14,2,161.3341753339941,3
19,1,178.3515355708631,3
7,3,126.0993474506994,3
9,3,136.9243639817199,3
10,1,142.615629782444,3
19,3,171.810233991405,3
5,3,114.4237159143682,3
15,2,162.9946924234016,3
13,2,158.6541522011672,3
6,3,120.4679481738718,3
17,2,164.3358865204972,3
11,3,148.267900720863,3
17,3,165.2193913743624,4
17,1,171.3618880733285,4
10,3,139.878690107714,4
16,3,164.5697978617459,4
5,2,110.9930646880113,4
10,2,139.8624068019109,4
15,1,167.6999246287893,4
19,2,159.2669127006687,4
8,2,128.4813416400433,4
15,3,163.1412900822818,4
15,2,158.4110363080971,4
16,2,158.805449432484,4
9,3,134.4633969365194,4
8,1,129.7975096676281,4
18,3,165.5215877733884,4
6,3,118.0854862436056,4
18,2,158.9117351115632,4
14,3,160.482796972382,4
14,2,157.3146388443423,4
13,2,155.1405213155364,4
13,1,157.4385801914792,4
6,1,118.8977012034554,4
6,2,117.2398293047776,4
11,2,146.0073692508941,4
5,3,111.9458808990168,4
12,3,151.1087997702157,4
9,1,134.8870021233226,4
18,1,171.9227594834097,4
12,2,151.4302867486172,4
16,1,170.1308425635781,4
11,3,145.5056826337494,4
5,1,112.8608635403864,4
11,1,145.0232254309177,4
7,2,122.975156412516,4
7,3,123.754881172589,4
17,2,158.8625336121633,4
8,3,129.1525447053666,4
12,1,150.7995862097951,4
19,3,165.9299889371803,4
14,1,163.5336370612878,4
10,1,139.8943434218455,4
9,2,134.0227148382053,4
7,1,124.5039003777865,4
13,3,156.3116310456848,4
19,1,172.3994439447082,4
17,1,176.9218496563373,5
19,3,170.5139905376836,5
16,3,169.6785252770073,5
18,3,170.3937369536336,5
11,2,150.1313135806197,5
5,1,113.6916652386851,5
14,2,161.6195897794283,5
17,2,163.2385015000434,5
10,3,143.5294554269801,5
10,1,143.2075049597886,5
16,1,175.7577776745199,5
15,3,168.1283299887166,5
7,1,126.3290597138199,5
12,2,155.632081394963,5
13,1,162.1559883101985,5
9,3,137.7790989155487,5
19,2,163.4478152967428,5
8,2,132.0835879698683,5
12,3,155.3464007172329,5
9,2,137.8611336372622,5
11,3,149.4616396679903,5
5,3,113.4928037060092,5
8,1,132.1130331257123,5
17,3,170.2954969058236,5
19,1,177.1109757885117,5
8,3,132.0987234271259,5
6,3,120.1619158505626,5
16,2,163.2089565856953,5
9,1,137.7015515943055,5
12,1,155.0765938826632,5
18,2,163.2228532120431,5
15,2,162.7779266502428,5
7,3,126.2945137274466,5
18,1,177.1140503176667,5
11,1,148.8284300732357,5
14,1,168.6584035073205,5
7,2,126.2580160752549,5
15,1,173.1626148540393,5
6,2,120.0907270862485,5
14,3,165.2444168884334,5
6,1,120.2293820685005,5
5,2,113.2831280489347,5
13,3,160.8156571251464,5
10,2,143.869953052365,5
13,2,159.3939316094419,5
12,1,150.2798816672406,6
17,3,167.0069570265219,6
9,2,134.7587464015044,6
16,1,170.5173438194853,6
9,1,133.8320918149986,6
19,1,173.2090618482999,6
12,2,152.8783721849343,6
19,3,167.8556918059964,6
6,2,117.7975744947644,6
5,3,111.4571110010991,6
8,1,128.5695325133856,6
5,2,111.6448177832276,6
6,1,117.4337221320009,6
13,2,156.850119449957,6
11,1,144.3286914750029,6
7,2,123.5146942232888,6
17,2,161.6280748039821,6
14,2,159.3155547463203,6
10,1,139.0199173429486,6
7,3,123.3254545161628,6
18,3,167.4712601319001,6
13,3,156.9627013618957,6
15,1,167.7990896875976,6
9,3,134.2802575486448,6
11,3,145.7092541320025,6
18,1,172.7612915662973,6
17,1,172.034055632381,6
10,3,139.8783817782377,6
11,2,147.1883477577728,6
13,1,157.067443401365,6
14,3,161.4128762387646,6
5,1,111.2808552149781,6
12,3,151.5333265768968,6
7,1,123.14768778535,6
18,2,161.8035448487335,6
6,3,117.609960951623,6
16,3,166.1246810911036,6
16,2,161.4145154915391,6
14,1,163.3615362068796,6
15,2,160.7404486376862,6
15,3,164.3985370654495,6
8,2,129.0782556109943,6
19,2,162.1003737559554,6
8,3,128.8158491672628,6
10,2,140.7971576426969,6
14,2,162.604768340516,7
17,2,164.7081701394333,7
10,3,143.9669055886938,7
19,2,164.6647493806124,7
19,1,178.5963468460796,7
18,2,164.6574040792125,7
11,2,150.1482619211003,7
18,3,171.8040322118073,7
6,1,121.876920281952,7
7,1,127.8233509296167,7
14,3,166.1261503302723,7
16,3,170.8688980325531,7
6,3,121.0078401223809,7
17,3,171.6076451394519,7
9,3,138.2127507416705,7
5,2,113.792010787483,7
16,2,164.6641579760268,7
10,1,144.2703642532974,7
12,2,155.9513215499367,7
6,2,120.0898389278797,7
12,3,155.9312777819301,7
18,1,178.5531711858152,7
15,3,169.1776735314422,7
9,2,137.4838542950557,7
13,1,162.9372436918855,7
9,1,138.9032605500263,7
14,1,169.441008490288,7
5,3,114.6691228714945,7
13,3,161.5348584036036,7
8,2,131.6710705953846,7
19,3,171.8598214142659,7
10,2,143.6456666268211,7
15,1,174.0040117844888,7
12,1,155.9123564275763,7
11,1,149.76329959253,7
17,1,178.1537575413635,7
8,1,133.4585783295652,7
5,1,115.4980036397808,7
7,3,126.9166195114581,7
15,2,164.0557272793377,7
8,3,132.5880873563531,7
13,2,160.0470891930129,7
16,1,176.7426271166912,7
11,3,149.9502792887591,7
7,2,125.9605472597195,7
9,3,136.3141234171241,8
6,3,120.4465056703488,8
17,3,167.349573661207,8
15,2,160.2177165827748,8
17,2,160.9021954029677,8
14,1,165.7771014886872,8
19,1,174.2057936663047,8
14,3,162.4263504642423,8
14,2,158.9693749563156,8
13,2,156.6155380263925,8
19,3,167.8322167960272,8
7,3,125.8871710836421,8
12,2,152.7603799125222,8
18,1,174.0002980408536,8
15,3,165.1880790178248,8
12,1,153.0332090127909,8
8,3,131.1112932760706,8
15,1,170.0090086199249,8
13,3,158.1587551551983,8
10,3,141.6689983336026,8
10,1,142.2568060350696,8
13,1,159.6533163119836,8
8,2,129.7816107023837,8
11,2,147.2436182447031,8
6,2,118.9413680724184,8
11,3,147.2754860614718,8
7,2,124.4370258142263,8
16,1,172.4622877372077,8
5,2,113.0114270980403,8
18,3,167.5991192086466,8
9,2,135.2412406317854,8
6,1,121.8979673125692,8
5,3,114.5869055866669,8
9,1,137.3532551220304,8
16,3,166.6835440572462,8
17,1,173.6124870277215,8
10,2,141.061656334698,8
8,1,132.3992821494219,8
16,2,160.7291779585716,8
12,3,152.8990387765072,8
18,2,161.0167641086993,8
11,1,147.3063075931025,8
19,2,161.2827136401172,8
7,1,127.288734239016,8
5,1,116.1060875218814,8
15,3,160.9273697322059,9
11,2,144.0822201603524,9
6,1,116.6361984653348,9
6,2,115.5205453397732,9
11,1,143.1026992551907,9
19,2,156.8389586693958,9
7,3,121.8272831489711,9
9,3,132.5768955113967,9
18,3,162.9637477314081,9
13,1,155.4974098713207,9
17,2,156.4531016326484,9
13,3,154.2744360272246,9
16,3,162.2423683793155,9
16,1,167.8579861719308,9
16,2,156.4488104812359,9
19,3,163.3242671499055,9
12,1,148.8835500427311,9
10,2,138.029040668558,9
9,1,132.8852864469388,9
15,1,165.5896920852431,9
5,1,110.4448222327137,9
12,2,149.4028683302551,9
5,2,109.1909534694799,9
18,2,156.471686178499,9
7,2,121.2797419293208,9
14,2,155.0887678643207,9
10,1,137.9450989849399,9
8,3,127.2549509192201,9
12,3,149.1387397723668,9
5,3,109.8293033143239,9
14,1,161.5327264745184,9
9,2,132.2573576343943,9
11,3,143.5839224757341,9
17,3,162.7673503617999,9
7,1,122.3554346492362,9
18,1,169.2826859791736,9
8,1,127.7284840852241,9
17,1,168.8976319641164,9
8,2,126.7641290176051,9
15,2,156.1122784828588,9
19,1,169.6555896919349,9
6,3,116.0884605731456,9
13,2,153.0095301466337,9
14,3,158.3639459269119,9
10,3,137.9863350699235,9
9,2,132.7555522719703,10
9,3,132.8614290804052,10
10,1,137.7050234350289,10
10,3,138.140453920653,10
16,1,168.2412719351002,10
15,3,161.97355041666,10
19,1,171.8818926173891,10
16,2,159.2123794783459,10
16,3,163.7877309621419,10
11,2,144.8251331482478,10
17,2,159.6346977488266,10
14,1,161.0505034421353,10
11,3,143.6935322161636,10
13,1,154.8426676490512,10
13,3,154.6071630562068,10
8,3,127.7927431845054,10
12,2,150.4117797094433,10
14,2,156.8700162403429,10
7,3,122.7388129332067,10
18,1,170.9664892356213,10
8,1,128.2194923927482,10
13,2,154.3620012880107,10
18,2,159.9536004358244,10
5,3,111.8340273645134,10
17,1,169.9228679831152,10
12,3,149.3011545080458,10
19,3,166.2495614939691,10
7,2,122.0997823269064,10
15,2,158.3861033030037,10
5,1,112.6845546507438,10
14,3,158.9928862505866,10
6,3,117.4849293378176,10
8,2,127.3462791776142,10
11,1,142.6129958980866,10
6,1,118.2119321767072,10
7,1,123.3495755451277,10
10,2,138.596462264397,10
18,3,165.5390657641115,10
5,2,110.941876473727,10
17,3,164.8494711385423,10
9,1,132.9625863096268,10
12,1,148.2403915076954,10
15,1,165.4614043459414,10
6,2,116.723913814402,10
19,2,160.4580909251596,10
18,3,161.7659678230523,11
11,2,140.7238280676117,11
11,3,138.5396896091387,11
12,2,146.3854210606874,11
11,1,136.3854010190843,11
8,2,123.1677863276571,11
16,3,159.504656455893,11
17,2,156.3308497649187,11
9,1,126.4296233094342,11
10,3,132.8759383301694,11
19,1,168.0808789379975,11
12,1,142.1843671222441,11
8,1,121.5060264987096,11
14,1,155.411901163577,11
13,3,149.7167626581054,11
18,2,156.7371359313218,11
15,3,157.4470200087926,11
17,1,165.311398221128,11
14,2,153.1042411644551,11
5,2,106.7088347805619,11
15,2,154.7750080208463,11
8,3,122.3297966625044,11
13,1,148.985486767603,11
7,3,117.1633350305509,11
19,2,157.2538653129795,11
10,2,134.4533665919718,11
12,3,144.271903664755,11
6,2,112.4995389889281,11
6,1,111.1320547335768,11
7,2,117.8939726436787,11
5,1,105.4405806316466,11
13,2,150.456046509045,11
9,3,127.5064111177551,11
16,2,155.7632686859115,11
14,3,154.2633756123432,11
7,1,116.4457443737966,11
10,1,131.3219056552992,11
15,1,160.099589978834,11
9,2,128.6006558436021,11
5,3,106.0682706919563,11
16,1,163.2254514622552,11
19,3,162.668083812813,11
17,3,160.8294767840571,11
18,1,166.7850605989211,11
6,3,111.8092655548394,11
15,1,171.0587440218864,12
10,3,142.3585836561367,12
11,3,148.223332053674,12
5,1,113.2184119023048,12
18,3,169.0702724597734,12
12,1,153.4906027109488,12
19,2,163.0186574476235,12
12,3,154.1048981630501,12
9,3,136.7294650161791,12
5,2,114.4982841787047,12
16,3,168.3053401837059,12
15,3,166.8806204491611,12
6,2,120.5976116572582,12
17,3,168.8429719392813,12
6,1,119.4244632022111,12
14,2,160.869899797845,12
8,2,131.6828922302948,12
9,2,137.2266570839367,12
19,3,169.6263232786113,12
14,1,166.8356863230092,12
18,1,174.6492815846978,12
14,3,164.0732466182071,12
10,2,143.1046814014448,12
6,3,119.9703265369116,12
13,3,159.6240142808505,12
19,1,175.375418925717,12
12,2,154.817465957446,12
17,2,162.5850842878402,12
5,3,113.8150084039079,12
11,1,147.2828455075676,12
8,3,131.2363475916568,12
16,2,162.4930329078152,12
16,1,173.3288066955343,12
7,2,126.2350779327148,12
13,2,158.6126109036804,12
7,1,125.2661231906038,12
7,3,125.7163098769689,12
15,2,162.0402816346249,12
18,2,162.6418710468544,12
13,1,160.4957684247543,12
9,1,136.2998910929176,12
8,1,130.8497864901497,12
11,2,149.3136559855775,12
10,1,141.7146515261639,12
17,1,174.2619018811113,12
16,1,173.6154799530837,13
6,3,119.8674115485792,13
14,1,165.2807018653053,13
16,2,163.729250875043,13
5,3,114.1161762564679,13
17,3,170.407521304174,13
7,1,126.5081495409079,13
11,3,146.7195308048068,13
8,1,131.5777932028736,13
9,3,135.6388291508741,13
11,2,147.1937437681447,13
13,1,158.8042288772899,13
6,2,118.5220136165226,13
14,2,160.4010196956015,13
18,2,164.8837505285301,13
12,3,152.5518333451555,13
12,1,152.0211464426615,13
15,1,170.1714665176058,13
8,2,129.2139365747442,13
17,1,176.0327239436067,13
19,2,165.1569331287395,13
5,1,115.3270692570442,13
16,3,168.7916013785877,13
5,2,112.8372622520874,13
6,1,121.1409054706695,13
13,3,158.1430721983206,13
7,2,123.8814097789495,13
12,2,153.1090681676616,13
13,2,157.4503788542099,13
7,3,125.2309607121355,13
17,2,164.5036224454074,13
19,1,178.126435305773,13
18,3,171.3427013754197,13
14,3,162.8976525448373,13
18,1,177.4969135324851,13
9,2,134.7560847351766,13
10,2,140.7367468978401,13
9,1,136.477502385251,13
19,3,171.7927780769842,13
10,3,141.0226965443008,13
11,1,146.2681765127404,13
8,3,130.426962623961,13
15,2,162.416343059745,13
15,3,166.3865870413291,13
10,1,141.2946437867249,13
9,2,130.4983182098934,14
11,3,139.0937169921209,14
19,1,163.9033197550824,14
5,2,108.4146358171916,14
13,2,151.8756043944187,14
19,2,157.4912519497437,14
18,1,163.4239009577765,14
19,3,160.8352308690206,14
13,3,149.9824407979627,14
12,3,144.6916525312877,14
11,1,135.9938617791204,14
10,3,133.5410389235084,14
5,1,105.1873768853214,14
10,1,131.007759547001,14
18,2,156.9793406694929,14
8,1,121.2858396841845,14
14,2,154.279662533434,14
10,2,136.3040701327518,14
14,1,154.3956840999068,14
16,1,161.2957787963249,14
6,3,112.5501086976636,14
14,3,154.3404633745471,14
17,1,162.7373998132091,14
6,1,110.9198743688286,14
5,3,106.7424045488402,14
8,2,125.0694155661944,14
15,1,158.6853930562531,14
9,1,126.1722174683984,14
7,1,116.2409950142834,14
9,3,128.2451482183519,14
8,3,123.1018199302708,14
17,3,159.8610022915572,14
18,3,160.3465351479084,14
6,2,114.307003835603,14
12,1,141.6694807950289,14
13,1,148.2611455135104,14
15,3,157.2512815855061,14
11,2,142.4854260418492,14
16,3,158.9522238335599,14
12,2,148.0079257580667,14
7,2,119.7633054159957,14
16,2,156.3744088949813,14
17,2,156.7034421017224,14
15,2,155.6722708234496,14
7,3,117.9340483138331,14
17,3,163.8859362087075,15
15,2,158.1577999615103,15
9,1,132.1997540318015,15
8,2,128.2766852527419,15
15,3,161.5336683506863,15
8,3,127.775620804099,15
10,2,139.361166027572,15
6,3,117.2395742477991,15
12,1,147.8011068637947,15
11,2,145.4626188281711,15
17,1,168.6141931447184,15
18,3,164.1669915071707,15
11,1,142.1051280528694,15
6,1,116.8914590068169,15
12,3,149.3333564287619,15
19,2,159.4371897210366,15
19,3,164.389865963416,15
6,2,117.6018981276861,15
10,1,137.07979090482,15
7,1,122.2438240108834,15
13,1,154.4140740342474,15
17,2,158.9709698382057,15
16,1,167.3759253690975,15
11,3,143.7728192227462,15
13,3,154.5082183691789,15
15,1,164.8477897795559,15
7,2,123.0209472768723,15
5,2,111.745924320398,15
9,2,133.6309258313459,15
19,1,169.1719231915177,15
14,2,156.8812945398718,15
12,2,150.8740814945929,15
14,3,158.7355220616625,15
5,3,111.4238830408049,15
16,3,163.1149774066008,15
10,3,138.2134805756688,15
8,1,127.293125668261,15
18,2,159.1140278143004,15
7,3,122.625486615672,15
18,1,169.0000526001636,15
14,1,160.5703467022201,15
5,1,111.1169325575732,15
13,2,154.6022193212819,15
9,3,132.9059369567778,15
16,2,158.7478790580205,15
5,1,105.1727988675054,16
13,3,150.6195424308906,16
14,1,156.7800882431184,16
11,1,137.4321241419989,16
5,2,106.3914486130359,16
9,3,127.9628728001637,16
12,3,145.1079597257436,16
7,3,117.2865473469401,16
12,2,146.8410268736292,16
7,2,117.8633764252591,16
19,2,157.9664085252649,16
16,2,156.2420149484646,16
14,2,153.618862376504,16
9,2,128.8107246283648,16
17,3,161.7256384821602,16
8,2,123.2663407696227,16
13,1,150.2878811532509,16
17,1,166.601211342209,16
14,3,155.2024987708444,16
10,3,133.4729515752263,16
15,1,161.4781211219877,16
10,1,132.1947805948104,16
11,3,139.2679351210135,16
11,2,141.1111581136225,16
7,1,116.7134215118983,16
17,2,156.8370302890031,16
19,1,169.4906485175232,16
16,3,160.4091101446961,16
12,1,143.3818199335725,16
6,2,112.3317236012125,16
15,3,158.3789439531632,16
5,3,105.7796116235063,16
6,3,111.7362148055048,16
8,1,121.9980916249227,16
6,1,111.1450530618487,16
16,1,164.5633644171664,16
18,3,162.7081367638855,16
15,2,155.269017646818,16
10,2,134.7566395215421,16
18,1,168.0810477510429,16
8,3,122.6303853804235,16
19,3,163.7324942557486,16
9,1,127.1192602125138,16
18,2,157.3238322060982,16
13,2,150.952521470575,16
15,1,165.6242086732903,17
8,3,127.1744227683632,17
9,1,132.7899135755715,17
7,3,122.2058708124578,17
14,1,160.9343928663109,17
14,2,156.0237161732721,17
19,3,167.9069702620332,17
12,2,149.260670715493,17
9,3,132.1812868728313,17
5,2,110.1242584101614,17
17,1,171.1652919907332,17
10,3,137.4013238992119,17
7,1,123.3532652965156,17
16,3,163.9437216160645,17
17,3,165.4869624294465,17
16,2,158.8410429423727,17
11,1,142.2984286768267,17
18,3,166.7084317914496,17
10,2,137.353532128909,17
12,1,147.9196384600255,17
15,3,161.7630024816662,17
11,3,142.9354456546565,17
18,2,160.2301427704568,17
11,2,143.6009433851078,17
6,3,117.0851943269132,17
13,3,153.9739165862938,17
16,1,168.8535594820308,17
14,3,158.5263094079534,17
10,1,137.447014592345,17
8,1,128.1242436230806,17
13,2,153.3410801874369,17
15,2,157.7549402276012,17
6,1,118.3672444036338,17
6,2,115.7468653500942,17
9,2,131.5446703631854,17
8,2,126.1815571759986,17
17,2,159.5718055754316,17
5,1,113.012842721078,17
19,2,161.0756576382078,17
5,3,111.5993582892783,17
12,3,148.5759303192511,17
18,1,172.9201863203373,17
7,2,121.0074312108819,17
19,1,174.463634562681,17
13,1,154.5815009805489,17
5,3,113.4928037060092,18
10,2,143.869953052365,18
7,3,126.2945137274466,18
14,2,161.6195897794283,18
6,3,120.1619158505626,18
12,3,155.3464007172329,18
14,3,165.2444168884334,18
10,1,143.2075049597886,18
16,3,169.6785252770073,18
17,2,163.2385015000434,18
8,2,132.0835879698682,18
7,2,126.2580160752549,18
15,2,162.7779266502428,18
6,1,120.2293820685005,18
11,2,150.1313135806197,18
19,2,163.4478152967428,18
12,1,155.0765938826632,18
11,3,149.4616396679903,18
15,3,168.1283299887166,18
18,2,163.2228532120431,18
12,2,155.632081394963,18
16,2,163.2089565856953,18
15,1,173.1626148540393,18
9,3,137.7790989155487,18
5,1,113.6916652386851,18
9,2,137.8611336372622,18
5,2,113.2831280489347,18
8,3,132.0987234271259,18
17,3,170.2954969058236,18
11,1,148.8284300732357,18
18,3,170.3937369536336,18
18,1,177.1140503176667,18
8,1,132.1130331257123,18
6,2,120.0907270862485,18
19,3,170.5139905376836,18
13,3,160.8156571251464,18
13,1,162.1559883101985,18
7,1,126.3290597138199,18
13,2,159.3939316094419,18
10,3,143.5294554269801,18
17,1,176.9218496563373,18
14,1,168.6584035073205,18
9,1,137.7015515943055,18
19,1,177.1109757885117,18
16,1,175.7577776745199,18
19,3,172.2929942509478,19
13,3,160.6375917191126,19
19,1,179.0903256117409,19
11,3,149.033624258225,19
10,1,143.0004085774144,19
12,2,155.3785173182233,19
16,2,164.4696115189864,19
17,1,177.9275331283573,19
10,3,143.0655864675452,19
6,2,119.4986920568226,19
19,2,165.0325307504895,19
13,2,159.4839875014214,19
14,2,162.0963568196103,19
8,3,131.6588551300894,19
14,1,168.3515146095082,19
16,3,170.4722663416803,19
18,1,178.7465449619982,19
11,1,148.498321119773,19
15,3,168.5177156304027,19
18,3,172.0149868930115,19
11,2,149.5973634627834,19
12,1,154.6607507134236,19
6,3,119.9276421673796,19
8,1,132.1004662503619,19
17,3,171.5300298688739,19
10,2,143.1340937147453,19
7,1,126.3815111359274,19
7,2,125.4475530992341,19
9,2,137.0057561713688,19
5,1,113.8336388459633,19
15,1,173.1285495136552,19
8,2,131.1950260421281,19
15,2,163.6625368050001,19
12,3,155.0103333270133,19
5,3,113.4537459532487,19
5,2,113.053781169339,19
14,3,165.3019842517707,19
13,1,161.7351955085122,19
9,3,137.3131963087289,19
7,3,125.9259808870057,19
6,1,120.3357204511845,19
9,1,137.6059348248634,19
16,1,176.168639763267,19
17,2,164.7772245374468,19
18,2,164.8805609216704,19
14,1,166.0300535134333,20
19,3,171.0796713483555,20
13,1,159.8557619343802,20
8,1,132.54405647877,20
6,1,122.1638737899918,20
5,1,116.4412345275423,20
16,2,163.7905151139481,20
17,2,164.3527792173721,20
16,1,173.1312268755631,20
14,2,161.3848653438229,20
9,1,137.5771409775035,20
18,2,164.8456677653833,20
19,1,176.286619868422,20
12,2,154.9299584906381,20
5,2,115.6804945189126,20
7,3,127.0812764680817,20
10,3,142.7802894685849,20
14,3,163.7581152053174,20
7,1,127.4317037300564,20
7,2,126.7101815139633,20
11,3,148.3821961399272,20
15,1,170.368260656251,20
16,3,168.5403388071195,20
18,1,175.4796799834907,20
11,2,149.3657888337361,20
6,3,121.7769549803097,20
10,1,142.443476054064,20
19,2,165.6228946831986,20
13,2,158.8388246492148,20
5,3,116.0710379925138,20
17,1,174.6509192120203,20
6,2,121.3695890697062,20
15,3,166.7151250407015,20
10,2,143.1352913105176,20
13,3,159.3597203266585,20
17,3,169.5942478195768,20
11,1,147.4384306314013,20
12,3,154.0448982198443,20
8,3,132.2647656557955,20
9,3,137.4692070652671,20
12,1,153.200052679014,20
9,2,137.3534015742709,20
8,2,131.9652441917744,20
15,2,162.9108024349845,20
18,3,170.2830719448968,20
5,3,112.7394795796087,21
12,2,152.2888590876002,21
6,1,119.7296164799277,21
9,3,135.2081876847614,21
7,3,124.5038824806274,21
7,2,123.6799933348201,21
15,1,168.4853668440332,21
5,1,113.7398307109706,21
13,1,158.1560801024873,21
9,1,135.622503199845,21
5,2,111.695157286497,21
10,2,140.6465723563643,21
14,1,164.274685453358,21
16,3,165.4789293719199,21
19,1,173.4885371800067,21
7,1,125.2931691514964,21
12,3,151.890184285681,21
8,2,129.2067889087316,21
15,2,159.3449706803543,21
18,2,159.8590053801049,21
16,1,170.9883836034311,21
8,3,129.8964893301429,21
8,1,130.5573338620339,21
16,2,159.7515645071485,21
6,2,117.9377325380033,21
11,2,146.829775112221,21
14,2,158.2295811193381,21
11,3,146.269279248936,21
10,1,140.610518238971,21
17,1,172.3111663330512,21
6,3,118.8528872264285,21
13,3,157.1147975595594,21
19,2,160.1972080362036,21
14,3,161.313583031897,21
17,3,166.1785198960986,21
9,2,134.7759662667501,21
12,1,151.5077986831313,21
18,1,172.9596472434858,21
10,3,140.6281692583514,21
11,1,145.7316966446689,21
15,3,164.0063130482748,21
13,2,156.0295390700681,21
17,2,159.8140186565965,21
18,3,166.5236100447999,21
19,3,166.9500303003511,21
16,3,159.6147778944401,22
17,1,165.8188522343309,22
15,2,154.1059334625417,22
7,2,118.7798694106871,22
16,1,164.1726013812727,22
15,1,161.3411704960683,22
13,3,150.3551059137034,22
13,2,150.1735544220055,22
11,3,139.4157537624982,22
11,1,138.0800235874215,22
18,1,166.6427554055035,22
14,1,156.8360767620543,22
9,3,128.6514632068278,22
15,3,157.8034257752827,22
7,1,118.5829772003768,22
6,2,113.6222091836967,22
10,1,133.0809339121578,22
18,2,155.2658760045929,22
19,3,161.3687204261832,22
11,2,140.8141798830409,22
13,1,150.528700007048,22
8,2,123.8120796830964,22
8,1,123.456498177005,22
8,3,123.6300005806428,22
19,1,167.0185126691229,22
6,3,113.5325187403064,22
10,2,134.7268783069566,22
5,1,107.9199716538649,22
12,2,146.2952595214327,22
6,1,113.447146073249,22
5,3,107.9805130064703,22
12,1,143.8182959105492,22
9,1,128.2672111753134,22
5,2,108.0441359552491,22
12,3,145.0289361892635,22
17,3,160.5967360975416,22
17,2,155.1462247395096,22
14,3,154.782277102944,22
9,2,129.0542894044368,22
18,3,161.0796965167676,22
10,3,133.884914211409,22
7,3,118.6790207751391,22
19,2,155.4532284715755,22
16,2,154.8556718891914,22
14,2,152.6341299181677,22
12,3,145.5500773464682,23
7,3,119.2567506951914,23
9,1,128.8563979298517,23
9,3,129.4076103267412,23
11,2,141.7919810627318,23
14,3,155.2903969290111,23
14,2,154.0728936754742,23
9,2,129.9678234993638,23
16,1,164.3905385875004,23
17,1,166.7811320013068,23
17,3,162.299690530078,23
6,1,113.3948515430703,23
16,2,156.9942288033821,23
12,2,147.3634832526337,23
10,1,133.5311583283965,23
15,2,155.8544684640486,23
19,3,164.2754877382819,23
8,3,124.3671127786871,23
8,1,124.034741124081,23
15,1,161.1272771168266,23
11,3,140.0297466222184,23
13,2,151.3902854782079,23
12,1,143.763962799398,23
5,3,107.9587064134725,23
11,1,138.2930733461364,23
7,1,118.9284924182521,23
18,1,168.5048202601012,23
13,1,150.2591168351805,23
10,3,134.5850141592927,23
19,1,169.7078713525654,23
16,3,160.734992056383,23
19,2,158.7352535163554,23
14,1,156.4838578190993,23
15,3,158.5188180249436,23
8,2,124.7050830155677,23
7,2,119.5904350949791,23
18,3,163.4207267309142,23
5,1,107.2881858138777,23
18,2,158.21787283064,23
6,3,113.8611949765596,23
6,2,114.3354135373273,23
17,2,157.7093416936705,23
10,2,135.6552897947631,23
5,2,108.6414545317568,23
13,3,150.8196485809494,23
15,3,156.3637956645826,24
5,1,107.2608418429499,24
17,3,159.9659465186874,24
7,2,117.8747624189498,24
8,2,122.808002715644,24
15,2,152.5998609127791,24
5,2,106.9536864689761,24
10,2,133.2360180158233,24
18,1,166.2726696293232,24
12,2,144.4011267001001,24
13,3,148.7832214540261,24
7,3,118.3214234941128,24
8,3,123.297918081932,24
19,1,166.7867899329823,24
10,1,133.0334144947369,24
10,3,133.1306036625954,24
14,1,155.3521256460534,24
19,3,161.1243080548874,24
9,3,128.1620217675963,24
11,3,138.3454324237641,24
6,3,113.0037133269696,24
14,2,150.8124395794779,24
11,1,137.6597280545418,24
6,2,112.7006107386606,24
16,3,158.5287646755406,24
5,3,107.1131292076294,24
15,1,159.8467876104755,24
17,2,154.5158920987265,24
12,1,142.9697441040966,24
17,1,165.0216696362623,24
16,1,162.9255907338684,24
18,2,154.8920430963674,24
16,2,153.7860084029858,24
12,3,143.6569281789389,24
9,1,128.4721276994468,24
11,2,139.0887570897434,24
7,1,118.7339446272376,24
18,3,160.7972151700564,24
6,1,113.2841558077419,24
8,1,123.7496564909886,24
19,2,155.0204666970226,24
9,2,127.8255386681297,24
13,1,149.2926072333178,24
14,3,153.1718091491103,24
13,2,148.2318454495877,24
18,1,175.7860220355698,25
9,3,137.9340222752966,25
7,3,127.4570471832631,25
7,2,126.6689503374324,25
11,2,149.2188235200875,25
16,3,168.2676202380129,25
6,1,122.6866426711978,25
13,2,158.3466427197184,25
14,2,160.5811267546158,25
13,1,160.9507633273361,25
14,1,167.1334407447382,25
10,1,143.4136120367849,25
15,1,171.4245296817925,25
17,2,162.3613497494579,25
9,2,137.3891365981025,25
7,1,128.2000205299475,25
16,1,173.9826648185283,25
11,3,148.8521765305799,25
9,1,138.4495737532596,25
15,2,161.765880773681,25
19,3,169.6785168549395,25
5,2,115.2125591650738,25
18,3,169.3577098122259,25
16,2,162.2143628314685,25
10,3,143.2788908783537,25
10,2,143.1364707958203,25
17,3,169.0366453275942,25
5,1,116.7296416653123,25
17,1,175.3085251932101,25
12,3,154.4420989686717,25
19,2,162.8023980070368,25
18,2,162.4684941873772,25
8,2,131.9818140692141,25
12,1,154.2765950032439,25
19,1,176.0635158498617,25
6,2,121.1753507772336,25
5,3,115.9927590824058,25
13,3,159.6850359330297,25
8,1,133.4113215741915,25
15,3,166.72855475879,25
11,1,148.5054181040338,25
8,3,132.7168379709116,25
12,2,154.617299751348,25
6,3,121.9526940029728,25
14,3,163.9485136274032,25
9,3,128.6306975170104,26
6,2,113.2735650903205,26
5,3,107.931469386951,26
5,2,107.8222111815886,26
7,1,118.7892845283855,26
19,2,158.9974897560112,26
15,3,158.4773710280253,26
10,2,134.650915579026,26
18,3,163.7029535768274,26
14,3,155.1803059686268,26
19,3,165.1675457875774,26
16,3,160.7269644861966,26
6,3,113.444633123167,26
6,1,113.6110693344676,26
15,2,155.6065290306159,26
17,3,162.3461154581291,26
8,2,123.5079823965022,26
7,3,118.6026105840777,26
14,1,156.5949926096933,26
15,1,161.2510785387703,26
19,1,171.1226308610093,26
17,2,157.6521876193983,26
10,3,133.8807051092689,26
12,2,146.7003092975741,26
5,1,108.0380691595359,26
17,1,166.8754767237647,26
8,1,123.688830164374,26
11,2,140.9513351645081,26
9,1,128.4312113667501,26
14,2,153.7172597714633,26
8,3,123.5998153193671,26
18,1,168.9244720507279,26
12,1,143.6386879054461,26
10,1,133.1355958676535,26
12,3,145.1440989324698,26
9,2,128.8367336349307,26
11,3,139.4581090390795,26
13,3,150.5819780392976,26
11,1,138.0135655772935,26
13,2,150.8951186578588,26
16,1,164.4807608969676,26
13,1,150.279101617704,26
16,2,156.8388245463198,26
7,2,118.4102518305418,26
18,2,158.2909846610411,26
5,2,109.8493465754372,27
8,1,127.235802091261,27
14,1,161.1087324640847,27
14,2,155.4227399976004,27
15,1,165.7170167315647,27
18,1,171.9042465595303,27
9,2,131.3240093219409,27
18,3,165.6150516224744,27
14,3,158.3350497589063,27
16,2,157.973842616957,27
19,1,172.9155529106781,27
16,1,168.7175180142822,27
12,2,148.8309573523408,27
10,3,137.0786319209456,27
19,2,159.5655655971085,27
10,1,137.0864880232318,27
13,2,152.8295482836182,27
11,3,142.6907841349372,27
13,3,153.7975317413859,27
7,1,122.0838514641455,27
6,1,116.6340853549433,27
5,1,110.7822372384337,27
9,3,131.7678550074913,27
15,2,157.0312700000203,27
11,2,143.2534575894393,27
7,2,120.810719135578,27
11,1,142.1552194127451,27
19,3,166.4415568231806,27
13,1,154.7193761500632,27
12,3,148.3768765016344,27
18,2,158.9825006256779,27
6,3,116.0874424708113,27
7,3,121.4638213409559,27
8,3,126.6336763632173,27
17,2,158.5358416492612,27
12,1,147.9445017549518,27
5,3,110.3280609250862,27
10,2,137.0703736559952,27
6,2,115.5112579004576,27
17,1,170.6432902066502,27
8,2,125.9998263626908,27
9,1,132.1897298033625,27
15,3,161.4787759204384,27
16,3,163.4749517229249,27
17,3,164.7390521174204,27
7,2,126.006161184061,28
17,2,165.2736699409136,28
7,3,126.7407284053241,28
7,1,127.4371830346429,28
8,2,131.6982153335815,28
9,1,138.5334716487308,28
9,3,138.0264946039047,28
10,3,143.7942235481373,28
13,3,161.4860397174447,28
5,1,115.1316338807549,28
8,3,132.4040951759258,28
10,1,143.9304701433384,28
13,2,160.1291411985835,28
5,3,114.5137471481739,28
18,2,165.4569251528991,28
13,1,162.7717152765073,28
6,3,120.8399737786387,28
18,3,172.6733195282868,28
6,1,121.4942444715919,28
12,1,155.6679097616545,28
14,2,162.7686774926839,28
5,2,113.864427083336,28
19,3,173.0476662543215,28
12,2,155.9838425382255,28
16,1,177.032312672591,28
18,1,179.4266078567802,28
19,2,165.777167173211,28
15,1,174.0958006038275,28
16,2,165.0236172666582,28
17,3,172.1862028703333,28
10,2,143.6506445508666,28
17,1,178.6847378033531,28
14,3,166.1629780569084,28
19,1,179.8167006840984,28
14,1,169.3862072913758,28
11,1,149.4638121681932,28
9,2,137.4939018640679,28
6,2,120.1498112799393,28
16,3,171.1995657139008,28
11,3,149.8030739713542,28
11,2,150.1609919756415,28
15,2,164.3164148791982,28
12,3,155.8217672439854,28
8,1,133.0750590984608,28
15,3,169.3370175262939,28
10,2,142.8331267514072,29
14,2,160.9343435428773,29
15,1,172.1390827353197,29
10,3,142.6805635363051,29
19,1,176.7526106015733,29
18,2,162.8340997812986,29
12,2,154.7432510621818,29
6,2,119.4730157007082,29
19,2,163.1689876638297,29
12,1,154.2129289305734,29
11,3,148.5889341391719,29
17,1,176.0425067552708,29
14,3,164.3976491801184,29
13,1,161.2203063445821,29
5,2,113.0293241552123,29
15,2,162.1704822789166,29
17,2,162.7614565678319,29
18,3,169.8825332483861,29
7,2,125.4001638968747,29
15,3,167.2983274510275,29
6,1,120.1112511845016,29
9,3,136.983301926592,29
11,1,148.0530740336776,29
17,3,169.6067114749467,29
8,2,131.0858806766811,29
6,3,119.8007109711004,29
16,1,174.757952377027,29
10,1,142.5361236413513,29
14,1,167.6698974204909,29
16,2,162.6502679034453,29
7,1,126.0489971396234,29
9,1,137.1467215749136,29
8,1,131.686531650946,29
13,3,159.9505877051769,29
5,3,113.404182823258,29
8,3,131.394385950435,29
19,3,170.2051610577251,29
11,2,149.1551705787798,29
12,3,154.470707419994,29
9,2,136.8107786543697,29
16,3,168.8832313540902,29
18,1,176.4793436818187,29
13,2,158.6069918145354,29
7,3,125.7334053379805,29
5,1,113.7597157958028,29
8,3,122.2191872671467,30
9,1,126.6924465390704,30
16,3,159.827661499108,30
19,2,157.654308469275,30
7,3,116.9581161573671,30
17,1,165.9729077454315,30
18,2,156.9379373321802,30
18,1,167.5044619844328,30
10,1,131.6976194173377,30
10,2,134.1486637242851,30
15,2,154.6483599263707,30
7,2,117.5082940780141,30
11,2,140.4512546966169,30
8,2,122.8118243141746,30
12,3,144.4140623270539,30
13,3,149.9049656418084,30
19,1,168.9384544329782,30
17,3,161.2176611948878,30
9,3,127.4713286308508,30
14,2,152.9300171017826,30
11,1,136.8552078455843,30
13,2,150.2422951203805,30
13,1,149.574407671275,30
16,2,155.7057871291349,30
7,1,116.4207217897077,30
9,2,128.2680148382211,30
5,3,105.6047579045069,30
10,3,132.9096449237641,30
5,1,104.9767439757225,30
6,3,111.4875507968394,30
12,2,146.1410462328273,30
15,1,160.7466594720064,30
18,3,162.2653036577429,30
6,1,110.9094368683346,30
16,1,163.8760911270265,30
8,1,121.6400835483178,30
12,1,142.7227110775964,30
6,2,112.0797773911475,30
14,3,154.499312699572,30
11,3,138.6339643342289,30
5,2,106.2485348604862,30
19,3,163.3415433845992,30
15,3,157.7259190844492,30
14,1,156.0383404269105,30
17,2,156.3792809074827,30
10,3,133.9003754441786,31
11,2,140.2447636722436,31
6,3,113.7245150738354,31
9,3,128.8356424706836,31
9,1,128.9626769402307,31
12,3,144.6506434349834,31
7,3,118.9554642029787,31
13,2,149.5584608229973,31
15,2,153.8624662094102,31
18,2,155.994473105547,31
17,3,160.9001214986094,31
13,1,150.1145324223893,31
14,2,152.1396775522629,31
19,1,168.0595819657536,31
8,1,124.2532118769839,31
16,3,159.511639148771,31
13,3,149.8448393752461,31
17,1,165.8947068877146,31
6,2,113.3857419055204,31
5,3,108.0097778384197,31
12,1,143.6948040903251,31
16,1,163.8125181924637,31
8,2,123.5625220222665,31
14,3,154.2510238107803,31
5,2,107.7289930721281,31
9,2,128.7005054932135,31
18,1,167.241122669678,31
17,2,155.609570831531,31
19,2,156.2619245076019,31
6,1,114.0440966349107,31
19,3,162.3307097915739,31
15,1,160.7516846357209,31
12,2,145.6660554445467,31
11,3,139.2325154410489,31
10,2,134.2540793745639,31
7,1,119.3263561451304,31
16,2,154.9551268181071,31
14,1,156.2399787527164,31
11,1,138.2803972061922,31
15,3,157.408267952065,31
10,1,133.5678216136247,31
5,1,108.2750180409797,31
18,3,161.7808966349382,31
7,2,118.5616636334253,31
8,3,123.9184409266178,31
14,2,156.6780927142498,32
17,2,159.2075224979899,32
11,3,144.401946099242,32
7,1,123.8263810705507,32
9,1,134.0464132970384,32
5,2,110.3080615013622,32
10,3,138.7251374638183,32
13,3,155.5013486094583,32
16,2,158.8452302664086,32
16,3,164.7474917381884,32
15,2,158.1235941309992,32
19,2,160.0414905119668,32
13,1,156.7372352459587,32
18,2,159.5265624756558,32
10,2,138.4095555130101,32
17,3,165.7567798198069,32
11,1,144.1608860403176,32
15,3,162.9514991379985,32
12,2,150.2486147437232,32
5,3,111.422709443586,32
8,1,129.0185796467723,32
17,1,171.8597340645868,32
19,1,173.5361429719344,32
7,2,121.7229003608991,32
12,3,150.1149603547643,32
18,3,166.3860866982374,32
19,3,167.0314516619086,32
9,3,133.3157147865183,32
16,1,170.2665036854785,32
14,1,163.0302499297532,32
8,2,127.0723255205904,32
8,3,128.0705649622735,32
11,2,144.6545347324104,32
14,3,159.9468292156998,32
10,1,139.0264797298561,32
6,1,118.3535571056857,32
15,1,167.4860488190916,32
6,3,117.3187236833801,32
13,2,154.1959192398744,32
5,1,112.4787450509259,32
18,1,172.766558846168,32
6,2,116.2273770930538,32
12,1,149.9879492349075,32
9,2,132.5480110333542,32
7,3,122.8023316365052,32
17,1,172.1821435338511,33
13,1,157.6738226147271,33
5,1,112.4818022982149,33
19,2,160.8464406272418,33
8,1,129.3541121391856,33
7,1,124.0449132742252,33
16,2,160.2191090565428,33
6,3,118.4234475717133,33
8,2,129.1798739877165,33
11,3,145.7322929734445,33
16,3,165.7876659156546,33
15,1,168.3052962063736,33
9,2,134.6552637895302,33
9,3,134.5975180989795,33
7,3,123.9597399047923,33
10,2,140.4691432266584,33
10,1,139.6727856390291,33
18,3,166.9778166886724,33
5,3,112.457117299693,33
8,3,129.2711025341241,33
17,3,166.5719734319902,33
11,1,144.9260307748239,33
18,2,160.5462944908894,33
6,2,118.3809134249957,33
12,3,151.4494795839874,33
19,1,173.4654019416163,33
11,2,146.6195401471157,33
9,1,134.5450368757337,33
7,2,123.8661423507313,33
15,3,164.1628748343677,33
6,1,118.4621929880188,33
17,2,160.4216044486144,33
12,2,152.1040093308062,33
14,1,163.9622447956926,33
12,1,150.8545760169875,33
5,2,112.4300720728178,33
13,2,155.9368033672821,33
16,1,170.860978616036,33
10,3,140.0518955724283,33
15,2,159.611851815486,33
14,3,161.261491796555,33
19,3,167.4362864906008,33
13,3,156.8465350647049,33
14,2,158.2929052531948,33
18,1,172.8505181279065,33
13,1,155.2062546,35
7,3,122.9116287231445,35
16,2,161.1724304,35
8,2,129.1881497,35
11,2,146.7029968,35
13,2,156.2945733,35
18,1,173.2712526,35
14,2,158.8315564,35
14,1,161.661968,35
5,3,111.5443267822266,35
13,3,155.7378540039063,35
9,2,134.6260833,35
7,1,121.9732771,35
19,1,175.0402113,35
12,3,150.2847900390625,35
18,3,167.6855010986328,35
19,2,162.3471758,35
6,3,117.4337158203125,35
6,2,118.4575645,35
8,3,128.1764068603516,35
10,1,137.289466,35
19,3,168.80517578125,35
10,3,138.8407592773438,35
6,1,116.4518932,35
5,1,110.5197831,35
5,2,112.6121709,35
18,2,161.8817039,35
12,1,148.349005,35
17,1,171.5915153,35
12,2,152.3115777,35
16,1,169.4564278,35
9,3,133.4246673583984,35
15,3,163.418212890625,35
15,1,166.3417682,35
11,3,144.5331268310547,35
17,2,161.5761523,35
10,2,140.4640623,35
15,2,160.3613312,35
8,1,127.2072339,35
7,2,123.8904008,35
11,1,142.4603392,35
17,3,166.68603515625,35
16,3,165.4033660888672,35
9,1,132.2754013,35
14,3,160.2791595458984,35
11,1,138.4740095,36
8,3,123.7829360961914,36
11,2,142.2198197,36
10,1,133.2678728,36
16,1,164.8334742,36
13,2,151.8808865,36
7,3,118.4485931396484,36
19,3,163.2656097412109,36
19,1,168.4641737,36
17,2,156.9665458,36
6,2,113.4587815,36
17,1,166.4103826,36
10,2,135.9123205,36
18,1,167.4514644,36
12,2,147.8758734,36
16,2,156.5085957,36
14,2,154.3840211,36
17,3,161.6827545166016,36
11,3,140.3431701660156,36
19,2,158.0968993,36
18,2,157.4234615,36
12,1,144.377609,36
16,3,160.6695251464844,36
8,2,124.4427325,36
9,2,129.9862792,36
7,1,117.876322,36
15,2,155.7782169,36
6,1,112.3448269,36
5,1,106.4133367,36
9,1,128.2190823,36
7,2,119.0244237,36
18,3,162.42724609375,36
6,3,112.8998641967773,36
5,2,107.4692976,36
15,1,162.090152,36
14,1,157.5876748,36
8,1,123.1270242,36
15,3,158.935546875,36
5,3,106.9392318725586,36
9,3,129.1002655029297,36
14,3,155.9875183105469,36
10,3,134.5869598388672,36
12,3,146.1237487792969,36
13,1,151.2097464,36
13,3,151.5448303222656,36
5,1,107.1968364,37
16,2,156.3474763,37
12,1,145.0009818,37
14,2,153.7753431,37
8,1,123.8307025,37
18,2,157.544377,37
15,3,159.1146850585938,37
19,1,168.4402856,37
8,3,123.7839813232422,37
8,2,123.7360196,37
6,3,112.9651565551758,37
5,2,106.8745091,37
13,1,151.8212884,37
18,1,167.9102365,37
11,3,140.2715454101563,37
18,3,162.814697265625,37
6,2,112.8262058,37
10,1,133.9258365,37
12,3,146.0517425537109,37
15,1,162.7201803,37
16,1,165.5532151,37
5,3,107.0377349853516,37
14,3,156.019287109375,37
7,3,118.4805679321289,37
17,2,156.9622996,37
11,2,141.4645227,37
17,1,167.1323651,37
9,2,129.2508781,37
10,3,134.5343475341797,37
9,1,128.8996818,37
19,3,163.5046844482422,37
16,3,161.0261840820313,37
11,1,139.1127627,37
12,2,147.1347746,37
6,1,113.1005371,37
13,2,151.1760784,37
9,3,129.0729217529297,37
10,2,135.1601347,37
15,2,155.3871495,37
7,2,118.353536,37
17,3,162.1317443847656,37
7,1,118.6043194,37
19,2,158.4004184,37
14,1,158.1901671,37
13,3,151.5038146972656,37
12,1,146.9297415,38
8,1,125.7949683,38
15,2,158.9695845,38
10,1,135.8777644,38
15,3,161.9638214111328,38
14,2,157.2163851,38
8,3,126.272575378418,38
13,2,154.4818029,38
14,3,158.7368316650391,38
13,1,153.7613295,38
19,1,173.1562439,38
7,2,121.3354456,38
7,3,120.9320373535156,38
5,2,109.8162456,38
9,2,132.3057514,38
11,2,144.6213935,38
10,3,137.0604400634766,38
11,3,142.8229675292969,38
6,1,114.9840065,38
13,3,154.1185302734375,38
6,3,115.3788223266602,38
18,1,171.6520079,38
19,3,167.6341400146484,38
12,3,148.6315460205078,38
10,2,138.25988,38
16,3,164.0568542480469,38
18,2,161.3169232,38
12,2,150.3598928,38
17,2,160.7371585,38
18,3,166.5182037353516,38
5,1,109.0251165,38
8,2,126.758024,38
11,1,141.0498857,38
16,2,160.0503188,38
14,1,160.2329631,38
9,1,130.8607291,38
7,1,120.5353957,38
9,3,131.5777282714844,38
5,3,109.4174041748047,38
17,1,170.1026728,38
17,3,165.4473571777344,38
16,1,168.0224071,38
15,1,164.9210011,38
6,2,115.7805552,38
19,2,162.0619929,38
14,3,156.4421081542969,39
19,3,166.6722869873047,39
10,2,135.5399489,39
5,2,106.5580978,39
13,3,151.8500213623047,39
14,2,155.2379427,39
17,2,159.5953064,39
18,2,160.4136167,39
18,3,164.9767761230469,39
8,3,124.057243347168,39
16,1,165.1288597,39
11,1,139.1848106,39
9,2,129.4637736,39
12,2,147.9591754,39
10,3,134.8648376464844,39
6,2,112.6400434,39
15,2,157.2532199,39
17,1,167.3716898,39
16,2,158.6243069,39
8,1,124.3016821,39
13,1,151.4201393,39
19,1,171.8936289,39
16,3,161.9202117919922,39
15,1,162.0928547,39
9,1,129.3246113,39
12,3,146.3732299804688,39
6,3,112.9771347045898,39
8,2,123.8052811,39
11,2,142.045261,39
7,2,118.2926166,39
15,3,159.7062835693359,39
11,3,140.593994140625,39
5,3,106.8069000244141,39
19,2,161.3260572,39
13,2,152.2922981,39
10,1,134.2096932,39
17,3,163.5351715087891,39
7,1,119.009096,39
12,1,144.8320629,39
5,1,107.0481383,39
6,1,113.3039884,39
9,3,129.3931427001953,39
18,1,169.4242868,39
7,3,118.6563491821289,39
14,1,157.6126935,39
19,3,161.2122955322266,40
7,2,116.0114522,40
13,1,149.957233,40
6,1,110.8258978,40
7,1,116.4054487,40
7,3,116.2092590332031,40
10,2,132.7485571,40
5,2,104.5696609,40
5,1,104.842972,40
12,1,143.1000549,40
16,2,153.60797,40
18,3,160.3912963867188,40
16,1,163.6271413,40
14,2,151.1966908,40
19,2,155.0750944,40
8,3,121.5392227172852,40
11,1,137.1657959,40
5,3,104.7070236206055,40
6,3,110.6650848388672,40
16,3,158.6242980957031,40
6,2,110.5027864,40
17,3,159.6641998291016,40
15,1,160.8749222,40
12,2,144.6543914,40
15,2,152.741566,40
9,2,126.8664168,40
9,1,126.8368306,40
10,3,132.3350524902344,40
19,1,167.3366923,40
10,1,131.9238456,40
14,3,153.7775726318359,40
18,2,154.478171,40
18,1,166.2884985,40
12,3,143.8756256103516,40
17,1,165.2236681,40
13,3,149.3053436279297,40
15,3,156.8130187988281,40
9,3,126.8515777587891,40
11,3,138.0915069580078,40
11,2,139.0216602,40
8,1,121.7028462,40
13,2,148.6513415,40
14,1,156.3520508,40
17,2,154.0883882,40
8,2,121.3744067,40
12,3,148.5171966552734,41
7,2,121.4425516,41
6,3,114.8840637207031,41
9,2,132.4164135,41
8,3,125.8824081420898,41
9,3,131.2618713378906,41
18,3,168.2864227294922,41
14,3,158.9322967529297,41
9,1,130.1820652,41
16,3,164.7781219482422,41
16,2,160.2059639,41
18,2,161.8974567,41
12,1,146.695845,41
8,2,126.8584504,41
19,2,163.0984081,41
12,2,150.4742133,41
7,1,119.5942267,41
7,3,120.4886932373047,41
19,3,170.1337738037109,41
13,1,153.7367778,41
14,1,160.421467,41
5,3,108.8682632446289,41
10,2,138.3685582,41
16,1,168.9132807,41
18,1,173.8219516,41
5,1,107.8701947,41
8,1,124.9689361,41
6,2,115.8892572,41
17,1,171.5431916,41
11,1,140.6494907,41
15,3,162.3729400634766,41
15,1,165.4049474,41
19,1,176.2878151,41
10,3,136.7999267578125,41
13,2,154.6094626,41
6,1,113.935172,41
11,2,144.7301358,41
10,1,135.3341217,41
14,2,157.3251652,41
15,2,159.0784929,41
11,3,142.6188354492188,41
5,2,109.9163266,41
17,2,161.0368045,41
17,3,166.625,41
13,3,154.1569976806641,41
8,2,126.138253,42
16,3,162.4320526123047,42
17,2,159.4495543,42
10,2,137.628837,42
12,1,143.8414714,42
6,1,110.874005,42
13,2,153.7456921,42
9,3,129.43408203125,42
14,1,157.5810615,42
6,3,113.0133056640625,42
15,1,162.5204266,42
12,2,149.6735961,42
9,1,127.2014898,42
9,2,131.6848524,42
10,1,132.3983506,42
15,3,160.2607727050781,42
16,1,165.9254847,42
18,2,159.8498396,42
10,3,135.0048522949219,42
18,3,165.0714416503906,42
12,3,146.7503356933594,42
8,1,121.9595242,42
14,3,156.9763336181641,42
18,1,170.2764162,42
11,3,140.8551483154297,42
11,1,137.7581791,42
8,3,124.0389556884766,42
17,1,168.3583671,42
7,1,116.5573265,42
13,3,152.3203582763672,42
6,2,115.1801444,42
7,2,120.7279479,42
19,2,160.4111854,42
16,2,158.9234707,42
5,3,106.9871215820313,42
13,1,150.902205,42
14,2,156.368536,42
19,1,172.1273456,42
5,2,109.2169558,42
11,2,143.9692376,42
17,3,163.9125061035156,42
7,3,118.6310806274414,42
15,2,157.9901848,42
19,3,166.2752990722656,42
5,1,104.7883816,42
10,2,135.6193544,43
6,1,111.4303432,43
5,3,106.2552337646484,43
17,3,162.3396148681641,43
6,2,113.0732349,43
18,2,158.6703914,43
17,2,157.9726564,43
7,2,118.6448663,43
13,3,151.2670745849609,43
19,1,169.0103541,43
19,3,164.3294677734375,43
15,3,159.0451202392578,43
13,2,151.8556144,43
10,3,134.0858154296875,43
9,1,127.4659336,43
8,3,123.1911087036133,43
8,2,124.0779854,43
8,1,122.3212525,43
6,3,112.2440795898438,43
18,3,163.2908477783203,43
16,3,161.0639038085938,43
14,2,154.5401394,43
9,2,129.6487188,43
12,1,143.7877959,43
11,2,141.9913693,43
18,1,167.8874935,43
14,3,155.8615417480469,43
14,1,157.1573073,43
12,2,147.7346385,43
13,1,150.6907733,43
11,1,137.8255065,43
16,2,157.2687888,43
7,1,117.0161088,43
5,1,105.4432324,43
11,3,139.8940734863281,43
12,3,145.7427368164063,43
5,2,107.0815523,43
15,1,161.8081566,43
17,1,166.6693186,43
9,3,128.5503234863281,43
15,2,156.2354557,43
7,3,117.8224792480469,43
19,2,159.6509569,43
10,1,132.5655682,43
16,1,164.809134,43
11,3,141.0638885498047,44
8,2,126.1557891,44
7,1,117.0219297,44
19,1,171.8384508,44
18,2,161.3616874,44
10,1,132.7079298,44
10,2,137.7697304,44
16,3,162.9539947509766,44
17,2,160.7472082,44
6,1,111.3925836,44
18,1,169.9780013,44
10,3,135.1997680664063,44
13,3,152.6222534179688,44
12,1,144.0466144,44
7,2,120.7161767,44
17,3,164.4965515136719,44
14,2,157.0399561,44
5,3,107.2558212280273,44
8,3,124.2356109619141,44
5,2,109.2027828,44
16,1,165.8251401,44
14,3,157.352294921875,44
5,1,105.361501,44
13,1,151.0462578,44
6,2,115.1583667,44
6,3,113.2491455078125,44
13,2,154.2462301,44
15,3,160.7115783691406,44
11,2,144.2059245,44
19,3,167.0396881103516,44
19,2,162.124187,44
9,1,127.5615601,44
15,2,158.8575467,44
12,3,146.9920043945313,44
7,3,118.8426132202148,44
11,1,138.0174528,44
9,2,131.7533427,44
17,1,168.1493173,44
18,3,165.7235870361328,44
15,1,162.5146663,44
14,1,157.655741,44
9,3,129.6255798339844,44
12,2,150.0294683,44
16,2,160.003956,44
8,1,122.371001,44
6,1,111.7358505,45
9,2,129.058848,45
15,3,158.3829956054688,45
11,3,139.5985412597656,45
19,2,156.5389135,45
17,3,161.1492919921875,45
15,2,154.8596383,45
17,2,155.9083895,45
5,1,105.7780941,45
5,2,106.3933705,45
7,2,118.0470788,45
11,1,137.997298,45
12,1,143.9223787,45
13,3,150.8360595703125,45
15,1,161.6887608,45
14,2,153.4010174,45
13,2,150.9074133,45
8,3,123.0263671875,45
6,2,112.4383296,45
6,3,112.0816955566406,45
12,3,145.3803558349609,45
17,1,166.1158383,45
5,3,106.0814590454102,45
8,2,123.4963456,45
19,1,167.724913,45
9,3,128.3606567382813,45
16,3,160.1894683837891,45
18,2,156.1363197,45
8,1,122.5743168,45
10,3,133.8511810302734,45
12,2,146.9321426,45
11,2,141.2943753,45
7,1,117.2944785,45
14,1,157.155402,45
13,1,150.7692493,45
16,2,155.5897878,45
18,1,166.9922781,45
18,3,161.6779327392578,45
10,2,134.9923352,45
7,3,117.6643447875977,45
16,1,164.5199058,45
19,3,162.2083435058594,45
9,1,127.6929316,45
10,1,132.7671505,45
14,3,155.3406524658203,45
11,1,137.5922855,46
9,1,128.1899689,46
13,2,152.0033967,46
11,3,139.8720855712891,46
7,2,118.9385115,46
5,2,107.4349379,46
12,3,145.5276794433594,46
12,1,143.1806265,46
17,2,157.8869443,46
10,1,132.7905545,46
13,3,150.9159393310547,46
12,2,147.9018947,46
15,2,156.3448417,46
7,3,118.8901214599609,46
19,3,165.0328979492188,46
17,1,167.1439731,46
15,1,161.05914,46
10,3,134.3013458251953,46
14,2,154.6690316,46
6,2,113.3956998,46
10,2,135.8321007,46
16,1,164.5096915,46
8,2,124.3436382,46
19,2,158.7799374,46
14,1,156.2431247,46
6,1,113.8602638,46
16,3,160.9376220703125,46
11,2,142.180032,46
18,3,163.8083648681641,46
6,3,113.6299667358398,46
8,3,123.9584045410156,46
18,2,158.2804181,46
17,3,162.5370788574219,46
5,1,108.5126371,46
8,1,123.5790065,46
9,3,129.03271484375,46
19,1,171.2318603,46
7,1,118.8425067,46
14,3,155.4602508544922,46
18,1,169.2876954,46
5,3,107.9785537719727,46
16,2,157.3299275,46
13,1,149.8403734,46
15,3,158.7141418457031,46
9,2,129.887509,46
18,2,155.6861303,47
6,1,110.4702366,47
10,2,132.8334411,47
13,2,149.0490751,47
12,3,143.7998352050781,47
11,1,136.7393597,47
9,2,126.9015909,47
19,3,162.44140625,47
6,3,110.5022125244141,47
9,3,126.6705322265625,47
14,2,151.7573185,47
5,3,104.5694961547852,47
17,1,165.8269868,47
9,1,126.4390193,47
7,1,116.0386034,47
8,1,121.3208974,47
15,3,157.0992279052734,47
11,2,139.1824963,47
5,2,104.6428083,47
13,1,149.5662897,47
8,2,121.3844277,47
16,2,154.5482929,47
5,1,104.4963386,47
14,3,153.8944549560547,47
11,3,137.9625396728516,47
12,1,142.6773826,47
16,1,163.7963523,47
13,3,149.307373046875,47
15,2,153.4905048,47
19,2,156.3007255,47
14,1,156.0369111,47
15,1,160.7173587,47
16,3,159.1669158935547,47
18,3,161.4689788818359,47
10,1,131.510249,47
8,3,121.3526840209961,47
17,2,155.191966,47
18,1,167.2643144,47
7,3,116.0297470092773,47
12,2,144.9194159,47
10,3,132.1726531982422,47
7,2,116.0208925,47
19,1,168.5966271,47
17,3,160.5039367675781,47
6,2,110.5342104,47
12,3,147.3079681396484,48
8,3,125.0610580444336,48
14,2,155.1215721,48
14,3,157.1950988769531,48
15,1,163.5210045,48
19,3,163.6868438720703,48
15,2,156.6662228,48
15,3,160.2204132080078,48
16,3,162.0177612304688,48
13,3,152.7297515869141,48
12,2,148.5345009,48
11,2,142.8631407,48
6,1,114.3279673,48
7,2,119.6380469,48
10,3,135.8190307617188,48
9,3,130.3587799072266,48
16,2,157.5081046,48
6,2,114.0711912,48
17,2,157.9263493,48
9,1,130.1220622,48
13,1,152.8910253,48
13,2,152.5600899,48
14,1,159.1508094,48
7,1,119.8387439,48
11,1,140.2954307,48
17,1,167.4783739,48
10,2,136.5432013,48
10,1,135.1323005,48
5,3,108.2479629516602,48
19,1,168.233546,48
8,1,125.0625609,48
8,2,125.0594799,48
11,3,141.5452728271484,48
12,1,146.1418357,48
5,2,108.0809193,48
18,1,167.9658719,48
16,1,166.1414222,48
6,3,114.2024383544922,48
17,3,162.9394836425781,48
5,1,108.4114938,48
18,3,163.3389587402344,48
7,3,119.7411804199219,48
9,2,130.6078426,48
18,2,158.2118972,48
19,2,158.6523799,48
10,1,135.2292353,49
17,1,168.6408238,49
6,3,114.4588165283203,49
13,2,153.3675628,49
14,3,157.8097076416016,49
12,1,146.4228211,49
16,2,158.0858362,49
7,3,120.0473175048828,49
18,1,169.7191741,49
5,1,108.0835636,49
10,3,136.2822875976563,49
14,2,155.8903968,49
9,2,131.4152085,49
15,1,164.2396934,49
6,2,114.8429372,49
17,2,158.5882173,49
17,3,163.6500701904297,49
8,3,125.4180450439453,49
16,1,167.0167991,49
9,1,130.1321195,49
5,2,108.8347259,49
15,2,157.3161275,49
13,1,153.28923,49
10,2,137.3559659,49
5,3,108.4545288085938,49
11,1,140.4796576,49
19,1,170.7670714,49
13,3,153.3280487060547,49
12,2,149.3474981,49
7,1,119.6777931,49
18,2,159.0946445,49
9,3,130.7672119140625,49
19,2,159.8239953,49
8,2,125.8580091,49
16,3,162.5857086181641,49
14,1,159.6967915,49
7,2,120.4251296,49
18,3,164.4398498535156,49
11,3,142.0637817382813,49
12,3,147.8719024658203,49
6,1,114.0835162,49
19,3,165.3247680664063,49
11,2,143.6779547,49
8,1,124.9872658,49
15,3,160.8059539794922,49
10,3,137.4614715576172,50
18,1,173.1433996,50
8,2,125.3275798,50
16,1,168.7780339,50
5,3,113.7567520141602,50
9,3,132.5507659912109,50
11,2,142.4574521,50
13,3,153.5061798095703,50
13,1,154.6276461,50
6,3,118.6983261108398,50
7,2,120.3831809,50
12,1,148.256465,50
9,2,130.5251231,50
14,1,160.8081723,50
12,3,148.2078857421875,50
19,1,174.5695408,50
19,2,160.8845002,50
5,1,117.1823976,50
18,3,166.7506408691406,50
15,1,165.4599443,50
14,3,158.0452117919922,50
7,3,123.3521423339844,50
7,1,126.1828176,50
6,1,121.8258851,50
15,2,157.0928585,50
19,3,167.8942108154297,50
17,2,159.2913935,50
5,2,110.1696747,50
8,1,130.3626213,50
10,1,138.6264781,50
11,1,143.0204671,50
17,1,171.2653144,50
16,2,158.3879545,50
11,3,142.7458038330078,50
6,2,115.4225682,50
12,2,148.1570109,50
13,2,152.3352804,50
18,2,160.0419449,50
8,3,127.9073104858398,50
15,3,161.3585205078125,50
14,2,155.1684183,50
9,1,134.476019,50
17,3,165.4141998291016,50
16,3,163.6904449462891,50
10,2,136.2359335,50
10,2,136.0665301,51
10,3,134.7778472900391,51
16,1,164.7078717,51
18,1,167.2147465,51
11,2,142.3349364,51
13,1,151.271739,51
6,3,113.2211837768555,51
9,2,130.1783787,51
17,2,156.9219983,51
9,1,128.511495,51
6,1,112.7325423,51
15,1,162.0315912,51
15,2,155.758165,51
5,2,107.7201146,51
8,3,124.0672225952148,51
19,1,168.1772539,51
8,1,123.4706028,51
10,1,133.505283,51
5,1,106.7975249,51
7,3,118.7736968994141,51
13,3,151.5920257568359,51
19,2,158.049563,51
14,1,157.5842081,51
6,2,113.7172772,51
18,3,162.5173797607422,51
11,3,140.4837646484375,51
16,3,160.7374877929688,51
17,1,166.2279212,51
13,2,151.9164361,51
18,2,157.3744846,51
8,2,124.6721243,51
12,2,147.9512302,51
15,3,158.9876556396484,51
19,3,163.3526000976563,51
11,1,138.6548966,51
12,3,146.2151794433594,51
14,2,154.3812846,51
9,3,129.3394317626953,51
7,1,118.2665909,51
16,2,156.47342,51
7,2,119.2882495,51
5,3,107.2552185058594,51
12,1,144.5003341,51
14,3,156.0090179443359,51
17,3,161.7666778564453,51
5,2,107.6348445,52
12,3,147.2605133056641,52
9,1,129.7856888,52
5,1,107.429377,52
12,2,148.1836454,52
8,3,124.6197814941406,52
6,3,113.5712051391602,52
8,2,124.6883933,52
16,2,156.8586601,52
8,1,124.5523459,52
17,2,157.1280677,52
15,1,164.5047422,52
17,1,169.2736975,52
10,3,135.5865173339844,52
9,3,130.0195770263672,52
11,1,140.3238296,52
16,3,162.2117767333984,52
12,1,146.3504305,52
7,3,119.2019271850586,52
16,1,167.4960165,52
18,3,163.7629852294922,52
10,1,134.9760672,52
5,3,107.5310745239258,52
11,2,142.532116,52
11,3,141.4199676513672,52
19,2,157.5803008,52
6,2,113.6500974,52
19,3,164.1394805908203,52
6,1,113.4938256,52
7,1,119.1614776,52
10,2,136.2063024,52
15,2,156.1618868,52
18,2,157.2947189,52
19,1,170.6043697,52
9,2,130.2572514,52
14,3,157.27587890625,52
13,2,152.1777321,52
13,3,152.747802734375,52
15,3,160.3604278564453,52
17,3,163.241455078125,52
13,1,153.3099781,52
14,1,159.8247753,52
18,1,170.1418512,52
14,2,154.6924566,52
7,2,119.2431319,52
14,2,155.0575322,53
5,2,107.5399745,53
5,1,104.4734404,53
17,2,158.080385,53
10,3,134.1238861083984,53
14,3,156.0542907714844,53
6,3,112.0618896484375,53
10,1,132.0132614,53
5,3,106.010383605957,53
17,3,162.6329956054688,53
15,2,156.6794629,53
7,1,116.2143387,53
8,3,123.1146850585938,53
9,1,126.8296162,53
8,1,121.6032535,53
9,3,128.5264892578125,53
18,3,163.5177917480469,53
15,3,159.2746276855469,53
16,1,165.0422666,53
13,2,152.4196269,53
12,3,145.8815612792969,53
18,1,168.4463037,53
10,2,136.2235687,53
8,2,124.6434462,53
11,1,137.3569579,53
7,3,117.6945953369141,53
12,2,148.3231266,53
16,2,157.5948427,53
9,2,130.2385882,53
16,3,161.3302612304688,53
7,2,119.1766676,53
19,3,164.2846069335938,53
18,2,158.4296005,53
11,2,142.5961134,53
13,1,150.4377372,53
6,2,113.567867,53
15,1,161.8581621,53
11,3,139.9963531494141,53
17,1,167.1147785,53
19,1,169.4058542,53
13,3,151.4286499023438,53
19,2,158.9213854,53
6,1,110.5437664,53
12,1,143.4136757,53
14,1,157.0457508,53
19,3,163.0602111816406,54
5,2,106.3354287,54
16,3,159.2645263671875,54
8,2,122.9235873,54
11,2,140.5906467,54
12,1,140.4749671,54
19,2,157.1513304,54
5,1,101.6218644,54
14,1,154.2498442,54
8,1,118.6817001,54
6,3,109.8739242553711,54
6,1,107.6657737,54
14,2,153.0479883,54
16,1,162.7103741,54
5,3,103.9309616088867,54
13,2,150.3784832,54
10,1,129.0675714,54
9,2,128.3955066,54
7,2,117.6069194,54
13,3,148.9395294189453,54
12,3,143.3343200683594,54
15,1,159.2390206,54
9,1,123.8943988,54
16,2,155.7357304,54
17,3,160.8045654296875,54
17,2,156.2995987,54
7,3,115.4197845458984,54
18,3,161.9631805419922,54
8,3,120.7645797729492,54
13,1,147.5431985,54
18,1,167.1291109,54
6,2,112.170134,54
19,1,168.8434837,54
14,3,153.6573181152344,54
11,3,137.4483184814453,54
15,2,154.7367209,54
17,1,165.2099195,54
18,2,156.6839896,54
11,1,134.4058735,54
9,3,126.1061630249023,54
10,3,131.6324310302734,54
15,3,157.0167541503906,54
12,2,146.2848588,54
7,1,113.3128323,54
10,2,134.2838397,54
18,2,159.4642161,55
13,3,153.3701019287109,55
15,1,164.0381495,55
11,1,140.8973116,55
10,1,135.7917578,55
9,1,130.8387074,55
13,2,153.3357853,55
9,3,131.0353851318359,55
14,2,155.9639875,55
17,3,163.718505859375,55
14,1,159.647593,55
14,3,157.8085021972656,55
19,3,165.2914428710938,55
18,1,169.4033056,55
6,3,114.937614440918,55
11,3,142.2170562744141,55
7,1,120.6627297,55
5,3,109.0077209472656,55
7,3,120.4524841308594,55
15,3,160.8184967041016,55
17,2,159.0526306,55
16,1,166.7555074,55
7,2,120.2403186,55
12,1,146.6926845,55
11,2,143.5427482,55
15,2,157.5884925,55
9,2,131.2334411,55
16,3,162.6474914550781,55
17,1,168.3609726,55
8,1,125.8346418,55
10,2,137.1913709,55
10,3,136.4895477294922,55
13,1,153.4043234,55
12,3,147.9723358154297,55
8,3,125.7524795532227,55
6,2,114.6730495,55
18,3,164.4518432617188,55
5,1,109.3237085,55
19,1,170.4814842,55
8,2,125.6696466,55
16,2,158.5239706,55
12,2,149.2562781,55
19,2,160.0451908,55
5,2,108.688332,55
6,1,115.1995682,55
17,3,163.8148040771484,56
12,2,151.3347027,56
14,2,157.9776389,56
17,1,166.7204572,56
14,3,157.8804016113281,56
7,3,120.2004013061523,56
10,3,136.3728485107422,56
7,2,122.2837559,56
11,1,138.7113856,56
16,3,162.7898254394531,56
13,1,151.4216057,56
15,1,162.3046968,56
5,2,110.6673797,56
12,3,147.9388427734375,56
5,1,106.7176301,56
16,1,165.1270736,56
19,1,168.3550469,56
13,3,153.3878173828125,56
8,1,123.3971641,56
15,3,160.93798828125,56
8,3,125.545654296875,56
11,3,142.1413116455078,56
17,2,160.8603452,56
15,2,159.5467944,56
18,2,161.2029812,56
14,1,157.7848978,56
19,2,161.7281894,56
9,2,133.3154358,56
6,2,116.686646,56
16,2,160.4119964,56
6,3,114.6423034667969,56
10,2,139.2819246,56
18,1,167.6079897,56
8,2,127.7354692,56
5,3,108.6728744506836,56
18,3,164.4305114746094,56
11,2,145.6329974,56
9,1,128.4797016,56
9,3,130.8751525878906,56
13,2,155.389495,56
12,1,144.6025715,56
10,1,133.5161241,56
7,1,118.1569029,56
19,3,165.0649261474609,56
6,1,112.6372484,56
5,3,106.1867599487305,57
9,3,128.6148376464844,57
15,1,161.6094961,57
13,2,152.8368601,57
10,1,131.4716355,57
8,1,121.0200199,57
19,3,164.6321716308594,57
12,2,148.8432521,57
14,1,156.6817501,57
9,2,131.0130137,57
19,2,158.8551002,57
16,1,164.9724046,57
15,3,159.2684631347656,57
18,3,163.7265777587891,57
9,1,126.2672569,57
11,1,136.841382,57
6,1,109.9301172,57
10,2,136.9167173,57
11,2,143.2040336,57
12,1,142.9335678,57
17,3,162.7477569580078,57
16,2,157.6986336,57
14,2,155.3667484,57
13,1,150.0013594,57
12,3,145.8596801757813,57
7,2,120.0993573,57
19,1,170.3046673,57
18,1,168.9582819,57
14,3,156.0305786132813,57
15,2,156.8809928,57
17,2,158.1056014,57
8,3,123.2318267822266,57
6,2,114.5556253,57
17,1,167.2992089,57
7,3,117.8311386108398,57
8,2,125.4937243,57
5,1,103.8454054,57
5,2,108.5852271,57
6,3,112.2156066894531,57
18,2,158.3935072,57
13,3,151.405517578125,57
11,3,139.9914855957031,57
7,1,115.6148006,57
16,3,161.3716125488281,57
10,3,134.1665954589844,57
12,2,147.7543398,58
17,3,163.0277862548828,58
14,2,154.5316885,58
6,1,113.0081572,58
16,3,161.7782135009766,58
5,3,106.9054565429688,58
5,2,106.7737122,58
18,2,158.1427827,58
18,3,163.9032287597656,58
19,2,158.7521597,58
8,3,123.9163665771484,58
13,1,152.1732434,58
9,3,129.2905578613281,58
15,3,159.7760925292969,58
11,2,141.9972674,58
8,2,123.9614664,58
12,1,145.2826291,58
9,1,129.0044704,58
8,1,123.8724406,58
13,2,151.8712861,58
13,3,152.0242156982422,58
16,1,166.2916219,58
9,2,129.5842525,58
19,1,170.6992167,58
18,1,169.5168031,58
17,1,168.2157263,58
17,2,157.7038124,58
11,1,139.3334815,58
10,2,135.5966772,58
12,3,146.5026397705078,58
7,2,118.4688592,58
15,2,156.183943,58
6,2,112.8328499,58
16,2,157.1462371,58
10,3,134.8334197998047,58
5,1,107.0336682,58
7,1,118.5812339,58
14,1,158.6293955,58
14,3,156.6071014404297,58
10,1,134.0897537,58
6,3,112.9216842651367,58
15,1,163.2764041,58
7,3,118.5258026123047,58
11,3,140.6481781005859,58
19,3,164.8017120361328,58
15,3,159.3138427734375,59
6,2,114.3291346,59
13,2,152.8541765,59
19,3,163.4705047607422,59
12,1,143.896655,59
8,3,123.9647445678711,59
11,1,137.9840712,59
9,1,127.717222,59
16,3,161.1041259765625,59
17,3,162.0940093994141,59
11,2,143.1633899,59
5,3,107.0924530029297,59
10,1,132.771383,59
9,3,129.2912139892578,59
16,1,164.4352018,59
18,2,158.3310206,59
19,2,158.7193539,59
13,3,151.7875366210938,59
8,1,122.6192804,59
10,2,136.8394331,59
10,3,134.785888671875,59
5,1,105.8873662,59
15,1,161.6638349,59
15,2,156.9277197,59
7,1,117.3625005,59
18,3,162.7549438476563,59
12,3,146.3438568115234,59
17,2,158.0866813,59
8,2,125.339673,59
14,3,156.2730407714844,59
17,1,166.047969,59
18,1,167.1244653,59
11,3,140.5499572753906,59
14,1,157.1284105,59
6,1,111.8249364,59
14,2,155.4038955,59
13,1,150.738664,59
5,2,108.3275885,59
7,3,118.620719909668,59
7,2,119.9079195,59
6,3,113.0621948242188,59
12,2,148.8344823,59
16,2,157.724462,59
19,1,168.1699422,59
9,2,130.8975567,59
5,1,112.731093,60
14,1,159.6079145,60
10,1,136.7047016,60
6,3,116.9692840576172,60
13,3,153.3465881347656,60
18,3,164.126953125,60
16,2,158.0999408,60
9,2,131.7630685,60
10,2,137.5173787,60
12,1,147.0009067,60
7,2,121.248995,60
15,3,160.5833587646484,60
6,2,115.9553551,60
13,1,153.5011125,60
9,1,132.1276812,60
19,2,159.4338103,60
8,2,126.4268638,60
9,3,131.9464721679688,60
11,1,141.4809896,60
16,3,162.3724212646484,60
14,2,155.7074299,60
15,1,163.9423487,60
6,1,117.9687149,60
7,3,122.0661239624023,60
8,1,127.5524271,60
10,3,137.1088409423828,60
11,2,143.6890914,60
14,3,157.6574096679688,60
12,2,149.2461678,60
5,3,111.5092239379883,60
17,2,158.5639821,60
5,2,110.2693202,60
18,1,169.4610008,60
17,3,163.4331817626953,60
18,2,158.9138218,60
19,1,170.4552667,60
19,3,164.8604583740234,60
17,1,168.380903,60
13,2,153.1916011,60
12,3,148.1201019287109,60
8,3,126.9933700561523,60
15,2,157.2404833,60
16,1,166.688528,60
11,3,142.5799407958984,60
7,1,122.8718251,60
5,3,104.0021133422852,61
9,3,126.5254287719727,61
16,2,155.5466112,61
8,3,121.1236267089844,61
12,2,146.7212782,61
17,3,160.5210876464844,61
17,1,165.1007132,61
18,1,166.6634377,61
13,2,150.7148414,61
14,1,154.6647027,61
14,3,153.9518280029297,61
5,1,101.6730752,61
9,1,124.1986045,61
13,3,149.3534851074219,61
16,1,162.8625776,61
16,3,159.2059020996094,61
12,1,140.9238171,61
11,2,141.0780835,61
11,3,137.9389953613281,61
9,2,128.8667873,61
19,1,167.9243988,61
15,3,157.1529083251953,61
18,3,161.4403076171875,61
13,1,147.996775,61
10,3,132.0964813232422,61
8,1,118.9307823,61
15,2,154.740322,61
19,2,156.7207687,61
7,3,115.6981964111328,61
6,1,107.7862321,61
6,3,110.057487487793,61
10,2,134.7823077,61
8,2,123.3320943,61
11,1,134.8156911,61
10,1,129.4253567,61
14,2,153.2369278,61
7,1,113.4985571,61
7,2,117.9152904,61
6,2,112.3481111,61
18,2,156.2398053,61
15,1,159.5607319,61
12,3,143.8163146972656,61
5,2,106.3533013,61
17,2,155.9473809,61
19,3,162.3008880615234,61
15,1,156.847706,62
13,1,145.5806795,62
7,3,114.753044128418,62
7,2,117.6190098,62
14,1,152.0991689,62
9,1,122.3679072,62
12,1,138.6570491,62
8,3,120.0701599121094,62
6,3,109.2243041992188,62
5,3,103.2850341796875,62
19,1,165.4756122,62
17,1,162.2174396,62
12,2,146.2332119,62
16,3,157.6589965820313,62
8,1,117.2428996,62
18,3,159.9913940429688,62
17,2,155.7101897,62
19,2,156.5414075,62
9,3,125.3716430664063,62
9,2,128.4456383,62
12,3,142.4037628173828,62
8,2,122.9651311,62
11,3,136.6001281738281,62
11,2,140.5949483,62
15,2,154.369131,62
16,1,160.03088,62
6,2,112.1308323,62
13,3,147.8867340087891,62
7,1,111.9575006,62
16,2,155.2458832,62
18,2,156.0476425,62
18,1,163.876423,62
14,3,152.4483795166016,62
14,2,152.8044904,62
6,1,106.3905779,62
15,3,155.6197967529297,62
5,1,100.4210992,62
10,1,127.4487423,62
19,3,161.0389556884766,62
5,2,106.2218401,62
10,2,134.3223566,62
11,1,132.6943625,62
10,3,130.8460693359375,62
13,2,150.2415305,62
17,3,158.9900665283203,62
16,2,160.5034019,63
14,1,163.5174216,63
8,1,129.1682742,63
15,2,159.577754,63
11,3,145.0588531494141,63
13,3,156.2762756347656,63
18,3,168.4551696777344,63
7,1,123.9691973,63
12,2,151.4274131,63
5,2,111.6854631,63
15,3,164.0028533935547,63
8,2,128.2938681,63
6,2,117.5497467,63
6,3,118.0317840576172,63
9,3,133.9763336181641,63
13,1,157.070925,63
11,1,144.3503474,63
18,1,174.8813543,63
10,3,139.3794097900391,63
17,1,173.351305,63
19,1,176.3925096,63
19,3,169.6440277099609,63
14,3,160.839111328125,63
5,3,112.1585083007813,63
10,1,139.1993865,63
12,3,150.8069458007813,63
11,2,145.8104246,63
18,2,161.6859266,63
6,1,118.4894229,63
16,1,171.2804194,63
7,2,122.9921241,63
19,2,162.5616604,63
7,3,123.4936370849609,63
13,2,155.4267571,63
9,2,133.7317058,63
8,3,128.7429046630859,63
10,2,139.5695782,63
16,3,166.0395812988281,63
14,2,157.9942532,63
9,1,134.2081774,63
17,3,167.3902740478516,63
12,1,150.2256672,63
15,1,168.188445,63
17,2,161.0983424,63
5,1,112.607471,63
10,1,132.3050286,64
9,2,125.6618009,64
15,3,155.9003448486328,64
8,2,120.2305986,64
12,1,143.3404722,64
6,2,109.4542092,64
7,2,114.9197502,64
18,3,158.7220764160156,64
6,3,110.463623046875,64
12,3,143.2813720703125,64
17,1,164.352633,64
11,1,137.4834373,64
14,2,149.5758082,64
9,3,126.4791259765625,64
13,3,148.6246185302734,64
7,1,116.9673424,64
10,3,131.8944549560547,64
8,1,122.2043402,64
5,2,103.5540703,64
10,2,131.4751837,64
15,2,151.019549,64
19,2,153.0638056,64
19,1,165.1618753,64
18,2,152.5177779,64
18,1,164.8186097,64
17,3,158.3270416259766,64
17,2,152.1959439,64
15,1,160.6951535,64
14,3,152.9925689697266,64
14,1,156.3475536,64
12,2,143.2211301,64
11,3,137.5767974853516,64
9,1,127.2783639,64
7,3,115.9561614990234,64
5,3,104.5526123046875,64
19,3,159.1654357910156,64
16,1,163.214435,64
16,3,157.5558166503906,64
13,1,150.094082,64
5,1,105.5250736,64
6,1,111.4475211,64
16,2,151.7980519,64
13,2,147.1274672,64
8,3,121.2291717529297,64
11,2,137.6720123,64
11,1,136.5510373,65
5,3,104.9074859619141,65
18,1,165.1910993,65
18,2,155.6441291,65
8,3,121.7317581176758,65
11,3,138.3224945068359,65
11,2,140.0685706,65
14,3,153.9936218261719,65
10,3,132.5494689941406,65
6,3,110.8583602905273,65
7,3,116.3996658325195,65
19,2,156.1409983,65
12,2,145.7346796,65
9,1,126.2376663,65
10,2,133.7662528,65
19,1,165.6750686,65
13,1,149.3064673,65
8,2,122.3451431,65
13,3,149.5388946533203,65
16,2,154.820878,65
9,3,127.0520553588867,65
15,1,160.1451558,65
19,3,160.8677825927734,65
7,2,116.9659735,65
5,2,105.5089182,65
16,3,158.8320159912109,65
15,3,157.013427734375,65
17,1,164.4444585,65
5,1,104.3045054,65
6,2,111.4469023,65
12,3,144.1164855957031,65
15,2,153.9314619,65
6,1,110.2670366,65
7,1,115.8297726,65
12,1,142.4734815,65
10,1,131.317365,65
16,1,162.9081127,65
9,2,127.8585031,65
17,3,159.8345031738281,65
13,2,149.7677449,65
14,1,155.6624491,65
8,1,121.1136335,65
18,3,160.3778991699219,65
14,2,152.3508287,65
17,2,155.2986286,65
18,1,172.9606473,66
14,1,160.4015846,66
7,2,121.286249,66
19,3,168.5996551513672,66
7,1,120.1439807,66
6,3,115.1468353271484,66
13,1,153.8285133,66
9,3,131.4106140136719,66
18,2,161.2804321,66
6,1,114.5606212,66
13,3,154.1825256347656,66
8,1,125.4413588,66
12,3,148.6150360107422,66
11,1,140.9082725,66
11,2,144.6287304,66
19,1,175.0153974,66
18,3,167.2051391601563,66
11,3,142.7462921142578,66
17,1,170.9807441,66
17,3,165.9277038574219,66
10,2,138.2424668,66
6,2,115.7459544,66
7,3,120.7085723876953,66
5,2,109.8014015,66
10,1,135.6615198,66
14,3,158.8538360595703,66
8,3,126.0638275146484,66
14,2,157.2656118,66
9,2,132.2667063,66
8,2,126.7012692,66
16,3,164.3778228759766,66
15,3,162.1641693115234,66
9,1,130.5750271,66
13,2,154.5456572,66
19,2,161.9892021,66
12,1,146.8783662,66
16,2,160.0645134,66
12,2,150.3948532,66
15,1,165.2448397,66
16,1,168.5767093,66
10,3,136.9363861083984,66
5,3,109.179801940918,66
17,2,160.7317785,66
5,1,108.5709398,66
15,2,159.0017282,66
5,3,107.5050659179688,67
18,1,164.9645821,67
13,3,151.4601287841797,67
18,2,159.2297843,67
19,3,162.7264251708984,67
10,2,137.1800541,67
11,2,143.4699979,67
6,3,113.3878860473633,67
9,1,127.4474928,67
15,1,160.2618726,67
12,1,143.1352219,67
13,1,149.7861199,67
16,2,158.1439534,67
8,1,122.498542,67
5,2,108.8595375,67
7,1,117.3863614,67
9,3,129.3408355712891,67
18,3,162.0280609130859,67
19,1,165.5443523,67
9,2,131.2776341,67
7,3,118.8532485961914,67
17,3,161.4266510009766,67
17,1,164.265047,67
14,3,155.8205261230469,67
16,3,160.4658203125,67
19,2,160.0617358,67
8,2,125.7619928,67
16,1,162.8595218,67
13,2,153.1267908,67
15,2,157.2440108,67
14,2,155.684202,67
10,1,132.345898,67
11,3,140.4186401367188,67
15,3,158.7369232177734,67
5,1,106.18102,67
12,3,146.1219024658203,67
6,1,111.9873603,67
14,1,155.9585736,67
6,2,114.831211,67
11,1,137.397187,67
8,3,124.1067657470703,67
17,2,158.6985014,67
7,2,120.3721164,67
10,3,134.7429504394531,67
12,2,149.117137,67
8,3,130.1328887939453,68
17,1,172.8052656,68
11,1,146.3890301,68
19,3,166.1463012695313,68
15,3,164.3314971923828,68
18,1,172.9401525,68
16,2,158.9863345,68
12,3,152.4738464355469,68
12,1,152.2834499,68
10,1,141.1648379,68
15,2,158.9732563,68
6,2,117.9749344,68
9,3,135.5158081054688,68
15,1,169.5990206,68
6,3,119.042106628418,68
8,1,130.965734,68
6,1,120.1176052,68
7,3,124.7052536010742,68
17,2,158.9742737,68
5,3,112.9480133056641,68
12,2,152.6629512,68
19,2,158.9428354,68
17,3,166.0002593994141,68
7,2,123.7461667,68
8,2,129.319011,68
11,3,146.7756652832031,68
14,3,161.9257354736328,68
9,1,136.0892052,68
13,1,159.0553527,68
16,1,172.0235675,68
14,1,165.2996662,68
19,1,173.0061028,68
14,2,158.5197157,68
18,2,158.9564525,68
10,2,140.906116,68
5,1,114.1575091,68
9,2,134.956504,68
7,1,125.6806899,68
18,3,166.0894470214844,68
13,2,156.4170784,68
5,2,111.7390759,68
11,2,147.1563763,68
16,3,165.5850219726563,68
10,3,141.0340423583984,68
13,3,157.7372436523438,68
12,3,150.7468719482422,70
9,3,133.9371490478516,70
10,3,139.3408355712891,70
19,3,168.9897613525391,70
16,3,165.8058776855469,70
7,2,122.5466972,70
8,3,128.6966857910156,70
12,1,150.5315648,70
11,3,145.0149230957031,70
14,1,163.8248103,70
18,1,175.0662327,70
6,3,117.9525756835938,70
8,2,127.8761541,70
13,1,157.3779606,70
14,3,160.6876373291016,70
19,2,161.1808557,70
6,1,118.7933857,70
16,2,159.7110742,70
18,2,160.5496006,70
19,1,176.3518212,70
17,2,160.1625658,70
13,2,154.9169185,70
15,3,163.8035888671875,70
17,3,167.0992279052734,70
7,1,124.2734222,70
10,2,139.1673566,70
6,2,117.0657779,70
8,1,129.4735773,70
16,1,171.5883284,70
15,1,168.4961737,70
5,3,112.0559997558594,70
10,1,139.5052172,70
5,1,112.913073,70
17,1,173.6344702,70
9,1,134.5127224,70
7,3,123.4334335327148,70
13,3,156.1770935058594,70
5,2,111.1534474,70
14,2,157.4051059,70
18,3,168.0316772460938,70
11,2,145.3917319,70
12,2,150.9733621,70
15,2,158.8898243,70
9,2,133.3293075,70
11,1,144.6573921,70
17,1,163.5575739,71
13,2,151.0967114,71
12,1,144.2346368,71
17,3,158.8894348144531,71
14,1,156.3548196,71
15,2,153.8332707,71
16,2,154.1276976,71
8,3,126.0233612060547,71
12,3,146.0036010742188,71
6,3,116.2148666381836,71
12,2,147.7742076,71
13,3,150.8168334960938,71
18,2,154.5491252,71
18,3,159.2221984863281,71
11,2,142.8053797,71
9,3,130.7700958251953,71
11,3,140.8307342529297,71
7,1,120.4472463,71
8,2,126.9197927,71
6,2,116.9402686,71
11,1,138.8603442,71
5,3,110.7462005615234,71
9,2,131.8726485,71
9,1,129.6723052,71
14,2,152.9582749,71
16,3,158.3162231445313,71
19,3,159.8309936523438,71
13,1,150.5368884,71
10,3,135.6713562011719,71
10,2,137.1649122,71
15,3,157.0586853027344,71
8,1,125.1323498,71
15,1,160.2929035,71
5,2,111.3408571,71
19,1,164.2967622,71
17,2,154.2542129,71
7,3,121.2394027709961,71
5,1,110.156065,71
18,1,163.9414299,71
7,2,122.0371894,71
14,3,154.6554565429688,71
10,1,134.1825486,71
19,2,155.4209895,71
16,1,162.5239658,71
6,1,115.4946709,71
18,2,159.7005248,72
13,1,149.5097904,72
17,1,166.0339892,72
14,1,155.9370703,72
6,2,113.7963362,72
12,3,145.7002410888672,72
5,3,106.6598434448242,72
10,1,131.7596961,72
5,2,107.8450517,72
7,3,118.0377578735352,72
6,3,112.5459671020508,72
7,1,116.6983952,72
16,2,158.5846688,72
15,3,159.0712127685547,72
19,3,165.0110015869141,72
19,2,160.2561216,72
19,1,169.7457063,72
10,3,134.1118774414063,72
8,3,123.3292846679688,72
15,2,157.4896823,72
5,1,105.468564,72
18,1,167.846159,72
14,2,155.6970309,72
9,2,130.409292,72
14,3,155.8181915283203,72
16,1,163.7959911,72
10,2,136.4341166,72
15,1,160.6267047,72
11,2,142.8755809,72
11,3,139.8863830566406,72
18,3,163.7817077636719,72
6,1,111.2830611,72
8,2,124.8028028,72
9,1,126.8167776,72
11,1,136.869234,72
13,2,152.9149098,72
8,1,121.8347591,72
16,3,161.2054901123047,72
17,3,162.6441040039063,72
12,2,148.7015533,72
9,3,128.6247711181641,72
12,1,142.7015089,72
7,2,119.3566574,72
17,2,159.235798,72
13,3,151.1998291015625,72
14,2,154.6151622,73
19,2,159.8149349,73
7,2,118.7370271,73
12,1,141.7080714,73
19,1,170.2606015,73
6,2,113.1724869,73
9,3,127.4342575073242,73
7,1,114.6920547,73
7,3,116.6799774169922,73
18,2,158.8396016,73
17,3,162.2039642333984,73
17,2,158.1366953,73
6,3,111.0861129760742,73
10,2,135.6903351,73
5,3,105.0831527709961,73
12,3,144.7007904052734,73
13,2,151.9233874,73
9,1,125.2227921,73
5,1,103.0454799,73
14,1,155.3577835,73
15,2,156.3295735,73
15,1,160.2626599,73
16,2,157.4021222,73
10,3,132.9814605712891,73
9,2,129.7256072,73
8,1,120.0361229,73
8,3,122.0629272460938,73
16,1,163.6550066,73
13,3,150.2943420410156,73
16,3,160.5873870849609,73
18,1,168.1571165,73
18,3,163.5856475830078,73
11,3,138.8105773925781,73
12,2,147.7996649,73
10,1,130.3666518,73
13,1,148.7213785,73
8,2,124.1620636,73
11,2,142.057922,73
17,1,166.1206885,73
14,3,154.9930725097656,73
5,2,107.1882811,73
19,3,165.1362457275391,73
6,1,109.0682411,73
11,1,135.6749096,73
15,3,158.3321685791016,73
12,2,144.8555437,74
8,2,122.0715261,74
18,3,163.1474761962891,74
19,1,171.5504656,74
15,1,160.1227892,74
9,1,128.645272,74
5,2,107.5906205,74
8,1,124.2630102,74
13,3,149.2373809814453,74
7,3,118.5297775268555,74
7,1,119.7430343,74
13,2,149.1360463,74
19,2,158.137273,74
9,3,127.9233856201172,74
18,2,157.4156428,74
14,2,152.1081152,74
10,1,133.0088461,74
16,3,159.6210021972656,74
17,1,166.1355271,74
17,2,156.6523872,74
8,3,123.1836624145508,74
15,2,154.1974181,74
5,1,109.7944457,74
10,2,132.8539192,74
9,2,127.1776442,74
11,3,138.3175964355469,74
12,3,143.8677062988281,74
14,1,155.508556,74
15,3,157.2137298583984,74
16,2,155.6460262,74
13,1,149.3351568,74
17,3,161.4809875488281,74
6,2,112.5456672,74
6,1,114.9614351,74
18,1,168.6690096,74
11,2,139.0934291,74
16,1,163.4540592,74
5,3,108.704345703125,74
12,1,142.9140198,74
11,1,137.5680326,74
19,3,164.9704284667969,74
14,3,153.8388519287109,74
7,2,117.2831815,74
6,3,113.7678833007813,74
10,3,132.9327087402344,74
11,1,129.2140682,75
18,1,163.7542572,75
12,3,140.1548004150391,75
17,3,158.3163757324219,75
10,3,128.353271484375,75
5,1,96.06256698999999,75
14,2,151.7640267,75
19,2,156.7193229,75
11,3,134.2157897949219,75
8,1,113.2971562,75
12,2,144.9323537,75
10,1,123.8068009,75
6,1,102.1636431,75
7,3,112.0681304931641,75
13,3,145.8076171875,75
9,3,122.793212890625,75
15,1,154.6350845,75
16,3,156.5124969482422,75
19,1,166.0231738,75
13,1,142.5481994,75
14,3,150.5958862304688,75
16,2,154.6398799,75
17,2,155.3710859,75
7,1,107.8686771,75
18,3,159.7848815917969,75
9,1,118.5710633,75
19,3,161.2756195068359,75
9,2,127.0383336,75
6,3,106.5101165771484,75
12,1,135.3691101,75
16,1,158.4290767,75
15,3,154.0760345458984,75
14,1,149.4160292,75
5,2,105.0849875,75
13,2,149.049705,75
11,2,139.2237903,75
10,2,132.9165043,75
8,2,121.5860981,75
5,3,100.5547180175781,75
6,2,110.8889875,75
7,2,116.2956642,75
15,2,153.5257603,75
17,1,161.3545337,75
8,3,117.4284820556641,75
18,2,155.9612505,75
13,3,152.090087890625,78
5,1,106.2348136,78
15,3,159.6439361572266,78
14,3,156.5675811767578,78
19,1,170.3699634,78
19,3,165.0100860595703,78
10,3,135.1983947753906,78
10,1,132.8261968,78
13,1,150.6654045,78
16,3,161.5899963378906,78
11,3,140.9204711914063,78
6,2,115.1681246,78
13,2,153.5054678,78
14,2,156.0460661,78
11,2,143.8586143,78
5,2,109.1828823,78
8,3,124.4590301513672,78
12,3,146.6753692626953,78
18,2,159.2235411,78
17,1,167.0338056,78
6,3,113.6454238891602,78
17,3,162.8623962402344,78
9,2,131.652954,78
8,2,126.1258145,78
10,2,137.5639073,78
9,3,129.7489471435547,78
7,3,119.1579742431641,78
5,3,107.704948425293,78
6,1,112.1262281,78
8,1,122.8068606,78
18,1,168.6948087,78
16,1,164.8888896,78
17,2,158.8545248,78
9,1,127.8401346,78
14,1,157.0962394,78
11,1,137.9730251,78
15,1,161.7679882,78
15,2,157.5754017,78
12,2,149.5040779,78
7,1,117.6105302,78
16,2,158.4113081,78
18,3,163.8722991943359,78
12,1,143.8356214,78
19,2,159.8104627,78
7,2,120.7227519,78
14,3,159.6569061279297,79
17,2,162.489082,79
5,2,110.7321699,79
13,2,155.8860712,79
14,2,158.7002048,79
8,1,124.9541831,79
10,2,139.3637179,79
17,1,171.6772636,79
15,1,165.5703318,79
11,2,145.8126077,79
12,2,151.6516913,79
19,3,170.0892944335938,79
7,1,119.5596063,79
10,3,137.3089447021484,79
12,1,146.7956687,79
16,2,161.7143811,79
7,3,120.8743591308594,79
18,2,163.1366384,79
18,3,168.5525970458984,79
13,3,154.8481140136719,79
9,2,133.3345877,79
19,1,176.1772132,79
5,1,107.7934672,79
7,2,122.2730231,79
9,3,131.7134094238281,79
6,2,116.7019347,79
19,2,163.9240914,79
14,1,160.5706958,79
6,1,113.879062,79
16,3,165.4505920410156,79
6,3,115.2450790405273,79
13,1,153.8624365,79
16,1,169.076139,79
9,1,130.1855179,79
15,2,160.5418255,79
11,1,140.7185916,79
10,1,135.3706234,79
12,3,149.15625,79
5,3,109.2132263183594,79
18,1,173.8799547,79
17,3,167.1354827880859,79
15,3,163.1041870117188,79
8,2,127.725127,79
8,3,126.297737121582,79
11,3,143.1923522949219,79
12,3,154.0569305419922,80
19,2,162.4655675,80
5,3,112.0776443481445,80
7,3,125.134635925293,80
19,1,175.8975925,80
8,2,131.5087261,80
18,1,175.23176,80
16,3,167.7940063476563,80
11,2,149.7592439,80
10,3,142.435302734375,80
16,1,173.1791505,80
18,2,161.981343,80
17,1,174.5443664,80
11,1,146.8555701,80
6,3,118.8958892822266,80
10,1,141.3979175,80
9,3,136.7010192871094,80
8,1,130.5042463,80
7,2,125.5490457,80
15,1,170.5683785,80
5,1,111.8880202,80
19,3,169.9287261962891,80
18,3,169.2057342529297,80
13,1,159.8226916,80
7,1,124.7339748,80
10,2,143.4753361,80
14,3,163.6094360351563,80
6,2,119.2338138,80
11,3,148.3017578125,80
14,1,166.1698669,80
13,2,158.8774383,80
17,3,168.6698303222656,80
9,2,137.3947654,80
8,3,131.0003662109375,80
16,2,161.9569028,80
5,2,112.2775259,80
6,1,118.5726259,80
15,2,161.8080885,80
13,3,159.3614501953125,80
9,1,136.0158296,80
17,2,161.9281451,80
12,2,155.2223919,80
12,1,152.921649,80
14,2,160.9206188,80
15,3,166.2959442138672,80
19,2,157.335599,81
10,1,129.3274382,81
8,2,123.2393085,81
19,1,166.4285078,81
14,1,153.7834114,81
12,1,140.4633985,81
18,2,156.4513397,81
19,3,161.9138031005859,81
8,3,121.1918029785156,81
7,2,117.8937714,81
5,1,102.3954441,81
11,2,140.7994845,81
14,3,153.3362579345703,81
13,1,147.3342196,81
5,3,104.4110565185547,81
16,1,161.5112218,81
7,3,115.8874816894531,81
13,3,148.8370819091797,81
13,2,150.3631336,81
15,2,154.4161372,81
16,2,155.3115306,81
16,3,158.4367523193359,81
11,1,134.541367,81
18,3,160.7837066650391,81
9,3,126.4749603271484,81
17,2,155.8833878,81
6,3,110.3606262207031,81
14,2,152.8823779,81
10,2,134.5590343,81
17,1,163.5505919,81
12,3,143.4083404541016,81
6,2,112.3912677,81
9,1,124.2715209,81
11,3,137.6477966308594,81
8,1,119.1693581,81
7,1,113.9054839,81
12,2,146.3982712,81
15,1,158.4423901,81
15,3,156.4437561035156,81
10,3,131.9255065917969,81
9,2,128.706731,81
6,1,108.3545099,81
17,3,159.7564392089844,81
18,1,165.0316582,81
5,2,106.4515506,81
17,1,168.3867572,82
18,1,169.8242117,82
14,3,156.8656768798828,82
7,3,118.9846496582031,82
14,2,155.086603,82
19,2,159.8572748,82
12,3,146.6239929199219,82
7,2,119.5687428,82
18,2,158.9366323,82
10,3,135.0954132080078,82
5,2,108.0611133,82
17,2,158.2973657,82
18,3,164.4458770751953,82
13,3,152.2865142822266,82
16,1,166.3813257,82
14,1,158.5996279,82
6,1,112.8110322,82
8,1,123.7341156,82
8,3,124.3425216674805,82
6,2,114.0266082,82
16,3,162.0789337158203,82
12,1,145.0242939,82
9,3,129.6324768066406,82
5,1,106.8022299,82
13,1,152.1096736,82
11,1,139.1037278,82
10,1,133.8905933,82
9,2,130.4548485,82
6,3,113.4109039306641,82
19,1,171.2173809,82
5,3,107.4226608276367,82
19,3,165.6031951904297,82
13,2,152.4681419,82
11,3,140.8360290527344,82
15,2,156.7115984,82
15,1,163.2957218,82
12,2,148.2686087,82
11,2,142.6187468,82
16,2,157.667767,82
10,2,136.3377836,82
15,3,160.0451202392578,82
9,1,128.8349611,82
7,1,118.4144992,82
8,2,124.9675201,82
17,3,163.4042205810547,82
12,2,147.1613458,83
17,3,162.1987609863281,83
7,3,119.4698104858398,83
11,1,138.4242795,83
15,1,161.0206311,83
5,2,108.7831166,83
10,2,135.5232199,83
8,2,124.6725438,83
7,1,119.324169,83
18,2,158.0702626,83
14,1,156.3995872,83
12,3,145.4712371826172,83
6,2,114.4225181,83
14,2,153.849004,83
18,3,163.3357238769531,83
8,1,124.3888755,83
19,2,158.5787176,83
11,2,141.6203624,83
18,1,168.4681453,83
6,3,114.1099243164063,83
5,3,108.2241973876953,83
5,1,107.6766946,83
8,3,124.5293502807617,83
9,3,129.5096435546875,83
12,1,143.8096633,83
16,3,160.6009216308594,83
19,3,164.1615447998047,83
17,1,166.7235062,83
6,1,113.8033419,83
10,1,133.7433357,83
9,2,129.8804969,83
9,1,129.1456003,83
16,1,164.2954974,83
7,2,119.6182604,83
19,1,169.6258335,83
15,2,155.6445753,83
13,2,151.1705419,83
16,2,156.8095456,83
15,3,158.3638610839844,83
14,3,155.1379089355469,83
13,3,150.6954498291016,83
17,2,157.5499442,83
13,1,150.2293819,83
11,3,140.0086975097656,83
10,3,134.6252746582031,83
7,2,118.6177576,85
18,1,170.207386,85
5,3,106.7406539916992,85
16,2,157.214999,85
8,1,123.1979075,85
17,2,158.0857962,85
14,2,154.3366606,85
12,1,144.6463189,85
6,2,113.0849298,85
18,3,164.6612854003906,85
11,1,138.6745289,85
19,2,160.3617147,85
7,3,118.2578201293945,85
8,3,123.5985641479492,85
9,3,128.9262390136719,85
19,1,172.0735944,85
12,3,146.0718231201172,85
11,2,141.8066037,85
15,2,156.0761675,85
6,1,112.3365086,85
10,1,133.4203176,85
5,2,107.1264752,85
5,1,106.3654002,85
10,2,135.4673333,85
15,1,162.9170269,85
14,3,156.2518005371094,85
17,1,168.4114152,85
6,3,112.7058181762695,85
14,1,158.1298071,85
15,3,159.5277252197266,85
18,2,159.0242968,85
13,3,151.6130981445313,85
19,3,166.2631683349609,85
16,1,166.1521542,85
13,1,151.5853886,85
16,3,161.7218017578125,85
11,3,140.2233734130859,85
13,2,151.6413934,85
7,1,117.9067225,85
9,2,129.5364368,85
8,2,124.0088624,85
9,1,128.3299313,85
10,3,134.4322967529297,85
12,2,147.5282379,85
17,3,163.2910308837891,85
9,2,126.824121,86
5,3,106.228630065918,86
14,2,151.9418848,86
19,1,166.9789255,86
8,3,121.3913421630859,86
17,2,155.8665788,86
7,1,116.7932635,86
15,3,155.9800872802734,86
11,2,139.0504008,86
6,1,112.043226,86
11,1,135.122581,86
7,3,116.5213012695313,86
10,3,131.5275573730469,86
12,1,140.6627536,86
16,1,161.1975265,86
18,3,160.8070068359375,86
13,2,149.0806501,86
17,1,163.4120865,86
9,3,126.3324127197266,86
11,3,137.0751495361328,86
12,3,142.7422485351563,86
19,2,156.8863466,86
10,1,130.3703455,86
18,1,165.1877393,86
8,2,121.4252914,86
18,2,156.3907654,86
13,1,147.2412986,86
15,2,153.861583,86
5,2,105.4464737,86
16,3,158.1585083007813,86
19,3,161.9552154541016,86
5,1,106.9972224,86
15,1,158.0835092,86
12,2,144.8430814,86
6,3,111.5313110351563,86
14,1,153.5016709,86
13,3,148.1569671630859,86
10,2,132.6992996,86
8,1,121.3578869,86
7,2,116.2450509,86
9,1,125.8473325,86
6,2,111.0107929,86
17,3,159.6534576416016,86
16,2,155.0976985,86
14,3,152.7247619628906,86
6,2,114.3711132,87
15,2,157.371355,87
7,3,119.1911315917969,87
8,3,124.5578460693359,87
16,1,165.980228,87
6,1,112.8662907,87
13,2,153.1708049,87
16,3,162.1443176269531,87
19,1,170.1359032,87
18,3,164.0191955566406,87
17,3,163.2890625,87
17,1,167.8753496,87
10,3,135.4299926757813,87
10,1,133.8945502,87
7,2,119.9655752,87
17,2,158.6015175,87
15,3,160.2097015380859,87
9,2,131.0136278,87
14,1,158.3601892,87
13,1,151.9233542,87
7,1,118.4301913,87
9,3,129.9089965820313,87
19,3,164.6928405761719,87
18,2,158.8178801,87
15,1,162.9875444,87
6,3,113.6125030517578,87
10,2,136.9965851,87
14,3,157.0856018066406,87
11,2,143.3673227,87
18,1,169.1075114,87
9,1,128.8255835,87
5,3,107.6249160766602,87
12,2,149.092014,87
5,2,108.3632733,87
8,2,125.4223024,87
11,3,141.22216796875,87
14,2,155.7834279,87
13,3,152.5404510498047,87
19,2,159.1294047,87
5,1,106.897683,87
12,3,147.0503692626953,87
16,2,158.2241048,87
12,1,145.0511213,87
11,1,139.1208849,87
8,1,123.7092466,87
18,1,175.921267,88
10,2,141.2456835,88
17,1,174.6257878,88
14,2,159.9826039,88
9,1,135.0062704,88
17,2,161.960342,88
11,1,145.4182634,88
6,2,118.2630351,88
11,2,147.6522162,88
15,2,161.4459706,88
8,3,129.6562957763672,88
12,2,153.3839792,88
14,3,162.4719696044922,88
19,3,169.4635314941406,88
16,2,162.0032976,88
13,3,157.8819732666016,88
5,3,112.2325134277344,88
15,1,169.5141798,88
14,1,164.7992838,88
13,2,157.4373381,88
18,3,169.0785827636719,88
19,1,176.8533816,88
6,1,118.5623031,88
10,1,140.1497615,88
9,3,135.1007537841797,88
12,1,151.3819851,88
5,2,112.1328657,88
16,3,167.4684600830078,88
15,3,165.6075439453125,88
11,3,146.4955291748047,88
8,2,129.5288103,88
17,3,168.4854431152344,88
18,2,161.8182061,88
13,1,158.2967998,88
8,1,129.7748705,88
5,1,112.3262761,88
9,2,135.2024129,88
12,3,152.3478851318359,88
7,1,124.3360208,88
16,1,172.6133889,88
6,3,118.417724609375,88
7,2,123.9715509,88
7,3,124.1601943969727,88
19,2,161.6854548,88
10,3,140.6778869628906,88
5,2,104.7622528,89
18,2,158.2681651,89
14,3,153.6775817871094,89
17,1,165.301753,89
8,3,120.8880996704102,89
12,3,143.1731414794922,89
17,3,161.5446472167969,89
11,1,134.8571176,89
18,3,162.7680969238281,89
18,1,167.295646,89
16,3,159.7679443359375,89
14,1,153.9934814,89
6,3,110.486328125,89
9,3,126.075439453125,89
7,3,115.7566680908203,89
11,3,137.2775573730469,89
15,2,155.5259088,89
10,2,133.1038739,89
9,1,125.1678472,89
16,1,162.6011841,89
14,2,153.3629983,89
15,3,157.2554321289063,89
19,3,163.6156768798828,89
8,1,120.4209164,89
19,1,168.7360393,89
5,3,104.8814849853516,89
13,2,150.2447423,89
11,2,139.7021929,89
7,2,115.9589364,89
10,3,131.5041198730469,89
5,1,104.9992183,89
15,1,158.9944441,89
6,2,110.5183975,89
13,1,147.4143953,89
9,2,126.9883586,89
10,1,129.9106682,89
16,2,156.9517647,89
19,2,158.5279616,89
6,1,110.4545964,89
7,1,115.5562226,89
12,1,140.5954569,89
12,2,145.7495348,89
13,3,148.8313140869141,89
17,2,157.8105182,89
8,2,121.3588309,89
8,2,123.4658101,91
13,1,150.527661,91
14,3,155.1630096435547,91
15,2,155.0704444,91
9,3,128.2784576416016,91
11,2,141.1473163,91
8,3,122.9892730712891,91
15,3,158.2098541259766,91
5,2,106.745447,91
13,3,150.6941375732422,91
5,1,105.7818201,91
19,1,167.6155929,91
10,3,133.7458953857422,91
10,2,134.8505583,91
10,1,132.6375923,91
17,2,156.4832933,91
11,3,139.4928894042969,91
6,3,112.1811065673828,91
6,1,111.7253011,91
15,1,161.3830089,91
14,2,153.4623073,91
18,2,156.8293548,91
19,3,162.4278411865234,91
18,1,166.8002373,91
9,2,128.9571389,91
12,2,146.8152146,91
16,1,164.2040811,91
17,3,161.1337127685547,91
16,2,155.9873944,91
7,3,117.6896896362305,91
7,1,117.2615272,91
19,2,157.3152177,91
12,3,145.2713775634766,91
8,1,122.5118319,91
11,1,137.8304515,91
13,2,150.8592971,91
18,3,161.7789764404297,91
7,2,118.1172277,91
5,3,106.2636871337891,91
6,2,112.6365016,91
14,1,156.8791034,91
12,1,143.7172673,91
16,3,160.0698699951172,91
9,1,127.5981693,91
17,1,165.8490885,91
13,2,152.5068494,92
9,1,124.4323867,92
15,3,158.8808441162109,92
19,2,159.8490637,92
12,1,141.4777516,92
11,2,142.5585153,92
16,3,161.23828125,92
11,3,138.8866424560547,92
10,3,132.9396514892578,92
8,3,121.8158493041992,92
13,1,148.7095273,92
7,2,119.1566507,92
7,3,116.3434448242188,92
14,2,155.2433847,92
17,3,162.8756103515625,92
5,3,104.5974273681641,92
14,3,155.418212890625,92
6,1,107.7655045,92
14,1,155.5928846,92
10,1,129.7544559,92
17,1,167.1059229,92
11,1,135.2471229,92
12,3,144.8968505859375,92
19,1,170.6857544,92
10,2,136.1570334,92
19,3,165.1356506347656,92
8,2,124.5866281,92
5,1,101.5828582,92
9,3,127.2850189208984,92
6,3,110.6696548461914,92
15,1,160.7731195,92
16,1,164.438032,92
17,2,158.7243655,92
6,2,113.6017457,92
5,2,107.644,92
18,2,159.2201515,92
7,1,113.5563357,92
16,2,158.0665424,92
18,3,164.0691833496094,92
9,2,130.1663028,92
18,1,169.0805112,92
12,2,148.3402052,92
8,1,119.071957,92
15,2,156.9949441,92
13,3,150.6039581298828,92
12,3,143.1783142089844,93
13,1,150.8176456,93
16,3,158.7822265625,93
17,3,160.2202911376953,93
6,3,110.6381759643555,93
14,2,149.2839511,93
14,3,153.3395690917969,93
7,2,114.2646109,93
9,2,124.6261042,93
18,3,161.3051300048828,93
15,2,151.2186075,93
19,2,156.1131365,93
10,3,131.6996765136719,93
10,2,130.3822084,93
5,3,104.9112930297852,93
13,3,148.6974182128906,93
17,2,153.6711261,93
14,1,157.1921496,93
6,2,109.1095618,93
7,3,115.9823532104492,93
8,1,122.8554961,93
9,3,126.3184509277344,93
11,2,136.6175897,93
13,2,146.4653814,93
18,2,154.7509203,93
15,1,161.7512617,93
5,2,103.5929532,93
16,2,152.587609,93
15,3,156.6199798583984,93
12,2,142.3077214,93
11,1,138.1291042,93
11,3,137.3927764892578,93
7,1,117.6189967,93
17,1,166.44998,93
8,2,119.3428252,93
19,1,168.4952011,93
16,1,164.6679458,93
8,3,121.1425704956055,93
12,1,144.0053554,93
5,1,106.1694759,93
6,1,112.0960309,93
19,3,162.4470520019531,93
9,1,127.9276042,93
18,1,167.5512263,93
10,1,132.9514292,93
11,1,144.0576047,94
12,1,149.8678412,94
13,1,156.6250873,94
11,3,144.0437469482422,94
5,1,112.6128288,94
5,3,111.1458206176758,94
17,1,171.9886558,94
14,2,156.0848909,94
10,1,138.9570103,94
19,1,173.6666502,94
10,2,137.774641,94
16,1,170.2871186,94
12,3,149.7544403076172,94
11,2,144.0286632,94
17,3,165.6386566162109,94
12,2,149.63148,94
9,3,133.0078735351563,94
17,2,158.8213821,94
9,2,131.8987871,94
7,3,122.5300216674805,94
18,2,159.2067273,94
14,1,162.9496305,94
13,2,153.5893444,94
9,1,134.0135031,94
19,2,159.8502379,94
15,3,162.6928253173828,94
14,3,159.6492156982422,94
8,1,129.0233052,94
16,2,158.3793525,94
6,2,115.4818381,94
10,3,138.3924255371094,94
18,3,166.3116760253906,94
5,2,109.5090265,94
15,2,157.5693055,94
6,3,117.0462341308594,94
8,3,127.7841339111328,94
6,1,118.4426554,94
18,1,172.9568858,94
8,2,126.4010114,94
16,3,164.5492401123047,94
13,3,155.1672821044922,94
15,1,167.448252,94
19,3,166.9668579101563,94
7,1,123.8730806,94
7,2,121.0199398,94
17,2,160.0486145,95
9,1,133.4970419,95
10,3,138.6650848388672,95
19,1,174.0024021,95
17,3,166.2347869873047,95
11,3,144.2839050292969,95
18,3,167.0119476318359,95
8,2,127.6704355,95
5,1,112.1921489,95
13,1,156.0721432,95
12,2,150.7307041,95
12,1,149.304045,95
7,2,122.3531569,95
11,1,143.5019237,95
14,1,162.4355357,95
15,3,163.0769805908203,95
19,2,161.3748814,95
15,2,158.6712817,95
8,3,128.1243438720703,95
13,3,155.4123840332031,95
16,2,159.5255522,95
15,1,167.0122541,95
7,3,122.9074401855469,95
13,2,154.6734771,95
10,1,138.4188776,95
14,3,159.953369140625,95
6,3,117.4694213867188,95
9,2,133.1112445,95
6,1,117.9981916,95
19,3,167.82421875,95
16,3,165.0384216308594,95
16,1,169.9780713,95
14,2,157.1691434,95
18,2,160.5579064,95
11,2,145.1543376,95
5,2,110.9805072,95
18,1,173.0693557,95
6,2,116.8835438,95
8,1,128.5314848,95
7,1,123.405227,95
5,3,111.61669921875,95
12,3,149.9777679443359,95
9,3,133.3144226074219,95
17,1,171.8636018,95
10,2,138.9386483,95
13,1,158.1011851,96
16,1,171.4168394,96
5,1,113.8568886,96
12,2,152.6281836,96
10,1,140.3515503,96
13,2,156.1563866,96
15,3,163.7704925537109,96
7,2,125.0100422,96
8,1,130.3409787,96
10,3,140.8529052734375,96
16,2,158.6376541,96
6,3,119.5961685180664,96
9,1,135.3680965,96
11,3,146.4092102050781,96
6,1,119.7044163,96
15,2,158.6783467,96
5,3,113.6680221557617,96
7,1,125.1602803,96
12,3,151.9688568115234,96
14,2,158.0985369,96
11,1,145.4935099,96
19,2,158.2908386,96
17,1,172.5420107,96
12,1,151.3359456,96
11,2,147.3679114,96
13,3,157.1443939208984,96
7,3,125.0867462158203,96
5,2,113.47149,96
10,2,141.3784306,96
18,1,172.7655152,96
8,3,130.3329467773438,96
6,2,119.4833988,96
17,2,158.488944,96
8,2,130.3245371,96
17,3,165.7220153808594,96
19,1,172.7639303,96
14,1,164.3928693,96
15,1,168.7980329,96
18,2,158.3415234,96
18,3,165.9825286865234,96
9,3,135.5281372070313,96
16,3,165.1011047363281,96
9,2,135.6957035,96
14,3,161.2776336669922,96
19,3,166.2357482910156,96
8,3,124.2033767700195,97
6,3,113.5294494628906,97
18,3,158.4810638427734,97
17,3,158.4723510742188,97
19,3,158.4930267333984,97
16,3,158.0577545166016,97
16,1,163.7777276,97
14,2,151.7206773,97
14,1,157.3095982,97
13,2,149.8373884,97
12,2,146.436246,97
10,1,133.7035829,97
9,3,129.3351898193359,97
15,2,152.4909896,97
11,2,141.3302047,97
11,3,140.0528564453125,97
10,2,135.5131881,97
14,3,154.5136108398438,97
7,1,118.3291709,97
8,2,124.8369552,97
9,1,128.6966091,97
12,3,145.506103515625,97
16,2,152.5179619,97
8,1,123.6103457,97
12,1,144.6039267,97
11,1,138.8315702,97
9,2,130.0152856,97
5,2,108.5481193,97
13,1,151.2303283,97
19,2,152.3776067,97
7,2,119.7175518,97
6,1,112.7299127,97
5,3,107.5919723510742,97
6,2,114.3809785,97
5,1,106.6909677,97
10,3,134.5830993652344,97
15,1,161.4381651,97
15,3,156.9277648925781,97
7,3,119.0005340576172,97
17,1,164.8441134,97
13,3,150.5389404296875,97
18,2,152.2930479,97
19,1,165.0814781,97
18,1,165.0678836,97
17,2,152.3977077,97
7,2,118.0059039,98
6,2,112.5731254,98
14,2,152.5057767,98
18,3,161.0631713867188,98
10,1,134.2864436,98
15,1,162.6192521,98
7,1,119.0713582,98
10,2,134.5061706,98
17,1,166.407512,98
12,1,145.2561172,98
5,1,107.7342754,98
18,1,166.8307442,98
14,1,158.2562682,98
17,3,160.7307586669922,98
16,3,159.98681640625,98
5,2,106.7186161,98
6,1,113.6011606,98
9,3,129.0179138183594,98
9,2,128.7072932,98
8,3,123.8036880493164,98
9,1,129.2984458,98
15,3,158.370361328125,98
11,1,139.4269901,98
8,1,124.2644824,98
19,1,167.047405,98
10,3,134.3910064697266,98
15,2,153.8455397,98
19,2,155.1525549,98
12,3,145.7163848876953,98
13,1,151.9952452,98
16,1,165.2028958,98
14,3,155.4773101806641,98
8,2,123.2931021,98
11,2,140.6867535,98
5,3,107.2484359741211,98
18,2,154.8214498,98
7,3,118.5648040771484,98
13,2,150.0947141,98
6,3,113.1105804443359,98
12,2,146.2154633,98
11,3,140.0288696289063,98
16,2,154.4312244,98
13,3,151.0799560546875,98
17,2,154.6536012,98
19,3,161.3938446044922,98
10,2,137.2921458,99
18,3,160.9181823730469,99
7,3,120.6994934082031,99
6,2,114.8265934,99
5,3,108.6238098144531,99
18,2,154.8138387,99
19,3,161.0083312988281,99
16,3,160.7403259277344,99
12,1,147.7004299,99
14,3,157.3142242431641,99
11,3,142.5800018310547,99
6,1,115.0014641,99
9,3,131.5286560058594,99
12,3,148.1486968994141,99
18,1,166.3504089,99
17,2,154.9550667,99
8,2,126.0354362,99
5,2,108.5477961,99
10,1,136.6632681,99
7,1,120.8258809,99
7,2,120.5618842,99
13,1,154.2846744,99
15,1,164.0504271,99
16,2,155.1108908,99
16,1,165.9717495,99
9,2,131.524953,99
13,2,152.1808754,99
10,3,136.9627380371094,99
14,2,154.1708226,99
11,2,143.3381059,99
6,3,114.9177169799805,99
8,1,126.2951263,99
9,1,131.5320873,99
12,2,148.6323717,99
17,1,166.4248272,99
8,3,126.1698684692383,99
11,1,141.8862545,99
17,3,160.9591369628906,99
13,3,153.2765808105469,99
19,1,166.3107865,99
15,3,159.6982574462891,99
15,2,155.0322248,99
5,1,108.6943137,99
19,2,154.8975092,99
14,1,160.2063608,99
17,3,159.4558868408203,100
18,3,159.7563323974609,100
17,2,154.2687292,100
9,1,127.5697398,100
11,1,137.6615914,100
8,2,122.673815,100
16,3,158.7008819580078,100
19,2,154.749508,100
15,3,157.0373382568359,100
16,2,153.9351381,100
6,1,111.9108555,100
6,3,112.0325088500977,100
18,1,165.0238002,100
7,3,117.4269561767578,100
13,3,149.7448577880859,100
12,1,143.4761942,100
10,1,132.5399015,100
5,2,106.4211498,100
13,1,150.1898707,100
12,2,145.3886751,100
15,2,153.1762433,100
8,1,122.5531692,100
13,2,149.2783099,100
19,1,165.3497028,100
14,3,154.1176147460938,100
14,2,151.7253831,100
14,1,156.4085374,100
6,2,112.1589685,100
9,2,128.0051727,100
7,2,117.4833901,100
9,3,127.7824478149414,100
18,2,154.4476233,100
10,3,133.1244201660156,100
8,3,122.6122360229492,100
5,1,106.0463994,100
17,1,164.5349167,100
5,3,106.2300109863281,100
12,3,144.4077911376953,100
15,1,160.7419103,100
11,3,138.7394104003906,100
16,1,163.3053761,100
10,2,133.7386573,100
19,3,160.0379943847656,100
7,1,117.3726747,100
11,2,139.8747742,100
5,1,113.4061054,101
17,3,169.2266540527344,101
13,1,160.6283968,101
18,2,163.120571,101
15,2,162.4368488,101
6,2,120.9791854,101
9,2,137.5340034,101
6,1,119.6091569,101
6,3,120.2432174682617,101
8,1,131.02929,101
16,2,162.9447544,101
18,3,169.4671020507813,101
16,1,173.5360541,101
17,2,163.0620259,101
10,1,141.868873,101
5,2,114.9149784,101
9,3,136.9590301513672,101
15,1,171.2303379,101
7,1,125.4463543,101
7,2,126.5878012,101
10,3,142.5731201171875,101
8,3,131.4845428466797,101
8,2,132.0160682,101
13,2,158.9267811,101
14,3,164.3268127441406,101
11,1,147.4242551,101
12,1,153.6237367,101
7,3,125.9737396240234,101
5,3,114.1058654785156,101
10,2,143.3983078,101
11,2,149.6053404,101
12,2,155.1161131,101
19,2,163.464143,101
17,1,174.4980975,101
18,1,174.9062799,101
14,1,166.9782944,101
15,3,167.1831817626953,101
14,2,161.2150812,101
13,3,159.8456878662109,101
19,3,170.0245971679688,101
19,1,175.660861,101
16,3,168.6584014892578,101
11,3,148.4279937744141,101
12,3,154.3102569580078,101
9,1,136.4675617,101
13,2,157.1191607,102
16,1,172.2600679,102
10,2,141.7255323,102
6,2,119.2780882,102
17,3,166.7334747314453,102
11,2,147.9000047,102
11,1,146.9316257,102
19,1,172.748561,102
5,2,113.1737604,102
9,3,136.1842041015625,102
18,3,166.7553405761719,102
12,1,152.9022478,102
9,2,135.8767267,102
5,3,113.789680480957,102
15,1,170.2556883,102
15,2,160.1766711,102
15,3,165.372802734375,102
18,1,172.7568502,102
6,3,119.8303298950195,102
13,1,159.7347103,102
12,2,153.3639336,102
18,2,160.4428085,102
14,1,166.0026542,102
17,2,160.420821,102
5,1,114.3700171,102
19,3,166.7943115234375,102
16,2,160.3847152,102
17,1,172.711577,102
11,3,147.3999633789063,102
8,2,130.3579656,102
7,3,125.4479904174805,102
13,3,158.4697875976563,102
10,1,141.6246508,102
12,3,153.12548828125,102
8,3,130.8357543945313,102
10,3,141.6734466552734,102
14,3,162.7611846923828,102
19,2,160.5529092,102
6,1,120.3507713,102
16,3,166.4955902099609,102
7,2,124.9147999,102
8,1,131.2849687,102
7,1,125.9505914,102
9,1,136.4724175,102
14,2,159.3037445,102
19,2,163.2390056,103
19,1,175.9786311,103
16,3,165.6685485839844,103
6,2,118.2116934,103
5,3,113.5430068969727,103
10,2,139.2705839,103
8,3,128.8250122070313,103
6,3,118.9005432128906,103
10,3,138.9724273681641,103
13,2,155.0671285,103
17,2,161.3527533,103
8,2,128.3358133,103
18,3,168.4731597900391,103
18,1,174.3940692,103
17,3,167.2029113769531,103
14,2,157.721867,103
13,1,156.0827576,103
15,1,167.2386372,103
7,1,124.5151226,103
7,2,123.3073859,103
7,3,123.9296035766602,103
18,2,162.147452,103
10,1,138.6877725,103
9,3,133.7801361083984,103
9,1,133.9809433,103
13,3,155.5903625488281,103
9,2,133.5706649,103
12,3,150.1564788818359,103
11,1,143.6132454,103
15,2,159.4428566,103
5,2,112.7726798,103
11,3,144.5003814697266,103
16,2,160.555157,103
14,1,162.5117053,103
15,3,163.47998046875,103
14,3,160.1992492675781,103
19,3,169.8227691650391,103
16,1,170.4503514,103
12,2,151.0313589,103
11,2,145.4340149,103
8,1,129.2918987,103
6,1,119.5414592,103
17,1,172.6909181,103
5,1,114.2588615,103
12,1,149.3280627,103
5,3,112.4383850097656,104
16,2,160.3875322,104
12,1,151.5957144,104
19,3,167.7986602783203,104
10,3,140.2098999023438,104
15,3,164.7625885009766,104
17,3,167.470703125,104
12,3,151.8321838378906,104
11,3,146.0029754638672,104
13,2,155.9465494,104
14,2,158.3513092,104
19,1,174.8348959,104
16,1,172.7793552,104
6,1,118.4104506,104
14,1,165.2042084,104
8,2,129.1558166,104
13,3,157.3086395263672,104
9,3,134.6901550292969,104
6,3,118.4081420898438,104
7,1,124.0921332,104
15,1,169.8791114,104
17,1,174.3575947,104
18,2,160.5365742,104
12,2,152.0748081,104
16,3,166.5263214111328,104
6,2,118.4057741,104
7,3,123.9770431518555,104
11,1,145.4710591,104
18,1,174.851323,104
9,2,134.5753533,104
19,2,160.6180502,104
11,2,146.5516431,104
7,2,123.8572666,104
13,1,158.6403941,104
18,3,167.7821502685547,104
14,3,161.7844390869141,104
10,2,140.3745986,104
15,2,159.7350781,104
5,2,112.5228734,104
8,3,129.3411102294922,104
10,1,140.0514058,104
5,1,112.3556052,104
8,1,129.5186439,104
9,1,134.8005448,104
17,2,160.5499864,104
6,3,113.0223693847656,105
12,3,142.9682159423828,105
13,2,147.6832203,105
11,1,137.0298558,105
10,1,132.5689091,105
12,1,142.1837018,105
14,2,150.3832374,105
7,1,118.5760379,105
5,1,107.0732388,105
12,2,143.8308082,105
5,2,107.1936339,105
6,1,113.1410019,105
11,3,137.7684936523438,105
7,3,118.2810287475586,105
18,2,155.1705973,105
15,2,152.3876156,105
16,1,162.2503066,105
19,3,161.1185302734375,105
9,1,128.1463808,105
9,2,127.5942064,105
19,2,155.1781714,105
9,3,127.883415222168,105
10,3,132.7026672363281,105
16,2,153.824056,105
18,1,165.9856801,105
18,3,160.8450469970703,105
14,3,152.5077056884766,105
16,3,158.2391662597656,105
13,3,148.0586242675781,105
17,1,164.5644458,105
17,2,154.7357344,105
7,2,117.9573555,105
8,3,123.1532363891602,105
11,2,138.5804571,105
8,2,122.7415713,105
10,2,132.8497119,105
6,2,112.8924717,105
15,3,155.8577270507813,105
14,1,154.4363642,105
8,1,123.5277123,105
19,1,166.4952701,105
17,3,159.8870849609375,105
5,3,107.1307373046875,105
15,1,159.007587,105
13,1,148.3997796,105
6,2,112.8765191,106
5,1,107.8284746,106
9,2,127.8831623,106
15,2,153.0193746,106
9,1,127.5706289,106
15,1,160.5216521,106
8,2,122.7666375,106
16,2,153.8967981,106
10,3,132.8670959472656,106
18,3,160.3356781005859,106
10,1,132.3003802,106
13,3,149.2919616699219,106
17,1,165.1782037,106
8,3,122.8168640136719,106
19,1,166.2576675,106
17,2,154.2714938,106
12,3,143.9482879638672,106
8,1,122.86456,106
15,3,156.8697052001953,106
14,1,155.9711392,106
7,1,118.0782387,106
5,3,107.6915130615234,106
11,1,137.2496582,106
9,3,127.7228851318359,106
18,1,166.0218294,106
18,2,154.3467579,106
19,3,160.4589080810547,106
12,1,142.9585146,106
6,3,112.9932479858398,106
7,3,117.9702835083008,106
11,2,139.5107101,106
16,3,158.7936706542969,106
14,2,151.4384352,106
16,1,163.4382215,106
19,2,154.3551613,106
17,3,159.8680877685547,106
12,2,144.9908731,106
13,2,148.9064565,106
10,2,133.4636369,106
6,1,113.1040491,106
5,2,107.5472636,106
13,1,149.6578191,106
11,3,138.3510131835938,106
7,2,117.8565494,106
14,3,153.764404296875,106
9,3,132.0589294433594,107
14,1,162.1476829,107
15,3,163.2694549560547,107
7,3,121.4270935058594,107
19,3,168.5977630615234,107
5,1,110.6851722,107
6,3,115.9119567871094,107
5,2,109.2717582,107
11,3,143.3533477783203,107
9,2,131.4890992,107
12,3,149.2559967041016,107
18,2,161.1303749,107
7,1,122.2956283,107
13,1,155.4981472,107
15,2,159.1753014,107
10,1,137.5708585,107
15,1,167.1505437,107
10,2,137.5443105,107
12,2,149.9850439,107
7,2,120.5062533,107
18,3,168.0677642822266,107
6,1,116.7178962,107
9,1,132.5973256,107
12,1,148.5668375,107
8,1,127.5457796,107
16,3,165.6187896728516,107
16,1,170.6342513,107
11,1,142.6908169,107
17,1,173.0464796,107
5,3,110.00048828125,107
16,2,160.3322528,107
10,3,137.5579528808594,107
17,3,167.1439514160156,107
13,3,154.93115234375,107
6,2,115.0558793,107
17,2,160.9204763,107
18,1,174.6398723,107
11,2,144.0544105,107
14,2,157.2562861,107
13,2,154.3317698,107
19,1,175.6229328,107
8,3,126.7438430786133,107
8,2,125.8946974,107
14,3,159.7685394287109,107
19,2,161.1837018,107
16,2,157.6412415,108
7,3,122.3284683227539,108
18,3,165.7899780273438,108
12,2,149.2827574,108
12,3,149.5152893066406,108
19,1,173.7936893,108
15,3,162.3229522705078,108
10,2,137.565219,108
8,1,128.7421792,108
10,1,138.7498723,108
19,2,158.748746,108
6,2,115.5858415,108
13,3,154.8909606933594,108
17,3,165.1494903564453,108
14,1,162.8910476,108
13,2,153.1697466,108
14,3,159.3275604248047,108
7,2,121.0421619,108
9,1,133.76942,108
7,1,123.5517748,108
8,2,126.3434385,108
10,3,138.1722412109375,108
11,1,143.8883812,108
11,3,143.8205261230469,108
14,2,155.589728,108
18,2,158.243534,108
6,1,118.077742,108
16,1,170.2987511,108
17,2,157.9603237,108
5,2,109.6971486,108
15,2,156.9725079,108
18,1,173.0186471,108
16,3,164.1177062988281,108
15,1,167.4247598,108
9,2,131.7637424,108
9,3,132.7916412353516,108
5,1,112.2008874,108
11,2,143.7492908,108
8,3,127.5728073120117,108
13,1,156.5316936,108
5,3,110.9807739257813,108
17,1,172.0223657,108
12,1,149.7368923,108
6,3,116.8632583618164,108
19,3,166.4247741699219,108
15,1,170.8809439,109
12,2,154.4599475,109
12,3,154.0767669677734,109
18,2,161.8809092,109
7,1,128.1324365,109
13,2,158.1315979,109
11,2,149.095063,109
17,3,168.523193359375,109
8,1,133.1974507,109
6,1,122.7838075,109
10,2,143.0312834,109
9,3,137.7117462158203,109
14,2,160.2945681,109
7,2,126.5647657,109
18,3,168.8956909179688,109
9,2,137.2989017,109
19,3,169.2717590332031,109
18,1,175.5715017,109
5,2,115.0129696,109
16,2,161.7543897,109
15,3,166.2509918212891,109
6,2,121.029605,109
6,3,121.9289855957031,109
5,1,117.0314176,109
13,1,160.3625237,109
14,1,166.5511411,109
10,3,142.999267578125,109
12,1,153.7125453,109
5,3,116.0510406494141,109
17,1,174.9370935,109
13,3,159.2766723632813,109
8,2,131.8961881,109
16,1,173.5056453,109
11,1,147.9909291,109
9,1,138.1043829,109
15,2,161.395621,109
17,2,161.8110989,109
16,3,167.7577056884766,109
11,3,148.5299224853516,109
7,3,127.3671035766602,109
19,2,162.2225456,109
14,3,163.5057220458984,109
8,3,132.5634307861328,109
10,1,142.9686629,109
19,1,175.9835635,109
7,2,121.8499681,110
6,2,115.7981426,110
10,1,139.0559842,110
13,3,156.9599304199219,110
14,1,164.8571483,110
7,3,121.8829116821289,110
12,2,151.5739286,110
12,1,151.4054872,110
15,1,168.7996589,110
15,3,163.6013488769531,110
8,1,127.6723852,110
8,3,127.6814346313477,110
19,3,165.4543304443359,110
11,2,146.0373375,110
15,2,158.0847068,110
11,1,144.9328547,110
13,1,158.5588752,110
5,2,109.2839075,110
10,3,139.3590698242188,110
5,1,109.8422139,110
16,3,164.5712585449219,110
8,2,127.691032,110
9,2,133.5613943,110
19,2,158.5037434,110
18,1,171.4092815,110
17,2,157.9950125,110
17,1,171.2607061,110
14,2,157.2815087,110
18,3,164.8440246582031,110
16,1,170.6813013,110
9,1,133.362712,110
6,1,116.002801,110
7,1,121.9140368,110
16,2,158.083119,110
12,3,151.4872741699219,110
13,2,155.2654359,110
17,3,164.818603515625,110
18,2,157.9129757,110
10,2,139.679537,110
6,3,115.9032745361328,110
19,1,172.0628269,110
14,3,161.1802673339844,110
9,3,133.4591979980469,110
5,3,109.5707931518555,110
11,3,145.4694061279297,110
10,1,137.8120865,111
19,3,167.2556915283203,111
10,3,137.8713989257813,111
18,2,159.0252042,111
14,3,158.7832794189453,111
16,3,163.9995574951172,111
16,2,158.3402524,111
15,2,157.5135284,111
8,1,128.4393538,111
17,2,158.7479473,111
19,1,174.8389689,111
12,1,148.3715612,111
9,2,132.1587675,111
13,1,155.0866969,111
5,1,113.2819461,111
8,2,126.7947936,111
5,3,111.9344100952148,111
7,3,122.6294937133789,111
7,1,123.6451814,111
17,3,165.3939208984375,111
14,2,156.039613,111
5,2,110.5232465,111
8,3,127.6232528686523,111
12,3,149.0121459960938,111
6,3,117.4665374755859,111
13,3,154.3317260742188,111
12,2,149.6534865,111
11,2,144.1067365,111
16,1,169.5630735,111
6,2,116.2500343,111
11,3,143.4045104980469,111
7,2,121.5823082,111
9,1,133.1267434,111
17,1,171.8995029,111
14,1,161.4933415,111
19,2,159.4624081,111
18,3,166.3685455322266,111
11,1,142.7014569,111
10,2,137.9307433,111
9,3,132.6445617675781,111
15,3,161.9044647216797,111
15,1,166.2457454,111
13,2,153.5721221,111
6,1,118.6302268,111
18,1,173.5667058,111
18,1,173.8880087,112
12,2,151.9439191,112
12,1,149.6411336,112
10,3,139.6552124023438,112
17,3,166.8744201660156,112
10,2,140.0884277,112
7,2,123.5736625,112
7,3,124.4612731933594,112
14,2,158.4881382,112
16,3,165.6119537353516,112
17,1,172.2652638,112
15,2,160.0343193,112
16,1,170.1543932,112
17,2,161.2512851,112
12,3,150.7646179199219,112
5,3,113.7912292480469,112
5,1,115.1032025,112
11,2,146.3279005,112
13,2,155.9377367,112
6,3,119.3076324462891,112
8,3,129.4452819824219,112
5,2,112.4160159,112
6,1,120.3726485,112
10,1,139.2431654,112
19,1,175.4969273,112
19,3,168.7657470703125,112
13,3,156.0982666015625,112
11,3,145.1645355224609,112
11,1,144.0573948,112
18,2,161.4516525,112
14,1,162.5266847,112
6,2,118.1911725,112
15,1,167.0956681,112
9,3,134.4497833251953,112
13,1,156.2514261,112
9,2,134.2578821,112
8,1,130.0227054,112
19,2,161.7446106,112
7,1,125.3073099,112
8,2,128.8387991,112
9,1,134.6323351,112
15,3,163.6432495117188,112
18,3,167.8001708984375,112
16,2,160.8705355,112
14,3,160.5535278320313,112
18,2,159.8550164,113
6,1,118.4373482,113
19,1,174.9625093,113
18,1,174.5842397,113
16,2,159.6686203,113
5,1,112.1870013,113
13,2,155.5918811,113
6,2,117.4285111,113
15,2,159.1473776,113
7,1,124.2292662,113
10,1,140.1039089,113
9,1,134.940893,113
15,3,164.6611785888672,113
16,1,172.0511352,113
13,1,158.2246509,113
19,3,168.2818145751953,113
12,3,151.5414581298828,113
10,2,140.0722158,113
5,3,111.7455749511719,113
11,3,145.7821044921875,113
11,2,146.2757388,113
9,2,134.195187,113
14,1,164.6338876,113
17,3,167.4386749267578,113
12,1,151.3497833,113
7,3,123.7505798339844,113
8,1,129.6879922,113
6,3,117.9881134033203,113
8,2,128.6407492,113
18,3,167.9409942626953,113
19,2,160.1019556,113
9,3,134.6129150390625,113
17,2,159.7912058,113
10,3,140.0899047851563,113
15,1,169.1870758,113
5,2,111.208895,113
13,3,157.0458526611328,113
14,2,157.8967593,113
16,3,166.4589385986328,113
14,3,161.6060333251953,113
17,1,173.739027,113
7,2,123.1451162,113
11,1,145.3882143,113
8,3,129.2275085449219,113
12,2,151.7796938,113
5,2,111.7408039,114
6,2,116.8379536,114
5,3,112.9116744995117,114
14,1,159.2748015,114
9,3,131.9059600830078,114
9,1,132.1078722,114
16,1,166.6952912,114
7,2,121.6869063,114
12,3,147.8556671142578,114
10,1,136.5027198,114
17,2,159.4154784,114
5,1,114.0229279,114
11,2,143.5277392,114
17,3,164.1041107177734,114
15,1,163.7440257,114
7,3,122.5510864257813,114
14,2,155.9739954,114
8,3,127.1735305786133,114
15,3,160.8002166748047,114
13,2,153.2592207,114
10,2,137.3563466,114
17,1,168.6816814,114
11,3,142.3135528564453,114
6,3,117.8582305908203,114
12,2,149.1650507,114
12,1,146.5976744,114
18,3,165.0461273193359,114
19,3,166.0184936523438,114
16,3,162.8087768554688,114
8,1,127.7647288,114
18,2,159.7989159,114
14,3,157.6596374511719,114
9,2,131.6936345,114
8,2,126.5523847,114
13,1,153.098944,114
13,3,153.1773681640625,114
6,1,118.8287128,114
16,2,158.8034012,114
19,1,171.6648048,114
18,1,170.1694245,114
11,1,141.147254,114
15,2,157.7324114,114
19,2,160.2019309,114
7,1,123.3733006,114
10,3,136.9194183349609,114
12,1,142.6717997,115
6,3,112.0763778686523,115
14,3,153.5065612792969,115
16,2,153.1721702,115
19,1,162.7805915,115
8,1,122.1528683,115
14,2,151.6453145,115
8,3,122.6338195800781,115
7,2,117.8876304,115
10,2,134.2027438,115
10,1,131.9509332,115
11,3,138.6026306152344,115
13,1,149.2507858,115
15,2,152.8003604,115
6,2,112.4793807,115
9,2,128.4845824,115
9,1,127.0760919,115
5,3,106.2633743286133,115
17,1,162.5652875,115
19,2,153.0990839,115
17,3,157.9083709716797,115
5,1,105.9085209,115
5,2,106.6325214,115
8,2,123.1318007,115
10,3,133.0590362548828,115
13,2,149.4132017,115
11,2,140.2817626,115
16,3,157.4921569824219,115
7,1,117.0625808,115
15,3,156.1672668457031,115
18,3,157.9474945068359,115
18,1,162.7376117,115
18,2,153.0534519,115
13,3,149.3307342529297,115
17,2,153.1486365,115
15,1,159.428393,115
12,2,145.6853162,115
11,1,136.9741276,115
12,3,144.1555633544922,115
9,3,127.7686767578125,115
7,3,117.4675750732422,115
16,1,161.6929128,115
14,1,155.3099957,115
6,1,111.6886015,115
19,3,158.0131225585938,115
17,2,163.6349333,116
15,2,162.862646,116
8,2,131.034397,116
17,3,171.0883483886719,116
9,3,137.8387298583984,116
12,3,155.1170806884766,116
10,2,142.8748237,116
19,2,163.6704906,116
7,1,127.9669573,116
14,1,168.5610445,116
15,1,173.1698594,116
9,1,138.832369,116
11,3,149.2896270751953,116
8,3,132.3060150146484,116
8,1,133.5219573,116
17,1,177.860665,116
16,1,176.1088003,116
11,1,149.3041311,116
5,2,112.94007,116
13,2,158.9657438,116
14,3,165.1572570800781,116
18,1,178.697021,116
6,1,122.0334042,116
15,3,168.2552947998047,116
18,3,171.4956207275391,116
5,3,114.294075012207,116
7,2,125.3242436,116
7,3,126.6740951538086,116
16,3,170.1097412109375,116
11,2,149.2742442,116
18,2,163.6062882,116
13,3,160.6082000732422,116
9,2,136.7963542,116
13,1,162.129605,116
12,1,155.2557316,116
19,3,171.6250457763672,116
5,1,115.5901632,116
16,2,163.5044918,116
12,2,154.9687853,116
6,3,120.7384796142578,116
10,3,143.4624176025391,116
10,1,144.0200517,116
19,1,178.9571414,116
6,2,119.387028,116
14,2,161.4485863,116
10,1,139.1324876,118
6,2,117.2451355,118
18,2,156.9384073,118
6,1,118.0580745,118
14,1,162.2271672,118
9,2,133.7128106,118
13,2,154.1469355,118
7,3,123.3292694091797,118
19,3,163.5393829345703,118
9,3,133.9341125488281,118
8,3,128.6846466064453,118
7,2,122.9044072,118
18,3,163.2447052001953,118
12,2,150.6289611,118
12,3,150.2643737792969,118
11,3,144.7844848632813,118
16,1,167.9267121,118
14,3,159.3313293457031,118
8,2,128.3001814,118
15,2,157.050197,118
17,3,163.2021942138672,118
15,1,165.9969471,118
15,3,161.7701721191406,118
5,3,111.5009002685547,118
17,1,168.6428087,118
11,2,145.3851861,118
13,3,155.3222808837891,118
16,3,162.8908538818359,118
13,1,156.4026937,118
19,2,157.0637126,118
9,1,134.1378759,118
12,1,149.9267481,118
5,1,111.9300867,118
11,1,144.228768,118
19,1,169.2035,118
6,3,117.6692123413086,118
10,2,139.4042539,118
16,2,157.2460902,118
10,3,139.2629547119141,118
7,1,123.7192621,118
18,1,168.828663,118
5,2,111.0375624,118
14,2,156.1325794,118
17,2,157.095335,118
8,1,129.0383714,118
13,1,155.4349095,119
8,3,126.5946960449219,119
6,2,113.4245359,119
8,2,124.0618699,119
10,1,138.3905839,119
16,2,154.5902422,119
11,1,143.3420433,119
5,3,110.3637237548828,119
13,3,153.1802673339844,119
12,1,148.957426,119
12,3,147.9469146728516,119
14,2,152.9060189,119
9,3,131.6806945800781,119
17,2,154.5482072,119
17,3,162.2747650146484,119
6,3,116.1328277587891,119
9,1,133.5871153,119
19,3,162.6030426025391,119
16,1,167.3725323,119
9,2,129.4346648,119
18,1,167.9543044,119
7,3,121.4765625,119
5,2,107.6151181,119
11,3,142.4036712646484,119
19,2,154.2846913,119
8,1,128.7358366,119
5,1,112.7221996,119
15,3,160.2238006591797,119
11,2,141.3221244,119
14,3,157.4365844726563,119
13,2,150.6048968,119
12,2,146.7942572,119
10,2,135.1896849,119
10,3,136.9142150878906,119
18,3,162.4340515136719,119
19,1,167.8666326,119
15,1,165.2612609,119
14,1,161.3311575,119
7,1,123.7209664,119
18,2,154.3843082,119
6,1,118.4237057,119
16,3,161.7401123046875,119
7,2,118.8152938,119
17,1,167.9853215,119
15,2,154.1487981,119
12,2,150.6030564,120
7,1,119.8397068,120
9,3,131.5621795654297,120
13,1,153.3223057,120
6,3,115.5652008056641,120
8,3,126.3026504516602,120
8,2,127.5558445,120
13,3,153.9402160644531,120
14,3,158.5384063720703,120
17,1,169.4417875,120
11,3,142.6709899902344,120
19,2,159.8935082,120
10,3,136.9745025634766,120
13,2,154.6018896,120
18,1,170.3729509,120
5,1,108.3283491,120
14,2,157.167044,120
15,3,161.7271270751953,120
17,2,159.8523429,120
11,1,140.4936774,120
14,1,159.8178719,120
5,3,109.7096557617188,120
9,2,132.9635844,120
9,1,130.2415029,120
10,2,138.768854,120
16,1,167.5758554,120
8,1,125.1252965,120
12,1,146.4234113,120
6,2,116.9335256,120
16,2,159.5577338,120
5,2,111.1847202,120
18,2,159.8755244,120
6,1,114.280304,120
15,1,164.5236166,120
7,3,121.0302429199219,120
16,3,163.7001342773438,120
19,1,170.6720031,120
10,1,135.2863056,120
18,3,165.2750244140625,120
11,2,144.9927114,120
12,3,148.4435424804688,120
17,3,164.7972412109375,120
15,2,158.7313906,120
7,2,122.2985659,120
19,3,165.4247589111328,120
11,2,140.0610357,121
9,2,128.144571,121
17,3,159.4717712402344,121
12,3,143.6832580566406,121
8,2,122.7572939,121
10,3,132.3326568603516,121
13,1,148.7265086,121
14,3,153.49267578125,121
15,1,159.7193402,121
6,2,112.0688899,121
6,1,110.0145469,121
14,1,155.1230854,121
17,2,154.1180151,121
11,1,136.0101189,121
13,3,149.0564575195313,121
16,3,158.3657531738281,121
19,3,160.8304595947266,121
8,3,121.7243118286133,121
18,2,154.3117472,121
9,3,126.9465637207031,121
19,2,154.7139858,121
18,1,165.7934252,121
19,1,166.6975031,121
9,1,125.8069212,121
7,1,115.5180447,121
10,2,133.9123898,121
5,3,105.1337890625,121
11,3,137.9865417480469,121
12,2,145.5561445,121
14,2,151.784545,121
15,2,153.1528266,121
7,3,116.4787216186523,121
13,2,149.4023841,121
16,1,162.6998817,121
5,1,104.1106322,121
5,2,106.2141771,121
17,1,164.5951264,121
8,1,120.7424676,121
16,2,153.8327124,121
10,1,130.8289559,121
12,1,141.8976384,121
18,3,160.1757202148438,121
7,2,117.49057,121
6,3,111.0143890380859,121
15,3,156.5110626220703,121
12,1,142.3169924,122
5,3,105.2472457885742,122
14,1,155.2828539,122
19,1,164.3637755,122
8,1,121.425846,122
11,2,139.5077193,122
13,1,149.0332225,122
18,2,152.3898225,122
8,2,122.2522242,122
11,3,137.9799957275391,122
8,3,121.8283004760742,122
17,1,163.7889034,122
12,2,144.9318446,122
19,3,158.3489227294922,122
13,2,148.6748125,122
15,3,155.9414215087891,122
10,1,131.4027199,122
16,1,162.3459346,122
15,1,159.6726334,122
5,2,105.5942044,122
6,3,111.1324005126953,122
9,1,126.439554,122
7,1,116.2479824,122
18,1,164.305965,122
9,3,127.0284423828125,122
10,2,133.4008946,122
10,3,132.3788146972656,122
16,2,152.5203274,122
5,1,104.9188205,122
6,1,110.7857,122
17,2,152.4989331,122
14,3,153.1366577148438,122
7,3,116.5941467285156,122
11,1,136.5157508,122
12,3,143.5988616943359,122
19,2,152.3889602,122
14,2,150.9161262,122
7,2,116.9593553,122
6,2,111.4983368,122
9,2,127.6471591,122
13,3,148.8572540283203,122
16,3,157.4860534667969,122
18,3,158.3535919189453,122
17,3,158.1776580810547,122
15,2,152.0979803,122
18,1,173.8090108,123
9,2,134.8597077,123
12,1,151.3593996,123
14,3,161.40673828125,123
11,3,146.0958099365234,123
6,1,119.7540938,123
8,2,129.5192632,123
8,3,129.9752502441406,123
17,3,166.7765655517578,123
19,3,168.1063079833984,123
15,3,164.2646942138672,123
10,1,140.4003331,123
9,1,135.4287162,123
11,2,146.6912974,123
12,2,152.1501574,123
16,3,165.8875427246094,123
10,3,140.4900207519531,123
15,1,168.8090831,123
5,3,113.5205383300781,123
5,1,113.8801087,123
15,2,159.4979665,123
8,1,130.4085272,123
19,2,161.2175424,123
12,3,151.7450714111328,123
13,1,158.1104574,123
14,1,164.3951236,123
6,2,118.9359515,123
7,3,124.7751083374023,123
18,3,167.392578125,123
19,1,174.6881165,123
7,1,125.2237695,123
9,3,135.1514129638672,123
16,1,171.4443613,123
18,2,160.6747735,123
17,1,172.8996657,123
11,1,145.52914,123
6,3,119.355712890625,123
10,2,140.5843222,123
7,2,124.3027382,123
5,2,113.1413779,123
13,2,155.9583377,123
13,3,157.0606079101563,123
14,2,158.2701841,123
17,2,160.3656543,123
16,2,160.0653048,123
9,2,130.9022196,124
13,3,152.5674133300781,124
9,3,131.1739501953125,124
14,1,159.2453543,124
9,1,131.4364514,124
12,1,146.5070663,124
19,2,158.4350097,124
12,2,148.1868134,124
10,3,136.3498687744141,124
14,2,154.4874691,124
15,1,163.6915386,124
10,2,136.6030375,124
6,3,116.0225601196289,124
7,3,121.2151031494141,124
16,3,161.7918853759766,124
17,1,168.657547,124
13,2,152.0520821,124
7,2,120.4892417,124
16,2,156.7681395,124
17,3,163.0738525390625,124
13,1,153.0625916,124
6,2,115.2128146,124
8,1,126.7464626,124
17,2,157.2611308,124
19,1,171.6956401,124
18,1,170.1970576,124
6,1,116.8024074,124
18,3,164.0863342285156,124
11,1,140.9403371,124
15,2,155.9446673,124
14,3,156.9119262695313,124
8,2,125.620441,124
11,3,141.8061981201172,124
11,2,142.7065169,124
16,1,166.6347027,124
7,1,121.9158684,124
5,2,109.5101619,124
8,3,126.1927108764648,124
18,2,157.7128378,124
10,1,136.1063758,124
12,3,147.3308258056641,124
15,3,159.8889007568359,124
5,3,110.4152221679688,124
5,1,111.2850985,124
19,3,165.1983337402344,124
7,1,119.4159781,125
18,3,160.6284942626953,125
6,2,111.3386928,125
15,2,152.4523772,125
16,2,153.3087137,125
8,2,121.9817138,125
16,3,158.7669677734375,125
11,2,139.1418749,125
17,1,165.6098339,125
14,1,156.8141175,125
17,3,159.8985137939453,125
5,2,105.4537428,125
9,2,127.3185442,125
13,1,150.7504116,125
11,1,138.7889058,125
9,1,129.264885,125
7,2,116.7509456,125
18,1,166.6455779,125
10,3,133.5153961181641,125
9,3,128.3168029785156,125
8,1,124.4556837,125
19,1,167.3251134,125
12,1,144.2943139,125
12,2,144.6224953,125
6,3,112.7063598632813,125
7,3,118.1150131225586,125
11,3,138.9603118896484,125
13,3,149.6560363769531,125
12,3,144.45361328125,125
15,1,161.130474,125
17,2,153.7945935,125
16,1,163.8875082,125
19,3,161.2650146484375,125
8,3,123.2490997314453,125
5,1,108.1109925,125
18,2,154.1877069,125
13,2,148.4931804,125
14,3,153.9752960205078,125
5,3,106.8126449584961,125
10,2,133.034739,125
19,2,154.7706078,125
14,2,150.951248,125
6,1,114.0123196,125
15,3,156.9271697998047,125
10,1,133.9705087,125
10,2,140.1548876,126
8,2,128.8733341,126
12,1,148.17543,126
11,1,142.1225282,126
10,3,138.4708099365234,126
18,3,167.1973114013672,126
17,2,160.6277227,126
12,2,151.9114867,126
13,3,155.507080078125,126
13,2,155.8091525,126
19,3,168.0718841552734,126
8,3,127.6241836547852,126
12,3,150.0516357421875,126
14,1,161.8326412,126
15,1,166.6926736,126
17,1,172.1588657,126
6,3,116.6774215698242,126
7,3,122.2610626220703,126
9,2,134.3253862,126
11,3,144.2456512451172,126
5,1,109.2724447,126
9,3,132.96533203125,126
14,2,158.23204,126
16,2,160.3253617,126
8,1,126.3963687,126
19,2,161.2777263,126
15,3,163.1286163330078,126
17,3,166.3238983154297,126
15,2,159.6272329,126
19,1,175.0450534,126
14,3,160.0186309814453,126
18,2,160.8430804,126
13,1,155.2012126,126
7,1,121.0117718,126
16,3,165.0897521972656,126
10,1,136.791663,126
5,3,110.6772766113281,126
5,2,112.1325241,126
6,2,118.0515323,126
11,2,146.3607731,126
18,1,173.7188042,126
16,1,169.9556258,126
7,2,123.540003,126
6,1,115.3431187,126
9,1,131.619332,126
5,2,106.3817743,127
13,2,149.1815205,127
17,2,153.5378642,127
9,1,126.3751699,127
15,1,159.5717753,127
12,1,142.066633,127
7,3,117.0448226928711,127
15,3,156.2051849365234,127
8,2,122.6626449,127
12,2,145.3757398,127
9,2,128.0146116,127
14,1,155.108272,127
11,2,139.9020019,127
7,1,116.6522652,127
13,3,148.9925384521484,127
14,2,151.4944264,127
6,1,111.5475966,127
18,1,164.7444429,127
16,2,153.3358818,127
14,3,153.3267669677734,127
16,1,162.342545,127
10,1,131.2198568,127
8,3,122.101188659668,127
18,2,153.6973193,127
17,1,163.9258185,127
12,3,143.6963500976563,127
15,2,152.7626666,127
19,3,159.74462890625,127
5,1,106.1325807,127
18,3,159.2723541259766,127
7,2,117.4516362,127
6,3,111.8257904052734,127
17,3,158.7747039794922,127
10,3,132.4727783203125,127
9,3,127.181022644043,127
5,3,106.2548675537109,127
13,1,148.8091802,127
19,1,165.2326888,127
11,3,138.0599670410156,127
16,3,157.8782806396484,127
19,2,154.144211,127
8,1,121.5589929,127
6,2,112.1143978,127
11,1,136.2752868,127
10,2,133.7668946,127
6,3,118.4765853881836,128
6,2,118.2628899,128
5,2,112.310572,128
5,1,112.8379314,128
17,3,166.2087860107422,128
11,3,145.4036407470703,128
5,3,112.57958984375,128
6,1,118.6828551,128
14,3,160.7249450683594,128
13,1,156.8151143,128
15,3,163.6263122558594,128
19,2,160.7157302,128
12,3,151.0560913085938,128
14,1,163.0842233,128
13,2,155.9033955,128
15,1,167.5043771,128
9,2,134.5678098,128
7,3,123.9496765136719,128
17,1,171.8274924,128
8,1,129.2774701,128
7,2,123.772983,128
8,3,129.1983032226563,128
8,2,129.1166612,128
17,2,160.2807415,128
19,3,168.9939422607422,128
13,3,156.3687438964844,128
12,2,152.0638298,128
9,1,134.2706791,128
16,2,160.1051559,128
14,2,158.2544085,128
18,1,172.6652048,128
16,1,170.2467528,128
7,1,124.1213632,128
15,2,159.5522032,128
12,1,150.0906152,128
16,3,165.2839508056641,128
10,3,139.7834930419922,128
18,2,160.401706,128
18,3,167.2099456787109,128
9,3,134.4164886474609,128
11,1,144.2994423,128
11,2,146.5574633,128
19,1,173.2724105,128
10,1,139.2094836,128
10,2,140.3816004,128
16,2,157.2738384,129
17,1,168.1914788,129
13,1,151.3959387,129
13,3,151.9579010009766,129
7,3,119.6877212524414,129
9,2,131.3908222,129
8,2,126.1193291,129
10,1,133.6033286,129
12,3,146.5596008300781,129
5,2,110.1431754,129
11,1,138.7083861,129
14,2,154.9919744,129
12,1,144.548997,129
12,2,148.6692031,129
14,3,156.4772644042969,129
15,3,159.6425170898438,129
6,3,114.3147888183594,129
13,2,152.545688,129
18,3,164.1670227050781,129
17,3,163.1303405761719,129
5,1,106.9945579,129
9,3,129.9841156005859,129
15,2,156.4574146,129
18,2,158.1600141,129
7,1,118.4418441,129
19,1,170.6654708,129
16,3,161.7212219238281,129
6,2,115.771972,129
18,1,169.6755392,129
10,2,137.0782405,129
19,3,165.1015930175781,129
15,1,162.698712,129
8,1,123.6373767,129
5,3,108.5260238647461,129
7,2,121.004589,129
11,2,143.1809692,129
10,3,135.2948150634766,129
8,3,124.844123840332,129
6,1,112.9357967,129
11,3,140.8879547119141,129
17,2,157.7410343,129
19,2,158.8377261,129
16,1,165.9612265,129
14,1,157.901894,129
9,1,128.6519223,129
15,2,160.0933567,130
15,1,168.8125877,130
13,1,158.2896785,130
19,1,173.4965252,130
5,3,113.326042175293,130
19,3,167.9412841796875,130
12,2,152.4679382,130
16,1,171.3571932,130
14,3,161.7927551269531,130
9,3,135.2623291015625,130
15,3,164.6900939941406,130
16,3,166.3224182128906,130
7,1,125.5576997,130
6,3,119.2425384521484,130
8,2,129.2719496,130
14,1,164.4972284,130
14,2,158.7828906,130
17,2,160.8486557,130
19,2,161.3047179,130
18,2,161.0055392,130
7,2,123.8815291,130
7,3,124.7382278442383,130
6,2,118.3340239,130
11,3,146.3341674804688,130
18,3,167.5592346191406,130
6,1,120.1083374,130
16,2,160.6382581,130
13,2,156.3726407,130
10,1,140.6891427,130
9,1,135.7311606,130
8,3,130.0121459960938,130
10,3,140.6711120605469,130
8,1,130.725353,130
12,1,151.5931585,130
10,2,140.652375,130
18,1,173.1221814,130
17,3,167.1517639160156,130
13,3,157.3739929199219,130
11,2,146.8944801,130
5,2,112.3546777,130
9,2,134.7767953,130
12,3,152.0164337158203,130
11,1,145.7995699,130
5,1,114.2573593,130
17,1,172.5971121,130
18,3,169.1179656982422,131
8,1,132.089302,131
13,2,159.2730298,131
9,2,137.5466195,131
14,3,165.3973388671875,131
16,2,162.5234238,131
5,3,113.1679611206055,131
15,2,162.3065832,131
10,2,143.6524015,131
11,1,149.473405,131
10,3,143.6378784179688,131
18,1,175.186113,131
13,1,162.9310233,131
7,2,125.816161,131
7,1,126.1315544,131
9,3,137.7224731445313,131
16,1,174.8255055,131
17,2,162.4559884,131
9,1,137.8877539,131
14,2,161.3728035,131
5,2,113.0037709,131
12,2,155.5393049,131
6,2,119.6793468,131
5,1,113.324402,131
8,3,131.8925933837891,131
15,3,167.8686370849609,131
11,3,149.7274169921875,131
16,3,168.9225311279297,131
19,1,175.5218658,131
18,2,162.5420967,131
14,1,169.1416378,131
17,3,169.1185913085938,131
6,3,119.7992248535156,131
12,3,155.7111511230469,131
8,2,131.6840261,131
10,1,143.6241971,131
12,1,155.8723899,131
6,1,119.9131464,131
7,3,125.9781494140625,131
19,3,169.637451171875,131
19,2,163.22541,131
11,2,149.9968429,131
13,3,161.1651153564453,131
15,1,173.0216873,131
17,1,175.2607527,131
19,1,168.0746406,132
17,2,155.2770586,132
12,2,146.0889189,132
18,3,161.4940490722656,132
15,3,157.6675415039063,132
6,3,110.9326019287109,132
11,1,136.753102,132
5,3,104.947639465332,132
10,2,134.2309789,132
15,2,154.0964478,132
8,1,120.8765644,132
19,3,162.0599822998047,132
18,1,167.3185316,132
6,2,112.1839503,132
16,3,159.6303100585938,132
11,3,138.5952911376953,132
10,1,131.3715963,132
14,3,154.5204620361328,132
6,1,109.7306168,132
9,3,127.250114440918,132
5,1,103.6154257,132
13,2,150.0644949,132
14,2,152.5856418,132
12,3,144.4446258544922,132
12,1,142.8348005,132
10,3,132.7846527099609,132
9,2,128.3812273,132
8,3,121.8905181884766,132
7,3,116.5154571533203,132
16,1,164.2454192,132
17,1,166.1745892,132
14,1,156.4148933,132
11,2,140.4785989,132
7,1,115.4439231,132
17,3,160.7963562011719,132
5,2,106.3348894,132
18,2,155.5069381,132
7,2,117.6238928,132
8,2,122.9318361,132
19,2,155.8757964,132
13,1,149.8476658,132
13,3,149.9549560546875,132
15,1,161.1606718,132
9,1,126.1467098,132
16,2,154.9041716,132
18,1,170.7221492,133
8,2,126.7398752,133
16,1,168.2736893,133
14,1,161.2097915,133
9,1,132.374811,133
11,2,144.2218261,133
15,3,161.5849151611328,133
5,1,110.6536748,133
9,2,132.2210649,133
16,2,158.021124,133
11,3,143.2916870117188,133
6,3,116.2331466674805,133
18,3,164.8743896484375,133
16,3,163.2552185058594,133
5,2,109.939771,133
9,3,132.2998962402344,133
13,3,154.3111572265625,133
17,3,164.2010345458984,133
8,1,127.3127817,133
19,3,165.6429443359375,133
7,1,122.0853733,133
10,2,138.0299193,133
13,1,154.9306982,133
10,3,137.6631011962891,133
19,2,159.3794885,133
15,1,165.6228413,133
15,2,157.3682751,133
14,3,158.6922760009766,133
7,3,121.7428970336914,133
6,2,115.8749657,133
8,3,127.0337219238281,133
14,2,156.0598844,133
12,1,148.2007811,133
6,1,116.5731731,133
17,1,169.7676054,133
13,2,153.6625662,133
11,1,142.4062999,133
10,1,137.3143792,133
19,1,171.6420138,133
18,2,158.7787173,133
17,2,158.4001111,133
12,3,148.9644927978516,133
7,2,121.3821582,133
12,2,149.7652168,133
5,3,110.3058166503906,133
8,1,131.8515244,134
8,2,131.1274946,134
12,2,154.208298,134
5,3,113.0282287597656,134
7,1,126.1713378,134
13,3,159.3355102539063,134
16,1,173.0278944,134
15,2,160.5428064,134
10,1,142.6112298,134
5,2,112.4368939,134
15,3,165.9841918945313,134
9,2,136.8376589,134
19,2,160.6953329,134
6,2,119.2164059,134
10,2,142.7527213,134
9,3,137.0734252929688,134
7,2,125.3491837,134
9,1,137.290283,134
14,3,163.4640960693359,134
18,3,167.2873687744141,134
17,2,160.4875685,134
16,3,167.1235809326172,134
13,2,157.7469945,134
12,1,154.0182603,134
11,3,148.4308471679688,134
16,2,160.650964,134
18,2,160.3896212,134
19,3,167.3218383789063,134
15,1,170.9284171,134
14,2,159.6994488,134
17,3,167.3775482177734,134
19,1,173.5286917,134
18,1,173.6120916,134
5,1,113.5803775,134
6,3,119.6862640380859,134
7,3,125.7750930786133,134
10,3,142.6789245605469,134
11,1,148.0185345,134
14,1,166.9024239,134
17,1,173.6940356,134
8,3,131.5040588378906,134
6,1,120.1239355,134
13,1,160.7911624,134
11,2,148.8822375,134
12,3,154.1089782714844,134
18,3,162.5047760009766,135
14,2,154.2011869,135
10,2,135.8070939,135
6,2,113.6101329,135
7,3,119.6796951293945,135
19,3,163.1750183105469,135
9,1,130.1339703,135
12,2,147.677066,135
16,3,160.8143310546875,135
16,1,165.3928441,135
8,1,125.2734975,135
18,2,157.5071392,135
7,1,120.2536564,135
8,2,124.4651833,135
5,1,109.2610451,135
15,3,159.05859375,135
17,3,161.8453369140625,135
8,3,124.8676605224609,135
5,3,108.4638824462891,135
14,1,158.403251,135
10,3,135.3777465820313,135
18,1,167.699226,135
9,2,129.9424425,135
16,2,156.6132594,135
15,2,155.7431386,135
12,3,146.6416625976563,135
7,2,119.113223,135
6,3,114.2780151367188,135
10,1,134.949239,135
9,3,130.0380401611328,135
13,2,151.662288,135
13,3,151.9398498535156,135
19,1,168.431278,135
15,1,162.7365243,135
12,1,145.6072128,135
13,1,152.2282969,135
5,2,107.6762286,135
17,2,157.1037892,135
14,3,156.2029571533203,135
6,1,114.9569045,135
11,1,139.9241182,135
11,2,142.0612504,135
11,3,140.9902191162109,135
17,1,166.8755682,135
19,2,158.1217805,135
19,1,171.611156,136
9,2,134.1042318,136
7,3,122.6070861816406,136
8,3,127.9833221435547,136
16,2,159.6911538,136
18,1,171.703823,136
9,3,133.3553924560547,136
10,1,137.8565422,136
7,2,123.1651288,136
6,2,117.592777,136
7,1,122.0809252,136
11,2,146.1966453,136
6,1,116.5317581,136
13,1,156.3327869,136
11,1,143.2515908,136
17,2,159.6763047,136
14,3,160.4288177490234,136
9,1,132.6494152,136
12,3,150.5072631835938,136
15,1,167.3277474,136
18,3,165.7842559814453,136
13,2,155.5884362,136
17,1,171.3965234,136
18,2,159.5044056,136
8,1,127.4196094,136
15,3,163.3701019287109,136
17,3,165.6999664306641,136
19,2,159.417654,136
19,3,165.6986389160156,136
5,2,111.5920563,136
12,1,149.3457976,136
10,3,138.8830261230469,136
14,1,162.7979548,136
11,3,144.681396484375,136
5,3,111.1130218505859,136
6,3,117.0465774536133,136
10,2,139.9718605,136
5,1,110.6615807,136
13,3,155.970947265625,136
16,3,165.0052947998047,136
8,2,128.5810072,136
12,2,151.7367655,136
15,2,159.1938697,136
16,1,170.0394071,136
14,2,157.9274882,136
6,1,105.4488161,137
6,2,109.6881928,137
5,2,103.9754388,137
13,1,143.5257645,137
18,3,155.6810913085938,137
11,3,134.0018615722656,137
11,1,131.0323995,137
10,1,125.9371836,137
18,1,159.3967482,137
19,2,152.7123349,137
14,1,149.7602505,137
7,3,112.8720932006836,137
18,2,151.8718087,137
13,3,144.8936462402344,137
15,3,152.1714324951172,137
15,1,154.1496774,137
12,2,142.5098557,137
10,3,128.4315948486328,137
16,2,150.8926095,137
19,3,156.4652252197266,137
14,2,148.6981198,137
5,1,99.6204635,137
13,2,146.3187736,137
17,1,158.4744241,137
16,3,153.9406433105469,137
10,2,131.0222068,137
9,2,125.3639495,137
8,1,116.0169168,137
9,1,120.9990757,137
14,3,149.2406005859375,137
12,3,139.6117248535156,137
19,1,160.1305426,137
11,2,137.0804892,137
5,3,101.746826171875,137
7,2,114.969031,137
8,3,118.0132675170898,137
12,1,136.8212096,137
16,1,156.8736801,137
17,2,151.3732426,137
17,3,154.9790191650391,137
6,3,107.5168914794922,137
8,2,120.1011447,137
9,3,123.1367797851563,137
7,1,110.8738577,137
15,2,150.1071958,137
15,3,162.2403106689453,138
14,3,158.9570617675781,138
18,3,167.1985931396484,138
17,2,160.7687006,138
11,3,143.1255493164063,138
12,3,148.8264465332031,138
16,2,159.8573486,138
10,2,137.865647,138
16,1,168.7080748,138
16,3,164.4122467041016,138
19,2,162.8271298,138
6,1,117.853701,138
9,1,132.4928597,138
10,1,137.2238002,138
8,1,127.7604393,138
18,2,161.6587872,138
11,1,142.1566067,138
5,1,112.4519897,138
6,2,116.1967689,138
14,1,160.9413883,138
7,2,121.4659515,138
5,2,110.5665158,138
8,3,127.2149963378906,138
9,3,132.2664489746094,138
17,1,170.8854094,138
15,1,165.5845689,138
12,1,147.8577182,138
6,3,117.0390472412109,138
19,1,174.3725659,138
8,2,126.6525578,138
10,3,137.5375213623047,138
13,1,154.5749887,138
12,2,149.8724118,138
7,1,122.9187201,138
5,3,111.526969909668,138
18,1,172.6057418,138
11,2,144.1547421,138
19,3,168.6438903808594,138
13,3,154.3113555908203,138
15,2,158.6289902,138
13,2,154.0239416,138
17,3,165.9256591796875,138
7,3,122.203369140625,138
14,2,156.7929539,138
9,2,132.0319186,138
7,2,124.0740922,139
16,3,167.1329956054688,139
10,2,140.1929015,139
13,3,157.4962921142578,139
12,1,152.0528584,139
7,3,124.7790908813477,139
15,2,160.0158156,139
17,1,174.8892787,139
16,1,173.1108368,139
13,1,158.98313,139
5,1,114.1918585,139
17,3,168.2318420410156,139
19,1,176.3558226,139
13,2,155.9317444,139
11,2,146.3731593,139
19,3,169.2380065917969,139
7,1,125.450813,139
9,1,135.7581137,139
18,3,168.8205718994141,139
14,2,158.4740042,139
8,3,129.9341888427734,139
6,3,119.4704513549805,139
11,1,146.0776931,139
10,3,140.5184936523438,139
12,2,151.9549014,139
19,2,161.80204,139
15,1,170.1391928,139
5,3,113.8177108764648,139
8,2,129.164494,139
14,1,165.4775783,139
16,2,160.8543072,139
17,2,161.2503055,139
18,2,161.4739128,139
18,1,175.8393176,139
15,3,165.2045440673828,139
12,3,152.005126953125,139
11,3,146.2216949462891,139
10,1,140.828116,139
9,3,135.1223297119141,139
9,2,134.4538571,139
8,1,130.6667612,139
6,2,118.9171429,139
5,2,113.4250934,139
6,1,119.9976663,139
14,3,162.0647430419922,139
12,2,152.7646781,140
12,1,153.1959512,140
10,2,141.4715382,140
10,3,142.3176422119141,140
13,2,156.3680188,140
9,2,135.8047292,140
5,3,116.4756698608398,140
18,3,167.6442718505859,140
17,1,173.1519663,140
16,2,159.8671212,140
14,3,161.9871368408203,140
11,3,147.6424255371094,140
11,1,147.8121958,140
9,1,138.64323,140
7,3,127.3303756713867,140
6,3,122.1215896606445,140
7,2,125.1923304,140
8,1,134.1083515,140
6,2,119.7086912,140
16,3,165.9620819091797,140
15,1,169.4714702,140
15,3,164.5636444091797,140
11,2,147.4674494,140
17,2,159.9269514,140
10,1,143.1436812,140
8,3,132.3021545410156,140
9,3,137.2361450195313,140
18,2,160.0386511,140
8,2,130.4657214,140
16,1,171.8708576,140
6,1,124.4784075,140
5,2,113.734553,140
5,1,119.1449156,140
13,1,159.5270508,140
19,2,160.5303006,140
15,2,159.5081093,140
19,1,174.0772556,140
19,3,168.4677429199219,140
13,3,157.9669647216797,140
14,2,158.4628829,140
18,1,173.7144124,140
12,3,152.9833068847656,140
17,3,166.8403015136719,140
7,1,129.4262805,140
14,1,165.4167488,140
8,1,128.4085012,141
18,1,170.5437825,141
10,1,138.0729981,141
6,1,118.0369146,141
5,3,111.8049240112305,141
17,1,169.8566556,141
19,2,160.2883173,141
6,2,117.1516272,141
13,1,155.2934808,141
8,2,127.9083599,141
14,2,157.1237245,141
6,3,117.6097717285156,141
10,2,139.1125619,141
19,1,170.9421714,141
9,1,133.2727457,141
7,1,123.3648555,141
16,3,163.9457244873047,141
16,2,159.2654807,141
10,3,138.5774383544922,141
8,3,128.1665802001953,141
9,2,133.324254,141
11,2,145.2848891,141
7,2,122.6048054,141
11,3,144.1258239746094,141
18,3,165.3248291015625,141
17,2,159.6011141,141
15,2,158.5377829,141
18,2,159.8416582,141
17,3,164.8561096191406,141
15,1,165.764168,141
14,3,159.3424682617188,141
15,3,162.2433929443359,141
5,2,111.2716449,141
19,3,165.744873046875,141
13,3,155.003662109375,141
9,3,133.2976989746094,141
11,1,143.0303639,141
12,2,150.8119786,141
16,1,168.3953644,141
14,1,161.448713,141
5,1,112.3011397,141
7,3,122.9977264404297,141
13,2,154.6979503,141
12,3,149.7237091064453,141
12,1,148.693359,141
13,2,151.7116184,142
8,3,125.765998840332,142
14,3,155.934814453125,142
11,2,142.2828327,142
14,1,157.5303943,142
8,2,125.6275171,142
16,3,161.0756225585938,142
12,2,147.7647811,142
14,2,154.313776,142
16,2,157.0649462,142
10,2,136.2551558,142
7,3,120.9412078857422,142
6,3,115.9093170166016,142
18,2,158.0583927,142
7,1,121.125307,142
13,3,151.5661010742188,142
5,3,110.4623565673828,142
19,3,163.7273864746094,142
17,1,167.0658877,142
19,1,168.8948369,142
6,1,116.026105,142
12,3,146.3726196289063,142
9,2,130.7063172,142
8,1,125.898892,142
5,2,110.4544084,142
7,2,120.7491099,142
17,3,162.3963775634766,142
16,1,165.0368714,142
13,1,151.4233327,142
19,2,158.425687,142
6,2,115.7873349,142
10,3,135.6063079833984,142
12,1,145.0144515,142
15,3,159.0332489013672,142
15,2,156.0131424,142
9,1,130.4741629,142
11,1,139.627581,142
9,3,130.588134765625,142
17,2,157.6763736,142
11,3,140.9350738525391,142
5,1,110.4699431,142
10,1,134.9778781,142
15,1,162.0119353,142
18,1,168.296107,142
18,3,163.2216033935547,142
6,3,107.9597015380859,143
18,2,153.7609661,143
7,3,112.9354858398438,143
10,2,127.4509956,143
19,1,164.4164471,143
15,3,152.3956451416016,143
13,1,144.6340893,143
7,2,111.9607822,143
11,3,133.217041015625,143
9,1,123.429833,143
12,1,138.1915223,143
9,2,121.7869251,143
16,1,158.1216457,143
15,2,149.5204804,143
17,2,152.6679049,143
5,3,102.6237487792969,143
5,1,102.9280157,143
8,1,118.7528712,143
17,1,160.3035046,143
13,2,143.9605185,143
11,2,133.7108074,143
15,1,155.1424995,143
19,2,154.7560774,143
8,3,117.7571334838867,143
14,3,148.9782409667969,143
17,3,156.5711059570313,143
6,1,108.6338109,143
6,2,107.2527365,143
19,3,159.6844024658203,143
8,2,116.7126449,143
12,3,138.8524932861328,143
10,3,127.7422637939453,143
16,2,151.3082136,143
10,1,128.0200486,143
18,3,158.0839233398438,143
5,2,102.304521,143
13,3,144.3049468994141,143
7,1,113.8648492,143
11,1,132.7457791,143
9,3,122.6280059814453,143
18,1,162.2256951,143
14,1,150.7317921,143
14,2,147.1434776,143
12,2,139.5445839,143
16,3,154.7928619384766,143
17,1,173.2947856,144
6,2,120.869328,144
5,3,116.4859619140625,144
18,3,168.0505218505859,144
7,1,127.7232171,144
12,3,152.7451171875,144
18,2,162.0023093,144
12,1,152.6308133,144
19,1,174.0708368,144
9,2,135.7324757,144
11,2,147.3850131,144
5,2,115.698799,144
10,2,141.3250247,144
16,1,172.0342576,144
14,2,159.2526399,144
15,1,169.5417263,144
8,2,130.623825,144
8,3,131.6435089111328,144
9,3,136.5597686767578,144
12,2,152.869941,144
7,2,125.7565108,144
14,3,162.4105072021484,144
13,1,159.2056836,144
17,2,161.8631526,144
14,1,165.3110898,144
16,2,161.534589,144
11,3,147.1779937744141,144
13,3,158.0417022705078,144
9,1,137.326476,144
5,1,117.2042874,144
7,3,126.7880706787109,144
15,3,165.3128204345703,144
18,1,173.7754849,144
13,2,156.7697419,144
6,1,122.6377916,144
17,3,167.7781372070313,144
16,3,166.9781799316406,144
8,1,132.5787308,144
11,1,146.9880804,144
10,3,141.7101898193359,144
19,2,162.228577,144
6,3,121.7952575683594,144
19,3,168.2840423583984,144
10,1,142.0647868,144
15,2,160.7454078,144
6,2,120.3582346,145
9,1,138.0771384,145
18,2,164.7875195,145
10,3,142.9856414794922,145
8,3,132.1963958740234,145
15,3,167.6279602050781,145
19,2,165.5339424,145
11,1,148.3092336,145
12,3,154.5210418701172,145
8,1,132.9959424,145
7,2,125.9378043,145
10,1,143.113901,145
10,2,142.8609333,145
11,2,149.1816334,145
13,3,160.1041107177734,145
6,1,122.2294803,145
15,2,162.9220142,145
14,1,167.5080084,145
14,3,164.7140350341797,145
5,2,114.3521631,145
16,1,174.9339976,145
16,3,169.4219818115234,145
12,2,154.863134,145
19,3,172.4619598388672,145
13,1,161.0843577,145
7,1,127.755063,145
18,1,177.7434855,145
17,2,164.2590714,145
7,3,126.8654632568359,145
9,3,137.4966430664063,145
11,3,148.7344055175781,145
5,1,116.2988538,145
8,2,131.368431,145
5,3,115.3137435913086,145
17,3,170.5295867919922,145
14,2,161.4581802,145
15,1,172.088674,145
12,1,154.220269,145
9,2,136.9232606,145
6,3,121.2899017333984,145
13,2,158.9069296,145
16,2,163.7267168,145
17,1,176.615686,145
19,1,178.8426285,145
18,3,171.5930023193359,145
6,1,122.9289145,146
14,2,163.0599686,146
19,3,172.931884765625,146
8,2,133.3243537,146
19,1,178.5244202,146
5,1,116.5402969,146
8,3,133.9044189453125,146
15,2,164.2924586,146
17,3,171.5733795166016,146
13,2,160.7423834,146
10,1,145.1657803,146
5,3,116.1357955932617,146
13,1,163.5127957,146
6,2,121.9574569,146
9,3,139.4335632324219,146
5,2,115.7052351,146
12,2,156.8781483,146
7,1,128.8542147,146
18,1,178.0146569,146
16,3,170.802001953125,146
7,3,128.3146209716797,146
13,3,162.1585235595703,146
14,1,169.774066,146
16,1,176.4017689,146
7,2,127.7380642,146
9,1,139.8528743,146
17,1,177.5393142,146
12,3,156.7592315673828,146
18,2,165.7640019,146
16,2,164.8712799,146
6,3,122.4583740234375,146
10,3,145.0767211914063,146
14,3,166.5046844482422,146
9,2,138.9923519,146
15,1,174.0076649,146
18,3,172.0997619628906,146
11,2,151.290011,146
15,3,169.2923889160156,146
11,1,150.5941374,146
11,3,150.9319152832031,146
12,1,156.6455114,146
8,1,134.4501483,146
17,2,165.2213211,146
10,2,144.9823782,146
19,2,166.9267081,146
7,2,126.7361704,147
17,2,165.1688189,147
5,2,115.4091324,147
15,3,168.4219818115234,147
17,3,171.4496612548828,147
12,1,155.7269319,147
14,2,161.8400863,147
5,1,118.9719105,147
6,1,124.7231714,147
8,3,133.6400604248047,147
12,3,155.4817962646484,147
14,3,165.3393249511719,147
8,1,135.1459003,147
13,1,162.4172657,147
9,3,138.8172607421875,147
14,1,168.6741934,147
11,1,149.9776959,147
13,3,160.8681945800781,147
19,2,166.9286256,147
7,3,128.4523315429688,147
11,3,149.7898559570313,147
17,1,177.3905192,147
6,2,121.284809,147
18,2,165.8853502,147
6,3,123.0546493530273,147
10,2,143.3375619,147
16,2,164.4718422,147
15,1,173.1108526,147
16,3,170.3233642578125,147
16,1,175.8661352,147
10,1,144.9395604,147
19,3,172.9671478271484,147
5,3,117.2459335327148,147
9,2,137.4909418,147
10,3,144.1628875732422,147
19,1,178.6913126,147
13,2,159.242416,147
8,2,132.045157,147
7,1,130.0735401,147
18,3,172.1843566894531,147
11,2,149.5906468,147
15,2,163.4713375,147
18,1,178.1472538,147
9,1,140.0647221,147
12,2,155.2225608,147
14,3,164.8862152099609,148
19,2,163.4017271,148
10,1,143.2877982,148
9,1,137.9020261,148
11,3,148.8835906982422,148
5,2,111.4629853,148
9,2,136.3302494,148
11,1,148.7921722,148
5,3,112.8894424438477,148
19,1,179.0933196,148
18,3,171.0646209716797,148
18,2,163.0816729,148
10,2,142.5209106,148
8,1,132.4275288,148
14,1,168.5537269,148
10,3,142.9141387939453,148
13,3,160.3545379638672,148
19,3,171.4592132568359,148
16,2,162.4584263,148
17,3,170.5002746582031,148
7,2,124.4661408,148
8,2,130.4003269,148
17,1,177.8261068,148
7,3,125.6303405761719,148
14,2,161.0210901,148
18,1,178.6346537,148
15,2,162.100695,148
13,1,162.0019995,148
7,1,126.7450697,148
12,2,154.6804502,148
16,3,169.4732208251953,148
16,1,176.1344845,148
12,1,154.9545255,148
9,3,137.1343688964844,148
6,2,118.2480312,148
11,2,148.9795709,148
8,3,131.4369812011719,148
6,1,120.7267665,148
15,3,167.7964935302734,148
6,3,119.5148239135742,148
5,1,114.2459848,148
17,2,162.776931,148
12,3,154.8203430175781,148
15,1,173.2133372,148
13,2,158.6313878,148
18,3,174.2195281982422,149
14,3,166.4556427001953,149
10,2,144.5526217,149
9,2,138.6454656,149
5,3,117.3850708007813,149
15,2,164.8510721,149
8,3,134.0484313964844,149
8,1,134.8918267,149
6,1,124.2025262,149
7,2,127.7793562,149
15,1,174.2117025,149
16,1,177.3893405,149
11,1,150.154819,149
14,2,163.2230005,149
17,1,179.5322064,149
19,1,182.4739613,149
11,2,150.8605767,149
19,2,167.4703934,149
17,3,173.1853942871094,149
16,2,165.7878984,149
12,3,156.2964630126953,149
18,1,181.073131,149
10,1,144.9704365,149
5,2,116.3780752,149
9,1,139.9523401,149
8,2,133.1408798,149
6,3,123.2775726318359,149
9,3,139.3232421875,149
7,3,128.7658996582031,149
14,1,169.4613621,149
19,3,175.2757568359375,149
12,1,156.0685555,149
12,2,156.5417681,149
13,1,162.957673,149
11,3,150.4945831298828,149
18,2,166.8097505,149
5,1,118.3242347,149
10,3,144.7693328857422,149
13,3,161.8219146728516,149
13,2,160.6011463,149
16,3,171.8078765869141,149
6,2,122.2848298,149
15,3,169.7064514160156,149
17,2,166.3382797,149
7,1,129.6838047,149
6,1,125.3444021,150
18,2,163.8751857,150
11,1,146.5274005,150
13,3,158.2108001708984,150
16,1,171.1187287,150
6,2,122.9327993,150
7,3,128.5882415771484,150
8,2,132.2940999,150
13,1,158.3106893,150
12,3,153.02001953125,150
15,2,162.0589039,150
15,3,165.4272155761719,150
17,3,168.0939636230469,150
19,3,169.4795684814453,150
11,3,147.6095275878906,150
5,3,119.5446243286133,150
14,1,164.358177,150
12,2,154.2123248,150
19,2,164.5763997,150
8,3,132.9713592529297,150
11,2,148.7599321,150
17,1,172.4876136,150
9,3,137.5078277587891,150
10,1,141.9820187,150
5,2,118.0238867,150
9,2,137.2673313,150
16,3,167.134521484375,150
14,3,162.5246734619141,150
8,1,133.6088961,150
18,3,168.7365264892578,150
6,3,124.1707763671875,150
5,1,120.9938744,150
18,1,173.3380851,150
12,1,151.9008509,150
10,2,142.7625877,150
19,1,174.1662959,150
7,1,129.513037,150
17,2,163.3852688,150
14,2,160.5879375,150
15,1,168.608397,150
9,1,137.7372337,150
10,3,142.3628692626953,150
7,2,127.6017915,150
16,2,162.8733354,150
13,2,158.1049101,150
16,1,179.0950616,151
5,3,118.0742263793945,151
13,3,163.9203948974609,151
19,1,180.7589162,151
15,3,171.4918060302734,151
7,2,129.3641969,151
12,3,158.3358306884766,151
6,1,124.4601843,151
16,3,173.0754699707031,151
11,1,151.8502314,151
14,1,171.7520439,151
12,2,158.6142252,151
15,1,176.3574205,151
7,3,129.7664184570313,151
16,2,166.7325455,151
13,2,162.585701,151
17,2,166.760267,151
9,1,140.968997,151
8,1,135.6079162,151
10,3,146.4377136230469,151
10,1,146.3207555,151
8,3,135.2575225830078,151
18,3,173.9215545654297,151
14,3,168.4804840087891,151
15,2,166.3223299,151
5,1,118.4456119,151
7,1,130.1430598,151
18,1,180.6694218,151
17,3,173.7558898925781,151
9,3,140.7585906982422,151
5,2,117.6772434,151
9,2,140.5377667,151
6,2,123.7156197,151
11,2,152.9343744,151
6,3,124.1007919311523,151
12,1,158.0732456,151
10,2,146.5600823,151
17,1,180.381888,151
18,2,166.7403834,151
13,1,165.1802706,151
11,3,152.3785247802734,151
14,2,165.0149357,151
19,2,166.8030687,151
8,2,134.8853846,151
19,3,173.99951171875,151
12,3,156.5604858398438,152
10,2,144.6111446,152
11,2,151.1266434,152
8,2,132.8695631,152
11,3,150.5614318847656,152
14,3,167.0702362060547,152
9,2,138.521433,152
6,1,123.6508607,152
16,1,177.9582256,152
5,2,116.0479926,152
5,1,117.8553729,152
9,1,139.5174948,152
18,3,174.4588470458984,152
8,3,133.6357574462891,152
13,1,163.1952883,152
19,2,167.9634761,152
17,2,167.4089398,152
13,2,161.2929327,152
11,1,150.0207438,152
18,1,180.8353728,152
7,2,127.415489,152
13,3,162.2713165283203,152
7,1,129.1131457,152
14,1,169.8758331,152
12,1,156.1198408,152
19,1,181.1866355,152
6,2,121.8978051,152
7,3,128.2845458984375,152
14,2,164.1022982,152
6,3,122.7950973510742,152
10,1,144.6688422,152
16,3,172.5807800292969,152
16,2,166.9027018,152
18,2,167.6690387,152
10,3,144.640625,152
15,1,174.7617374,152
15,2,165.8787279,152
9,3,139.0310821533203,152
8,1,134.3629004,152
15,3,170.4453277587891,152
17,3,173.8321533203125,152
5,3,116.9747543334961,152
17,1,179.9096718,152
19,3,174.7805328369141,152
12,2,157.0242426,152
8,3,134.2667846679688,153
15,3,170.9248046875,153
12,3,156.9702301025391,153
13,1,163.2662125,153
12,2,157.7966467,153
5,1,117.4350004,153
15,1,174.996859,153
10,2,145.5512011,153
16,2,167.7655451,153
6,2,123.627906,153
7,2,128.897347,153
14,2,164.8505972,153
14,1,169.9959046,153
19,2,169.4706062,153
13,3,162.6663055419922,153
18,1,181.7370742,153
14,3,167.4770355224609,153
19,3,175.8282928466797,153
11,3,151.0086059570313,153
11,1,150.1053733,153
18,2,168.9070445,153
18,3,175.4600372314453,153
16,1,178.3980275,153
16,3,173.2178802490234,153
5,2,118.061868,153
9,3,139.5998229980469,153
13,2,162.0378209,153
8,1,134.3932442,153
9,1,139.5957546,153
5,3,117.7406158447266,153
8,2,134.1347326,153
10,3,145.1455383300781,153
6,3,123.5277633666992,153
15,2,166.6598516,153
10,1,144.7635819,153
11,2,151.9641102,153
12,1,156.1860764,153
17,3,174.6671447753906,153
17,2,168.4293129,153
6,1,123.4328525,153
17,1,180.6169207,153
9,2,139.6041123,153
7,1,129.0456228,153
19,1,181.8926588,153
7,3,128.9732666015625,153
11,1,151.5235765,154
10,3,145.6290740966797,154
15,3,171.3543090820313,154
10,2,145.2137153,154
12,1,157.7076552,154
13,3,163.3093414306641,154
19,3,175.9402313232422,154
8,2,133.3983126,154
18,3,175.6078643798828,154
17,1,181.612887,154
6,2,121.9958002,154
17,2,167.7263066,154
15,1,176.4149656,154
19,1,182.7907032,154
14,2,164.392296,154
7,1,129.4824758,154
9,3,139.9010009765625,154
5,1,116.9381598,154
12,2,157.4923447,154
7,2,127.7837008,154
6,1,123.4513648,154
9,1,140.6468653,154
18,2,168.1425435,154
16,3,173.4659881591797,154
14,1,171.5214914,154
12,3,157.6033325195313,154
18,1,182.5405239,154
14,3,168.0711669921875,154
17,3,174.8303833007813,154
9,2,139.1222501,154
13,2,161.6673506,154
19,2,168.6627596,154
11,2,151.6776703,154
5,2,115.7449379,154
13,1,164.8262928,154
16,1,179.6317709,154
7,3,128.6562194824219,154
15,2,166.1153445,154
10,1,146.0280116,154
5,3,116.3526077270508,154
11,3,151.5986633300781,154
8,1,135.1681417,154
8,3,134.3097991943359,154
6,3,122.738883972168,154
16,2,167.1400296,154
13,2,159.9684337,156
10,1,143.9332419,156
16,3,171.3454132080078,156
7,2,126.3129618,156
18,3,173.3260803222656,156
19,3,173.77001953125,156
17,1,179.0690181,156
10,2,143.5293535,156
14,1,169.0320382,156
9,3,138.1237487792969,156
19,1,180.5693897,156
16,1,177.0618434,156
13,1,162.4043476,156
7,1,128.1033283,156
16,2,165.3656049,156
17,3,172.6271667480469,156
18,1,180.1164122,156
8,3,132.6856079101563,156
6,3,121.5463790893555,156
15,1,173.8711382,156
5,2,114.5485472,156
18,2,166.1327714,156
19,2,166.4751191,156
14,2,162.6886191,156
9,2,137.4801921,156
8,1,133.5030524,156
12,2,155.7926761,156
6,2,120.6444197,156
14,3,165.9301910400391,156
10,3,143.7355346679688,156
7,3,127.2256774902344,156
11,2,149.9806851,156
6,1,122.405934,156
8,2,131.8305307,156
9,1,138.738615,156
5,1,116.289673,156
15,2,164.3911372,156
11,3,149.6308288574219,156
15,3,169.2371978759766,156
13,3,161.2102813720703,156
12,1,155.3718681,156
17,2,165.8567678,156
5,3,115.4409332275391,156
12,3,155.5773773193359,156
11,1,149.2969654,156
11,3,148.9225158691406,157
16,3,170.4045715332031,157
7,1,126.6876951,157
19,1,178.6048688,157
9,1,137.6392052,157
5,1,114.6505147,157
14,1,168.4425691,157
13,2,159.422377,157
7,3,126.0476379394531,157
15,1,173.1512286,157
13,3,160.6554260253906,157
5,2,113.5870916,157
16,1,176.0738536,157
6,3,120.2821350097656,157
11,1,148.5131937,157
12,2,155.218682,157
12,3,154.9612731933594,157
13,1,161.8265563,157
15,3,168.5758514404297,157
7,2,125.3744014,157
6,1,120.8631403,157
10,3,142.9182434082031,157
12,1,154.715964,157
8,3,131.6168060302734,157
16,2,164.4241806,157
18,1,178.3365732,157
18,2,164.4991406,157
17,3,171.2860260009766,157
18,3,171.6155700683594,157
9,3,137.1803588867188,157
5,3,114.1301193237305,157
14,3,165.3617858886719,157
19,3,171.72900390625,157
6,2,119.6708104,157
11,2,149.3538379,157
19,2,164.4886274,157
9,2,136.7007913,157
10,1,142.9982888,157
10,2,142.8342292,157
17,1,177.6895039,157
17,2,164.5142248,157
15,2,163.7629069,157
14,2,162.1320086,157
8,2,130.9638592,157
8,1,132.2393286,157
15,1,174.6493892,158
10,2,143.9466335,158
12,1,156.2619198,158
9,3,138.2794647216797,158
6,2,119.8254069,158
8,1,133.263083,158
15,2,164.7010256,158
9,1,138.8543574,158
5,2,113.3376548,158
19,1,180.2812073,158
9,2,137.6715121,158
8,2,131.7306047,158
6,3,120.6019592285156,158
5,3,114.0693054199219,158
13,1,163.3947546,158
13,3,162.0359802246094,158
15,3,169.8219451904297,158
10,3,144.1602783203125,158
16,3,171.6470184326172,158
17,1,179.0918584,158
19,2,166.177267,158
8,3,132.5177764892578,158
12,3,156.3445739746094,158
19,3,173.5834045410156,158
6,1,121.3360427,158
17,2,165.65033,158
5,1,114.7620228,158
13,2,160.594015,158
18,3,173.1187896728516,158
14,3,166.6965026855469,158
11,2,150.547583,158
11,1,149.9889488,158
10,1,144.3623213,158
16,2,165.3965174,158
14,2,163.2044548,158
11,3,150.2603912353516,158
17,3,172.6134948730469,158
18,2,165.8264248,158
14,1,169.9928214,158
18,1,179.8317454,158
16,1,177.5114423,158
7,1,127.4624582,158
7,2,125.8675093,158
12,2,156.4323442,158
7,3,126.6872940063477,158
14,2,162.504412,160
19,3,172.8230590820313,160
6,2,121.7161624,160
14,3,166.0296020507813,160
13,1,163.0854418,160
8,1,135.1077566,160
7,2,127.524357,160
12,1,156.3817082,160
11,3,150.6586303710938,160
18,1,178.7622819,160
13,2,160.1205953,160
8,2,133.0730823,160
9,1,140.328488,160
9,2,138.6520634,160
12,2,156.2681304,160
11,2,150.747407,160
16,1,176.4046632,160
10,3,144.9837036132813,160
19,2,165.8130758,160
17,3,171.746826171875,160
11,1,150.5744896,160
17,2,164.9416366,160
7,3,128.5993347167969,160
15,3,168.9718017578125,160
15,2,163.8824106,160
18,3,172.2935485839844,160
5,3,116.3173294067383,160
14,1,169.31758,160
10,2,144.5376525,160
9,3,139.5104217529297,160
10,1,145.4101712,160
16,2,164.5927891,160
7,1,129.612527,160
5,1,117.2322907,160
19,1,179.2597832,160
6,3,122.7354049682617,160
18,2,165.242504,160
5,2,115.3530666,160
17,1,177.9642311,160
16,3,170.7404632568359,160
12,3,156.3266296386719,160
13,3,161.6471862792969,160
15,1,173.697981,160
6,1,123.6997255,160
8,3,134.1192321777344,160
5,3,116.8914337158203,163
18,3,169.3382415771484,163
8,3,133.2257080078125,163
12,1,154.438195,163
18,1,175.9565628,163
10,3,143.6573333740234,163
19,2,162.5462546,163
6,3,122.6865463256836,163
7,2,127.1361731,163
18,2,162.2958609,163
15,2,161.8354688,163
5,1,117.98424,163
8,2,132.4495525,163
12,2,155.1479684,163
16,2,162.1055039,163
14,2,160.9726965,163
15,3,166.8827667236328,163
5,2,115.7393631,163
7,1,128.9419014,163
9,1,138.844457,163
12,3,154.7844543457031,163
13,3,160.0208740234375,163
14,3,164.2445220947266,163
15,1,171.6624785,163
17,1,175.298569,163
11,3,149.2051086425781,163
8,1,133.9649487,163
11,2,149.7310259,163
17,2,162.1982576,163
19,1,176.5873222,163
17,3,168.927001953125,163
14,1,167.3241026,163
10,2,143.6243437,163
9,3,138.3642730712891,163
16,1,174.1157739,163
19,3,169.7870788574219,163
11,1,148.7039926,163
6,2,121.6560569,163
13,1,161.1093764,163
13,2,158.8682694,163
7,3,128.0670166015625,163
16,3,168.2679290771484,163
6,1,123.6550234,163
10,1,143.6887153,163
9,2,137.8607625,163
17,1,179.7153295,164
5,1,118.4857878,164
10,3,145.3326873779297,164
7,2,128.0825983,164
9,3,139.8213500976563,164
14,3,167.1107330322266,164
16,1,177.8190485,164
17,3,173.5874328613281,164
6,3,123.4905090332031,164
19,3,175.4875030517578,164
5,3,117.4882888793945,164
13,1,163.6698202,164
17,2,167.300718,164
8,1,135.3638624,164
19,2,168.9134842,164
19,1,182.1015752,164
8,3,134.4698791503906,164
7,1,130.0632758,164
10,1,145.5883317,164
9,1,140.5021949,164
18,2,167.9665171,164
18,3,174.6141204833984,164
15,2,165.6115097,164
6,1,124.477983,164
16,3,172.2554931640625,164
12,2,157.1509954,164
14,1,170.137208,164
18,1,180.9595709,164
6,2,122.4960695,164
13,2,161.2586314,164
8,2,133.523786,164
11,3,151.1165313720703,164
5,2,116.482271,164
15,1,174.7961734,164
12,1,156.7770363,164
9,2,139.0964251,164
10,2,145.0599216,164
13,3,162.5028686523438,164
7,3,129.1004638671875,164
16,2,166.6242084,164
14,2,163.9305018,164
15,3,170.2587890625,164
12,3,156.9586791992188,164
11,2,151.4199104,164
11,1,150.8298916,164
11,3,148.4316101074219,165
16,3,169.4955139160156,165
17,1,177.2671815,165
17,2,163.7641135,165
12,3,154.3313446044922,165
13,1,161.3516056,165
10,3,142.5614013671875,165
8,2,130.602274,165
13,3,159.8936309814453,165
9,3,136.9492797851563,165
19,1,179.0393832,165
12,1,154.3816861,165
14,1,167.8509471,165
11,1,148.3176537,165
14,3,164.5029144287109,165
8,1,132.3413117,165
16,2,163.3627266,165
7,3,126.0021133422852,165
15,2,162.5204473,165
7,2,125.1465561,165
9,1,137.6718,165
15,1,172.5005259,165
5,2,113.56374,165
10,1,142.927479,165
6,3,120.2888565063477,165
18,2,164.0480278,165
13,2,158.3540078,165
6,2,119.5581074,165
8,3,131.4896850585938,165
18,3,171.2756500244141,165
18,1,178.2945698,165
17,3,170.5977478027344,165
15,3,167.6268157958984,165
19,2,164.4968527,165
16,1,175.4638213,165
5,1,114.7101326,165
12,2,154.2783702,165
19,3,171.8870391845703,165
14,2,160.9540935,165
7,1,126.8197816,165
10,2,142.1776346,165
9,2,136.1946102,165
5,3,114.152458190918,165
11,2,148.5511163,165
6,1,120.9837779,165
13,2,157.061916,167
8,3,132.3803863525391,167
18,1,174.486288,167
17,2,161.0545033,167
18,2,161.2544142,167
5,3,116.411750793457,167
13,3,158.7314758300781,167
11,3,148.0584716796875,167
12,2,153.4416545,167
12,3,153.556884765625,167
19,3,168.4318084716797,167
7,3,127.3369064331055,167
8,1,133.215678,167
9,1,138.0881411,167
11,1,147.9505468,167
15,3,165.6778869628906,167
17,3,167.9034881591797,167
14,2,159.2190805,167
11,2,148.1727843,167
9,2,136.6863372,167
18,3,168.1420440673828,167
15,1,170.6786671,167
10,3,142.5990600585938,167
5,2,115.4548908,167
10,1,142.9339548,167
8,2,131.4939542,167
6,1,122.9511968,167
7,2,126.4109771,167
6,3,122.0804824829102,167
10,2,142.2447944,167
16,3,167.1983795166016,167
17,1,174.3080596,167
13,1,160.2988455,167
19,1,174.4246967,167
9,3,137.4080657958984,167
7,1,128.2110317,167
16,1,173.1463261,167
6,2,121.158658,167
14,3,162.9403533935547,167
14,1,166.4412087,167
16,2,160.8706647,167
5,1,117.3159373,167
12,1,153.6652486,167
15,2,160.3696087,167
19,2,161.810158,167
5,3,117.7825393676758,170
18,2,167.4341406,170
7,2,127.7499993,170
12,2,155.8826713,170
7,3,128.6407012939453,170
14,3,165.3635864257813,170
11,3,149.6571197509766,170
11,1,149.0889089,170
13,3,160.782470703125,170
16,3,170.7669219970703,170
15,2,164.3611881,170
19,1,181.1711171,170
17,3,172.2543029785156,170
18,3,173.5677642822266,170
6,2,122.4803798,170
9,3,138.7766571044922,170
10,1,144.085263,170
5,1,118.6885271,170
6,1,124.2633649,170
17,1,177.8562303,170
19,2,168.8066284,170
8,3,133.7021942138672,170
9,2,138.2527157,170
7,1,129.4735143,170
16,2,165.5310522,170
10,2,144.0289985,170
14,2,162.6161096,170
12,3,155.3509979248047,170
6,3,123.3981552124023,170
19,3,175.1542053222656,170
8,2,132.9142066,170
12,1,154.839934,170
16,1,175.7100103,170
17,2,166.4490508,170
8,1,134.4348921,170
15,3,168.6156005859375,170
13,1,161.5835602,170
18,1,179.5098194,170
13,2,159.9422004,170
15,1,172.6002841,170
10,3,144.0576782226563,170
14,1,167.9588475,170
5,2,116.8230794,170
11,2,150.2478452,170
9,1,139.2697325,170
7,2,128.362542,172
18,2,167.1587496,172
9,2,138.7910046,172
6,1,124.703127,172
6,2,123.2408363,172
5,1,119.2536764,172
10,3,144.6653900146484,172
10,2,144.609355,172
17,3,173.0817413330078,172
15,2,165.1876359,172
11,2,150.8927858,172
9,1,139.7656423,172
14,3,166.435791015625,172
13,3,161.7629852294922,172
13,1,162.759021,172
6,3,123.9862747192383,172
16,3,171.8682403564453,172
18,1,180.0935878,172
8,1,134.8456691,172
17,1,179.0981854,172
18,3,173.7793579101563,172
14,2,163.4464994,172
12,2,156.6006564,172
12,3,156.2059173583984,172
7,3,129.1349182128906,172
16,2,166.215604,172
19,3,174.3895111083984,172
5,3,118.5551071166992,172
8,3,134.1707916259766,172
15,3,169.7408447265625,172
11,1,149.8896989,172
7,1,129.8647216,172
12,1,155.8266119,172
19,2,167.6298923,172
5,2,117.824889,172
14,1,169.3055804,172
17,2,166.7701353,172
16,1,177.1975652,172
13,2,160.7283753,172
10,1,144.7186347,172
11,3,150.3790130615234,172
15,1,174.0780752,172
9,3,139.2900543212891,172
19,1,180.7233147,172
8,2,133.4564847,172
6,2,120.5576602,173
9,2,137.0639518,173
14,1,168.3317387,173
8,3,132.8509674072266,173
11,3,149.2895355224609,173
9,1,139.1574721,173
18,2,164.3841831,173
15,3,167.9752960205078,173
12,1,155.2181818,173
5,2,114.5409506,173
11,1,149.3499588,173
16,1,175.5513123,173
16,2,163.5117123,173
7,1,128.8574204,173
7,3,127.5390625,173
9,3,138.1366577148438,173
5,1,117.4174406,173
16,3,169.7966613769531,173
15,1,172.8007732,173
12,3,155.0330352783203,173
19,3,171.9549102783203,173
14,3,164.9756774902344,173
15,2,162.7566635,173
7,2,126.1318849,173
17,2,163.9513462,173
18,1,177.8272356,173
19,1,178.4613975,173
17,1,177.0456882,173
5,3,116.0141830444336,173
12,2,154.8414496,173
8,1,134.088999,173
14,2,161.2992803,173
19,2,165.0690213,173
10,2,142.9581439,173
13,2,158.8040886,173
10,1,144.176156,173
13,3,160.4709014892578,173
13,1,162.0057572,173
8,2,131.5420181,173
6,3,121.9737396240234,173
11,2,149.2273914,173
18,3,171.2686920166016,173
10,3,143.5849761962891,173
6,1,123.3404874,173
17,3,170.6655120849609,173
13,2,155.7720578,174
5,1,114.8287629,174
13,1,156.9271069,174
7,1,125.0695929,174
12,2,151.749589,174
14,3,160.8897705078125,174
5,2,113.3122226,174
10,1,139.3841211,174
18,3,167.8003845214844,174
17,3,167.0373229980469,174
5,3,114.1146697998047,174
14,2,158.3632209,174
7,3,124.4893341064453,174
8,3,129.4131774902344,174
16,2,160.8321482,174
8,2,128.9380828,174
19,1,174.3767502,174
19,2,162.9504739,174
8,1,129.8721289,174
12,1,150.1627222,174
15,1,167.8182138,174
18,1,173.3225876,174
15,3,163.9345550537109,174
12,3,150.9153137207031,174
14,1,163.2859892,174
17,2,161.4608678,174
15,2,159.9229232,174
17,1,172.2362291,174
10,3,139.6589660644531,174
9,3,134.4140319824219,174
9,1,134.6088273,174
6,1,120.0902963,174
6,3,119.4515228271484,174
11,2,146.1408927,174
11,1,144.3891201,174
7,2,123.8746508,174
11,3,145.2251892089844,174
9,2,134.2128047,174
13,3,156.3717803955078,174
18,2,162.0873389,174
6,2,118.7557715,174
19,3,168.7350616455078,174
16,3,165.8479461669922,174
10,2,139.9493935,174
16,1,170.6044685,174
11,3,146.4037780761719,175
5,2,113.1149934,175
18,3,168.7358093261719,175
7,3,125.1551742553711,175
5,3,114.287239074707,175
13,2,156.7113258,175
12,2,152.6476413,175
6,1,120.9308495,175
6,2,118.810299,175
17,2,162.3606115,175
17,1,173.9426044,175
19,2,162.9612374,175
13,3,157.5146942138672,175
15,2,160.9759998,175
7,1,126.1253364,175
8,1,131.0885561,175
17,3,168.1311798095703,175
10,3,140.7333984375,175
10,1,140.7840923,175
15,3,165.0585632324219,175
5,1,115.3894894,175
9,2,134.823065,175
14,2,159.3392676,175
14,1,164.6852523,175
13,1,158.3432938,175
6,3,119.900634765625,175
12,1,151.5967025,175
9,1,135.9398352,175
11,2,146.9709557,175
11,1,145.820313,175
9,3,135.3772735595703,175
16,3,167.0070648193359,175
14,3,161.96826171875,175
16,1,172.1857896,175
7,2,124.1463686,175
12,3,152.1294708251953,175
19,1,175.5891559,175
19,3,169.2194213867188,175
15,1,169.2505304,175
8,3,130.2457122802734,175
8,2,129.3946309,175
18,1,174.8998635,175
16,2,161.9056461,175
18,2,162.6257069,175
10,2,140.6840208,175
16,3,174.6483917236328,177
11,3,152.5457611083984,177
9,2,140.3391432,177
19,2,169.9608833,177
19,1,183.3021555,177
8,2,134.8100826,177
6,2,124.149577,177
13,3,164.3717956542969,177
16,2,168.4783353,177
6,3,124.7895202636719,177
14,1,172.600594,177
17,1,182.3480117,177
15,3,172.5254058837891,177
5,3,119.0586700439453,177
11,2,152.7708066,177
15,2,167.4224209,177
19,3,176.6888275146484,177
11,1,152.3336387,177
7,2,129.5007452,177
10,3,146.5772247314453,177
18,1,183.0731472,177
18,2,169.4582648,177
12,1,158.6057713,177
7,3,130.2259521484375,177
8,3,135.5383605957031,177
12,3,158.6094207763672,177
7,1,130.8907853,177
8,1,136.2273454,177
13,1,165.8289,177
10,2,146.3313818,177
5,2,118.4929313,177
14,3,169.1839752197266,177
12,2,158.6132618,177
17,3,175.802490234375,177
15,1,177.4966856,177
9,1,141.5025529,177
6,1,125.3771181,177
10,1,146.8087071,177
17,2,169.0565347,177
13,2,162.8476833,177
16,1,180.6004352,177
9,3,140.9329528808594,177
18,3,176.3146514892578,177
5,1,119.5784967,177
14,2,165.6408808,177
6,2,124.2794994,178
6,3,124.9312896728516,178
11,3,152.592529296875,178
13,2,162.8939844,178
17,1,182.5387836,178
15,1,177.1959383,178
8,3,135.7881011962891,178
7,3,130.4464569091797,178
9,3,141.15380859375,178
11,2,152.9326749,178
10,1,146.8798551,178
9,2,140.6036797,178
18,2,169.730402,178
14,3,169.0228118896484,178
18,1,183.4585646,178
13,3,164.2321472167969,178
5,3,119.0503463745117,178
9,1,141.6787433,178
12,1,158.3950552,178
15,2,167.4450811,178
17,3,176.0451812744141,178
14,2,165.6590051,178
16,2,168.5479927,178
19,2,170.3612107,178
5,1,119.6251988,178
8,2,135.0821073,178
16,1,180.4923305,178
12,2,158.7123349,178
6,1,125.5496339,178
7,2,129.7326224,178
10,3,146.7205657958984,178
10,2,146.5528311,178
15,3,172.4336700439453,178
19,1,183.7823942,178
16,3,174.6685485839844,178
17,2,169.2212266,178
11,1,152.2681152,178
7,1,131.1241746,178
14,1,172.2364929,178
8,1,136.460739,178
12,3,158.5499572753906,178
13,1,165.5048293,178
19,3,177.2061920166016,178
5,2,118.4468307,178
18,3,176.7464752197266,178
5,3,116.5459671020508,179
5,2,116.0901729,179
12,2,153.0485286,179
10,1,141.621721,179
18,1,175.3759355,179
14,1,165.4021337,179
16,2,160.5277395,179
11,3,147.1570129394531,179
10,2,141.8014716,179
6,1,122.2932015,179
15,3,165.0904693603516,179
7,2,126.334859,179
9,1,136.8580254,179
16,1,172.6872669,179
14,3,162.2328643798828,179
12,1,152.3457421,179
18,2,160.6787907,179
17,1,174.2969286,179
17,2,160.6191256,179
5,1,116.9838705,179
19,2,160.8842672,179
6,3,121.8468933105469,179
8,3,131.6748657226563,179
11,1,146.6023528,179
14,2,158.9664201,179
13,1,159.073292,179
19,3,168.7761840820313,179
9,3,136.5801544189453,179
11,2,147.7336368,179
19,1,176.4252473,179
18,3,168.1343841552734,179
7,3,126.8279724121094,179
8,1,132.1150376,179
10,3,141.7096862792969,179
15,2,160.1279538,179
12,3,152.6909637451172,179
16,3,166.6988830566406,179
9,2,136.2915696,179
13,2,156.7357969,179
13,3,157.9236755371094,179
15,1,169.9162485,179
17,3,167.5678253173828,179
8,2,131.2177118,179
6,2,121.380731,179
7,1,127.2985516,179
13,1,164.2044136,180
12,1,157.10248,180
15,1,175.4565045,180
11,2,151.4383764,180
8,2,132.8686311,180
13,2,161.5353579,180
7,1,128.8774707,180
10,2,144.8706825,180
16,3,172.5035095214844,180
19,3,173.7362518310547,180
9,1,139.9457905,180
5,2,115.2856829,180
14,2,164.2145298,180
19,1,180.4752288,180
7,3,128.0660247802734,180
6,2,121.4349206,180
5,1,116.6655216,180
13,3,162.9011688232422,180
19,2,166.448307,180
8,1,134.4939393,180
9,2,138.6748757,180
17,2,166.4699444,180
5,3,115.9917297363281,180
12,2,157.3308519,180
10,1,145.3438613,180
16,1,178.3197116,180
18,1,180.3487942,180
18,3,173.6269073486328,180
16,2,166.4122278,180
17,1,179.8556766,180
8,3,133.7024078369141,180
6,1,122.9733269,180
10,3,145.1138763427734,180
14,3,167.5815277099609,180
6,3,122.2215270996094,180
15,3,170.7436065673828,180
14,1,170.7939381,180
17,3,173.3308410644531,180
7,2,127.2088949,180
11,1,150.8867332,180
15,2,165.787245,180
12,3,157.2137603759766,180
11,3,151.1550140380859,180
18,2,166.4523501,180
9,3,139.3269653320313,180
13,2,159.2339429,181
14,1,168.9795787,181
15,2,163.5651887,181
18,3,172.8843536376953,181
7,1,125.5613848,181
18,2,165.2650609,181
14,2,161.9332294,181
13,1,162.2140907,181
8,3,130.8490142822266,181
5,2,111.4084209,181
6,2,118.0633763,181
17,1,179.0802003,181
11,2,149.0943477,181
7,3,124.90673828125,181
17,2,164.9313893,181
12,1,154.9685112,181
5,3,111.9717407226563,181
5,1,112.5061091,181
18,1,180.1708408,181
19,2,165.7761352,181
7,2,124.216951,181
15,3,168.8545989990234,181
9,1,137.251276,181
11,3,148.8436279296875,181
9,2,136.1487128,181
12,2,155.0162322,181
19,3,173.3939361572266,181
8,2,130.1529126,181
8,1,131.5102021,181
16,2,164.4638538,181
10,2,142.4628583,181
12,3,154.9917755126953,181
9,3,136.7139282226563,181
17,3,172.1701965332031,181
16,1,177.0928406,181
15,1,173.8890235,181
6,1,119.2725352,181
11,1,148.6051621,181
6,3,118.6838226318359,181
14,3,165.5438690185547,181
10,3,142.6791229248047,181
19,1,180.6864059,181
16,3,170.9308624267578,181
13,3,160.7612457275391,181
10,1,142.8848257,181
15,1,169.2876263,182
10,1,141.175766,182
19,2,161.2271328,182
14,1,165.0105445,182
19,1,174.3708516,182
16,3,166.1890563964844,182
10,2,141.5444789,182
11,3,146.9242553710938,182
19,3,167.9350433349609,182
6,2,119.3669587,182
15,3,164.6550750732422,182
17,1,173.1040347,182
8,3,130.754150390625,182
10,3,141.3563537597656,182
15,2,159.7956776,182
12,1,152.12347,182
8,2,130.4271848,182
6,1,120.1760186,182
14,2,158.6553674,182
9,3,136.0024566650391,182
7,3,125.4188079833984,182
7,2,125.0330009,182
18,1,173.7511266,182
12,2,152.871552,182
17,3,166.9506378173828,182
16,2,160.2769417,182
13,1,158.8200797,182
5,3,113.6413269042969,182
6,3,119.7817459106445,182
17,2,160.458741,182
5,1,114.1221623,182
5,2,113.1356294,182
18,2,160.6696727,182
16,1,171.8059765,182
14,3,161.9145812988281,182
13,3,157.6878356933594,182
11,2,147.5597021,182
11,1,146.3164191,182
9,1,136.1609423,182
8,1,131.0690392,182
12,3,152.4905700683594,182
18,3,167.3759460449219,182
9,2,135.8394888,182
7,1,125.7834245,182
13,2,156.5029106,182
15,2,162.0199093,183
17,3,169.8742523193359,183
10,2,141.7965357,183
6,1,120.3794369,183
18,3,170.7003936767578,183
7,2,124.9510052,183
19,3,171.4128265380859,183
7,3,125.5758514404297,183
15,3,166.5878601074219,183
12,3,153.3853302001953,183
14,3,163.4042358398438,183
13,2,157.7666621,183
17,2,163.5992962,183
10,3,141.8698883056641,183
19,1,177.8235057,183
12,2,153.7325918,183
5,2,113.2929055,183
13,3,158.8466033935547,183
6,2,119.3546744,183
11,2,148.0817256,183
17,1,175.8973765,183
14,2,160.377861,183
16,1,174.0008178,183
6,3,119.8789138793945,183
11,3,147.6093139648438,183
5,3,113.7046203613281,183
18,2,164.0844198,183
18,1,177.0464128,183
15,1,170.9742925,183
9,2,135.8948772,183
9,3,136.3715209960938,183
12,1,153.0512651,183
9,1,136.82963,183
14,1,166.3185408,183
5,1,114.0976223,183
8,1,131.6114949,183
10,1,141.9401097,183
8,2,130.3697137,183
16,3,168.6135101318359,183
13,1,159.8883122,183
19,2,164.7308377,183
7,1,126.1733759,183
8,3,131.0030670166016,183
16,2,163.0035951,183
11,1,147.1565899,183
17,1,174.4422233,184
12,2,151.8326325,184
16,2,163.3753003,184
8,3,129.5172576904297,184
11,3,145.2832641601563,184
5,2,111.9885682,184
12,1,150.1617828,184
5,3,113.5842895507813,184
10,1,140.1001517,184
16,1,171.7385487,184
15,1,168.0859447,184
13,3,156.5206909179688,184
9,2,133.4232521,184
6,2,117.546777,184
14,1,163.1162284,184
12,3,150.9766082763672,184
14,3,161.3546142578125,184
6,3,119.2530899047852,184
8,1,130.9756904,184
18,2,164.5728059,184
18,3,170.4847412109375,184
9,1,135.5949153,184
7,2,122.7814351,184
13,2,156.3248237,184
7,3,124.4940795898438,184
19,1,176.6489555,184
18,1,176.1305114,184
9,3,134.5368347167969,184
8,2,127.9795348,184
11,1,144.7392899,184
6,1,120.8692657,184
16,3,167.6538848876953,184
14,2,159.5144578,184
10,2,139.3779265,184
10,3,139.747802734375,184
13,1,156.7080397,184
7,1,126.1153336,184
15,2,161.813948,184
15,3,165.0227661132813,184
17,2,164.2817324,184
17,3,169.4771423339844,184
19,3,170.7200622558594,184
5,1,115.0953543,184
19,2,164.5173719,184
11,2,145.8542548,184
14,2,165.1917109,186
10,3,145.4963989257813,186
13,2,162.5042824,186
8,1,134.9517165,186
13,3,162.7735290527344,186
17,1,179.3741597,186
5,2,117.6020754,186
8,2,134.4101306,186
18,3,174.2179870605469,186
12,2,158.3358472,186
7,1,129.8721569,186
10,1,144.9301393,186
19,3,174.4980163574219,186
7,2,128.9726297,186
6,3,124.0276718139648,186
12,3,157.2143096923828,186
5,3,118.2961502075195,186
14,1,169.6067811,186
11,1,150.1324556,186
15,3,170.5944976806641,186
13,1,163.0443909,186
5,1,118.9766642,186
17,3,173.6792144775391,186
15,1,174.38191,186
8,3,134.6831970214844,186
7,3,129.4279479980469,186
16,2,167.6872087,186
17,2,168.0237347,186
11,3,151.3219604492188,186
6,1,124.5859123,186
11,2,152.5197699,186
9,1,139.936945,186
6,2,123.4571247,186
16,3,172.5691833496094,186
18,1,180.333709,186
19,2,168.285067,186
10,2,146.0694815,186
19,1,180.7387125,186
16,1,177.4853368,186
18,2,168.1333414,186
9,2,140.0275954,186
15,2,166.8228291,186
12,1,156.0932757,186
14,3,167.3904571533203,186
9,3,139.9820098876953,186
17,3,173.609619140625,187
11,2,151.345964,187
9,1,139.2010867,187
6,3,122.5791244506836,187
15,2,165.548027,187
12,1,156.5321849,187
6,2,122.2668333,187
18,1,180.7750497,187
14,1,170.572607,187
15,1,175.4308619,187
7,3,128.1160736083984,187
16,3,172.5706634521484,187
14,2,163.9590889,187
9,3,139.0252227783203,187
10,1,144.5934753,187
5,3,116.7414245605469,187
19,2,167.1227997,187
19,3,174.2213745117188,187
16,2,166.3789552,187
19,1,181.0154868,187
10,3,144.7393646240234,187
13,1,163.7959306,187
11,3,150.7558441162109,187
8,3,133.5335388183594,187
13,3,162.5863952636719,187
18,2,166.8756889,187
8,1,133.842357,187
13,2,161.3041236,187
17,2,166.7198383,187
5,1,117.0435285,187
12,2,157.1544654,187
11,1,150.1961075,187
16,1,178.4604892,187
12,3,156.8349304199219,187
8,2,133.2135959,187
15,3,170.6226348876953,187
6,1,122.8745075,187
14,3,167.3599853515625,187
10,2,144.8940555,187
18,3,174.0308380126953,187
7,1,128.4383721,187
9,2,138.8414062,187
5,2,116.4260457,187
7,2,127.7760527,187
17,1,180.1192429,187
10,1,145.1095737,188
7,2,128.4569289,188
14,2,164.7833515,188
17,3,174.0269165039063,188
7,3,128.8962554931641,188
12,2,157.8657804,188
5,1,118.5352467,188
19,3,174.3485107421875,188
6,2,123.3122525,188
12,1,157.0593314,188
15,2,166.3012251,188
8,2,133.7093684,188
10,2,145.3831264,188
19,1,180.9774125,188
14,1,171.1084059,188
18,2,167.1239425,188
5,3,118.3014373779297,188
6,3,123.6709823608398,188
9,1,139.7744043,188
15,3,171.2355804443359,188
17,2,167.1484513,188
8,1,134.5318205,188
11,2,151.9393406,188
16,3,173.1288757324219,188
13,1,164.3390224,188
17,1,180.4253153,188
18,1,180.9717818,188
6,1,124.0086976,188
9,3,139.5385284423828,188
7,1,129.3089022,188
11,1,150.7051773,188
18,3,174.3014068603516,188
15,1,175.9208726,188
9,2,139.285851,188
13,2,162.1055019,188
10,3,145.2425079345703,188
13,3,163.2572631835938,188
8,3,134.133056640625,188
5,2,118.0538912,188
14,3,168.0225067138672,188
16,2,166.9884878,188
11,3,151.3086547851563,188
16,1,178.8700881,188
19,2,167.1975653,188
12,3,157.4504089355469,188
14,2,160.878134,189
13,2,158.7096147,189
16,1,173.6829042,189
10,1,143.4764906,189
19,1,176.1060863,189
15,1,171.2215712,189
8,2,131.9870479,189
7,3,127.1889877319336,189
10,3,143.4470672607422,189
9,2,137.5536628,189
6,2,120.6813215,189
10,2,143.4157004,189
13,3,159.8573608398438,189
14,3,164.0410614013672,189
14,1,167.0366274,189
11,2,149.5753617,189
8,3,132.6609191894531,189
19,2,162.027874,189
19,3,169.296875,189
7,1,127.8792529,189
7,2,126.4549506,189
17,2,162.0518436,189
6,3,121.3889694213867,189
11,1,148.5880441,189
12,2,155.0042476,189
18,3,169.0435943603516,189
5,3,115.0566101074219,189
5,2,114.3864161,189
6,1,122.0554638,189
8,1,133.2951437,189
15,2,161.9336757,189
18,2,162.007723,189
9,3,138.015625,189
16,2,162.0939917,189
12,1,154.3331534,189
18,1,175.6102006,189
17,3,168.7214050292969,189
11,3,149.066650390625,189
16,3,168.0531768798828,189
17,1,174.9820798,189
15,3,166.704345703125,189
5,1,115.6871428,189
12,3,154.6587066650391,189
9,1,138.4496096,189
13,1,160.9446605,189
15,3,169.9829864501953,190
13,1,162.794002,190
17,2,166.2416844,190
5,1,115.054304,190
9,1,137.9192275,190
6,1,121.1309803,190
9,2,138.0800537,190
8,1,132.4534256,190
6,3,121.1576690673828,190
12,1,155.4629393,190
7,3,126.8699035644531,190
8,3,132.4203338623047,190
15,2,165.0155883,190
5,2,115.1464234,190
7,1,126.8951627,190
16,3,172.0540924072266,190
11,1,149.0676789,190
9,3,137.9973297119141,190
17,3,173.2313537597656,190
11,3,149.8411102294922,190
12,2,156.4999287,190
19,2,166.6739103,190
8,2,132.3853453,190
15,1,174.6473474,190
10,3,143.7732543945313,190
12,3,155.9664001464844,190
14,3,166.6128082275391,190
18,1,180.3365387,190
19,1,180.4567319,190
16,1,177.8438305,190
10,2,144.1754878,190
19,3,174.0687561035156,190
11,2,150.662634,190
10,1,143.3942419,190
7,2,126.8432322,190
5,3,115.0989761352539,190
18,3,173.7397613525391,190
6,2,121.1859279,190
14,1,169.6638602,190
13,2,160.6800566,190
18,2,166.4186244,190
13,3,161.7662658691406,190
17,1,179.6845723,190
14,2,163.3757244,190
16,2,165.8882846,190
8,1,131.412974,191
8,3,131.3676300048828,191
6,3,119.67333984375,191
11,2,149.0423306,191
15,1,172.0649253,191
18,1,178.4633505,191
5,1,113.0265039,191
13,2,158.3236163,191
12,1,153.6227536,191
12,2,154.5256278,191
17,2,163.0282751,191
19,1,178.7319158,191
13,3,159.5097198486328,191
16,1,175.2997184,191
8,2,131.3200407,191
5,3,113.076301574707,191
7,1,125.7244245,191
6,2,119.7084331,191
14,3,164.0200653076172,191
19,2,164.3299732,191
7,3,125.6989440917969,191
16,2,162.6385915,191
16,3,169.1491241455078,191
15,3,167.1332244873047,191
15,2,161.9621844,191
12,3,154.0617370605469,191
13,1,160.6283109,191
18,2,163.4809147,191
7,2,125.6718984,191
10,3,142.4883422851563,191
11,1,147.5493658,191
9,3,136.8968505859375,191
17,3,170.4394683837891,191
18,3,171.2352447509766,191
10,1,142.1481003,191
10,2,142.8492304,191
19,3,171.7984771728516,191
14,2,160.644771,191
9,1,136.8452284,191
11,3,148.2742156982422,191
17,1,177.3895871,191
5,2,113.1289484,191
6,1,119.6402773,191
14,1,167.2279593,191
9,2,136.9510725,191
11,3,146.7193908691406,192
16,2,164.1706676,192
9,1,136.2563247,192
15,1,171.6913167,192
17,1,178.1985694,192
9,3,135.4897308349609,192
10,2,140.5955645,192
7,3,125.3831634521484,192
6,2,119.2674438,192
6,1,121.3654083,192
15,3,167.3132629394531,192
12,1,152.4283944,192
7,2,124.2589563,192
5,2,114.0723082,192
12,3,152.7112731933594,192
17,3,171.8827209472656,192
5,3,115.0872497558594,192
19,2,166.6226773,192
17,2,165.1748292,192
6,3,120.3488998413086,192
18,1,179.9900904,192
11,2,147.0555716,192
8,2,129.3079368,192
8,1,131.3664939,192
10,3,140.9092712402344,192
18,3,173.1526336669922,192
13,2,157.4472036,192
9,2,134.6730982,192
18,2,165.9133485,192
15,2,162.6919579,192
13,1,159.5492334,192
16,1,175.4742971,192
14,3,163.5640106201172,192
5,1,116.0422794,192
12,2,153.0092664,192
19,3,173.9923095703125,192
8,3,130.3690490722656,192
14,2,160.5351442,192
14,1,166.4250674,192
13,3,158.5264892578125,192
7,1,126.4391408,192
16,3,169.9845123291016,192
19,1,180.9759732,192
11,1,146.4023015,192
10,1,141.2037152,192
13,3,160.0283050537109,193
15,1,172.4373936,193
12,1,154.0780757,193
13,2,158.8730629,193
9,3,136.6740417480469,193
11,3,148.4709777832031,193
10,3,142.4795532226563,193
16,2,163.6598044,193
5,3,112.1454925537109,193
13,1,161.1275671,193
8,1,131.3496858,193
14,1,167.7052751,193
9,2,136.3997212,193
12,2,154.8139129,193
14,2,161.4248078,193
18,2,163.8940815,193
16,3,169.698486328125,193
18,1,177.8688589,193
7,2,124.6261995,193
11,2,149.0537847,193
7,1,125.507207,193
10,1,142.3873377,193
7,3,125.0773010253906,193
6,1,119.2803572,193
8,2,130.5076451,193
6,2,118.4666925,193
9,1,136.9356167,193
6,3,118.8835830688477,193
18,3,171.0749969482422,193
19,3,171.2805480957031,193
11,1,147.9171744,193
17,1,177.0942846,193
17,3,170.6763153076172,193
5,1,112.5370945,193
16,1,175.4167241,193
15,2,162.9205991,193
14,3,164.6421203613281,193
19,2,163.9391448,193
8,3,130.9388275146484,193
17,2,163.8953565,193
12,3,154.4364471435547,193
15,3,167.8019409179688,193
10,2,142.5763249,193
19,1,178.2080213,193
5,2,111.7333689,193
12,2,154.9012426,195
12,3,155.6723937988281,195
8,2,131.51961,195
14,2,161.4919446,195
5,3,117.1190032958984,195
15,2,163.0011408,195
10,3,144.2936859130859,195
8,1,135.7365743,195
15,3,168.3330383300781,195
5,2,114.7381594,195
8,3,133.6587524414063,195
7,1,130.6268842,195
9,3,138.8906707763672,195
13,3,161.0305328369141,195
16,2,163.8411691,195
7,3,128.4258575439453,195
14,1,169.2532315,195
18,2,164.9417673,195
10,2,142.9376686,195
17,1,177.2543119,195
12,1,156.4242826,195
5,1,119.4349198,195
9,1,140.6983002,195
19,2,165.7236873,195
7,2,126.1576832,195
6,2,120.6567951,195
11,2,149.2390837,195
6,1,125.233628,195
17,3,170.9045562744141,195
10,1,145.6115703,195
18,3,171.5841674804688,195
14,3,165.4221038818359,195
19,1,178.8352709,195
13,2,158.9292555,195
19,3,172.3544006347656,195
17,2,164.3910135,195
16,1,175.9596453,195
9,2,137.0302934,195
16,3,169.9799499511719,195
13,1,163.0787681,195
11,3,149.9673767089844,195
18,1,178.0600552,195
6,3,122.977668762207,195
11,1,150.6753783,195
15,1,173.5239558,195
11,1,148.5406365,196
19,2,161.2204189,196
18,1,174.1237825,196
15,3,165.7908935546875,196
17,3,167.4441223144531,196
8,1,132.7255232,196
5,2,111.8719641,196
9,1,138.1020939,196
9,3,137.1612548828125,196
12,3,154.0934295654297,196
15,1,170.6943544,196
12,2,153.8383293,196
11,3,148.4658813476563,196
12,1,154.3342539,196
18,2,160.873892,196
14,1,166.802332,196
6,3,119.7663497924805,196
19,3,168.1433715820313,196
5,3,113.071044921875,196
7,3,125.8740921020508,196
13,3,159.2517700195313,196
16,3,166.9914245605469,196
9,2,136.1655705,196
17,2,160.8716472,196
7,1,127.0415283,196
16,2,160.9019127,196
16,1,172.7909122,196
17,1,173.7115557,196
6,1,120.9139459,196
14,2,159.6310261,196
13,2,157.5216357,196
10,3,142.7449188232422,196
6,2,118.5513394,196
10,1,143.3033702,196
5,1,114.204945,196
14,3,163.3101043701172,196
8,2,130.4152775,196
8,3,131.6035308837891,196
11,2,148.3866842,196
7,2,124.6373008,196
13,1,160.8889056,196
10,2,142.1538838,196
15,2,160.6361382,196
19,1,174.7549826,196
18,3,167.6530914306641,196
9,1,138.727831,198
10,2,143.4000231,198
19,1,174.3971299,198
5,3,116.4733200073242,198
12,2,155.1280362,198
11,2,149.6020823,198
13,1,160.7882056,198
15,2,162.5432684,198
11,3,149.0814819335938,198
19,3,168.9118347167969,198
10,3,143.4884185791016,198
6,3,122.3238754272461,198
16,1,173.2648929,198
18,3,168.7789306640625,198
7,3,127.7560806274414,198
7,2,126.723262,198
16,2,162.9932128,198
14,3,164.0949859619141,198
8,1,133.829587,198
17,3,168.6622161865234,198
8,2,132.0852121,198
9,2,137.5589515,198
6,1,123.418149,198
13,2,158.9782252,198
13,3,159.8904418945313,198
15,3,166.7667999267578,198
7,1,128.7658332,198
18,2,163.2277818,198
5,2,115.2519174,198
10,1,143.5752064,198
5,1,117.6646959,198
12,3,154.6784515380859,198
16,3,168.1524810791016,198
12,1,154.236369,198
14,1,166.8253581,198
8,3,132.9665069580078,198
17,2,163.1315833,198
18,1,174.3320358,198
9,3,138.1491241455078,198
11,1,148.5700573,198
19,2,163.4605059,198
17,1,174.163013,198
6,2,121.2036327,198
15,1,170.9443887,198
14,2,161.3250204,198
15,2,164.2764448,199
5,1,119.107759,199
6,3,123.7602767944336,199
10,1,145.2240349,199
9,2,139.0356476,199
11,2,151.1266735,199
9,3,139.6983642578125,199
15,3,168.626220703125,199
17,1,176.4339557,199
5,2,116.5799336,199
7,1,130.2911807,199
13,2,160.5569778,199
10,3,145.0667114257813,199
8,1,135.3962556,199
7,2,128.1399576,199
6,1,124.9011613,199
6,2,122.5807476,199
12,3,156.3169097900391,199
18,2,165.2734252,199
12,1,155.9699843,199
10,2,144.9013553,199
11,3,150.6804351806641,199
17,2,165.0872437,199
19,2,165.6637541,199
8,3,134.4808197021484,199
16,3,170.1799163818359,199
14,3,165.8154907226563,199
11,1,150.2591113,199
7,3,129.2338714599609,199
17,3,170.8621826171875,199
15,1,172.8792167,199
8,2,133.5343937,199
5,3,117.8650436401367,199
19,1,177.0283641,199
18,3,171.1578521728516,199
12,2,156.6779826,199
14,1,168.6746181,199
19,3,171.4734497070313,199
14,2,162.9451586,199
13,1,162.5724864,199
18,1,176.7950962,199
9,1,140.3361874,199
13,3,161.5690307617188,199
16,1,175.3265617,199
16,2,164.8610696,199
14,2,156.6810257,200
11,2,145.1751165,200
6,1,120.7132029,200
16,1,170.1924121,200
19,2,158.1200655,200
6,2,116.9721544,200
12,3,151.1280822753906,200
17,1,170.658325,200
12,1,151.6017372,200
13,2,154.4170493,200
16,2,158.0456028,200
16,3,164.1882019042969,200
5,2,111.0427255,200
6,3,118.8866958618164,200
7,1,126.0671177,200
10,3,139.9909515380859,200
19,3,164.3925323486328,200
15,1,168.1684768,200
8,3,129.5072174072266,200
15,2,157.7626761,200
13,1,158.1387618,200
5,1,114.9608056,200
18,2,158.0413749,200
9,3,134.6726684570313,200
5,3,113.0479736328125,200
7,3,124.3080215454102,200
10,1,140.9169897,200
17,3,164.4387359619141,200
11,1,145.9280106,200
18,1,170.61979,200
17,2,158.0592536,200
11,3,145.5587463378906,200
10,2,139.0257708,200
9,2,133.2296208,200
18,3,164.4053039550781,200
8,1,131.1419304,200
12,2,150.6392271,200
15,3,163.0198364257813,200
13,3,156.3008117675781,200
14,1,164.1337788,200
19,1,170.5235404,200
8,2,127.794415,200
7,2,122.4647381,200
9,1,136.0534263,200
14,3,160.4482727050781,200
7,1,124.5401335,201
14,1,161.6203905,201
18,2,155.5303771,201
5,2,109.0340565,201
6,2,115.0361985,201
17,3,161.9122924804688,201
8,2,125.9042609,201
12,2,148.5267775,201
10,1,138.974863,201
15,3,160.5440826416016,201
16,1,167.5124513,201
17,1,168.0296624,201
13,2,152.1995619,201
15,1,165.5256116,201
9,1,134.2535878,201
10,3,138.0382385253906,201
12,1,149.3698894,201
5,1,113.6791811,201
8,3,127.7238922119141,201
16,3,161.6814575195313,201
7,2,120.5680467,201
6,1,119.3128619,201
18,3,161.8832855224609,201
14,3,158.0398864746094,201
19,3,161.9183959960938,201
15,2,155.4148064,201
18,1,168.0669505,201
19,2,155.5752266,201
7,3,122.5893478393555,201
16,2,155.681622,201
5,3,111.3983993530273,201
8,1,129.4805652,201
13,3,154.0101165771484,201
11,2,143.1504228,201
9,3,132.8117370605469,201
13,1,155.7645325,201
14,2,154.3492328,201
9,2,131.318942,201
11,3,143.5013275146484,201
19,1,168.1020022,201
17,2,155.6211758,201
10,2,137.0690649,201
11,1,143.8407039,201
6,3,117.2127227783203,201
12,3,148.9551849365234,201
11,2,149.1872238,203
6,2,119.9735345,203
19,2,162.4109716,203
12,3,154.095703125,203
16,1,173.1053327,203
13,2,158.3198923,203
12,1,153.5843283,203
7,2,125.8276102,203
8,1,132.4702141,203
9,3,137.3238220214844,203
17,1,174.436975,203
8,3,131.9639739990234,203
13,1,160.2559092,203
19,1,175.7294701,203
5,1,115.6952607,203
17,2,161.9027483,203
18,2,161.9612876,203
14,2,160.4576385,203
11,3,148.4640960693359,203
7,1,127.2021982,203
12,2,154.6272742,203
16,2,161.8731084,203
10,2,142.9905279,203
14,1,166.389081,203
17,3,168.2778625488281,203
18,3,168.64892578125,203
11,1,147.7686694,203
15,3,166.1434478759766,203
13,3,159.3065032958984,203
14,3,163.4796142578125,203
8,2,131.4371882,203
15,2,161.5119055,203
7,3,126.5286407470703,203
9,1,137.5655548,203
5,2,113.5977028,203
6,3,120.8284606933594,203
10,3,142.7919769287109,203
18,1,175.1237989,203
5,3,114.667594909668,203
9,2,137.0723226,203
19,3,169.1692047119141,203
15,1,170.6064054,203
16,3,167.5901184082031,203
10,1,142.6010977,203
6,1,121.6497675,203
14,1,166.0348771,206
15,1,169.9440805,206
19,3,166.2509002685547,206
16,3,165.8623199462891,206
18,3,166.1510925292969,206
17,1,172.6604811,206
8,1,131.7236738,206
10,3,142.0223541259766,206
11,1,147.577237,206
5,3,113.3222045898438,206
7,3,125.5700149536133,206
7,2,125.0018111,206
6,1,120.1241064,206
14,2,158.6473437,206
5,1,113.6157168,206
9,3,136.5316467285156,206
13,1,160.0653561,206
13,2,156.6535218,206
14,3,162.4204864501953,206
11,3,147.6853179931641,206
16,2,159.5174738,206
8,2,130.4747048,206
11,2,147.7978876,206
10,1,142.2903725,206
17,3,166.1602020263672,206
19,1,172.8758725,206
19,2,159.4177472,206
6,2,119.2756429,206
18,2,159.3534808,206
15,3,164.8069000244141,206
7,1,126.1164914,206
16,1,171.9786007,206
8,3,131.1114349365234,206
12,2,153.0992037,206
10,2,141.7435901,206
15,2,159.4616257,206
12,3,153.2734222412109,206
18,1,172.7352867,206
13,3,158.3966369628906,206
5,2,113.0172884,206
9,2,135.9686035,206
9,1,137.073489,206
6,3,119.7078857421875,206
17,2,159.4368878,206
12,1,153.4404827,206
13,3,154.7270965576172,207
16,2,158.170818,207
14,1,161.5053975,207
15,2,157.7499512,207
19,3,165.0055541992188,207
17,1,170.6890795,207
7,2,121.6934383,207
9,1,132.4657566,207
14,2,156.5573532,207
16,1,168.9620983,207
19,1,171.8528689,207
9,2,132.8046236,207
19,2,157.9637321,207
13,1,155.155158,207
12,2,150.4718671,207
6,3,116.3943328857422,207
9,3,132.6315460205078,207
10,1,137.4335841,207
18,1,171.5474872,207
5,3,110.3579559326172,207
17,3,164.5152893066406,207
11,2,144.9514053,207
8,3,127.3349685668945,207
18,3,164.8720703125,207
6,1,116.8070741,207
12,3,149.4051208496094,207
7,1,122.2687397,207
10,2,138.7176152,207
11,3,143.7281494140625,207
5,2,109.7488549,207
18,2,157.98277,207
16,3,163.6689147949219,207
12,1,148.3837554,207
8,1,127.4487788,207
14,3,159.0826416015625,207
17,2,158.1226827,207
5,1,110.9418082,207
10,3,138.0615539550781,207
15,3,161.9889068603516,207
13,2,154.2803683,207
15,1,166.0601998,207
6,2,115.9637861,207
11,1,142.5572393,207
7,3,121.987174987793,207
8,2,127.216205,207
13,1,159.6590015,208
16,3,166.4099426269531,208
5,1,116.0865437,208
19,3,167.3471984863281,208
19,1,174.0413739,208
9,3,135.9181976318359,208
5,3,114.1612854003906,208
10,1,142.2441983,208
8,3,130.7176666259766,208
7,2,123.6140851,208
13,3,157.7790374755859,208
11,1,147.2971663,208
10,3,141.2740631103516,208
11,3,146.8843688964844,208
17,2,160.1252381,208
17,1,173.6471343,208
16,2,160.0055976,208
15,2,159.4687908,208
14,2,158.1688899,208
9,1,137.3419831,208
6,2,118.1005495,208
5,2,112.1505979,208
8,1,132.3925032,208
18,3,167.1969604492188,208
7,3,125.4856796264648,208
14,3,162.0639190673828,208
19,2,160.357674,208
12,3,152.5114593505859,208
9,2,134.4302846,208
12,1,153.0286992,208
12,2,151.9714909,208
13,2,155.8167385,208
14,1,165.7952872,208
7,1,127.2785345,208
6,1,121.8834096,208
10,2,140.260391,208
8,2,128.9673606,208
15,3,164.8687438964844,208
17,3,167.042724609375,208
16,1,172.5287278,208
18,1,173.9238794,208
18,2,160.1630343,208
11,2,146.4530783,208
15,1,170.0393406,208
6,3,120.0324478149414,208
18,2,160.2437084,209
12,2,153.3350961,209
12,1,152.2024189,209
18,1,173.6681069,209
7,2,124.9681914,209
10,2,141.6659452,209
17,2,160.3631112,209
15,3,165.0797271728516,209
6,1,120.5947639,209
19,3,166.9951324462891,209
11,1,146.3810989,209
12,3,152.7544250488281,209
11,2,147.8482059,209
10,1,141.2467583,209
6,3,120.0302505493164,209
6,2,119.4261095,209
14,3,162.3456573486328,209
7,3,125.5279846191406,209
5,2,113.452194,209
16,2,160.4708975,209
5,1,114.7349973,209
17,1,173.4746986,209
8,2,130.3469166,209
14,2,159.3768,209
16,1,172.1814254,209
15,1,169.5530276,209
14,1,165.1793981,209
13,1,158.9305092,209
19,1,173.5583982,209
13,2,157.120737,209
9,1,136.2668555,209
8,3,130.8041076660156,209
8,1,131.2417098,209
11,3,147.0970764160156,209
15,2,160.4051903,209
9,3,136.0528259277344,209
10,3,141.4516906738281,209
16,3,166.4501342773438,209
19,2,160.1349333,209
5,3,114.1158294677734,209
9,2,135.8291753,209
7,1,126.0578801,209
17,3,167.0539855957031,209
18,3,167.0937652587891,209
13,3,158.0478668212891,209
18,1,179.7077714,211
10,2,146.0917935,211
16,2,166.3065351,211
15,2,165.6977136,211
6,1,124.272731,211
6,3,123.9996795654297,211
19,2,166.8884613,211
9,2,140.1990445,211
17,2,166.5074925,211
19,1,180.1526393,211
18,2,166.624934,211
15,1,174.3434102,211
5,1,118.3177937,211
17,1,178.928665,211
5,2,117.7394497,211
11,2,152.3532059,211
16,3,171.6509246826172,211
9,1,140.2366697,211
8,2,134.6793521,211
7,1,129.8315254,211
10,3,145.7180480957031,211
7,3,129.5574951171875,211
14,1,169.7575153,211
19,3,173.5402679443359,211
8,1,135.1135888,211
12,2,157.9472179,211
8,3,134.8974609375,211
17,3,172.5739440917969,211
5,3,118.027961730957,211
14,2,164.3149926,211
11,3,151.4918670654297,211
11,1,150.548984,211
13,2,161.8749568,211
10,1,145.3147684,211
9,3,140.2175445556641,211
13,3,162.5990295410156,211
6,2,123.7222867,211
12,3,157.2437591552734,211
7,2,129.277199,211
14,3,167.0686798095703,211
13,1,163.3422883,211
15,3,170.0395660400391,211
12,1,156.480336,211
18,3,173.1467437744141,211
16,1,177.2486676,211
19,3,168.0508422851563,212
8,3,131.4075317382813,212
6,2,119.392317,212
12,2,152.9122208,212
16,3,166.7650299072266,212
13,2,156.7088252,212
9,1,137.5204492,212
16,2,160.8420428,212
18,2,161.0099704,212
18,1,174.3401157,212
12,1,153.0385221,212
19,2,161.2094022,212
13,1,159.6215541,212
18,3,167.7987213134766,212
11,1,147.359352,212
17,1,173.7815782,212
5,1,116.4327381,212
5,3,114.9924545288086,212
11,3,147.4034881591797,212
9,3,136.5553894042969,212
7,1,127.547563,212
7,3,126.2258987426758,212
6,3,120.8195190429688,212
14,2,159.02067,212
7,2,124.8502227,212
16,1,172.457424,212
19,1,174.6498499,212
10,1,142.3654586,212
9,2,135.549844,212
8,1,132.6184053,212
14,3,162.4405364990234,212
17,3,167.4990081787109,212
10,3,141.8520965576172,212
13,3,158.1957244873047,212
8,2,130.1464676,212
10,2,141.3170048,212
15,3,165.2180480957031,212
14,1,165.720335,212
17,2,160.9710463,212
11,2,147.4495018,212
6,1,122.1917614,212
15,1,169.9448431,212
5,2,113.4954492,212
15,2,160.2930552,212
12,3,152.9766845703125,212
7,2,119.0476334,213
8,2,124.5145461,213
19,2,155.2489338,213
16,3,160.1796722412109,213
5,1,108.9056826,213
14,2,153.2303598,213
18,2,154.839246,213
17,2,154.7704282,213
9,2,130.0287914,213
8,3,125.0749053955078,213
17,3,160.842041015625,213
14,1,158.8328017,213
15,3,158.7423095703125,213
15,1,162.9927584,213
5,3,108.047492980957,213
12,2,147.3852631,213
12,3,146.7912445068359,213
19,1,167.3196536,213
11,3,141.2440032958984,213
11,1,140.5382669,213
6,1,114.8850674,213
7,3,119.7441253662109,213
13,1,152.7812046,213
13,3,151.9445037841797,213
18,3,161.0930480957031,213
17,1,166.6879167,213
16,1,165.4381195,213
15,2,154.320263,213
12,1,146.2210089,213
9,1,130.605808,213
9,3,130.3232421875,213
14,3,156.0877227783203,213
7,1,120.4122723,213
6,3,114.1352462768555,213
8,1,125.6125575,213
11,2,141.9792955,213
10,1,135.5121517,213
19,3,161.3891754150391,213
13,2,151.0732167,213
10,3,135.6775970458984,213
10,2,135.8499796,213
16,2,154.7127739,213
18,1,167.122828,213
6,2,113.3536186,213
5,2,107.1527723,213
7,2,119.2926941,214
18,3,163.2413482666016,214
18,1,170.1972323,214
14,2,153.4561048,214
10,1,137.8230011,214
16,2,155.4174125,214
7,1,122.9706239,214
5,1,111.8447468,214
19,3,163.7069091796875,214
6,2,113.845558,214
10,3,136.8067626953125,214
9,1,132.9592862,214
12,3,147.9411926269531,214
15,1,165.6445642,214
16,3,162.0073394775391,214
14,3,157.5113983154297,214
12,2,147.3000013,214
9,2,129.9609623,214
9,3,131.5127258300781,214
14,1,161.3365154,214
8,3,126.3698196411133,214
13,1,155.1727297,214
12,1,148.5409579,214
11,3,142.356201171875,214
7,3,121.1926879882813,214
17,1,169.5738746,214
5,2,107.9530762,214
18,2,155.9090783,214
15,3,160.3656463623047,214
6,3,115.7871856689453,214
13,2,151.1140471,214
11,2,141.8405015,214
11,1,142.837776,214
16,1,168.2353224,214
13,3,153.2064971923828,214
10,2,135.716981,214
17,3,162.8240051269531,214
19,1,170.6696869,214
15,2,154.7765302,214
19,2,156.3895702,214
5,3,109.9569473266602,214
8,1,128.0477734,214
8,2,124.5730286,214
17,2,155.6900072,214
6,1,117.6095871,214
19,2,165.9886854,217
13,2,158.40006,217
8,1,132.4799944,217
14,2,161.0084936,217
5,3,115.1430358886719,217
17,2,164.3123213,217
19,3,172.5402221679688,217
5,2,114.3912146,217
6,1,121.7677078,217
9,3,137.0533599853516,217
11,2,148.7108524,217
7,1,127.2666507,217
15,2,162.6417733,217
14,1,166.6995857,217
17,1,176.1550176,217
8,2,131.08664,217
12,3,153.9384613037109,217
8,3,131.7975769042969,217
7,3,126.5256805419922,217
9,2,136.5587949,217
5,1,115.8648206,217
10,1,142.5256427,217
16,3,169.0379333496094,217
11,1,147.67727,217
16,2,163.6344073,217
15,1,171.2785935,217
19,1,178.6999159,217
7,2,125.753588,217
15,3,167.0432281494141,217
13,1,160.3282756,217
18,2,164.9993731,217
11,3,148.1825561523438,217
10,3,142.4801635742188,217
12,1,153.5319093,217
18,1,177.4610352,217
12,2,154.3636994,217
9,1,137.5275641,217
17,3,170.325439453125,217
6,3,121.0396041870117,217
18,3,171.3779602050781,217
13,3,159.3844146728516,217
16,1,174.2538043,217
6,2,120.2822803,217
14,3,163.9113616943359,217
10,2,142.4326836,217
6,3,111.1990585327148,219
17,2,150.6948905,219
13,1,150.1014322,219
13,3,148.4128112792969,219
9,2,125.7456485,219
9,3,126.8835220336914,219
8,2,120.3769367,219
13,2,146.6848116,219
7,3,116.5914611816406,219
12,3,143.2400665283203,219
12,2,142.9554098,219
19,3,157.7088317871094,219
5,3,105.379035949707,219
14,1,156.1991789,219
8,1,123.0970497,219
18,1,164.4054496,219
14,2,148.9239358,219
8,3,121.7548904418945,219
10,1,132.8392133,219
9,1,127.9925849,219
16,2,150.6075361,219
15,3,155.3309631347656,219
11,1,137.8370661,219
18,3,157.6326599121094,219
7,2,115.1052139,219
7,1,118.0385014,219
6,1,112.7002209,219
14,3,152.6031341552734,219
17,1,164.1467608,219
15,1,160.4193599,219
16,1,162.9117264,219
11,3,137.6962432861328,219
10,3,132.1638946533203,219
19,1,164.3575117,219
12,1,143.5180164,219
5,2,103.7538726,219
10,2,131.4713807,219
5,1,106.9593413,219
11,2,137.551924,219
17,3,157.5001220703125,219
15,2,150.1236041,219
16,3,156.832275390625,219
18,2,150.704137,219
19,2,150.9139679,219
6,2,109.6567527,219
16,1,170.4210794,220
15,1,168.0195443,220
8,2,129.0570735,220
10,1,140.7408727,220
9,1,135.9344799,220
17,2,159.7145702,220
6,3,119.5122909545898,220
9,2,134.5216231,220
14,3,161.0985107421875,220
10,2,140.3514529,220
7,3,124.9079895019531,220
14,1,163.8875528,220
17,1,171.5944068,220
8,3,130.0827484130859,220
12,3,151.6844940185547,220
12,1,151.3323585,220
13,1,157.8599815,220
19,2,159.5686675,220
18,1,171.9612694,220
5,3,113.7000274658203,220
5,1,115.0727251,220
7,1,126.0673308,220
9,3,135.2389373779297,220
8,1,131.0777545,220
18,2,159.6192728,220
13,3,156.8864593505859,220
11,1,145.6974035,220
17,3,165.7838592529297,220
12,2,152.0490207,220
10,3,140.5492248535156,220
6,2,118.214626,220
15,3,163.810302734375,220
19,1,172.1502463,220
14,2,158.1978552,220
6,1,120.7725587,220
5,2,112.2867497,220
13,2,155.8762753,220
7,2,123.7135776,220
16,3,165.2027893066406,220
18,3,165.9173126220703,220
19,3,165.9743957519531,220
15,2,159.4226628,220
11,2,146.5401172,220
11,3,146.1118621826172,220
16,2,159.7530263,220
6,2,116.9744414,221
13,3,156.7630920410156,221
15,1,169.0768957,221
10,3,140.3642120361328,221
8,2,127.7009699,221
9,2,133.1133619,221
16,3,165.2882232666016,221
5,2,111.1029127,221
18,1,172.1881854,221
11,1,146.774139,221
5,1,116.0003605,221
19,3,166.4177703857422,221
10,1,141.7969866,221
12,2,150.6371576,221
15,3,163.7899169921875,221
18,3,166.1055755615234,221
18,2,159.9828324,221
16,2,159.2380617,221
13,2,154.5403546,221
14,2,156.9931581,221
8,3,129.9136962890625,221
6,3,119.3701858520508,221
16,1,171.2873645,221
17,3,165.8661346435547,221
19,1,172.229052,221
9,3,135.0557250976563,221
17,2,159.639062,221
12,3,151.5368499755859,221
11,2,145.0964343,221
10,2,138.9110773,221
19,2,160.5749918,221
9,1,136.9695523,221
5,3,113.5727920532227,221
14,3,161.0089874267578,221
11,3,145.9413452148438,221
6,1,121.7262415,221
7,1,127.0494172,221
7,3,124.7499237060547,221
14,1,164.9773633,221
8,1,132.0918095,221
7,2,122.4133838,221
17,1,172.0475509,221
12,1,152.424098,221
15,2,158.4487093,221
13,1,158.9570449,221
10,3,136.3790283203125,222
8,1,127.137275,222
9,2,129.9689051,222
7,2,119.2283508,222
15,3,159.8692169189453,222
8,2,124.5458806,222
18,3,162.2817840576172,222
14,1,160.5663267,222
6,2,113.7448429,222
5,1,110.8804568,222
9,3,131.0492401123047,222
17,1,168.6124842,222
16,3,161.3875732421875,222
15,1,164.8553195,222
19,1,169.5905441,222
9,1,132.0790156,222
13,3,152.8092193603516,222
11,2,141.8929137,222
7,3,120.6662826538086,222
13,1,154.4045384,222
10,1,136.9761961,222
7,1,122.0363641,222
19,2,155.1831397,222
11,3,141.9615325927734,222
16,1,167.3819954,222
17,3,162.0313415527344,222
6,1,116.6570182,222
13,2,151.1362852,222
19,3,162.539306640625,222
14,3,157.0767364501953,222
18,2,155.0932975,222
12,2,147.354056,222
5,3,109.3870849609375,222
17,2,155.1454644,222
14,2,153.4181112,222
12,3,147.5632019042969,222
12,1,147.7625797,222
5,2,107.8206919,222
18,1,169.1623228,222
10,2,135.7525958,222
11,1,142.0269498,222
8,3,125.8728485107422,222
6,3,115.2359085083008,222
16,2,155.1082034,222
15,2,154.6429728,222
6,1,123.0788561,223
11,3,149.7544403076172,223
15,3,167.7330169677734,223
5,3,116.9223175048828,223
17,3,170.0531768798828,223
8,2,133.3167173,223
5,2,116.6762274,223
7,1,128.5839394,223
5,1,117.1597637,223
12,2,156.0739784,223
14,1,167.5768216,223
18,2,164.1356601,223
17,2,164.1015886,223
15,2,163.453598,223
10,1,143.8059881,223
8,3,133.5600128173828,223
18,1,176.4619319,223
11,1,148.9250932,223
19,1,176.9742253,223
9,1,138.8292818,223
16,3,169.2991943359375,223
15,1,171.8669787,223
13,1,161.3971629,223
19,3,170.7568054199219,223
18,3,170.4053955078125,223
8,1,133.7946695,223
7,2,128.025834,223
6,2,122.5714856,223
12,1,154.716603,223
16,2,163.9861207,223
10,3,144.1382293701172,223
14,3,164.9249420166016,223
16,1,174.4305537,223
13,3,160.6462097167969,223
9,2,138.7161096,223
17,1,175.801267,223
7,3,128.3099212646484,223
9,3,138.7737121582031,223
10,2,144.482254,223
19,2,164.3192602,223
6,3,122.8297271728516,223
14,2,162.1806432,223
11,2,150.6128066,223
13,2,159.8692058,223
12,3,155.3836517333984,223
15,2,157.2742396,225
16,2,157.5269949,225
18,1,169.8467173,225
10,2,139.5278725,225
6,2,116.8053013,225
17,3,163.5615081787109,225
7,3,122.7887954711914,225
13,3,155.3997802734375,225
6,3,116.918327331543,225
18,2,157.4810514,225
7,2,122.678922,225
13,1,156.4128234,225
13,2,154.3532061,225
11,1,143.9903535,225
8,3,128.3129272460938,225
10,3,139.1443786621094,225
8,1,128.389607,225
17,1,169.4830023,225
5,3,110.4902954101563,225
18,3,163.7370758056641,225
14,1,162.4052583,225
12,2,150.824163,225
11,3,144.7599029541016,225
9,3,133.6986846923828,225
6,1,117.0274641,225
12,3,150.305908203125,225
11,2,145.5556689,225
15,1,166.3763873,225
12,1,149.8045685,225
16,1,168.5333952,225
10,1,138.7736065,225
7,1,122.8949056,225
9,1,133.6413087,225
14,2,156.3441535,225
5,2,110.318481,225
8,2,128.233549,225
19,1,170.2864395,225
16,3,163.1103057861328,225
14,3,159.4228668212891,225
5,1,110.6561451,225
9,2,133.7580654,225
19,3,164.1555786132813,225
19,2,157.9019214,225
17,2,157.4786628,225
15,3,161.8951721191406,225
6,1,116.7544675,227
16,2,155.3147972,227
9,2,129.8534611,227
17,2,155.4405836,227
10,1,137.221217,227
15,2,154.7538948,227
5,2,107.652767,227
13,2,151.1386256,227
5,3,109.3129196166992,227
14,3,157.2328491210938,227
7,2,119.0834688,227
9,3,131.0912780761719,227
12,2,147.3179041,227
8,1,127.3189974,227
5,1,110.9249302,227
15,3,160.0459136962891,227
17,1,168.9583506,227
12,1,148.0578311,227
6,2,113.5878491,227
11,2,141.824876,227
11,1,142.2984754,227
7,1,122.1782668,227
13,3,152.9532775878906,227
12,3,147.6927947998047,227
16,1,167.7292688,227
8,3,125.8876266479492,227
19,2,155.621106,227
19,3,162.8578796386719,227
18,3,162.5659637451172,227
18,1,169.502538,227
17,3,162.2862243652344,227
15,1,165.1986251,227
14,2,153.4676836,227
14,1,160.8969221,227
10,3,136.4506988525391,227
10,2,135.6584469,227
9,1,132.2946163,227
18,2,155.450691,227
16,3,161.6029663085938,227
6,3,115.1943054199219,227
19,1,169.9128092,227
13,1,154.7198377,227
11,3,142.0648956298828,227
7,3,120.6533279418945,227
8,2,124.4146451,227
10,2,138.4673096,228
6,3,117.2666015625,228
15,2,156.9048813,228
11,1,143.7511919,228
16,3,163.1210479736328,228
7,3,122.7945404052734,228
16,2,157.3652934,228
8,1,128.8421539,228
15,3,161.6846313476563,228
17,1,169.751219,228
8,3,128.0604705810547,228
10,3,138.5869903564453,228
16,1,168.6291384,228
19,1,170.1901695,228
15,1,166.256958,228
6,1,118.315566,228
9,3,133.2615661621094,228
5,2,109.9788307,228
18,1,170.0574666,228
19,3,164.310546875,228
7,2,121.8248707,228
12,3,149.6897277832031,228
12,2,149.9218636,228
5,1,112.5088121,228
13,3,154.8554992675781,228
14,2,155.7705716,228
17,3,163.7592010498047,228
18,2,157.6659023,228
17,2,157.5019157,228
14,1,162.1217256,228
12,1,149.4676624,228
10,1,138.701535,228
6,2,116.1659162,228
5,3,111.2754898071289,228
7,1,123.7203916,228
8,2,127.2426953,228
9,2,132.700976,228
13,2,153.5976729,228
18,3,163.9921112060547,228
11,3,144.1415863037109,228
13,1,156.058489,228
11,2,144.5494717,228
9,1,133.7977485,228
19,2,158.1864561,228
14,3,159.0168304443359,228
18,3,166.4339599609375,229
11,3,145.0855712890625,229
13,1,157.0943334,229
9,3,134.1044464111328,229
6,1,119.158913,229
14,3,160.3858795166016,229
12,1,150.4144197,229
10,1,139.5867797,229
10,3,139.4660491943359,229
15,3,163.2894287109375,229
5,2,111.3187261,229
6,3,118.2217178344727,229
5,1,113.3445501,229
17,3,165.9136962890625,229
11,2,145.5345143,229
16,3,164.9842529296875,229
17,1,172.127834,229
5,3,112.3544692993164,229
18,2,159.5345727,229
19,1,173.8061773,229
19,2,159.762217,229
11,1,144.6557335,229
14,2,157.323514,229
9,2,133.5152983,229
6,2,117.2414766,229
7,3,123.6722106933594,229
8,2,128.0651085,229
16,2,159.2543404,229
7,1,124.5716151,229
17,2,159.4430546,229
14,1,163.3212714,229
16,1,170.4831933,229
12,2,151.0650157,229
12,3,150.7327117919922,229
15,2,158.6661921,229
9,1,134.6680136,229
15,1,167.7225871,229
8,3,128.9017639160156,229
8,1,129.7018774,229
7,2,122.7316082,229
13,3,156.0372467041016,229
18,1,173.0652616,229
13,2,154.934043,229
10,2,139.33988,229
19,3,166.9178619384766,229
15,1,162.3428453,230
19,1,166.7506016,230
14,1,158.3846766,230
6,2,114.152401,230
11,2,141.587617,230
19,3,160.5741729736328,230
9,1,131.1922021,230
9,2,129.9591927,230
17,1,165.7439346,230
5,3,109.411491394043,230
10,3,135.7423400878906,230
10,1,135.884892,230
11,3,141.1398773193359,230
16,1,164.6067243,230
7,2,119.5051289,230
15,3,158.1273040771484,230
5,2,108.346068,230
13,2,150.5418503,230
16,3,159.4708099365234,230
14,2,152.6930461,230
14,3,155.5757904052734,230
10,2,135.5949204,230
12,1,146.1853237,230
12,2,146.9033133,230
19,2,154.3871646,230
6,3,115.1789016723633,230
8,2,124.6826863,230
6,1,116.1699421,230
7,1,121.4552558,230
17,3,160.0437316894531,230
17,2,154.2598762,230
18,3,160.2696228027344,230
11,1,140.7062214,230
18,1,166.2782821,230
12,3,146.5388946533203,230
16,2,154.2297004,230
9,3,130.5864410400391,230
18,2,154.2104096,230
7,3,120.4973754882813,230
8,3,125.5674133300781,230
13,1,152.5380233,230
5,1,110.4396597,230
13,3,151.553955078125,230
8,1,126.4212559,230
15,2,153.8096551,230
14,1,168.8009028,231
14,2,163.158157,231
14,3,166.0389556884766,231
19,3,171.3794555664063,231
10,2,145.7845238,231
16,3,169.7752532958984,231
15,1,173.2138813,231
17,2,163.2506759,231
11,3,150.9778289794922,231
6,2,123.1547104,231
18,2,163.1532152,231
8,1,134.9200802,231
15,2,163.4185719,231
11,2,152.0143785,231
5,3,117.7579574584961,231
19,1,179.48215,231
13,2,161.256686,231
8,3,134.6135559082031,231
17,1,177.4136089,231
16,2,163.3444883,231
12,3,156.6368560791016,231
7,3,129.2857360839844,231
10,1,144.8939694,231
18,1,178.4484727,231
18,3,170.9519348144531,231
9,1,139.933233,231
11,1,150.0049348,231
12,2,157.5098509,231
15,3,168.4252166748047,231
5,1,118.4044452,231
9,2,139.8715078,231
13,3,161.9102478027344,231
8,2,134.2926004,231
10,3,145.3247833251953,231
6,3,123.7300262451172,231
5,2,117.0772173,231
12,1,155.8089304,231
7,2,128.8059714,231
9,3,139.9031524658203,231
16,1,175.8800382,231
17,3,170.510009765625,231
13,1,162.5336214,231
19,2,163.0573217,231
6,1,124.2753143,231
7,1,129.7404853,231
11,2,150.6788633,233
19,1,173.7116523,233
15,3,167.5041046142578,233
18,2,162.7959816,233
12,3,156.508544921875,233
6,3,124.9166717529297,233
5,3,119.1659164428711,233
9,1,142.2353601,233
8,3,135.3147277832031,233
12,2,156.1420496,233
7,2,127.7295155,233
17,1,173.9468106,233
9,2,138.65687,233
18,3,168.1705932617188,233
13,3,161.4292907714844,233
14,2,162.0396122,233
16,3,168.1951293945313,233
9,3,140.3775939941406,233
18,1,173.8331286,233
11,1,151.5405058,233
11,3,151.0928649902344,233
13,2,159.8876986,233
16,1,173.7994642,233
5,2,116.0924234,233
7,3,130.2461090087891,233
5,1,122.2594329,233
17,3,168.2448272705078,233
15,2,162.8175919,233
10,2,144.5032209,233
16,2,162.9154229,233
15,1,172.4078722,233
7,1,132.8113993,233
14,3,165.3080596923828,233
19,2,162.7824413,233
6,2,122.1341247,233
6,1,127.7352336,233
14,1,168.7841912,233
10,1,146.8155742,233
19,3,168.1050109863281,233
8,1,137.6048258,233
10,3,145.6290740966797,233
12,1,156.9180955,233
8,2,133.1488921,233
13,1,163.1376692,233
17,2,162.8633623,233
8,1,131.3631412,234
18,1,175.6024701,234
6,1,120.7137743,234
14,3,163.0639801025391,234
8,2,130.4887723,234
7,1,126.1806402,234
12,1,152.4055768,234
10,3,141.6016235351563,234
10,2,141.8356438,234
17,1,174.5929911,234
12,3,153.0890960693359,234
9,3,136.1666870117188,234
14,2,160.5074914,234
19,3,170.9865875244141,234
13,1,159.1934998,234
16,1,172.9024082,234
11,1,146.5457915,234
5,2,113.8463868,234
16,2,163.1774776,234
12,2,153.8133895,234
15,3,166.2129211425781,234
5,1,114.8423432,234
13,3,158.5451965332031,234
7,3,125.6828079223633,234
9,2,135.9455856,234
15,2,162.1643768,234
11,2,148.1366253,234
13,2,157.8740699,234
15,1,170.0471048,234
6,3,120.2224349975586,234
7,2,125.171477,234
8,3,130.9319305419922,234
17,3,169.3704681396484,234
16,3,168.1947937011719,234
5,3,114.3511734008789,234
19,2,165.5245375,234
19,1,176.4339349,234
17,2,163.8696247,234
9,1,136.3788297,234
18,3,170.1406097412109,234
18,2,164.5644946,234
14,1,165.5337948,234
11,3,147.3124237060547,234
10,1,141.3823025,234
6,2,119.7179065,234
12,3,156.6729583740234,236
17,2,164.5805519,236
18,3,171.215087890625,236
16,3,170.0790557861328,236
17,3,170.8029327392578,236
6,2,122.4395574,236
18,2,164.8156489,236
18,1,177.0642797,236
9,2,138.7165526,236
16,2,164.3178461,236
14,1,169.2883105,236
11,2,150.6855516,236
13,1,163.4585295,236
15,2,163.699028,236
12,2,156.1833375,236
16,1,175.5005267,236
11,3,151.2095184326172,236
6,3,125.1410827636719,236
19,2,165.3026536,236
5,2,116.4867986,236
10,1,146.9645245,236
19,3,171.7340087890625,236
8,1,137.7147268,236
7,1,132.8943443,236
12,1,157.1361275,236
7,3,130.4541473388672,236
7,2,127.9432698,236
13,2,160.0175263,236
14,2,162.3732903,236
10,2,144.5193491,236
9,1,142.366512,236
5,3,119.4082946777344,236
9,3,140.5796966552734,236
6,1,127.7866714,236
13,3,161.7962493896484,236
17,1,176.5964356,236
14,3,165.9562683105469,236
15,3,168.6181793212891,236
15,1,173.239011,236
11,1,151.7104086,236
5,1,122.2698094,236
8,2,133.2776535,236
8,3,135.5376281738281,236
10,3,145.7682342529297,236
19,1,177.4938788,236
10,1,142.8387129,238
11,2,146.5044291,238
9,2,134.5352211,238
15,1,170.5954651,238
17,3,167.4908447265625,238
15,3,165.2095336914063,238
17,2,160.8503386,238
7,2,123.7830622,238
15,2,159.6606639,238
10,2,140.3340966,238
11,3,147.2117309570313,238
9,3,136.2586822509766,238
8,3,131.0661468505859,238
7,3,125.841438293457,238
17,1,173.948946,238
6,1,122.4159239,238
5,2,112.3531624,238
5,1,116.5947582,238
16,3,166.7669219970703,238
18,2,161.3707653,238
8,1,132.9629575,238
11,1,147.8976209,238
6,3,120.3880844116211,238
10,3,141.6064300537109,238
7,1,127.8328433,238
9,1,137.9265933,238
8,2,129.1056908,238
19,3,168.4656524658203,238
19,1,174.5144365,238
13,1,160.2562468,238
12,3,152.8361053466797,238
13,2,155.8770001,238
14,1,166.3781459,238
14,2,158.275097,238
16,1,172.9558878,238
18,3,167.9170379638672,238
19,2,162.2638615,238
12,1,153.631795,238
6,2,118.2924424,238
12,2,152.0161757,238
13,3,158.0992126464844,238
16,2,160.3920246,238
14,3,162.3864440917969,238
5,3,114.5086059570313,238
18,1,174.293243,238
13,3,160.0003662109375,239
17,3,169.4490356445313,239
18,1,175.8565653,239
5,1,115.5059165,239
8,2,131.6468636,239
19,2,163.3798399,239
14,3,164.3999176025391,239
14,2,161.1852606,239
15,2,162.472367,239
15,3,167.2862091064453,239
16,3,168.8300476074219,239
9,2,137.1885321,239
18,2,163.1661044,239
12,2,154.9088411,239
7,1,127.2771698,239
7,3,126.7507171630859,239
8,1,132.6660951,239
12,1,154.310944,239
18,3,169.6695556640625,239
16,1,174.4549091,239
15,1,171.9018996,239
7,2,126.2052647,239
6,3,121.1039199829102,239
13,1,161.1570497,239
11,3,148.8320770263672,239
6,2,120.5937079,239
9,3,137.5430297851563,239
19,3,169.8728637695313,239
14,1,167.4890433,239
17,2,163.082646,239
5,3,115.0295028686523,239
16,2,162.9506641,239
19,1,176.0332708,239
13,2,158.7977589,239
8,3,132.1656951904297,239
10,2,143.0872073,239
11,1,148.343912,239
12,3,154.6041564941406,239
17,1,175.5247552,239
10,1,143.0437526,239
9,1,137.8847554,239
6,1,121.5963969,239
5,2,114.5357388,239
10,3,143.0650787353516,239
11,2,149.3391609,239
12,1,151.4413026,242
6,1,119.7926226,242
11,3,146.4728698730469,242
10,3,140.7646636962891,242
9,3,135.3516693115234,242
17,1,173.6476563,242
11,2,147.4797852,242
8,3,130.1474609375,242
9,2,135.4238997,242
18,3,167.9158782958984,242
11,1,145.5122919,242
19,3,168.0807495117188,242
7,3,124.9749221801758,242
16,2,161.2506396,242
6,2,119.5143407,242
6,3,119.6567459106445,242
14,1,164.7079205,242
10,1,140.3015771,242
12,2,153.0589906,242
14,2,159.3811767,242
18,1,174.1582656,242
13,3,157.6523132324219,242
15,3,165.0887298583984,242
13,2,156.9712656,242
16,1,172.1082748,242
9,1,135.282615,242
5,3,114.0109786987305,242
8,1,130.2671141,242
18,2,161.3902584,242
16,3,166.8025054931641,242
14,3,162.1070251464844,242
19,2,161.5584634,242
7,2,124.8031429,242
5,1,114.1175873,242
12,3,152.2313232421875,242
8,2,130.0224534,242
15,2,160.7159,242
5,2,113.8990759,242
7,1,125.1390937,242
15,1,169.2646045,242
10,2,141.2499185,242
13,1,158.3022409,242
17,2,161.356772,242
17,3,167.6401062011719,242
19,1,174.3233096,242
18,3,166.3827362060547,243
17,1,171.8566644,243
19,1,173.5337221,243
15,2,158.1189313,243
8,1,129.0144682,243
16,1,170.2631268,243
6,3,117.3145294189453,243
12,3,150.1106872558594,243
10,1,139.0223878,243
15,3,162.947509765625,243
9,1,134.0423085,243
14,2,156.6735334,243
9,2,132.543157,243
12,1,149.9840358,243
17,2,159.2028481,243
7,2,121.7183247,243
12,2,150.2439623,243
19,3,167.0283203125,243
5,1,112.474813,243
19,2,160.0370075,243
11,1,144.1568615,243
6,1,118.349615,243
7,3,122.7980651855469,243
11,2,144.6498138,243
10,3,138.7206878662109,243
13,3,155.4971313476563,243
10,2,138.4047319,243
8,2,127.0675795,243
5,3,111.4185485839844,243
18,1,172.7638231,243
13,2,154.1913086,243
14,1,163.0265545,243
8,3,128.0661468505859,243
18,2,159.5219335,243
11,3,144.3975830078125,243
7,1,123.8224033,243
16,3,164.7436218261719,243
5,2,110.3036674,243
9,3,133.3112487792969,243
14,3,159.9427185058594,243
15,1,167.4825248,243
16,2,158.8405358,243
17,3,165.753173828125,243
6,2,116.2229205,243
13,1,156.7333967,243
16,3,170.7408752441406,244
9,1,140.3318091,244
18,1,178.7316916,244
9,2,138.4773945,244
11,1,150.3853909,244
11,3,150.471435546875,244
10,3,144.83837890625,244
5,2,116.2416534,244
7,1,130.1623665,244
12,3,156.1656036376953,244
11,2,150.5667431,244
16,1,176.2152836,244
16,2,164.5732867,244
8,3,134.2153015136719,244
18,2,165.4396684,244
19,1,179.7190928,244
6,3,123.4336166381836,244
8,1,135.3303942,244
17,1,177.7320627,244
10,2,144.3312518,244
19,3,172.8127136230469,244
6,1,124.7075604,244
17,3,171.5578918457031,244
13,1,162.8964592,244
10,1,145.2824508,244
5,1,118.847205,244
14,3,166.0612182617188,244
7,2,127.6594284,244
13,2,160.0854579,244
12,1,156.1797811,244
12,2,156.1502202,244
15,3,169.0622711181641,244
7,3,128.9289703369141,244
5,3,117.548698425293,244
19,2,166.1100662,244
18,3,172.0757141113281,244
15,1,173.5589608,244
6,2,122.1637852,244
13,3,161.5624237060547,244
8,2,133.0063761,244
17,2,165.0014104,244
14,1,169.1551897,244
14,2,162.5297241,244
15,2,163.8819498,244
9,3,139.4593048095703,244
6,3,119.6808853149414,245
16,1,176.8128636,245
7,1,126.2967443,245
17,1,178.3299382,245
5,1,113.1259874,245
12,1,155.5420823,245
10,1,143.5693752,245
12,3,155.7701568603516,245
14,2,162.7582536,245
16,3,170.9300384521484,245
15,2,164.2395854,245
15,3,169.1892700195313,245
10,3,143.5533142089844,245
13,1,162.6782814,245
5,3,112.9978790283203,245
10,2,143.5366141,245
16,2,164.8071768,245
14,1,169.2808156,245
11,1,149.2478707,245
9,3,137.62744140625,245
8,2,131.3202224,245
9,2,137.2642143,245
6,1,119.962487,245
18,2,164.7690464,245
13,2,160.1562346,245
12,2,156.0064053,245
19,1,178.7495629,245
5,2,112.8636232,245
8,3,131.8000183105469,245
13,3,161.4400634765625,245
17,2,164.8261262,245
19,3,171.9835052490234,245
19,2,164.7299393,245
18,1,178.7511154,245
11,3,149.6813812255859,245
17,3,171.7254638671875,245
11,2,150.1309465,245
7,3,125.881591796875,245
14,3,166.0816345214844,245
8,1,132.2602151,245
9,1,137.9764724,245
6,2,119.3860246,245
15,1,173.9516592,245
18,3,171.9455261230469,245
7,2,125.4476825,245
8,2,130.790621,246
14,1,164.9656796,246
19,1,173.8437525,246
6,1,120.9991292,246
15,1,169.1953442,246
12,1,152.2002905,246
5,3,114.4435119628906,246
19,2,161.3955504,246
11,2,148.4552162,246
13,1,158.8327532,246
17,3,167.1256408691406,246
7,1,126.4164478,246
17,1,172.8112238,246
12,3,153.0677490234375,246
17,2,161.2766768,246
9,3,136.4166717529297,246
18,3,167.3975067138672,246
7,2,125.3487442,246
8,3,131.1768493652344,246
6,2,119.7331353,246
5,2,113.6728504,246
13,3,158.3386840820313,246
5,1,115.1655157,246
15,3,165.1695861816406,246
8,1,131.5385855,246
13,2,157.8189627,246
10,2,142.2228713,246
16,2,161.2178588,246
19,3,167.6705322265625,246
15,2,160.9828041,246
9,2,136.3317179,246
11,1,146.4624833,246
6,3,120.3885345458984,246
11,3,147.4239501953125,246
18,2,161.309914,246
16,1,171.6471772,246
14,3,162.5825347900391,246
9,1,136.4962499,246
10,1,141.4041444,246
14,2,160.0651219,246
10,3,141.7986602783203,246
12,2,153.9889917,246
16,3,166.4989013671875,246
18,1,173.3505637,246
7,3,125.9014892578125,246
6,3,120.2091522216797,248
15,2,162.6435644,248
6,2,120.1607581,248
12,2,155.5979518,248
15,3,168.0322570800781,248
11,1,148.7901229,248
13,3,160.7597961425781,248
9,1,137.6748695,248
14,1,168.603376,248
17,3,170.1617431640625,248
17,1,176.7917034,248
18,1,176.9549756,248
5,1,113.7462701,248
8,2,132.1593806,248
9,3,137.7938079833984,248
18,3,170.2418823242188,248
19,3,170.3583221435547,248
12,1,155.0352336,248
7,1,126.3316552,248
10,2,143.9021991,248
16,1,175.6622749,248
8,1,132.0982751,248
16,2,163.0599647,248
13,1,162.1100173,248
10,3,143.5272827148438,248
11,2,150.1315685,248
15,1,173.0923296,248
19,2,163.3118826,248
19,1,176.9373331,248
13,2,159.324648,248
14,2,161.515623,248
5,2,113.324139,248
7,3,126.3350601196289,248
14,3,165.1691284179688,248
17,2,163.0880799,248
12,3,155.3082733154297,248
5,3,113.5408554077148,248
6,1,120.2549792,248
7,2,126.3386537,248
9,2,137.9198297,248
8,3,132.1279449462891,248
11,3,149.4414672851563,248
10,1,143.1733857,248
18,2,163.0702695,248
16,3,169.5635528564453,248
8,2,133.0553387,249
10,1,142.717338,249
8,3,132.8071594238281,249
13,2,160.5755793,249
19,1,177.0945415,249
14,3,165.1311340332031,249
14,2,163.1730219,249
13,3,160.5898895263672,249
6,2,122.066215,249
18,1,176.5085536,249
17,2,166.259797,249
17,1,175.7459361,249
16,3,170.1786346435547,249
5,2,116.064586,249
6,3,121.9017181396484,249
7,2,127.636463,249
9,2,138.5996493,249
12,3,155.1318969726563,249
14,1,166.9417733,249
16,2,165.7013131,249
5,3,115.9179611206055,249
17,3,171.2400207519531,249
9,3,138.1256561279297,249
11,3,149.3531341552734,249
18,2,166.7769901,249
7,1,127.2986684,249
9,1,137.669257,249
10,3,143.6057281494141,249
15,2,164.7739665,249
11,1,147.9143747,249
10,2,144.5314048,249
19,2,167.5515216,249
12,2,156.5306317,249
13,1,160.6032882,249
18,3,171.8634643554688,249
11,2,150.8514981,249
19,3,172.4836120605469,249
5,1,115.7757583,249
8,1,132.5688376,249
7,3,127.4640884399414,249
6,1,121.742395,249
15,1,171.4246519,249
15,3,168.2553253173828,249
16,1,174.2041907,249
12,1,153.8002486,249
5,3,114.8686752319336,250
15,1,174.0656905,250
5,1,115.7644925,250
8,1,133.6148267,250
10,3,144.0469970703125,250
11,2,150.2120957,250
17,3,171.701171875,250
16,1,176.8481995,250
12,3,155.9759521484375,250
11,1,149.8202369,250
6,3,121.1808700561523,250
7,3,127.0655212402344,250
15,3,169.2283630371094,250
19,2,164.6657115,250
12,1,155.9472674,250
8,2,131.7642788,250
5,2,113.9213326,250
6,1,122.1036209,250
11,3,150.0105895996094,250
13,2,160.0939636,250
10,1,144.3579794,250
10,2,143.7184147,250
14,1,169.4754852,250
13,1,162.9630817,250
17,1,178.314648,250
19,1,178.7742139,250
16,2,164.6915373,250
18,3,171.91015625,250
9,2,137.5664574,250
14,3,166.16748046875,250
14,2,162.644615,250
9,3,138.3150482177734,250
8,3,132.7138366699219,250
18,1,178.7435691,250
12,2,156.0063677,250
9,1,139.0247653,250
7,1,128.0140193,250
7,2,126.0642245,250
17,2,164.7282334,250
13,3,161.5721130371094,250
6,2,120.2052238,250
19,3,171.9571075439453,250
15,2,164.0875931,250
18,2,164.6642031,250
16,3,170.9350280761719,250
5,1,119.2488938,251
10,3,145.9287261962891,251
6,3,124.4734039306641,251
16,1,176.6126246,251
12,3,157.3931884765625,251
18,2,167.2130004,251
7,3,129.9525756835938,251
15,3,170.1823120117188,251
12,2,158.1212216,251
9,3,140.4882049560547,251
16,2,166.9409321,251
17,3,172.5202331542969,251
8,3,135.2311706542969,251
5,2,117.8744471,251
13,1,163.4201625,251
9,2,140.1991104,251
6,2,123.7842965,251
17,1,177.8772207,251
12,1,156.695927,251
10,2,146.1233438,251
18,3,172.6205444335938,251
8,2,134.6746147,251
19,2,167.3085696,251
11,3,151.6439971923828,251
11,2,152.4424831,251
16,3,171.8547821044922,251
19,3,172.6923217773438,251
6,1,125.1046864,251
5,3,118.5951309204102,251
9,1,140.763615,251
18,1,178.219494,251
15,2,166.211789,251
13,3,162.8027496337891,251
14,3,167.2375030517578,251
10,1,145.7407403,251
14,1,169.6476221,251
11,1,150.8730324,251
7,1,130.5622737,251
17,2,167.1632453,251
13,2,162.1481843,251
19,1,178.3230318,251
15,1,174.00013,251
14,2,164.695582,251
7,2,129.2932044,251
8,1,135.7431928,251
19,2,164.2814691,252
11,2,148.9255202,252
12,3,153.0384063720703,252
6,1,121.8356731,252
15,2,161.722146,252
14,2,160.4303997,252
8,2,131.6515636,252
10,3,142.054931640625,252
5,3,115.5487670898438,252
12,2,154.3600772,252
19,3,169.1185913085938,252
15,3,165.0937042236328,252
15,1,168.4855389,252
7,2,126.3248225,252
17,2,162.7982036,252
13,3,158.1699371337891,252
18,3,168.3231201171875,252
9,1,136.6066697,252
19,1,173.9764485,252
5,1,116.2776462,252
18,1,173.3691605,252
7,1,126.995273,252
6,3,121.3246231079102,252
6,2,120.8008737,252
12,1,151.7074777,252
13,2,158.1327118,252
10,2,142.8169086,252
8,1,131.8793984,252
7,3,126.6630554199219,252
8,3,131.7661590576172,252
11,1,146.1469573,252
18,2,163.3064767,252
17,3,167.6616668701172,252
9,3,136.8328704833984,252
17,1,172.5555907,252
13,1,158.2074087,252
5,2,114.7964956,252
11,3,147.5386352539063,252
16,3,166.7162017822266,252
16,1,171.0687947,252
14,1,164.2609073,252
14,3,162.3394317626953,252
9,2,137.0605746,252
10,1,141.2943579,252
16,2,162.3906749,252
6,2,125.1637459,253
14,3,168.039794921875,253
7,1,136.0769221,253
10,1,149.8434576,253
12,1,159.8454885,253
12,3,159.0706939697266,253
13,2,161.9368975,253
8,3,138.3912658691406,253
14,1,171.7892685,253
7,3,133.4401550292969,253
13,1,166.0744135,253
8,1,140.7863398,253
10,3,148.398193359375,253
17,2,165.8705482,253
17,1,178.1796953,253
8,2,135.8538957,253
9,3,143.3343353271484,253
15,1,175.5833746,253
11,1,154.5051707,253
10,2,146.8695208,253
16,3,171.7183074951172,253
19,3,172.5944671630859,253
6,3,128.2500610351563,253
18,1,178.26462,253
18,2,166.0436374,253
6,1,131.0702046,253
16,2,165.7296202,253
16,1,177.5640927,253
19,1,178.3164001,253
11,2,152.903809,253
15,2,165.2802851,253
5,1,125.6623363,253
12,2,158.2576176,253
14,2,164.1279077,253
15,3,170.5019378662109,253
17,3,172.0674743652344,253
11,3,153.7162170410156,253
13,3,164.0741729736328,253
5,2,119.248276,253
18,3,172.2115631103516,253
19,2,166.518656,253
9,2,141.1866282,253
5,3,122.5622863769531,253
9,1,145.336803,253
7,2,130.6109806,253
12,2,152.6500477,255
7,2,124.5501907,255
10,2,141.0012804,255
18,2,160.9338766,255
9,1,133.100525,255
17,1,169.7804839,255
15,3,163.1344757080078,255
18,1,170.0548109,255
17,2,160.915059,255
17,3,165.401611328125,255
8,1,128.1365689,255
15,2,160.214489,255
13,1,155.5280202,255
18,3,165.5479888916016,255
13,3,156.0131378173828,255
12,1,148.8627073,255
9,2,135.2237568,255
11,1,143.098528,255
13,2,156.4877935,255
19,2,161.0399239,255
16,1,168.5930155,255
14,2,158.862197,255
8,2,129.8258721,255
8,3,128.9868469238281,255
16,3,164.7222747802734,255
10,1,138.0210059,255
6,3,118.363883972168,255
7,3,123.7812271118164,255
15,1,166.0383647,255
16,2,160.7900442,255
11,2,147.1550738,255
19,3,165.59033203125,255
7,1,123.0137631,255
19,1,170.0907706,255
12,3,150.7893371582031,255
6,1,117.6126647,255
14,1,161.7196681,255
11,3,145.1671447753906,255
5,3,112.5361938476563,255
5,2,113.2783129,255
5,1,111.8126667,255
6,2,119.1264124,255
9,3,134.1776123046875,255
10,3,139.5401763916016,255
14,3,160.2852478027344,255
6,2,114.9928028,256
16,3,159.0452270507813,256
10,1,132.779363,256
5,2,109.1023025,256
12,2,147.8492131,256
19,1,165.2644168,256
12,3,145.5324401855469,256
17,3,159.7239837646484,256
19,3,160.1849517822266,256
9,3,129.3641357421875,256
8,3,124.2897186279297,256
16,1,162.9129107,256
8,1,123.0714471,256
17,1,164.2581347,256
15,3,157.5500793457031,256
14,3,154.8649749755859,256
18,2,154.6278994,256
11,2,142.5657117,256
7,3,119.1942367553711,256
5,1,106.9784715,256
10,3,134.5959625244141,256
12,1,143.4406476,256
9,1,127.948642,256
10,2,136.5858998,256
13,1,150.0264828,256
9,2,130.9429665,256
14,2,153.5178388,256
18,1,164.8535491,256
7,1,118.0306994,256
13,3,150.7059631347656,256
19,2,154.757255,256
15,1,160.3763912,256
6,1,112.7069035,256
18,3,159.9600830078125,256
7,2,120.4128555,256
11,1,137.7651759,256
13,2,151.4395578,256
17,2,154.6883144,256
11,3,140.0501098632813,256
14,1,156.1356877,256
5,3,108.0139465332031,256
15,2,154.4972077,256
16,2,154.7338545,256
8,2,125.6383574,256
6,3,113.8326263427734,256
18,1,169.4261985,257
16,3,163.1538238525391,257
6,3,116.8891983032227,257
8,1,127.6117687,257
12,1,148.2726156,257
7,1,122.4941238,257
6,1,117.0935951,257
6,2,116.6717476,257
18,3,164.4093475341797,257
15,3,161.5550689697266,257
19,2,159.6585322,257
10,3,138.0021820068359,257
14,2,156.4218841,257
14,3,158.7366180419922,257
12,2,150.1897651,257
14,1,161.0703568,257
8,3,127.5014419555664,257
16,1,167.8420611,257
10,1,137.4710057,257
16,2,158.497172,257
9,1,132.5652484,257
7,2,122.1077297,257
17,2,158.8321439,257
17,1,169.0677981,257
15,2,157.79765,257
9,2,132.7770572,257
5,2,110.7968148,257
7,3,122.3068618774414,257
10,2,138.5474625,257
19,1,169.5719143,257
18,2,159.1183763,257
12,3,149.2376556396484,257
5,3,111.050178527832,257
11,3,143.6010131835938,257
17,3,164.0142517089844,257
8,2,127.3840091,257
5,1,111.288285,257
11,1,142.5293367,257
15,1,165.3312654,257
9,3,132.6687622070313,257
19,3,164.7477569580078,257
13,3,154.4690399169922,257
11,2,144.6953524,257
13,1,154.9171127,257
13,2,154.0365629,257
19,2,157.8220749,258
11,2,144.4968502,258
6,1,119.154587,258
19,1,169.5697914,258
9,2,132.6642764,258
11,3,144.3934783935547,258
12,3,149.9520111083984,258
6,3,117.9075012207031,258
12,1,149.9814273,258
19,3,163.4893188476563,258
18,1,169.6302852,258
6,2,116.5778211,258
17,3,163.6250915527344,258
5,1,113.4176867,258
12,2,149.9173175,258
5,3,112.0993194580078,258
16,2,157.5644174,258
15,3,161.9825439453125,258
9,1,134.4456481,258
17,1,169.6202621,258
14,1,162.5577933,258
18,3,163.5498199462891,258
7,2,122.0176771,258
13,2,153.6638112,258
14,2,155.9178151,258
10,2,138.4011639,258
13,3,155.2143707275391,258
14,3,159.4199066162109,258
8,1,129.5485178,258
11,1,144.3032948,258
7,3,123.2939758300781,258
10,3,138.8697204589844,258
8,3,128.4668121337891,258
17,2,157.6299301,258
15,2,157.1202105,258
15,1,166.6334819,258
10,1,139.2979473,258
8,2,127.2894585,258
16,1,168.8793284,258
9,3,133.5968017578125,258
7,1,124.4910068,258
5,2,110.6930552,258
16,3,163.2486877441406,258
13,1,156.5352252,258
18,2,157.6414564,258
5,1,114.1502423,260
10,3,143.5784301757813,260
8,3,131.9751739501953,260
7,3,126.1818161010742,260
8,1,132.6960733,260
6,2,119.5134538,260
11,2,149.8372715,260
15,1,173.7116051,260
9,1,138.3152999,260
16,2,164.5368268,260
14,2,162.413758,260
19,1,177.7186704,260
14,1,169.2733215,260
6,3,120.1408843994141,260
12,1,155.7407457,260
9,3,137.7166442871094,260
6,1,120.7377919,260
15,3,168.9382934570313,260
14,3,165.9265441894531,260
13,3,161.352294921875,260
17,1,177.4119603,260
12,2,155.6821151,260
5,2,113.1354481,260
19,3,171.3816986083984,260
18,2,164.6255527,260
17,2,164.6158502,260
16,3,170.561767578125,260
13,2,159.8185577,260
13,1,162.810012,260
12,3,155.7122192382813,260
10,1,143.8476661,260
9,2,137.0823263,260
8,2,131.2173528,260
7,2,125.4507595,260
7,1,126.8792069,260
5,3,113.6580047607422,260
11,3,149.6566619873047,260
11,1,149.4862881,260
18,1,177.6541002,260
15,2,163.9058573,260
19,2,164.6600412,260
16,1,176.2529404,260
18,3,171.3048400878906,260
17,3,171.1768493652344,260
10,2,143.290796,260
8,3,134.8309631347656,261
9,2,139.1114386,261
19,2,167.0322654,261
16,3,170.6312255859375,261
14,3,166.2488555908203,261
10,3,145.5702667236328,261
5,1,119.9389925,261
5,3,118.490119934082,261
15,2,164.7748775,261
9,1,141.2813505,261
10,2,144.9599536,261
6,1,125.7510443,261
18,2,166.4284801,261
5,2,116.9377564,261
17,1,177.1605553,261
16,1,176.4323791,261
8,1,136.3030436,261
13,3,162.1014862060547,261
12,2,156.7882367,261
12,1,157.0709939,261
15,3,168.9477691650391,261
13,1,163.725505,261
11,1,151.3089011,261
17,2,166.0504716,261
19,3,171.0963897705078,261
9,3,140.1033935546875,261
12,3,156.9253234863281,261
17,3,170.7508850097656,261
16,2,165.6035719,261
6,3,124.2503356933594,261
19,1,177.1925778,261
14,1,169.8734193,261
11,3,151.2528991699219,261
14,2,163.2639179,261
7,3,129.6142883300781,261
11,2,151.1968895,261
7,2,128.3219669,261
7,1,131.1650669,261
13,2,160.7481342,261
6,2,122.8434278,261
8,2,133.6533112,261
18,1,177.2125528,261
18,3,170.9218444824219,261
10,1,146.2187206,261
15,1,174.0836394,261
5,2,113.4651281,263
19,3,165.2482604980469,263
12,2,152.9564049,263
9,3,135.4403533935547,263
16,1,169.6896184,263
6,1,119.846912,263
12,1,150.8548101,263
7,2,124.9015638,263
11,1,145.1472684,263
17,1,170.3887588,263
16,2,159.6189848,263
10,1,140.1131426,263
7,1,125.2139723,263
6,2,119.4026792,263
16,3,164.8831787109375,263
17,3,165.2156829833984,263
5,3,113.7996520996094,263
15,3,163.7606506347656,263
14,1,163.4982403,263
9,2,135.6575895,263
7,3,125.0668029785156,263
14,3,161.2039642333984,263
10,3,140.7698364257813,263
19,2,159.517622,263
18,3,165.2306365966797,263
8,1,130.3028718,263
13,3,157.0521392822266,263
18,2,159.5228289,263
13,2,156.6612196,263
11,2,147.5450454,263
17,2,159.5816352,263
15,2,159.52555,263
10,2,141.4319482,263
6,3,119.6415939331055,263
19,1,170.6244315,263
15,1,167.6042806,263
13,1,157.4397408,263
12,3,151.9099273681641,263
9,1,135.230192,263
8,3,130.2684478759766,263
18,1,170.5467281,263
8,2,130.2313751,263
5,1,114.0819005,263
14,2,158.7662854,263
11,3,146.3461608886719,263
5,2,108.0826096,264
12,1,140.6563439,264
7,1,115.2183709,264
6,3,111.84375,264
5,1,104.1636667,264
7,2,119.3973193,264
17,2,156.2112558,264
13,2,151.4236293,264
11,1,134.9677018,264
8,1,120.2618916,264
6,2,113.9568234,264
13,3,149.2358093261719,264
12,3,143.9280090332031,264
9,3,127.5027694702148,264
19,1,163.097954,264
6,1,109.8940834,264
5,3,106.0473251342773,264
17,1,161.8508505,264
15,2,155.2175921,264
17,3,159.1823577880859,264
18,2,156.4484913,264
8,2,124.6840031,264
19,3,160.1532287597656,264
10,3,132.7851257324219,264
11,3,138.3286590576172,264
13,1,147.26882,264
9,1,125.1415535,264
9,2,130.0896642,264
11,2,142.0415619,264
12,2,147.5559782,264
19,2,156.8944981,264
15,3,156.5442504882813,264
7,3,117.220329284668,264
16,1,160.3696129,264
10,2,135.8755464,264
18,3,159.6772003173828,264
16,3,158.2593841552734,264
16,2,155.9066944,264
15,1,157.7338439,264
14,1,153.4236258,264
18,1,162.5848678,264
8,3,122.3764343261719,264
10,1,129.9762214,264
14,2,153.8281351,264
14,3,153.6149444580078,264
12,2,150.4860667,265
10,2,138.761597,265
15,1,165.288058,265
19,2,163.8159608,265
16,3,164.5136871337891,265
7,2,123.0322131,265
17,3,166.2447967529297,265
18,3,167.7789611816406,265
6,1,115.2005192,265
16,2,160.2937664,265
13,3,154.2212677001953,265
14,2,157.2401373,265
5,1,109.4228393,265
19,1,174.4168439,265
11,2,144.8952245,265
13,1,153.9160201,265
7,1,120.6138711,265
12,1,146.9825707,265
16,1,168.5669282,265
5,2,112.7527941,265
15,2,159.0447736,265
8,3,126.8337020874023,265
14,1,160.4721869,265
9,1,130.8179394,265
6,2,118.0553037,265
13,2,154.5389979,265
12,3,148.6921234130859,265
17,2,161.2993851,265
11,3,142.9152984619141,265
9,2,133.1173423,265
14,3,158.9041442871094,265
11,1,141.0391923,265
6,3,116.5973434448242,265
9,3,131.9375610351563,265
15,3,162.264404296875,265
7,3,121.7854614257813,265
17,1,170.8776055,265
19,3,169.2968292236328,265
18,2,162.3692269,265
18,1,172.6731046,265
10,3,137.2671966552734,265
10,1,135.8367303,265
8,2,127.9613405,265
8,1,125.7816576,265
5,3,111.0486297607422,265
9,3,127.5397796630859,266
19,1,163.0694439,266
15,3,156.892333984375,266
18,1,163.1277976,266
18,3,159.6415710449219,266
13,3,149.5877532958984,266
12,3,144.2332305908203,266
12,2,146.0261098,266
16,2,155.0485254,266
7,2,117.2087088,266
6,3,111.5283050537109,266
5,1,105.4815491,266
10,3,132.9202270507813,266
8,1,122.0240286,266
6,2,111.6634333,266
17,1,163.0089574,266
18,2,156.0496149,266
5,2,105.6959968,266
9,1,126.9811956,266
10,2,134.0581768,266
19,2,156.7888442,266
15,1,159.4763027,266
11,1,136.8817704,266
8,3,122.3070602416992,266
10,1,131.864906,266
5,3,105.5855178833008,266
16,3,158.5703430175781,266
9,2,128.1396,266
14,2,152.6072499,266
14,1,155.2617915,266
7,1,116.8723885,266
11,3,138.5560302734375,266
12,1,142.5721458,266
13,1,149.1613746,266
13,2,150.0458721,266
15,2,154.1623566,266
11,2,140.3648693,266
17,2,155.5740646,266
16,1,161.9324514,266
19,3,159.9631500244141,266
8,2,122.6096504,266
6,1,111.4012342,266
17,3,159.3620910644531,266
14,3,153.9769744873047,266
7,3,117.0352020263672,266
11,3,148.4086456298828,267
15,1,170.992487,267
19,2,166.0753995,267
13,1,159.9728164,267
11,1,147.0808593,267
5,2,115.5664003,267
12,2,155.8900788,267
14,3,164.7257995605469,267
6,3,121.0296478271484,267
7,1,126.1456483,267
9,1,136.6581104,267
19,1,176.0558521,267
5,1,114.530498,267
6,1,120.5358645,267
6,2,121.4974465,267
5,3,115.090446472168,267
14,1,166.4148675,267
8,1,131.4808208,267
10,3,142.7220001220703,267
16,2,164.972167,267
8,3,131.9466400146484,267
18,2,165.665449,267
10,2,143.8746574,267
12,1,153.0665284,267
15,2,164.1205889,267
14,2,162.5399517,267
18,1,175.8552197,267
10,1,141.7910169,267
16,1,173.8320008,267
13,2,159.9429462,267
13,3,159.9600219726563,267
17,1,175.3426076,267
16,3,168.8034515380859,267
15,3,167.3757019042969,267
17,3,169.6519622802734,267
17,2,165.3839909,267
18,3,170.1609344482422,267
9,3,137.2720642089844,267
7,2,127.0209026,267
12,3,154.2941589355469,267
19,3,171.0656280517578,267
8,2,132.4124662,267
7,3,126.5832748413086,267
11,2,150.2011727,267
9,2,137.9444878,267
13,1,158.9930954,268
6,1,123.1818833,268
14,3,163.8293914794922,268
15,3,166.681884765625,268
15,1,169.289402,268
12,3,154.3560943603516,268
5,3,117.097282409668,268
17,1,173.495449,268
7,3,128.0254058837891,268
14,2,162.6236062,268
7,2,127.8252533,268
11,3,148.8246307373047,268
5,2,116.3976046,268
16,1,171.9264343,268
12,2,156.2417423,268
19,2,166.0793945,268
19,1,175.113118,268
10,1,142.2374273,268
13,3,159.5714263916016,268
11,2,150.6750382,268
9,3,138.0947265625,268
10,3,143.3114471435547,268
14,1,165.0401301,268
6,3,122.7577667236328,268
18,2,165.5412158,268
18,1,174.4071641,268
12,1,152.5293767,268
9,1,137.629811,268
9,2,138.6209129,268
19,3,170.5637359619141,268
11,1,147.0223551,268
8,1,132.9970943,268
10,2,144.4575376,268
8,3,133.0765838623047,268
17,2,165.2299755,268
16,2,164.844193,268
18,3,169.9801940917969,268
15,2,164.0743721,268
13,2,160.1630622,268
7,1,128.2196561,268
17,3,169.3921203613281,268
8,2,133.1646629,268
16,3,168.4063415527344,268
5,1,117.7633699,268
6,2,122.3284776,268
13,3,157.3312225341797,269
10,3,140.7762908935547,269
15,1,166.9137913,269
13,2,158.0697823,269
9,3,135.4470672607422,269
10,2,142.4511122,269
15,3,164.5647888183594,269
6,2,120.3723507,269
19,3,167.5757598876953,269
8,3,130.2562255859375,269
8,1,129.4200406,269
11,2,148.6471222,269
9,1,134.3761703,269
8,2,131.1853144,269
10,1,139.2762471,269
5,2,114.4510058,269
15,2,161.8726879,269
5,3,113.6968460083008,269
7,3,125.0370407104492,269
11,3,146.3301391601563,269
19,1,171.2982381,269
17,2,162.8470563,269
18,2,163.0989405,269
7,2,125.8574365,269
12,3,152.0008850097656,269
12,1,150.0389154,269
14,2,160.4828238,269
12,2,154.1853344,269
9,2,136.630153,269
14,1,162.734232,269
17,3,166.7591400146484,269
16,2,162.5517858,269
6,3,119.5838470458984,269
5,1,113.0211206,269
14,3,161.6665496826172,269
7,1,124.2900121,269
16,1,169.3313072,269
16,3,166.1029663085938,269
11,1,144.3207197,269
18,1,170.9167723,269
18,3,167.1101837158203,269
19,2,163.5700611,269
13,1,156.6428666,269
6,1,118.8652879,269
17,1,170.4716183,269
10,3,137.0594482421875,270
13,1,153.7816995,270
17,2,159.3321084,270
13,3,153.8242034912109,270
15,3,161.2047424316406,270
13,2,153.8692602,270
11,3,142.7261962890625,270
10,2,138.0730759,270
19,2,160.4836304,270
18,1,168.2125828,270
8,2,126.7857936,270
19,1,168.2940483,270
8,1,126.0787197,270
5,2,110.1215717,270
18,3,163.9881591796875,270
16,2,158.8180653,270
19,3,164.3235626220703,270
5,1,109.5285831,270
14,2,156.398512,270
14,3,158.2488403320313,270
12,3,148.4384002685547,270
7,1,120.8807518,270
9,3,131.6585235595703,270
14,1,160.0031578,270
7,3,121.1661911010742,270
18,2,159.7885426,270
12,1,147.0635202,270
17,3,163.6863250732422,270
16,3,162.907470703125,270
16,1,166.8524234,270
15,2,157.9400643,270
6,1,115.4050865,270
5,3,109.8164367675781,270
9,1,131.1169294,270
10,1,136.1056165,270
6,3,115.6978073120117,270
6,2,116.008096,270
7,2,121.4690512,270
8,3,126.4216079711914,270
17,1,167.9613662,270
15,1,164.3204192,270
12,2,149.8996758,270
11,1,141.243109,270
9,2,132.2341877,270
11,2,144.3031417,270
