age,sex,value,lid
10,3,133.1336356955096,1
13,2,150.5450845773119,1
19,1,170.1469971316733,1
12,2,146.4345028139638,1
10,2,134.4439052363772,1
18,2,157.3684520579968,1
18,1,168.2940884540335,1
19,3,164.1158061156987,1
16,1,163.9850390738755,1
17,2,156.8063582158321,1
15,1,160.6869597930165,1
18,3,162.8610880846699,1
15,2,155.0130965490659,1
11,3,138.8003899174138,1
16,2,156.1088524016737,1
5,1,105.8556992214281,1
13,1,149.4796239907235,1
7,3,117.4595478933083,1
6,3,112.1195505102794,1
17,1,166.37426984877,1
19,2,158.0461711129342,1
11,2,140.73521603506,1
14,2,153.256798780345,1
9,2,128.5956099553933,1
9,3,127.7720987933797,1
16,3,160.0830208168729,1
17,3,161.6262844619276,1
5,2,106.938016680984,1
7,1,116.9653468252151,1
5,3,106.3913867106643,1
10,1,131.8512814249025,1
8,3,122.6103997747554,1
8,1,122.0425057607438,1
14,1,155.9222737132255,1
12,3,144.544979289928,1
13,3,150.0062697075882,1
6,1,111.610984250843,1
15,3,157.8795318681521,1
7,2,117.9630583366228,1
12,1,142.6979321339004,1
11,1,136.9080841160365,1
14,3,154.6043951210526,1
6,2,112.6380929561183,1
9,1,126.9655396534205,1
8,2,123.1894599255477,1
7,2,114.8189749390092,2
14,1,154.7134387756379,2
19,3,160.3559060341211,2
12,1,141.6050122970008,2
15,1,159.2119088308672,2
5,2,103.2770725252363,2
15,3,155.7739788530436,2
19,2,154.719919215328,2
13,3,148.0661621967305,2
17,2,153.7489002425402,2
13,1,148.3715613035934,2
19,1,165.7119923000218,2
14,2,150.437946092578,2
16,3,157.7198586566402,2
17,1,163.6929601588668,2
12,2,143.665499739868,2
10,1,130.5402200005574,2
11,1,135.7443064618653,2
9,1,125.4820236026649,2
5,1,103.5471716436923,2
9,3,125.5947914146662,2
18,3,159.5802352088517,2
5,3,103.4162707645489,2
14,3,152.6322355686333,2
8,1,120.3725416165453,2
8,2,120.2006221734251,2
11,3,136.8272522361442,2
13,2,147.7438725039613,2
16,1,162.0322336655789,2
6,2,109.2896072238798,2
7,3,114.9603143689569,2
10,2,131.6340642756006,2
18,1,164.7365459173616,2
6,1,109.5378916271679,2
16,2,153.1788184603786,2
11,2,137.9721693979676,2
10,3,131.0715921696263,2
18,2,154.1541706507372,2
7,1,115.0934024654429,2
9,2,125.7143054895409,2
8,3,120.2891270326092,2
15,2,152.1517105310714,2
12,3,142.6071337478722,2
6,3,109.4175221122612,2
17,3,158.8480297059587,2
15,3,166.000905516157,3
8,2,129.5792437987125,3
5,1,112.6902175768997,3
8,1,130.0426065100029,3
14,1,165.1769809493552,3
9,2,135.1644597101106,3
9,1,135.2673122039052,3
7,2,124.1322908782254,3
16,3,167.9991976726835,3
18,1,175.872182319819,3
17,2,163.2265129832481,3
15,1,169.8880689814855,3
12,1,151.7366696980452,3
16,1,172.9640867597025,3
14,2,160.2296553719686,3
18,3,169.784068603808,3
13,1,158.6688809037387,3
11,2,147.5828070239066,3
10,2,141.1706228368822,3
14,3,162.7639190691909,3
17,1,174.8403805428476,3
6,1,118.8746740614337,3
6,3,118.7138481714182,3
10,1,140.4369475703936,3
11,1,145.7458244517967,3
13,3,158.1096215472191,3
6,2,118.5459293537196,3
19,2,163.7567002478081,3
10,3,140.7965174117543,3
13,2,157.5246802904351,3
19,3,170.205699302526,3
16,2,162.79474891449,3
18,2,163.4720831359381,3
9,3,135.2169208520476,3
12,2,153.3617293363182,3
7,1,124.6235057272939,3
7,3,124.3830543845001,3
15,2,161.8993183843743,3
8,3,129.8157057318267,3
19,1,176.4007262043859,3
12,3,152.5321130082059,3
17,3,169.13668737283,3
11,3,146.6458213023569,3
5,2,112.55673254907,3
5,3,112.6248990899357,3
5,3,108.0615309905202,4
19,1,168.6967807551987,4
12,3,147.2075477009138,4
8,2,124.9340191763354,4
7,3,119.8730776095291,4
18,2,155.3016004697099,4
17,2,155.2227009173455,4
8,3,125.2517049765132,4
11,1,140.7946034149168,4
13,2,151.515844548102,4
16,3,160.6696712352403,4
19,2,155.686894728701,4
16,2,155.1568517787132,4
10,1,135.6493950028824,4
6,2,113.709520270071,4
18,1,168.0940116342832,4
15,3,159.2319750063624,4
16,1,166.1262910267351,4
9,1,130.6393948890496,4
13,3,152.3972940418345,4
17,1,167.4241680957992,4
12,2,147.8269874047797,4
9,3,130.5500854855939,4
13,1,153.2652416791051,4
5,2,107.4514103962647,4
8,1,125.5617100582854,4
14,3,156.5646437042581,4
18,3,161.7195012277918,4
14,2,153.6795439893409,4
15,2,154.7707355049544,4
7,1,120.2906083670628,4
6,3,114.2096944329189,4
11,3,141.599400221342,4
7,2,119.4442278029083,4
12,1,146.5986302389032,4
5,1,108.6549196498364,4
11,2,142.4190430551049,4
10,3,135.9642582163385,4
6,1,114.6962414618924,4
19,3,162.2082727262154,4
10,2,136.285300690447,4
15,1,163.6411867499039,4
9,2,130.4588322561314,4
17,3,161.3494039150509,4
14,1,159.4113678173681,4
5,1,113.6887781155276,5
7,3,125.6107705667124,5
9,2,136.806740419713,5
12,2,154.7040089090513,5
18,3,169.362712521944,5
8,1,131.7101682025271,5
19,3,169.5381748498253,5
18,2,162.6585106365714,5
11,3,148.585314605253,5
5,2,112.0827410363069,5
13,3,159.8333459076817,5
5,3,112.9044905756072,5
17,2,162.5979192535232,5
16,2,162.49782881844,5
17,3,169.2248545143603,5
15,2,162.0048174414318,5
7,2,125.1348436109329,5
8,2,130.9947086726273,5
7,1,126.0645402159558,5
13,2,158.5105890626243,5
14,1,167.4533949319407,5
6,1,120.0974400228562,5
14,2,160.7870397689009,5
11,1,148.0382992490036,5
15,1,171.8464214458222,5
6,2,118.9286915542734,5
11,2,149.161559616778,5
17,1,175.5130398040399,5
9,1,137.1639914859694,5
9,3,136.9898305898493,5
10,2,142.8577349895128,5
10,1,142.544834818739,5
15,3,167.0639662982163,5
14,3,164.2134874637157,5
19,1,175.8257826157329,5
12,3,154.4205361720608,5
16,3,168.5968126723022,5
8,3,131.3610987399283,5
6,3,119.5267339478162,5
12,1,154.1515284516605,5
16,1,174.3699834234016,5
10,3,142.6972416942081,5
19,2,162.9554836377041,5
13,1,161.087006457762,5
18,1,175.7507728385121,5
14,2,159.106433376119,6
19,2,161.6367605386102,6
9,3,133.743704524313,6
19,3,168.3301505046809,6
13,1,158.1595886142563,6
15,2,160.5583941102225,6
15,1,169.3024334193914,6
16,1,172.0984055233141,6
8,2,127.9696358182942,6
18,2,161.432700959844,6
11,3,145.5863663300794,6
16,2,161.2068203880154,6
17,2,161.3500524190702,6
6,3,116.590310449964,6
19,1,174.6360071723175,6
9,1,133.7283543300116,6
12,1,151.0225022538736,6
10,3,139.5392509555786,6
15,3,165.0621016578298,6
9,2,133.7601731439133,6
11,1,144.7576030054119,6
10,2,139.9343444961844,6
8,3,128.1125376400409,6
5,3,110.3044455637182,6
18,1,174.2705538065799,6
14,1,164.7222461479174,6
13,3,157.3576688308369,6
7,1,122.6147953627043,6
17,1,173.626569768296,6
16,3,166.8186704787427,6
6,2,116.4768070716721,6
18,3,168.0495963991553,6
6,1,116.6962852563135,6
5,2,110.2347307731058,6
17,3,167.6789700387654,6
10,1,139.1711283806987,6
13,2,156.5067739566506,6
12,3,151.6592694819544,6
14,3,161.9954678699787,6
12,2,152.3374504630082,6
7,2,122.3041081490842,6
11,2,146.4731011918172,6
5,1,110.3696337979625,6
7,3,122.4647473024424,6
8,1,128.2459284711198,6
6,3,118.9126202559466,7
10,3,142.1585430679932,7
16,2,163.4428107534516,7
11,1,147.641737509544,7
17,3,170.1584459301725,7
17,2,163.5124670937715,7
9,1,136.5728555255895,7
5,1,112.7883516167363,7
9,2,136.0753846814247,7
12,3,154.2487798935308,7
10,1,142.0474581207649,7
10,2,142.2753831472837,7
12,2,154.6372811432404,7
6,1,119.2523261324634,7
14,1,167.5191808609519,7
11,3,148.2122906291281,7
7,3,124.8871972764844,7
16,3,169.3458556192419,7
11,2,148.8108303083279,7
7,1,125.2873493970623,7
15,2,162.804840717826,7
5,2,112.2151948582753,7
19,3,170.512900108732,7
15,3,167.5838525678629,7
9,3,136.3302437809216,7
7,2,124.4676048429046,7
13,3,159.8787949712508,7
5,3,112.5091474062825,7
14,3,164.486872942802,7
18,2,163.4879931646238,7
8,1,131.0208369630305,7
15,1,172.1540018475117,7
19,2,163.4998325962414,7
17,1,176.5028492411297,7
13,1,160.961987863867,7
8,3,130.6307905223553,7
14,2,161.3279170077194,7
19,1,177.2437761396357,7
6,2,118.5552336355146,7
18,3,170.4213694399809,7
18,1,177.0512888983968,7
8,2,130.2220095053884,7
13,2,158.7498475017659,7
16,1,174.9860552273125,7
12,1,153.8769653719111,7
12,3,149.1985706773633,8
14,1,161.0489857762522,8
6,1,117.0516477054871,8
16,1,167.8998804042489,8
13,2,153.9869045455882,8
16,3,162.9012251328715,8
18,1,169.6621130332654,8
8,2,127.261235684078,8
6,2,116.4268019426014,8
11,3,143.5883812779564,8
14,2,156.2656324734636,8
17,3,163.5855685307651,8
5,1,111.1813081885763,8
8,1,127.6334198090819,8
8,3,127.4500831962646,8
7,1,122.496866531507,8
10,3,137.9898327271504,8
7,3,122.2139830184889,8
9,3,132.644178212718,8
14,3,158.694099917297,8
5,3,110.8450313729892,8
19,3,164.0554000621099,8
12,1,148.2488838820633,8
13,1,154.8825073701135,8
16,2,157.7613810066055,8
15,2,157.3890973922729,8
10,1,137.4775846983212,8
15,3,161.4274622931153,8
18,3,163.8414255416347,8
17,2,157.8510510077122,8
12,2,150.1787393807885,8
17,1,169.1790338199394,8
7,2,121.9226305467713,8
11,2,144.6893042342055,8
11,1,142.5204118818361,8
15,1,165.3478336041074,8
19,2,158.0380050577419,8
6,3,116.7438365796029,8
19,1,169.9593065321851,8
9,2,132.7057975687187,8
18,2,157.8931205237436,8
5,2,110.4984067455132,8
9,1,132.5843615009189,8
10,2,138.5175133785081,8
13,3,154.4417741712884,8
16,1,164.0640930408201,9
5,2,105.66033603206,9
12,3,145.5406232254684,9
5,3,106.2622296120712,9
17,1,165.0832520985374,9
6,1,113.0598099243619,9
18,1,165.5013948473759,9
6,2,111.9889787547282,9
12,1,145.262741619115,9
8,3,123.7069996234637,9
17,2,152.8320853610124,9
15,1,161.8349975993756,9
10,1,134.3626783728996,9
7,2,117.751256458744,9
13,3,150.6162672262687,9
16,3,158.4066041782803,9
7,1,118.7909813914938,9
11,1,139.5052042660133,9
9,2,128.7217437253415,9
10,2,134.4774029387764,9
18,3,159.1377955534954,9
18,2,152.8888198719841,9
10,3,134.4198252366549,9
13,1,151.8306604125382,9
17,3,158.9133645808382,9
19,2,153.3201656867558,9
11,3,140.0093535913675,9
5,1,106.8488510207747,9
15,3,157.1357862377792,9
14,2,151.4605028699729,9
14,3,154.6331815087239,9
8,2,123.2356570799694,9
14,1,157.8191676608405,9
9,3,129.021602435076,9
6,3,112.531606869967,9
19,3,159.5694754797071,9
19,1,165.9556020174756,9
13,2,149.4007709800008,9
8,1,124.1690505144609,9
16,2,152.8091591622133,9
7,3,118.2777611781285,9
12,2,145.8197443255801,9
11,2,140.516722985646,9
9,1,129.3178699616967,9
15,2,152.4734919094208,9
14,3,156.8737635768306,10
14,1,158.888192273644,10
19,1,170.8772578666483,10
13,2,152.2341536559939,10
17,3,163.1180382601314,10
18,1,169.656523159716,10
7,1,120.0560233459561,10
8,1,125.124025297998,10
10,1,134.9553910095563,10
12,3,146.9994308155208,10
5,2,108.3334312940127,10
5,3,108.6907839323294,10
9,2,130.4082370491287,10
15,3,159.9614474129615,10
16,1,166.4114383044618,10
16,2,157.3094724466903,10
11,2,142.5620466169065,10
18,2,158.1836949711974,10
6,3,114.4561107613352,10
7,3,119.8395451270445,10
19,2,158.7205424557518,10
8,2,124.9395739072718,10
7,2,119.6154110022147,10
16,3,161.9071448570797,10
9,1,130.0514651257427,10
10,2,136.2839899412393,10
12,2,148.2104012519619,10
10,3,135.6119973831615,10
5,1,109.0335850033648,10
13,1,152.5545090205078,10
13,3,152.3960750267833,10
9,3,130.2277938374196,10
18,3,163.9704611168474,10
11,1,140.0286307141747,10
17,2,157.8063937425528,10
8,3,125.0330110452136,10
6,2,114.169657490697,10
6,1,114.7310984956482,10
19,3,164.8454325243247,10
15,1,163.44524350702,10
15,2,156.4045984029979,10
14,2,154.8167204085939,10
17,1,168.3285732969659,10
11,3,141.2805098076757,10
12,1,145.8156527018022,10
12,2,146.0141496399359,11
6,3,110.9912070857889,11
18,3,161.2327206134818,11
5,1,104.3431955215953,11
17,1,164.3485428158155,11
16,1,162.2169233979225,11
10,2,134.0164080214123,11
17,2,156.0985237479168,11
10,3,132.1724815340291,11
7,2,117.3477951252126,11
11,3,137.8607262386186,11
17,3,160.2248779640838,11
15,2,154.4600514880301,11
16,2,155.4819157483058,11
13,3,149.0438321722273,11
12,3,143.6069730490418,11
18,1,165.9207696943556,11
19,2,157.1541088287845,11
7,1,115.4075871722331,11
8,2,122.6594992661271,11
9,3,126.7754389012544,11
13,2,150.1009958672665,11
12,1,141.2183744326682,11
10,1,130.3348049873495,11
15,1,159.0791285147414,11
9,1,125.4227427263045,11
15,3,156.7778440535555,11
7,3,116.376487801484,11
6,2,111.9146025159133,11
8,1,120.4823481173827,11
19,1,167.3430999720948,11
14,1,154.400844189824,11
5,3,105.2079597699166,11
14,2,152.7683012079054,11
14,3,153.587882686208,11
13,1,147.9953876078798,11
11,2,140.3209846462291,11
5,2,106.0787682243856,11
11,1,135.4151051195559,11
18,2,156.5689243064615,11
16,3,158.8571098665377,11
19,3,162.2156939712688,11
8,3,121.570177751365,11
6,1,110.0722032091204,11
9,2,128.1301170225584,11
19,2,157.4023166063478,12
17,3,161.1756826632193,12
9,2,128.8114196182469,12
13,2,150.9975501618314,12
7,1,117.1813525533822,12
11,2,141.2635114299802,12
18,3,161.7959232419496,12
17,2,156.2421760829116,12
9,3,128.3083608402686,12
16,1,164.5931234055312,12
13,3,151.2473313811178,12
19,3,162.7668328989726,12
10,3,133.9495854861674,12
15,3,158.6484496348602,12
14,2,153.5184459574497,12
16,3,160.3018483156038,12
14,3,155.7175976398504,12
12,1,144.5640166636896,12
11,3,139.8364796651366,12
8,3,122.8254947350034,12
15,2,154.9971612672403,12
9,1,127.8341712981889,12
10,1,133.0807824468351,12
11,1,138.4883143487757,12
14,1,157.8022129840471,12
5,2,105.391627618244,12
5,1,105.5382527893017,12
6,2,111.6614643722324,12
8,2,123.0962649393088,12
16,2,155.7872380544654,12
19,1,167.8752939678168,12
10,2,134.8702658190257,12
13,1,151.4837345336137,12
12,3,145.734087282146,12
7,3,117.3232875324183,12
18,2,156.6650715987811,12
8,1,122.5705019785452,12
5,3,105.4672515388752,12
18,1,166.6811345008005,12
6,1,111.5407411713051,12
17,1,165.8706855452203,12
6,3,111.5992346850336,12
7,2,117.4741103253793,12
15,1,162.1150047027944,12
12,2,146.9713650527195,12
18,2,163.6117801471379,13
14,1,162.7383268427112,13
7,1,122.5951920283088,13
6,1,116.9296858219542,13
5,2,111.0741207324582,13
10,2,139.2795713433847,13
8,2,127.6794054303443,13
16,1,171.2235604642673,13
8,3,127.8096184561781,13
19,1,176.0891628392941,13
6,3,116.9018308495888,13
16,2,162.3850967441898,13
8,1,127.9353927346773,13
19,3,170.1038804230101,13
7,2,122.3102918982965,13
16,3,166.9065961693801,13
14,3,160.9224160290066,13
18,1,175.272311199524,13
12,2,151.6522385415314,13
13,2,156.0130227457078,13
7,3,122.4552382337422,13
14,2,159.016012500143,13
11,1,143.3287644919217,13
12,1,149.2181234038445,13
11,3,144.521348290825,13
12,3,150.4144022954161,13
10,1,138.1445345008039,13
15,1,167.7279291018985,13
17,3,168.482996408239,13
17,1,173.6617996007336,13
13,1,156.1171242592059,13
17,2,163.1780174685611,13
10,3,138.702856030358,13
18,3,169.5207457206479,13
13,3,156.0660975677861,13
19,2,163.9215907156989,13
15,3,164.4971188589655,13
5,1,110.7943664134272,13
9,1,133.0809279148448,13
9,3,133.1646974770535,13
5,3,110.9317459552058,13
11,2,145.7533986935915,13
15,2,161.0651984865051,13
6,2,116.8729247519773,13
9,2,133.2512844059024,13
8,2,122.64080877026,14
6,3,111.3302282437936,14
10,1,131.9835962915268,14
18,2,154.8205062733177,14
8,1,121.8102658763493,14
5,3,105.3585055959722,14
15,2,153.4021201608515,14
19,2,155.4211671315682,14
13,1,149.9339506508748,14
15,1,160.7691322001367,14
16,1,163.5652404975794,14
14,2,152.0005703955125,14
6,2,111.8116302618906,14
14,3,154.269289655108,14
18,3,160.8013102263305,14
5,2,105.8712690092829,14
9,1,126.9422702090395,14
11,3,138.5383467001041,14
10,2,133.8781046104964,14
17,1,165.2091492823261,14
13,2,149.5434530278983,14
5,1,104.8943261989856,14
19,1,166.8501843960606,14
18,1,166.131888279723,14
11,2,140.0661376268799,14
19,3,161.4765310056129,14
15,3,157.2862937374775,14
10,3,132.8731689907344,14
12,1,143.0991837234229,14
7,3,116.8720074187062,14
17,2,154.4840926349313,14
16,3,159.1006988960894,14
8,3,122.2010593050466,14
17,3,160.1449357395455,14
7,2,117.3059931543537,14
7,1,116.4845367015436,14
12,3,144.2867650492646,14
14,1,156.3004191010684,14
12,2,145.6228407688774,14
6,1,110.8974882499446,14
16,2,154.1213410250816,14
9,2,128.078603098395,14
11,1,137.1843954213764,14
13,3,149.7497996645363,14
9,3,127.4760309912573,14
18,1,167.7669977877111,15
13,1,153.2273307072157,15
16,1,166.1518092943907,15
9,2,129.7082528912281,15
7,3,119.5674235334242,15
8,2,124.2340151521842,15
17,2,155.6186441690994,15
19,2,156.1302777735993,15
8,1,125.4851330355584,15
12,1,146.5623287124448,15
12,2,147.2998488939067,15
9,1,130.5548968711385,15
11,1,140.7339613836844,15
12,3,146.9225463049413,15
18,2,155.7805247090118,15
6,2,113.3325305610744,15
16,3,160.8819894903757,15
9,3,130.1427083442013,15
19,1,167.9890089788855,15
15,3,159.3271436554796,15
14,2,153.5042674471706,15
15,1,163.6466182167785,15
18,3,161.8649769798909,15
11,3,141.234356431844,15
19,3,162.1460688348437,15
10,3,135.5602898980229,15
13,3,152.2091965780878,15
10,2,135.5510075835089,15
16,2,155.3997791683459,15
5,2,107.3532879771568,15
6,3,114.0298530573479,15
17,1,167.3652553756701,15
7,1,120.2350926981061,15
14,1,159.382691768779,15
17,3,161.5929603432801,15
8,3,124.8763734873554,15
14,3,156.5096780775391,15
5,1,108.7342337063707,15
13,2,151.1439884972727,15
6,1,114.6924124524776,15
11,2,141.7597003993628,15
5,3,108.0618373424919,15
7,2,118.8641708415304,15
15,2,154.8134395007426,15
10,1,135.56911898136,15
11,2,141.0653185499531,16
19,1,169.0604366581903,16
15,2,155.0833357704691,16
5,3,105.2182083020337,16
13,1,149.3747239817118,16
5,2,106.4227056537588,16
14,3,154.6611995957282,16
12,2,146.7600900041217,16
7,1,115.655169411703,16
14,1,155.8711430001987,16
15,3,157.841164760067,16
10,3,132.9911706767074,16
12,1,142.4712083255209,16
17,2,156.6359857347473,16
12,3,144.6121041783169,16
11,3,138.7826237515795,16
18,3,162.3010475706526,16
19,2,157.7482707713969,16
8,1,120.9786069760568,16
11,1,136.5085927753904,16
9,3,127.4765324069736,16
13,3,150.0997030677661,16
16,2,156.0498470941264,16
9,1,126.1387249485867,16
5,1,104.0193045780505,16
6,2,112.3740877517278,16
10,2,134.7418576909606,16
6,1,110.0416058105929,16
10,1,131.2474640578075,16
17,3,161.2566750029938,16
15,1,160.6014651271637,16
18,2,157.1147881068972,16
16,3,159.8978557652461,16
7,2,117.9097384492885,16
8,2,123.2964271007732,16
19,3,163.3958018822452,16
14,2,153.4502494281272,16
17,1,165.8898817383254,16
18,1,167.5022343921407,16
9,2,128.8200406268311,16
8,3,122.1349187704479,16
6,3,111.205116037368,16
16,1,163.754625671413,16
7,3,116.7798470487503,16
13,2,150.826287746109,16
11,3,139.1099723981849,17
14,2,153.0158037901699,17
10,1,132.6708692909319,17
5,1,106.67520645003,17
13,1,150.6630718163785,17
11,2,140.4894734797337,17
7,2,117.6131830140231,17
8,1,122.7533346287418,17
8,3,122.8074346948713,17
17,1,168.4370602372765,17
13,2,150.3099024343286,17
15,2,154.7670406555641,17
10,3,133.4005008628663,17
6,3,112.3112213558752,17
15,3,158.6508349982405,17
7,3,117.6435379491311,17
17,2,156.5897799173401,17
11,1,137.8214736358742,17
9,3,127.9993065923444,17
17,3,162.7083437847271,17
13,3,150.4928582933795,17
6,2,112.2666881649179,17
16,1,165.8017834502717,17
5,2,106.5489533799036,17
14,1,157.2887414052742,17
19,1,172.5355591359071,17
10,2,134.1803501972317,17
12,2,146.1989029980531,17
18,3,164.1077044034371,17
9,1,127.7152634699647,17
19,3,165.514081657764,17
18,2,157.2446430416855,17
6,1,112.3535103721419,17
5,3,106.6136884801004,17
19,2,158.0862835724141,17
7,1,117.6723274675854,17
14,3,155.2293873777676,17
16,3,161.0045169447033,17
12,1,143.7332116101482,17
16,2,155.8632508166661,17
18,1,170.5634314599212,17
12,3,144.922770369557,17
9,2,128.3022797270671,17
15,1,162.2679857225397,17
8,2,122.8647867895774,17
15,2,162.0048174414318,18
16,2,162.49782881844,18
7,2,125.1348436109329,18
19,2,162.9554836377041,18
11,3,148.585314605253,18
17,3,169.2248545143603,18
15,1,171.8464214458222,18
13,3,159.8333459076817,18
14,2,160.7870397689009,18
10,2,142.8577349895128,18
12,1,154.1515284516605,18
6,3,119.5267339478162,18
18,3,169.362712521944,18
7,3,125.6107705667123,18
6,2,118.9286915542734,18
8,1,131.7101682025271,18
19,1,175.8257826157329,18
17,1,175.5130398040399,18
12,2,154.7040089090513,18
17,2,162.5979192535231,18
13,1,161.087006457762,18
16,1,174.3699834234016,18
18,1,175.7507728385121,18
18,2,162.6585106365714,18
11,2,149.161559616778,18
9,3,136.9898305898493,18
9,2,136.806740419713,18
16,3,168.5968126723022,18
11,1,148.0382992490036,18
9,1,137.1639914859694,18
19,3,169.5381748498253,18
12,3,154.4205361720608,18
5,2,112.0827410363069,18
5,3,112.9044905756072,18
10,1,142.5448348187389,18
8,3,131.3610987399283,18
6,1,120.0974400228562,18
10,3,142.6972416942081,18
7,1,126.0645402159558,18
5,1,113.6887781155276,18
14,3,164.2134874637157,18
13,2,158.5105890626243,18
15,3,167.0639662982163,18
14,1,167.4533949319408,18
8,2,130.9947086726273,18
17,2,163.4549037202777,19
11,2,148.5045373640699,19
10,3,141.7790276964525,19
10,1,141.4683444774829,19
6,3,118.9572447031345,19
12,1,152.9878612207561,19
5,2,112.3543824383486,19
14,2,160.8102134820146,19
18,1,176.7543320629983,19
13,2,158.2592275036695,19
9,2,136.0382016437316,19
14,3,163.7150893542196,19
19,1,177.1357584495203,19
16,3,168.802426358958,19
19,3,170.6715876355114,19
11,3,147.6841531470236,19
7,1,125.1159595392988,19
18,3,170.3202139355173,19
10,2,142.1048389790083,19
8,3,130.528149746795,19
8,1,130.735176550853,19
9,1,136.1441320414603,19
13,3,159.132624377103,19
9,3,136.0924872117395,19
15,3,166.8761434689945,19
19,2,163.7678834726626,19
12,3,153.5866425420443,19
6,2,118.7459819900018,19
17,3,169.814472262843,19
13,1,159.9616817311127,19
15,1,171.1700876614257,19
18,2,163.5917873495484,19
5,3,112.556636434766,19
5,1,112.7491579459448,19
15,2,162.3371205590776,19
14,1,166.4727711085235,19
11,1,146.9029456718158,19
7,3,124.8845462164147,19
12,2,154.2176353304033,19
7,2,124.6414149169239,19
16,2,163.1344734444551,19
8,2,130.3102426046393,19
16,1,174.1612833273079,19
17,1,175.8978894973459,19
6,1,119.1583942362426,19
11,3,146.0803019976989,20
7,3,125.6578069692174,20
18,1,172.3578198538963,20
13,3,156.7213284069879,20
14,2,158.1666718295268,20
9,1,136.5573776074523,20
15,2,159.6498746694155,20
10,2,140.1931236392966,20
6,2,118.6757056963385,20
15,3,163.8443625518419,20
9,2,134.4826742265062,20
8,2,129.1769676968003,20
12,1,151.2990901633621,20
7,1,127.1759254502441,20
10,3,140.6798234172369,20
9,3,135.5660830209288,20
16,2,160.4903150189672,20
16,3,165.5503644531175,20
18,2,161.5471734924168,20
6,1,122.1081148551289,20
17,2,161.0182895593557,20
17,3,166.5093713236896,20
15,1,167.7108453228921,20
17,1,171.5637655011382,20
12,2,151.821463054131,20
10,1,141.1263335932092,20
11,2,146.3181639713236,20
12,3,151.549631422565,20
16,1,170.2053162151466,20
6,3,120.4625440135479,20
7,2,124.0009814607742,20
8,3,130.6262462347041,20
5,1,116.6152111536191,20
14,3,160.9855216898998,20
11,1,145.8616049107898,20
14,1,163.5861448528813,20
19,2,162.3716460135384,20
18,3,167.1802858285568,20
19,1,173.0620967108437,20
19,3,167.9400245628177,20
5,3,114.8377392019046,20
13,2,155.7060836538267,20
13,1,157.6584792509415,20
8,1,131.951848027789,20
5,2,112.9212821607834,20
18,3,162.511766570214,21
14,1,159.9030858720881,21
16,1,166.7787712400267,21
19,2,156.355166897094,21
10,2,136.8543391878831,21
8,1,125.9585344097302,21
5,1,109.1798523547148,21
13,2,152.1709839033588,21
15,2,155.4634090506609,21
10,1,136.0173042768978,21
5,3,108.559622960688,21
9,3,131.0061422866033,21
18,2,155.984503844634,21
16,3,161.365413184938,21
11,2,143.0182723294652,21
12,1,146.9954516734944,21
9,1,131.0149923109005,21
18,1,168.9409741986178,21
6,1,115.1690279060109,21
12,3,147.718144354518,21
8,2,125.4442084489454,21
6,3,114.6831961872669,21
6,2,114.1837050116536,21
19,1,169.6112884463181,21
14,3,157.1549600851618,21
13,1,153.7021983229701,21
7,1,120.7207569922105,21
12,2,148.4562403091067,21
17,1,168.1737680698192,21
16,2,155.8589844384322,21
19,3,163.0294487532295,21
5,2,107.9214854581937,21
11,3,142.0831132635855,21
11,1,141.1685126908748,21
13,3,152.9442329859216,21
17,2,155.9184876122095,21
15,1,164.2056666144841,21
17,3,162.0955468753951,21
9,2,130.997069024192,21
8,3,125.7047080806517,21
7,3,120.3320853704098,21
14,2,154.354105810542,21
7,2,119.9327807786662,21
15,3,159.8740068081561,21
10,3,136.4308822676576,21
16,3,154.9918264192704,22
11,3,134.0392160145319,22
14,3,149.7682782104748,22
14,2,147.8365588376004,22
13,2,145.2135312575563,22
12,1,138.4066737827567,22
11,2,135.5387034765882,22
6,3,107.650356970754,22
7,2,112.8877468788964,22
17,2,150.9979496487125,22
17,1,161.3361791670094,22
10,2,129.2844910539613,22
9,3,123.0521651520061,22
9,2,123.4737416261458,22
9,1,122.6460061802585,22
5,3,102.0849114148126,22
5,1,102.2532222735854,22
13,1,145.2138093375339,22
16,1,159.3908398751951,22
18,3,156.9851246983869,22
10,1,127.5061845776909,22
13,3,145.2136699623884,22
17,3,156.2351872548879,22
8,2,118.095757612815,22
18,1,162.4944567055363,22
15,3,152.956480047104,22
19,3,157.5531983468126,22
6,2,107.5815324783498,22
18,2,151.338661937053,22
15,1,156.3194135446021,22
19,2,151.7457231521353,22
11,1,132.5894998166346,22
7,1,112.8612191715226,22
12,3,139.7676775299556,22
15,2,149.4931802553191,22
16,2,150.4678554319718,22
5,2,101.9087631231415,22
12,2,141.1735235634967,22
19,1,163.2311872707106,22
10,3,128.3795896507146,22
8,1,117.8022844872315,22
6,1,107.7162518554359,22
14,1,151.6419166525642,22
7,3,112.8742069596164,22
8,3,117.9461335734425,22
10,2,136.7845014862111,23
19,1,167.9688264398067,23
15,2,156.1042738990944,23
14,3,155.3935062769807,23
5,3,110.459893651628,23
17,1,165.5584859516721,23
9,2,131.2831239594248,23
8,2,126.2100225429625,23
11,3,140.9705082336799,23
10,3,135.8076694133251,23
13,3,151.2002753567896,23
16,3,160.3055866963583,23
9,1,130.5403982695148,23
18,3,162.5386037145097,23
5,2,110.6820090464166,23
18,2,158.0776223141502,23
14,2,154.4762870415407,23
5,1,110.243013642574,23
7,2,121.2820656374445,23
17,2,157.6937426279152,23
11,2,142.7342637744533,23
7,1,121.2838256873128,23
15,3,158.3498407237317,23
6,1,116.0584061190231,23
19,3,163.2084536301828,23
8,1,126.0643392010411,23
9,3,130.9065418088465,23
12,3,146.2080406081944,23
16,2,157.106309019363,23
12,2,148.1194841939112,23
17,3,161.6295236303515,23
6,2,116.2041072070951,23
11,1,139.2641615055919,23
6,3,116.1304000447896,23
15,1,160.5582549018502,23
7,3,121.2829535736585,23
13,2,151.9653624192792,23
10,1,134.8608518903696,23
14,1,156.2888259888183,23
8,3,126.1362588855726,23
12,1,144.3573408105585,23
16,1,163.4768976781565,23
13,1,150.4572572866508,23
19,2,158.46649974275,23
18,1,167.0143051612939,23
14,3,149.1258793878467,24
12,2,140.2260334414267,24
12,1,138.7304928237982,24
13,1,145.102415692987,24
17,1,160.9791451363801,24
5,1,101.7836316904176,24
18,2,151.6189022422095,24
19,3,157.5665483889531,24
7,3,113.235902217372,24
9,2,123.1849460998447,24
8,1,118.8397906458568,24
10,3,128.6460213125615,24
8,2,117.9749417544041,24
18,1,162.3188858699192,24
5,2,101.4509659281126,24
6,1,107.9720677483312,24
6,2,107.4301533549316,24
10,1,128.5347244966192,24
10,2,128.7650757210459,24
11,2,134.7662972004054,24
18,3,157.1468354810748,24
8,3,118.4224492935912,24
16,2,150.2256310211565,24
5,3,101.6229966537902,24
11,1,133.3155328382518,24
12,3,139.4539907085485,24
19,2,151.8316213056389,24
17,2,151.1103519330322,24
11,3,134.016980364973,24
7,2,112.8318823198944,24
13,3,144.6642611913794,24
15,2,148.8729868285667,24
14,1,151.1940743412494,24
6,3,107.7104732886532,24
19,1,162.9262888507124,24
13,2,144.1971052377452,24
16,3,154.6697072215824,24
9,1,123.7759374030631,24
15,3,152.4072251613522,24
7,1,113.6126428103921,24
16,1,158.8362380158558,24
15,1,155.7227482045797,24
9,3,123.490583140329,24
17,3,156.2061198996911,24
14,2,146.9218134414699,24
5,1,115.1938313069867,25
7,1,126.8473238130851,25
5,2,114.5339112941295,25
15,1,170.0031449344337,25
11,2,148.5476990381689,25
8,3,131.7423731904732,25
8,1,132.1336412390477,25
10,1,142.234077507912,25
18,1,174.2682749127655,25
17,2,161.6607202572727,25
16,3,167.1083287001162,25
6,2,120.5098786318671,25
16,1,172.4807030124232,25
6,3,120.8833337120254,25
9,1,137.2232915790735,25
19,1,174.6049781959514,25
16,2,161.5125998141664,25
12,1,153.1126384220646,25
9,3,136.9805312990754,25
7,2,126.0187682060215,25
13,3,158.7179332123619,25
10,2,142.4641530566269,25
18,2,161.8032900607217,25
12,3,153.5197404504856,25
10,3,142.3464282127085,25
6,1,121.2389243505546,25
12,2,153.9463475945371,25
14,2,159.8904615889732,25
17,1,173.7615997828582,25
9,2,136.7259149020825,25
14,3,162.9212472516535,25
19,3,168.4925830268502,25
8,2,131.332001977829,25
14,1,165.8152223658195,25
13,2,157.6634720060218,25
15,3,165.6356471066009,25
17,3,167.8236963232652,25
5,3,114.8722307752895,25
15,2,161.0723605672194,25
18,3,168.1516424293054,25
7,3,126.4430979431825,25
19,2,162.1644125794991,25
11,1,147.3567404542771,25
11,3,147.9381895072875,25
13,1,159.7244622652384,25
8,1,122.6267828579231,26
17,2,157.5883754887279,26
6,3,112.6213713928795,26
13,3,150.3420653227604,26
11,2,140.7991742549397,26
18,3,163.8658995672139,26
17,3,162.3869269468037,26
15,3,158.3489894883811,26
10,3,133.4113539941057,26
9,1,127.5122240916253,26
14,2,153.6100821407357,26
14,3,154.9920617280237,26
10,1,132.3581116320223,26
13,2,150.7716984724611,26
16,1,164.5780701680343,26
5,3,107.0217385523271,26
6,1,112.2567954785605,26
8,3,122.9549274846135,26
12,3,144.8494060938856,26
7,2,118.1619168086576,26
19,2,158.9707602375276,26
12,2,146.5645137694468,26
18,1,169.5130449765853,26
5,1,106.5444524373029,26
19,1,172.0291986555665,26
10,2,134.4757739873002,26
17,1,167.1908828007079,26
15,1,161.1717216626951,26
11,1,137.3812830553363,26
9,3,128.0715030627372,26
13,1,149.9147594374043,26
11,3,139.0831976187108,26
12,1,143.145341475718,26
15,2,155.5143417085035,26
16,2,156.7598096637143,26
7,3,117.8691651614861,26
9,2,128.6378543717034,26
18,2,158.2453440913071,26
7,1,117.5806116813471,26
14,1,156.3668429617179,26
16,3,160.6727399767109,26
5,2,107.507008786408,26
8,2,123.287594572963,26
19,3,165.471465083085,26
6,2,112.991695216329,26
9,3,128.7437211484745,27
15,3,158.749206823642,27
7,3,118.3040882134736,27
8,1,123.9147752970154,27
19,3,163.624211842089,27
18,3,162.8117353753327,27
8,3,123.5235484442674,27
15,2,154.1165057729251,27
14,1,158.5049616312335,27
12,1,145.1754799593016,27
12,2,146.0497961363827,27
10,1,134.0440931803224,27
13,1,152.0443578174107,27
13,2,150.026829645076,27
11,1,139.2559863264263,27
18,1,169.476999070901,27
10,2,134.2603563170033,27
9,1,128.9982959074825,27
5,3,107.0935181277114,27
6,2,112.6159069449308,27
6,3,112.8953553783758,27
6,1,113.1629548116224,27
5,1,107.245242903858,27
9,2,128.4792773928034,27
16,2,154.9807353643837,27
16,3,160.7292821643861,27
19,1,170.533377355959,27
10,3,134.150125460593,27
17,3,161.9608266123827,27
12,3,145.604149187196,27
14,2,152.5731233924692,27
8,2,123.1171395890828,27
13,3,151.0556855130752,27
17,2,155.4626872274475,27
11,2,140.4632422984536,27
15,1,163.1754296896949,27
19,2,156.3971330167022,27
7,2,117.9183657670082,27
11,3,139.8479520556178,27
7,1,118.6747356630215,27
18,2,155.8475855695155,27
16,1,166.2216990887244,27
5,2,106.9347630041761,27
14,3,155.6016140205877,27
17,1,168.1779832079975,27
18,3,171.2543855452808,28
19,1,177.9380114045283,28
12,1,154.6360153306223,28
5,3,114.4404958311363,28
16,3,170.0400317577864,28
5,1,114.6289467060709,28
8,2,131.839972331701,28
9,1,137.8053281217435,28
11,1,148.5394349660967,28
9,3,137.6797693856602,28
15,1,172.6581564591768,28
19,3,171.521924901829,28
18,1,177.6241642593072,28
14,3,165.2833052862011,28
19,2,164.8251846952436,28
11,2,149.9926825977031,28
17,2,164.5091003351874,28
14,2,162.3219580916482,28
5,2,114.2428737502429,28
8,1,132.3999106237172,28
12,2,155.7238758367232,28
7,2,126.2284365182467,28
11,3,149.2498394314994,28
6,1,120.9317583593848,28
13,2,159.7858146154435,28
10,1,143.115503878109,28
15,3,168.3195378096767,28
16,2,164.3555840208111,28
13,1,161.629551654667,28
18,2,164.5967031962582,28
12,3,155.1670953997071,28
6,2,120.456769422724,28
8,3,132.1261766012753,28
15,2,163.7565641073061,28
14,1,168.0985895277631,28
13,3,160.7305457443551,28
10,3,143.3505451981443,28
6,3,120.700036582254,28
7,3,126.5256257040628,28
16,1,175.4516163063753,28
10,2,143.5961366158621,28
9,2,137.5486295367925,28
17,1,176.9720346884998,28
7,1,126.8090366029409,28
17,3,170.8872763370467,28
13,1,159.2418343141238,29
7,2,124.0568124686621,29
11,3,146.9038797929717,29
5,1,112.5088161603747,29
5,3,112.1261214380506,29
16,1,172.4883040243212,29
9,1,135.4904672772255,29
19,1,174.7262766618885,29
11,2,147.6434710499683,29
17,1,173.7627034494622,29
16,2,161.2590892363563,29
19,3,168.5286431791337,29
5,2,111.72303554597,29
16,3,167.0218425495584,29
6,3,118.4672050781497,29
15,2,160.7416898796216,29
12,2,153.2272978530602,29
10,3,141.0639953676737,29
14,2,159.4819714516991,29
6,1,118.7695576884816,29
6,2,118.1489393619052,29
13,2,157.1246538605582,29
17,2,161.4391605824287,29
18,1,174.3524432772635,29
12,3,152.7476183245223,29
18,2,161.6352862393232,29
15,1,169.9581335754334,29
18,3,168.1479042884785,29
14,1,165.6050856781287,29
10,1,140.7800105454782,29
10,2,141.3631512509424,29
11,1,146.202290933262,29
15,3,165.4740703790699,29
17,3,167.75280177294,29
8,1,130.1432001901327,29
19,2,162.0085157701913,29
9,2,135.3844532891067,29
14,3,162.6257583581058,29
12,1,152.2927310092443,29
9,3,135.4388192197997,29
7,3,124.3427149174027,29
8,3,129.9303442777513,29
7,1,124.6144216192527,29
8,2,129.7063630524579,29
13,3,158.2114531548838,29
9,1,125.5909091637814,30
10,1,130.7068224843738,30
8,2,122.1768309558177,30
8,1,120.4287313097809,30
6,3,110.4373856328157,30
18,1,167.0030462691946,30
16,2,155.2391977094631,30
14,3,153.9183741864536,30
7,2,116.8331079895125,30
17,2,155.9245351805449,30
15,3,157.152503803834,30
19,1,168.5824155944046,30
18,2,156.5155912837622,30
5,2,105.4943068329665,30
11,3,137.9402943119725,30
8,3,121.296854047861,30
10,2,133.6055674184958,30
13,1,148.8510013160632,30
6,2,111.3662351597111,30
12,2,145.6785936277696,30
14,2,152.4775420690616,30
7,1,115.1165633566845,30
12,1,141.9453815487589,30
14,1,155.3348830466807,30
16,1,163.2212142315759,30
7,3,115.9686046074108,30
10,3,132.145603324622,30
5,3,104.4961782798265,30
17,1,165.3689891862503,30
13,2,149.7945319712622,30
11,2,139.9441017186203,30
15,1,160.0690269733148,30
18,3,161.7742449751031,30
17,3,160.6704995021097,30
9,2,127.6823284529161,30
9,3,126.6294400833146,30
16,3,159.256722639522,30
19,3,162.9308170407517,30
15,2,154.1897743307439,30
13,3,149.3186323511865,30
19,2,157.2790953762415,30
12,3,143.7962083222928,30
5,1,103.5155833625964,30
11,1,135.9678327337419,30
6,1,109.5235548674597,30
11,2,136.4518970829919,31
8,2,119.4085201670862,31
16,1,160.3836266805652,31
19,1,165.0435967195502,31
12,2,141.9947607467597,31
16,3,156.2249072457011,31
15,1,157.2242759242341,31
14,2,148.7315527502713,31
7,1,114.5952257008262,31
19,3,159.4441505961025,31
8,3,119.5788011111987,31
14,3,150.7225271752073,31
14,1,152.6127204331028,31
11,1,134.3149685560655,31
19,2,153.5513202562497,31
13,1,146.3891815876055,31
15,2,150.6042931860114,31
18,2,153.172567584562,31
8,1,119.73975971736,31
16,2,151.8480833725122,31
5,3,103.0678132859567,31
5,1,103.1070281994065,31
6,1,109.0946031843904,31
7,2,114.2488351556841,31
17,2,152.6498068247002,31
13,3,146.2075995622644,31
9,1,124.6530367490965,31
9,2,124.6823093835605,31
18,1,164.0819184929678,31
12,1,139.8630370649129,31
12,3,140.9007168036363,31
10,2,130.3539818747543,31
17,1,162.5835022313951,31
18,3,158.7666357200308,31
17,3,157.7435530414161,31
6,3,108.994491081969,31
7,3,114.4268924714533,31
5,2,103.0263504457613,31
10,3,129.8867508955043,31
9,3,124.6672631911931,31
11,3,135.3547293855398,31
13,2,146.0162669906763,31
10,1,129.4444387215646,31
6,2,108.888626863027,31
15,3,153.9996559876929,31
17,2,155.126308221547,32
16,3,160.4803828264288,32
6,3,113.6366992540221,32
5,3,107.7725467200417,32
10,3,134.8575669983613,32
11,3,140.4848120332769,32
9,2,128.8766263935382,32
10,1,135.0364440969423,32
13,2,150.2816932932752,32
12,1,145.9079165005848,32
13,1,152.6083562198241,32
19,2,155.9189111837432,32
6,1,114.5080612005707,32
5,1,108.6465946643669,32
17,1,167.615331945027,32
18,3,162.0473002935421,32
9,3,129.4975526128754,32
16,1,166.0367421599596,32
6,2,112.7342317717101,32
16,2,154.7955863389293,32
8,1,125.1129899556095,32
9,1,130.0991885951365,32
7,3,119.0807786329814,32
7,2,118.1743362111574,32
10,2,134.6731962253679,32
12,2,146.389323578517,32
5,2,106.8675194578373,32
7,1,119.9567043159563,32
18,1,168.5366587471037,32
12,3,146.1451512250415,32
11,2,140.8546811635785,32
11,1,140.1255525253046,32
13,3,151.4613628678285,32
8,2,123.4633939014133,32
18,2,155.4185466897201,32
15,1,163.28173234053,32
8,3,124.3017169326808,32
15,3,158.753765747262,32
14,3,155.8279799327792,32
17,3,161.4387674549475,32
15,2,154.1122875981689,32
14,1,158.860341539294,32
14,2,152.7134489953521,32
19,3,162.7053178122215,32
19,1,169.3516102281787,32
9,3,128.257927821878,33
18,3,161.6712351315371,33
14,2,153.037999828252,33
11,3,139.4949163869724,33
13,1,151.012361004097,33
12,2,146.4751412029971,33
12,1,144.1680664866833,33
12,3,145.297608573105,33
5,3,106.0946246132534,33
16,3,160.0116184908516,33
6,1,112.1835082146377,33
10,2,134.4974870403012,33
9,1,127.9664922830096,33
11,1,138.2326438633047,33
5,2,105.8924425573609,33
8,1,122.8984681156052,33
7,2,117.563920230567,33
6,2,111.9507923059097,33
16,1,164.458454846568,33
7,3,117.6258653021604,33
6,3,112.0698861227108,33
15,2,154.5553311055358,33
10,3,133.7382223752452,33
18,2,156.2052955670007,33
13,3,150.7579913615867,33
19,1,168.0003748230813,33
8,3,122.9502346321742,33
7,1,117.6850605292462,33
11,2,140.8111398101105,33
15,3,158.2423591510058,33
18,1,166.9531938275649,33
19,3,162.5031218256563,33
14,1,157.3497487782369,33
9,2,128.5621587562833,33
8,2,123.0043406481425,33
10,1,133.0103275048207,33
17,2,155.8372567384372,33
13,2,150.4928319828223,33
5,1,106.2873055570365,33
17,3,160.9965327050184,33
16,2,155.3866686935884,33
14,3,155.2385085078392,33
19,2,156.8170417732407,33
15,1,161.7796514076304,33
17,1,165.9752168906898,33
11,3,139.6858367919922,35
18,1,168.4840421,35
16,2,156.9894862,35
8,1,122.1720038,35
11,1,137.3838073,35
14,3,155.5824737548828,35
19,3,164.7727813720703,35
8,3,123.3288345336914,35
11,2,142.21542,35
6,3,112.6393661499023,35
8,2,124.5556011,35
15,1,161.2558407,35
14,2,154.5058399,35
18,3,163.4730072021484,35
13,1,150.1026293,35
17,2,157.4817289,35
10,3,133.9874877929688,35
9,3,128.5614929199219,35
7,1,116.9944401,35
5,3,106.768310546875,35
15,3,158.8163909912109,35
18,2,157.8879116,35
13,3,150.9609527587891,35
6,1,111.5321416,35
15,2,156.1020218,35
10,2,135.9241974,35
19,2,158.4611146,35
12,1,143.2636502,35
10,1,132.2183875,35
16,3,160.9098968505859,35
9,2,130.0333504,35
7,2,119.2374715,35
17,3,162.3191833496094,35
5,1,105.6555439,35
7,3,118.0966110229492,35
17,1,166.65804,35
16,1,164.4280365,35
14,1,156.5522955,35
6,2,113.7839206,35
5,2,107.9178466,35
12,3,145.4568328857422,35
9,1,127.2103604,35
13,2,151.9109044,35
12,2,147.8757734,35
19,1,170.4355438,35
5,3,105.4207458496094,36
9,2,128.8478706,36
19,2,156.8193713,36
6,3,111.3746337890625,36
9,1,126.2044904,36
10,3,132.9964294433594,36
13,2,150.5914864,36
16,1,162.7345369,36
6,2,112.4068651,36
19,1,166.6905911,36
17,2,155.6490905,36
15,2,154.4435223,36
13,1,149.0907691,36
10,1,131.2403883,36
14,3,154.2389526367188,36
15,3,157.1755065917969,36
8,3,122.232177734375,36
19,3,161.7827758789063,36
17,1,164.3840921,36
15,1,159.9484665,36
8,2,123.33804,36
14,2,153.0579937,36
7,1,115.8714528,36
8,1,121.1205581,36
16,3,158.9308471679688,36
18,1,165.5395293,36
6,1,110.3390122,36
5,2,106.4386895,36
14,1,155.4348222,36
11,1,136.4259282,36
13,3,149.84521484375,36
7,3,116.9122161865234,36
7,2,117.9486416,36
18,3,160.8360595703125,36
16,2,155.1789727,36
10,2,134.7390811,36
9,3,127.5304412841797,36
11,2,141.0095525,36
12,1,142.2999304,36
12,2,146.6262035,36
17,3,160.0009460449219,36
5,1,104.4003347,36
11,3,138.7275543212891,36
18,2,156.1250207,36
12,3,144.4734344482422,36
16,1,166.3365163,37
9,3,129.1864013671875,37
12,2,147.1138371,37
15,3,159.3008422851563,37
16,2,156.1485316,37
18,1,169.0210936,37
19,3,163.9090423583984,37
19,1,169.7585068,37
14,1,158.7690958,37
8,1,123.8070266,37
8,3,123.8506393432617,37
9,2,129.3692373,37
13,3,151.7124633789063,37
13,1,152.3200374,37
14,2,153.6579168,37
6,3,112.9135360717773,37
17,1,168.0614221,37
6,1,112.7866501,37
19,2,158.1079515,37
9,1,129.004291,37
6,2,113.0422836,37
11,1,139.4439011,37
5,1,106.6999971,37
11,2,141.4925581,37
13,2,151.106066,37
15,2,155.2262849,37
7,3,118.494743347168,37
14,3,156.2098083496094,37
18,2,157.2826673,37
5,2,107.08735,37
5,3,106.8918151855469,37
10,3,134.6918334960938,37
17,3,162.3812408447266,37
10,2,135.2344429,37
16,3,161.2312927246094,37
7,1,118.4426664,37
15,1,163.3904568,37
10,1,134.1502152,37
11,3,140.4680938720703,37
12,1,145.4240796,37
18,3,163.1324310302734,37
7,2,118.5473612,37
17,2,156.7314842,37
12,3,146.2693481445313,37
8,2,123.8945414,37
10,3,136.3284606933594,38
19,1,172.5508109,38
8,1,124.7418374,38
10,1,134.9951223,38
14,2,156.6469849,38
19,2,161.4080462,38
5,2,109.169115,38
11,2,144.0388537,38
12,2,149.7946441,38
14,3,158.0479583740234,38
17,3,164.5670166015625,38
17,1,169.3302004,38
13,1,153.0340031,38
14,1,159.4854293,38
9,2,131.6908701,38
19,3,166.7602081298828,38
6,2,115.1418666,38
15,1,164.1388828,38
11,1,140.234747,38
16,2,159.4110891,38
6,1,113.7613671,38
9,1,129.8997282,38
13,2,153.935187,38
11,3,142.1417388916016,38
7,3,120.0497360229492,38
15,3,161.197509765625,38
7,1,119.4028741,38
5,1,107.6967144,38
17,2,160.0801968,38
9,3,130.7942657470703,38
12,3,147.9905090332031,38
18,2,160.6533892,38
13,3,153.4887237548828,38
15,2,158.3592045,38
8,3,125.4326553344727,38
18,3,165.6174621582031,38
7,2,120.7014937,38
6,3,114.4470901489258,38
8,2,126.1256136,38
16,3,163.2263641357422,38
16,1,167.2302722,38
5,3,108.4271774291992,38
10,2,137.6614387,38
12,1,146.1662825,38
18,1,170.9407559,38
9,3,129.1183013916016,39
11,2,142.1353234,39
10,2,135.6211064,39
7,1,117.9363395,39
19,3,167.6772155761719,39
13,3,152.0264587402344,39
11,3,140.5621490478516,39
11,1,139.0111741,39
8,3,123.6675186157227,39
10,1,133.812072,39
5,3,106.0611114501953,39
17,1,168.5742325,39
6,3,112.3490219116211,39
15,1,162.7717191,39
12,1,144.8685457,39
8,2,123.880691,39
10,3,134.7096252441406,39
16,2,158.7855752,39
12,3,146.4515228271484,39
12,2,148.0550051,39
19,2,161.5740686,39
18,1,170.9479601,39
6,1,112.0053579,39
15,3,160.0929565429688,39
5,2,106.604187,39
15,2,157.3927288,39
8,1,123.4579122,39
16,3,162.4313049316406,39
14,1,158.0673199,39
19,1,173.771478,39
16,1,166.0537025,39
9,2,129.5407142,39
6,2,112.6988317,39
13,2,152.3974284,39
18,2,160.6313906,39
18,3,165.7991943359375,39
17,3,164.1904907226563,39
14,2,155.359419,39
17,2,159.7836609,39
9,1,128.7027258,39
7,3,118.1473693847656,39
14,3,156.7200927734375,39
13,1,151.6597236,39
5,1,105.5277978,39
7,2,118.3620809,39
7,2,115.8569471,40
11,1,136.4510544,40
14,2,151.2867555,40
15,2,152.8670881,40
17,1,164.3553595,40
17,3,159.3320770263672,40
17,2,154.3063865,40
19,3,161.0321350097656,40
18,2,154.7514558,40
5,3,104.2935409545898,40
12,2,144.6849376,40
5,2,104.3045371,40
7,3,115.8408966064453,40
9,3,126.5008544921875,40
11,3,137.7360534667969,40
12,3,143.5079803466797,40
13,3,148.9201812744141,40
12,1,142.3330431,40
14,1,155.4747624,40
15,3,156.4172210693359,40
10,1,131.2533414,40
10,2,132.7182161,40
8,2,121.2668362,40
13,2,148.7102725,40
9,2,126.7996801,40
8,1,121.0991382,40
19,2,155.4045745,40
10,3,131.9850006103516,40
8,3,121.1828689575195,40
5,1,104.2825856,40
15,1,159.9691203,40
11,2,139.0233886,40
18,3,160.1297454833984,40
16,3,158.2484741210938,40
6,3,110.27734375,40
16,2,153.7763249,40
6,1,110.2594868,40
16,1,162.7216863,40
13,1,149.1297846,40
6,2,110.2952662,40
18,1,165.5034672,40
19,1,166.6578414,40
7,1,115.8248995,40
14,3,153.3811187744141,40
9,1,126.2027914,40
10,1,134.1208945,41
14,1,159.48385,41
8,2,125.91954,41
17,2,160.0511082,41
18,2,160.9283799,41
10,3,135.755126953125,41
12,3,147.5548248291016,41
15,2,158.079178,41
16,3,163.6840362548828,41
7,1,118.1153722,41
14,2,156.3298933,41
12,1,145.6371234,41
6,1,112.3626888,41
10,2,137.4131295,41
7,3,119.3013305664063,41
17,1,170.928735,41
19,3,169.0120239257813,41
12,2,149.4997864,41
16,2,159.210337,41
6,3,113.6459884643555,41
8,1,123.5805091,41
6,2,114.9560216,41
15,1,164.5466693,41
8,3,124.7404251098633,41
7,2,120.5092229,41
13,1,152.7359255,41
15,3,161.3247985839844,41
19,2,162.1483046,41
9,3,130.1615600585938,41
5,3,107.578857421875,41
9,1,128.8774026,41
18,1,173.3915014,41
5,2,108.9843187,41
11,1,139.5194461,41
19,1,176.0723624,41
5,1,106.2043837,41
16,1,168.1599235,41
13,2,153.6238004,41
14,3,157.9169006347656,41
13,3,153.1768035888672,41
18,3,167.0990295410156,41
11,3,141.6277923583984,41
9,2,131.4655126,41
17,3,165.4668426513672,41
11,2,143.7667281,41
5,2,109.0474468,42
7,2,120.6131038,42
11,3,140.1157836914063,42
7,3,117.7848510742188,42
16,3,161.7870941162109,42
9,3,128.6720581054688,42
16,1,164.7796086,42
14,1,156.2758649,42
13,2,153.6096959,42
14,3,156.2457275390625,42
5,1,103.1258833,42
8,1,120.4302693,42
19,3,165.9756469726563,42
19,1,171.5723943,42
18,2,159.7625707,42
15,2,157.8246171,42
17,3,163.3556976318359,42
13,3,151.5820617675781,42
6,1,109.2418684,42
5,3,106.079460144043,42
8,3,123.2331390380859,42
13,1,149.5657229,42
18,3,164.6323394775391,42
9,2,131.6180778,42
9,1,125.7396691,42
8,2,126.0488134,42
10,3,134.2597045898438,42
19,2,160.3592003,42
14,2,156.215424,42
6,2,115.0368306,42
15,3,159.5509643554688,42
7,1,114.9686045,42
12,1,142.4852856,42
16,2,158.7772518,42
17,2,159.3292756,42
10,1,130.9811784,42
15,1,161.2671089,42
11,2,143.8747681,42
10,2,137.5534795,42
6,3,112.1330032348633,42
11,1,136.3748925,42
17,1,167.3609153,42
12,3,146.0124053955078,42
12,2,149.5579028,42
18,1,169.4804443,42
11,3,139.6853485107422,43
9,1,127.1643571,43
8,2,124.343425,43
8,1,122.0308526,43
13,3,150.8965759277344,43
12,1,143.3293303,43
18,3,162.4470520019531,43
14,3,155.3839569091797,43
16,3,160.3620910644531,43
14,2,154.2258674,43
19,2,158.8758091,43
11,1,137.4337684,43
11,2,142.0041891,43
15,1,161.1347461,43
15,2,155.816842,43
14,1,156.544831,43
7,2,118.9676198,43
19,3,163.4620666503906,43
6,2,113.4440118,43
8,3,123.1708984375,43
6,1,111.1383035,43
12,2,147.6392214,43
13,1,150.1517424,43
10,3,133.9579620361328,43
17,2,157.363825,43
10,1,132.2324705,43
13,2,151.6498671,43
9,3,128.4874725341797,43
19,1,168.3967981,43
15,3,158.451904296875,43
5,2,107.494284,43
17,1,165.9509681,43
7,1,116.7288389,43
17,3,161.5523986816406,43
9,2,129.8491801,43
16,1,164.0981488,43
18,1,167.2067943,43
5,1,105.1353962,43
12,3,145.45947265625,43
6,3,112.2773666381836,43
18,2,157.9758081,43
7,3,117.8332214355469,43
16,2,156.7516466,43
10,2,135.7359614,43
5,3,106.302734375,43
12,1,144.4699172,44
18,3,166.1065368652344,44
10,1,133.0764814,44
6,3,113.7076034545898,44
5,3,107.6630935668945,44
16,2,160.2145427,44
9,1,127.8893557,44
14,1,158.1037066,44
7,3,119.3471069335938,44
18,2,161.4889542,44
8,2,126.8383528,44
8,1,122.6544806,44
11,2,144.7155475,44
11,3,141.56396484375,44
15,1,162.9906976,44
18,1,170.737586,44
10,3,135.7060241699219,44
15,2,159.1196252,44
5,1,105.4046938,44
17,2,160.9128137,44
19,1,172.7714773,44
6,2,115.8942662,44
9,3,130.1331176757813,44
16,1,166.3552715,44
19,2,162.2164977,44
13,3,153.0531005859375,44
12,3,147.4697723388672,44
6,1,111.5331128,44
13,2,154.6289294,44
17,1,168.7698374,44
14,2,157.3599541,44
14,3,157.732177734375,44
15,3,161.0564270019531,44
19,3,167.4805603027344,44
16,3,163.2855377197266,44
17,3,164.8394317626953,44
9,2,132.3820988,44
7,1,117.2556224,44
12,2,150.4756339,44
7,2,121.4472323,44
10,2,138.3407913,44
11,1,138.4185589,44
5,2,109.9395344,44
13,1,151.4804568,44
8,3,124.7432022094727,44
6,1,111.1685777,45
5,2,106.0093529,45
12,3,144.5497741699219,45
18,3,160.30615234375,45
13,3,149.8825988769531,45
5,1,105.2231591,45
14,1,156.177389,45
8,2,122.9214502,45
10,1,132.0529721,45
18,2,154.7761405,45
15,3,157.1566009521484,45
9,3,127.712890625,45
16,2,154.3490535,45
6,2,111.9968183,45
19,1,166.842615,45
14,3,154.2394714355469,45
15,1,160.6650166,45
7,3,117.1208953857422,45
17,1,165.0879486,45
10,3,133.1487884521484,45
13,1,149.8577353,45
11,2,140.4729721,45
14,2,152.3140035,45
5,3,105.6136322021484,45
18,1,166.0252091,45
11,1,137.2259872,45
17,3,159.7818298339844,45
12,1,143.084762,45
12,2,146.0216013,45
8,1,121.9504588,45
7,1,116.703954,45
16,3,158.8733215332031,45
13,2,149.907453,45
7,2,117.5429333,45
8,3,122.4331588745117,45
10,2,134.2567063,45
16,1,163.4768662,45
9,2,128.4058223,45
15,2,153.6914399,45
11,3,138.8423461914063,45
17,2,154.6037223,45
9,1,127.027793,45
6,3,111.5800476074219,45
19,2,155.1267843,45
19,3,160.8519287109375,45
9,3,128.3332061767578,46
19,3,163.7297821044922,46
17,2,157.5206912,46
11,3,139.0298919677734,46
10,1,131.4340837,46
9,1,126.9457871,46
15,2,156.0353203,46
9,2,129.7532678,46
7,3,118.3226165771484,46
14,1,154.4030015,46
8,2,124.2241463,46
15,1,159.1174801,46
19,1,169.1913772,46
18,3,162.5158386230469,46
5,2,107.3169854,46
12,3,144.6105804443359,46
8,3,123.3256683349609,46
13,3,149.9298858642578,46
17,1,165.0815875,46
13,2,151.7634988,46
17,3,161.2673187255859,46
6,2,113.2839044,46
8,1,122.4504708,46
13,1,148.1203221,46
10,2,135.6783297,46
16,2,156.9893247,46
11,1,136.1225948,46
18,1,167.2236129,46
5,3,107.5246200561523,46
19,2,158.3749595,46
16,1,162.4924064,46
10,3,133.5335845947266,46
7,2,118.8266625,46
12,1,141.59133,46
6,3,113.1238632202148,46
16,3,159.7196502685547,46
6,1,112.9691898,46
12,2,147.6937092,46
7,1,117.8339832,46
14,3,154.3987731933594,46
18,2,157.89418,46
11,2,142.0003852,46
5,1,107.7254489,46
15,3,157.5713958740234,46
14,2,154.3945432,46
11,1,136.111504,47
19,3,162.4371337890625,47
9,1,125.7126781,47
9,2,127.0422072,47
10,1,130.8376641,47
14,1,155.4847598,47
5,1,103.5117144,47
8,1,120.5369878,47
12,2,145.0316733,47
18,2,155.7482266,47
11,2,139.3085758,47
12,1,142.0813052,47
18,3,161.3906707763672,47
17,1,165.4659395,47
8,3,121.0304183959961,47
18,1,167.033349,47
16,3,158.9819793701172,47
15,3,156.8868255615234,47
9,3,126.3758926391602,47
7,1,115.193881,47
7,3,115.6738662719727,47
8,2,121.5260263,47
10,3,131.9010162353516,47
12,3,143.5533447265625,47
19,2,156.3642092,47
6,2,110.6557381,47
14,3,153.6652984619141,47
19,1,168.5195255,47
6,1,109.5605028,47
6,3,110.1071472167969,47
13,2,149.1457796,47
7,2,116.1557828,47
16,2,154.6107842,47
14,2,151.8394125,47
16,1,163.3446491,47
15,1,160.2035224,47
17,3,160.3619232177734,47
13,3,149.0676116943359,47
10,2,132.9693447,47
13,1,148.9897365,47
5,3,104.1289443969727,47
11,3,137.7064208984375,47
17,2,155.252537,47
5,2,104.7480427,47
15,2,153.5606409,47
5,1,107.9153668,48
7,3,119.936279296875,48
12,1,146.3107932,48
17,3,163.166748046875,48
6,1,113.9757372,48
7,1,119.6258984,48
19,2,159.2492138,48
18,1,168.7550502,48
10,3,136.1339569091797,48
5,3,108.2424697875977,48
8,2,125.6607906,48
18,3,163.6170501708984,48
13,3,153.1226501464844,48
11,3,141.9183349609375,48
5,2,108.5688386,48
17,1,168.0860131,48
15,1,163.891304,48
15,2,157.2257901,48
15,3,160.5161743164063,48
9,1,130.0633253,48
14,2,155.6820857,48
12,2,149.1031314,48
19,3,164.0643920898438,48
16,3,162.2593536376953,48
9,3,130.6326751708984,48
13,2,153.1238491,48
16,1,166.6144551,48
11,1,140.3892923,48
16,2,158.070491,48
7,2,120.2449593,48
9,2,131.198005,48
10,1,135.1440476,48
8,3,125.2958679199219,48
14,3,157.55126953125,48
17,2,158.496745,48
18,2,158.7947311,48
13,1,153.1214229,48
6,3,114.2986907958984,48
10,2,137.1161213,48
14,1,159.4441603,48
19,1,169.2393254,48
11,2,143.4341235,48
12,3,147.7137298583984,48
6,2,114.6204009,48
8,1,124.9285532,48
9,1,129.3322132,49
11,1,139.5104827,49
16,1,165.6071193,49
8,1,124.2589516,49
19,3,164.4671630859375,49
17,3,162.7759246826172,49
14,3,157.0758209228516,49
15,3,160.0047454833984,49
15,1,162.8824152,49
18,3,163.5674133300781,49
13,2,153.2431006,49
14,2,155.727741,49
8,3,125.0788040161133,49
12,1,145.3543843,49
6,3,114.1933898925781,49
13,3,152.6758270263672,49
14,1,158.4185849,49
5,1,107.5118805,49
12,2,149.2629837,49
9,2,131.4389531,49
7,1,119.011744,49
10,2,137.3468299,49
7,3,119.7491989135742,49
7,2,120.4964049,49
12,3,147.3020324707031,49
5,2,108.9286231,49
19,2,159.5466846,49
5,3,108.2145462036133,49
10,1,134.3483628,49
13,1,152.1115111,49
18,2,158.831533,49
6,2,114.9279447,49
16,3,161.7354583740234,49
18,1,168.317199,49
11,3,141.5628051757813,49
19,1,169.4127594,49
8,2,125.9086552,49
6,1,113.4694721,49
17,2,158.3406628,49
17,1,167.213278,49
9,3,130.3798522949219,49
15,2,157.1189563,49
10,3,135.8405914306641,49
16,2,157.8603154,49
11,2,143.6322448,49
5,1,106.9740093,50
14,1,156.3895567,50
12,3,143.1055450439453,50
11,3,137.2515106201172,50
13,1,149.517695,50
17,3,162.5693359375,50
9,3,126.2951889038086,50
9,1,126.7271172,50
15,3,157.56494140625,50
6,1,112.2116524,50
7,1,117.1744095,50
7,2,115.4538837,50
19,2,157.4595237,50
13,2,148.0618101,50
6,3,111.3210906982422,50
12,1,142.4801306,50
10,2,131.6470789,50
8,1,121.9778364,50
6,2,110.3701027,50
17,2,155.5356588,50
13,3,148.8160247802734,50
16,1,165.8643323,50
11,2,137.9737477,50
18,2,156.447295,50
12,2,143.7778438,50
9,2,125.8314564,50
7,3,116.3435363769531,50
5,2,104.991687,50
16,2,154.4851075,50
14,2,151.0080926,50
15,2,153.0559232,50
10,3,131.5837860107422,50
19,3,166.1125946044922,50
8,3,121.273796081543,50
19,1,174.306575,50
15,1,161.7721831,50
18,1,171.9412105,50
5,3,106.0145950317383,50
8,2,120.5184575,50
14,3,153.7946624755859,50
11,1,136.5794168,50
16,3,160.3632507324219,50
10,1,131.5248518,50
17,1,169.1773351,50
18,3,164.4202880859375,50
8,1,121.4538066,51
18,2,156.7050112,51
18,1,166.0770598,51
12,1,142.7840065,51
16,1,163.2749516,51
16,3,159.4482727050781,51
8,3,122.5069808959961,51
6,1,110.5907106,51
6,2,112.5532616,51
15,2,154.9178573,51
19,1,167.2312601,51
10,2,135.0374863,51
13,3,150.3034362792969,51
7,2,118.1351675,51
7,3,117.1482162475586,51
8,2,123.5632787,51
11,3,139.1131744384766,51
12,3,144.8951721191406,51
13,2,150.9941241,51
16,2,155.6841711,51
17,1,164.9222518,51
17,3,160.5094146728516,51
5,1,104.6078183,51
9,3,127.8429946899414,51
19,2,157.4449891,51
6,3,111.5694885253906,51
13,1,149.6072941,51
11,1,136.8745511,51
7,1,116.1652794,51
11,2,141.3424583,51
10,1,131.6513011,51
9,2,129.1105228,51
9,1,126.5768542,51
19,3,162.2696838378906,51
15,1,160.4997764,51
10,3,133.3453521728516,51
17,2,156.1894887,51
14,2,153.4974264,51
5,3,105.5717315673828,51
18,3,161.3315124511719,51
12,2,146.9937495,51
5,2,106.541809,51
14,1,155.978371,51
14,3,154.7317810058594,51
15,3,157.6915588378906,51
9,1,128.705795,52
5,1,106.8873265,52
16,2,155.615768,52
15,2,154.9424239,52
8,1,123.6204972,52
16,1,165.3972828,52
19,3,162.2541046142578,52
11,3,140.2001953125,52
8,3,123.6861572265625,52
10,2,135.1839387,52
6,2,112.768928,52
5,2,106.7709837,52
15,1,162.5072198,52
13,2,151.026614,52
14,2,153.5042915,52
14,1,157.9581105,52
12,3,145.943359375,52
11,1,138.9214759,52
10,3,134.4667205810547,52
9,2,129.2800314,52
19,2,156.2981131,52
19,1,168.4215392,52
17,3,161.4077301025391,52
6,1,112.830787,52
17,2,155.8691124,52
9,3,128.9949188232422,52
11,2,141.4590042,52
7,1,118.3684639,52
5,3,106.8289031982422,52
12,1,144.7954179,52
8,2,123.7509862,52
6,3,112.7996978759766,52
18,3,161.8992309570313,52
15,3,158.6800842285156,52
7,2,118.3380754,52
12,2,147.072089,52
14,3,155.7078704833984,52
18,1,167.9613883,52
13,1,151.5956936,52
18,2,156.0279734,52
7,3,118.3531799316406,52
13,3,151.3085021972656,52
16,3,160.4415740966797,52
10,1,133.7387627,52
17,1,167.1106701,52
15,3,159.1465301513672,53
6,2,114.064078,53
9,3,128.9696960449219,53
7,1,116.7533418,53
13,1,150.6422139,53
5,2,108.0719559,53
10,3,134.4853820800781,53
10,1,132.4699437,53
13,3,151.5479583740234,53
15,2,156.5312263,53
12,1,143.7226099,53
14,1,157.1492009,53
11,2,142.784934,53
7,3,118.1905746459961,53
14,2,154.9874384,53
18,2,158.0956007,53
17,2,157.8020344,53
9,2,130.5955586,53
16,1,165.0039846,53
6,3,112.5693740844727,53
8,1,122.1376378,53
5,3,106.5315017700195,53
17,3,162.2350921630859,53
11,1,137.7458372,53
19,1,169.3906915,53
8,2,125.0535894,53
17,1,167.0477303,53
9,1,127.3455194,53
16,2,157.3777599,53
13,2,152.4365046,53
12,3,146.090576171875,53
19,3,163.6108245849609,53
11,3,140.2734985351563,53
7,2,119.6331876,53
18,1,168.390523,53
10,2,136.4962262,53
18,3,162.9697875976563,53
12,2,148.4304332,53
16,3,161.0740814208984,53
6,1,111.0812782,53
8,3,123.593505859375,53
14,3,156.0522766113281,53
19,2,158.5323684,53
15,1,161.8783068,53
5,1,104.9988186,53
15,3,156.1121520996094,54
6,1,106.1693772,54
18,2,156.149097,54
12,2,145.2644663,54
15,1,158.3196563,54
15,2,153.9216668,54
17,1,164.5259025,54
13,2,149.4218777,54
8,2,121.6147673,54
6,2,110.7070037,54
10,3,130.4989166259766,54
16,1,161.8909306,54
10,1,127.8768559,54
14,1,153.260682,54
19,1,168.536824,54
7,2,116.2216435,54
8,1,117.3489587,54
5,1,100.0378135,54
9,1,122.6350533,54
12,3,142.3359069824219,54
7,3,114.0492706298828,54
17,2,155.6620038,54
6,3,108.4198989868164,54
9,2,127.1611276,54
5,3,102.3897552490234,54
13,1,146.505744,54
7,1,111.9005263,54
10,2,133.1227128,54
14,2,152.1586674,54
18,3,161.3429412841797,54
11,1,133.2774463,54
5,2,104.7931976,54
16,3,158.4278259277344,54
17,3,160.0627136230469,54
13,3,147.9667510986328,54
11,2,139.5005204,54
19,2,156.7178334,54
16,2,155.0046271,54
18,1,166.6260932,54
8,3,119.4747009277344,54
12,1,139.3998822,54
11,3,136.3906555175781,54
9,3,124.8943939208984,54
14,3,152.7081146240234,54
19,3,162.5677337646484,54
16,2,156.8653116,55
10,1,133.9290091,55
7,1,118.8641489,55
6,2,114.2006377,55
6,3,113.8050308227539,55
5,3,107.9262771606445,55
18,2,157.6355209,55
9,2,130.4185036,55
11,2,142.4788184,55
14,1,157.5994158,55
12,2,148.0641556,55
12,1,144.7474112,55
13,2,152.0155138,55
16,3,160.7601318359375,55
12,3,146.4081268310547,55
9,1,129.0029217,55
8,2,124.9750654,55
5,2,108.3188012,55
14,2,154.5192389,55
15,2,156.0261486,55
19,3,163.3543090820313,55
11,3,140.7400665283203,55
7,3,119.2622909545898,55
15,3,158.9832458496094,55
16,1,164.6856051,55
8,1,124.0202437,55
11,1,138.9981607,55
13,1,151.403971,55
8,3,124.4975509643555,55
15,1,161.9592607,55
14,3,156.0554046630859,55
17,2,157.305286,55
6,1,113.4102472,55
10,3,135.0914154052734,55
10,2,136.2526944,55
7,2,119.6608839,55
19,1,168.6380574,55
5,1,107.5347825,55
18,1,167.45435,55
18,3,162.517578125,55
19,2,158.1403153,55
17,3,161.7972869873047,55
13,3,151.7103271484375,55
9,3,129.7107849121094,55
17,1,166.3310732,55
10,3,135.5113067626953,56
19,1,168.3248396,56
18,1,167.3584937,56
13,1,150.6557152,56
13,3,152.5447692871094,56
10,1,132.5358698,56
9,1,127.401759,56
6,1,111.2445234,56
8,2,127.0375193,56
5,2,110.0645629,56
6,2,116.0555257,56
17,2,159.6827126,56
17,1,166.2874541,56
15,2,158.4655115,56
12,3,147.1156311035156,56
12,1,143.7904277,56
9,2,132.576781,56
8,1,122.2187428,56
5,3,107.6351470947266,56
11,2,144.8028141,56
15,3,160.0605316162109,56
17,3,162.9475250244141,56
14,2,156.960146,56
19,3,164.2863922119141,56
11,3,141.3045959472656,56
12,2,150.4553755,56
7,1,116.871666,56
13,2,154.4416128,56
8,3,124.6226425170898,56
18,2,159.9942691,56
9,3,129.9835815429688,56
7,2,121.621624,56
5,1,105.2156071,56
16,1,164.5612349,56
11,1,137.8203254,56
14,3,157.0136413574219,56
6,3,113.6444778442383,56
16,2,159.2756925,56
7,3,119.2409896850586,56
19,2,160.4931826,56
14,1,157.0669271,56
16,3,161.9094848632813,56
18,3,163.5967407226563,56
10,2,138.4990485,56
15,1,161.6496746,56
11,3,139.5333099365234,57
9,2,130.2089232,57
18,1,168.8686567,57
14,1,156.4672612,57
19,3,164.3066864013672,57
12,1,142.7517938,57
12,3,145.4126434326172,57
18,2,157.8024478,57
10,1,131.2818578,57
9,1,126.0580495,57
6,1,109.6401951,57
8,3,122.7095260620117,57
9,3,128.1186065673828,57
5,3,105.5558624267578,57
16,2,157.0546797,57
11,2,142.4483159,57
7,1,115.3538791,57
19,2,158.2982157,57
10,3,133.6909790039063,57
7,3,117.2739410400391,57
5,2,107.6425627,57
13,1,149.8015543,57
17,1,167.1295807,57
16,3,160.9259185791016,57
6,2,113.6520203,57
14,3,155.5746307373047,57
16,1,164.7678025,57
19,1,170.3290784,57
7,2,119.2330793,57
17,2,157.4842937,57
13,2,152.1206976,57
18,3,163.3328552246094,57
14,2,154.6728924,57
15,3,158.8198699951172,57
17,3,162.3121185302734,57
5,1,103.5255164,57
6,3,111.6188125610352,57
8,2,124.6608054,57
8,1,120.7876251,57
12,2,148.1073765,57
13,3,150.9555053710938,57
10,2,136.1381221,57
15,2,156.2149009,57
11,1,136.6611965,57
15,1,161.3951642,57
7,2,119.4924264,58
18,1,170.1632015,58
14,3,156.7583312988281,58
7,3,119.0016708374023,58
6,2,113.9777246,58
19,3,164.8269958496094,58
10,3,135.2131195068359,58
11,3,140.9863433837891,58
9,2,130.3422623,58
15,1,163.6082391,58
13,1,152.4304408,58
18,2,157.6352679,58
8,2,124.855505,58
15,2,156.0757514,58
16,2,156.9003645,58
6,1,112.8734202,58
19,1,171.5249711,58
12,1,145.5141278,58
9,1,129.0811959,58
18,3,163.9164276123047,58
17,2,157.3242416,58
5,1,106.8211353,58
14,2,154.5664227,58
9,3,129.7061309814453,58
8,3,124.3648071289063,58
10,2,136.2144852,58
5,2,108.036777,58
12,3,146.7877044677734,58
10,1,134.2287429,58
19,2,158.1213931,58
11,2,142.4714582,58
12,2,148.0824966,58
5,3,107.4224395751953,58
13,2,152.0525004,58
16,1,166.6899418,58
15,3,159.8673706054688,58
11,1,139.5256742,58
13,3,152.2430114746094,58
14,1,158.9172409,58
16,3,161.823486328125,58
17,3,163.0451202392578,58
7,1,118.5204132,58
17,1,168.7144431,58
6,3,113.4199447631836,58
8,1,123.8831604,58
13,2,152.4152335,59
7,3,117.9125595092773,59
15,2,156.4782438,59
16,1,164.3415697,59
18,2,157.9029331,59
11,2,142.7396999,59
11,3,140.0695495605469,59
11,1,137.4386629,59
7,2,119.4716596,59
8,1,121.7437032,59
5,2,107.8993831,59
17,2,157.646132,59
17,1,166.1039596,59
16,3,160.8634490966797,59
6,1,110.7074599,59
10,1,132.1247955,59
15,1,161.4527568,59
13,3,151.3675079345703,59
5,1,104.6853494,59
12,1,143.4387466,59
9,3,128.7184448242188,59
12,2,148.4036417,59
19,2,158.3052262,59
14,2,154.9580698,59
16,2,157.2772833,59
17,3,161.9112243652344,59
18,1,167.3787349,59
18,3,162.6327362060547,59
19,1,168.654046,59
6,3,112.2886352539063,59
9,2,130.4773474,59
13,1,150.3551968,59
8,2,124.9145015,59
10,3,134.2672119140625,59
10,2,136.4198783,59
12,3,145.8887939453125,59
8,3,123.3281326293945,59
19,3,163.4006805419922,59
5,3,106.2868423461914,59
6,2,113.8824025,59
14,3,155.9091186523438,59
14,1,156.8245992,59
7,1,116.3628042,59
9,1,126.9589777,59
15,3,159.0118103027344,59
9,1,130.5764899,60
10,3,136.2867431640625,60
5,1,110.9748099,60
9,2,131.5984387,60
12,2,149.176725,60
15,3,159.9368743896484,60
16,3,161.8081817626953,60
14,2,155.6955031,60
18,2,159.0986135,60
7,2,120.9963747,60
11,1,139.9959731,60
12,3,147.3580017089844,60
6,3,115.9706192016602,60
13,1,152.0687454,60
17,2,158.6869848,60
19,3,164.7082977294922,60
13,3,152.6085052490234,60
17,1,167.2736085,60
8,1,125.9647378,60
18,1,168.5374893,60
8,2,126.2214466,60
19,2,159.6796738,60
8,3,126.0928802490234,60
10,1,135.1879772,60
11,3,141.7913665771484,60
13,2,153.1497129,60
15,1,162.6055899,60
14,3,156.9547576904297,60
5,3,110.4291763305664,60
5,2,109.8814547,60
16,1,165.4443069,60
6,1,116.2909279,60
9,3,131.086669921875,60
7,3,121.1188735961914,60
14,1,158.2111293,60
15,2,157.2629655,60
6,2,115.649182,60
12,1,145.5444373,60
18,3,163.8202209472656,60
17,3,162.9829559326172,60
16,2,158.1663369,60
11,2,143.5914969,60
19,1,169.7342997,60
10,2,137.3884671,60
7,1,121.2409765,60
6,2,112.5118994,61
13,2,150.8763064,61
10,1,129.7910878,61
16,1,162.5943982,61
9,1,124.6450774,61
5,3,104.3716583251953,61
6,1,108.3640241,61
13,1,148.0302832,61
16,3,159.1049499511719,61
15,2,154.8950118,61
10,3,132.3719482421875,61
12,1,141.0820515,61
15,3,157.1133117675781,61
19,2,156.9289365,61
6,3,110.4241104125977,61
11,1,135.0845029,61
9,2,129.0723071,61
19,3,162.1214752197266,61
7,2,118.0975555,61
11,2,141.2654227,61
8,2,123.5263372,61
8,1,119.4293662,61
18,2,156.4309246,61
13,3,149.4555206298828,61
17,1,164.7791553,61
16,2,155.708067,61
7,3,116.0553588867188,61
7,1,114.0411013,61
18,3,161.2684631347656,61
18,1,166.3277272,61
12,2,146.895267,61
19,1,167.5992208,61
9,3,126.8441848754883,61
15,1,159.372633,61
12,3,143.9843292236328,61
10,2,134.9818304,61
17,3,160.3726348876953,61
8,3,121.4638061523438,61
5,1,102.2755259,61
5,2,106.4943814,61
11,3,138.1627807617188,61
14,2,153.3922468,61
14,1,154.58032,61
14,3,153.9832611083984,61
17,2,156.120952,61
5,2,105.6299322,62
7,3,114.2566070556641,62
12,3,142.172607421875,62
11,2,140.1210164,62
6,1,105.7656862,62
9,2,127.9460634,62
9,3,124.9908218383789,62
8,1,116.8076469,62
15,2,153.9353866,62
7,1,111.4267282,62
14,1,152.1161823,62
17,3,158.90966796875,62
8,3,119.6321029663086,62
8,2,122.4479712,62
18,1,164.3716271,62
19,2,156.2222508,62
14,2,152.3565989,62
10,1,127.1941761,62
6,3,108.6680221557617,62
16,3,157.5122222900391,62
11,1,132.5206988,62
5,3,102.6667938232422,62
19,3,161.1634063720703,62
13,2,149.7837895,62
18,2,155.6931455,62
16,2,154.8321825,62
7,2,117.0799129,62
17,2,155.3232979,62
6,2,111.5658803,62
17,1,162.53919,62
13,3,147.6673278808594,62
5,1,99.70178739000001,62
13,1,145.5342121,62
10,3,130.523681640625,62
15,3,155.4302215576172,62
15,1,156.9412242,62
19,1,166.1722552,62
10,2,133.8369525,62
9,1,122.0239856,62
12,1,138.5531265,62
14,3,152.2369689941406,62
11,3,136.3320617675781,62
16,1,160.2229386,62
18,3,160.0048370361328,62
12,2,145.7673744,62
12,3,146.7034912109375,63
11,2,142.3581981,63
8,3,124.7133483886719,63
7,3,119.474609375,63
16,3,161.7833404541016,63
16,2,156.5806972,63
6,1,113.8660801,63
8,2,124.9096979,63
17,2,157.0852978,63
5,1,107.9818714,63
19,3,165.5335083007813,63
9,1,129.5735522,63
11,1,139.7241498,63
16,1,166.3681902,63
9,3,129.9316253662109,63
14,2,154.2802916,63
5,2,108.3297203,63
19,1,171.6552731,63
10,2,136.1439971,63
5,3,108.1469268798828,63
7,1,119.3416593,63
18,3,164.2559509277344,63
13,2,151.8257483,63
8,1,124.5365528,63
9,2,130.3293652,63
6,3,114.0191345214844,63
7,2,119.6221626,63
11,3,140.9738464355469,63
15,2,155.7556845,63
15,3,159.7537231445313,63
6,2,114.1888609,63
14,3,156.6093902587891,63
18,1,170.0399276,63
13,3,152.0958404541016,63
12,2,147.9374763,63
10,1,134.5690742,63
13,1,152.3394361,63
17,3,163.1449127197266,63
18,2,157.5935945,63
17,1,168.4479359,63
15,1,163.3057789,63
14,1,158.6973184,63
10,3,135.3157043457031,63
19,2,158.3973868,63
12,1,145.5889273,63
16,2,151.8421621,64
17,3,157.6896057128906,64
12,3,142.5386810302734,64
8,3,120.4134368896484,64
14,2,149.5040043,64
16,3,156.8699493408203,64
19,3,158.6833343505859,64
7,1,115.7737921,64
6,2,108.8800825,64
10,3,131.1307220458984,64
17,1,162.9958277,64
15,3,155.1854095458984,64
8,1,121.0059875,64
9,2,125.3104083,64
16,1,161.8202839,64
11,2,137.4394774,64
15,1,159.2989433,64
13,2,147.0004268,64
13,1,148.7507095,64
12,2,143.0413436,64
18,3,158.1566925048828,64
7,3,115.1056518554688,64
15,2,151.0073612,64
19,2,153.3026769,64
9,1,126.067553,64
7,2,114.4265467,64
17,2,152.3018533,64
11,3,136.8273315429688,64
9,3,125.6920166015625,64
11,1,136.2246648,64
5,3,103.6141967773438,64
10,2,131.1867858,64
5,1,104.3209447,64
13,3,147.88232421875,64
18,2,152.6901754,64
14,3,152.2570190429688,64
10,1,131.0755477,64
8,2,119.8112366,64
5,2,102.8950434,64
19,1,163.9934532,64
18,1,163.5447153,64
12,1,142.0437718,64
6,3,109.5718460083008,64
6,1,110.2521646,64
14,1,154.9676905,64
14,3,153.0893249511719,65
6,2,110.8524417,65
6,1,109.5572383,65
5,3,104.2649917602539,65
19,2,156.0846354,65
9,1,125.3050635,65
11,1,135.4290203,65
8,2,121.8398589,65
8,3,121.0606536865234,65
15,1,158.6363457,65
10,2,133.3218134,65
7,1,115.0556762,65
5,2,104.8648578,65
5,1,103.6523831,65
18,2,155.5212054,65
18,3,159.309814453125,65
16,2,154.5784587,65
11,3,137.5659790039063,65
13,3,148.7054748535156,65
19,1,164.2168023,65
7,2,116.4191377,65
16,1,161.3540459,65
14,2,152.0208089,65
9,2,127.3844105,65
19,3,159.8459777832031,65
12,2,145.344298,65
11,2,139.6520632,65
12,1,141.2472948,65
10,1,130.2930038,65
15,3,156.0321960449219,65
12,3,143.329833984375,65
6,3,110.211540222168,65
18,1,163.6672958,65
10,3,131.8218078613281,65
7,3,115.7440948486328,65
17,3,158.7546997070313,65
17,2,155.1121367,65
14,1,154.2294113,65
15,2,153.6405235,65
16,3,157.7870483398438,65
13,2,149.405447,65
9,3,126.3537139892578,65
17,1,162.8815645,65
8,1,120.2672147,65
13,1,147.9717429,65
18,2,161.100767,66
11,1,140.6898972,66
18,3,167.7875061035156,66
13,2,154.2976849,66
9,1,129.9125235,66
5,1,107.0550162,66
11,2,144.372706,66
16,1,169.4361526,66
10,1,135.2228041,66
16,3,164.6620635986328,66
8,2,126.4230022,66
15,3,162.3338317871094,66
14,3,158.9232177734375,66
10,3,136.5890655517578,66
9,3,130.9454193115234,66
8,3,125.4823837280273,66
12,2,150.1432534,66
17,1,172.116849,66
11,3,142.5152435302734,66
16,2,159.8416917,66
7,1,119.0406983,66
5,2,109.4859898,66
19,1,176.8296813,66
19,3,169.3651428222656,66
15,2,158.7651095,66
19,2,161.83716,66
10,2,137.9798026,66
7,2,120.9973592,66
6,1,113.2468995,66
6,3,114.3372955322266,66
5,3,108.2617568969727,66
17,2,160.5277043,66
12,3,148.4938049316406,66
18,1,174.4189709,66
14,2,157.0217016,66
8,1,124.5567911,66
14,1,160.8001254,66
9,2,131.9963914,66
6,2,115.4433304,66
13,3,154.1584320068359,66
12,1,146.8713135,66
17,3,166.3471832275391,66
13,1,154.0212363,66
15,1,165.8625305,66
7,3,120.0117874145508,66
10,1,131.9012667,67
17,2,158.5347621,67
14,2,155.4624251,67
15,1,160.9470541,67
18,2,159.099644,67
5,1,104.4455514,67
8,1,121.5568886,67
16,1,163.8007176,67
7,2,120.1074217,67
5,3,106.4820327758789,67
14,1,156.4107582,67
11,3,140.1984252929688,67
9,2,131.0421193,67
5,2,108.5498897,67
6,2,114.5439099,67
17,1,165.494201,67
6,3,112.5157775878906,67
15,2,157.0336166,67
16,3,160.8882751464844,67
19,1,167.455893,67
16,2,157.9532025,67
13,3,151.4528198242188,67
15,3,158.9987335205078,67
18,3,162.8233337402344,67
6,1,110.516735,67
7,1,116.1804587,67
12,3,146.0067291259766,67
19,3,163.7132263183594,67
14,3,155.9387969970703,67
8,2,125.5163087,67
13,2,152.8997978,67
13,1,150.0200602,67
18,1,166.5268203,67
11,1,137.1895993,67
10,3,134.4105834960938,67
10,2,136.9482276,67
19,2,159.9551738,67
17,3,162.0259246826172,67
8,3,123.5239944458008,67
12,2,148.8881975,67
12,1,143.1554169,67
9,3,128.8877105712891,67
9,1,126.7587046,67
7,3,118.1306457519531,67
11,2,143.2403238,67
9,3,135.4781799316406,68
12,2,152.4383841,68
8,3,130.2682800292969,68
7,1,126.2524673,68
14,3,161.0420532226563,68
9,2,134.8286093,68
15,3,163.2917938232422,68
5,3,113.5192565917969,68
11,3,146.3570098876953,68
19,1,170.1206548,68
9,1,136.0898495,68
5,1,115.2441865,68
5,2,111.6801897,68
16,1,169.79926,68
10,1,140.8667518,68
13,3,157.0129852294922,68
14,1,163.7010839,68
19,2,158.3181712,68
11,2,146.9665739,68
6,1,120.9542115,68
18,3,164.5265808105469,68
10,2,140.7492012,68
7,3,124.9984359741211,68
12,1,151.3620744,68
7,2,123.6636096,68
15,1,167.6703449,68
16,3,164.3725280761719,68
11,1,145.7835117,68
17,2,158.4411396,68
18,1,170.2455176,68
16,2,158.5087211,68
12,3,151.8830871582031,68
13,2,156.1565008,68
15,2,158.5598835,68
13,1,157.8127766,68
10,3,140.8097381591797,68
6,3,119.4789657592773,68
8,2,129.216768,68
6,2,117.906048,68
19,3,164.4314880371094,68
17,1,170.3235403,68
8,1,131.2577494,68
14,2,158.1796289,68
17,3,164.6034698486328,68
18,2,158.3756545,68
14,3,156.1848297119141,70
14,2,153.3895398,70
19,3,164.8321685791016,70
12,2,147.008648,70
16,2,155.6715356,70
13,2,150.9249813,70
8,1,124.0427331,70
19,2,157.1671942,70
15,1,163.6569137,70
10,1,134.2269703,70
16,3,161.3831329345703,70
8,2,124.0018207,70
18,2,156.5191316,70
17,1,169.123153,70
14,1,158.8664981,70
7,1,118.7768699,70
6,3,113.2290649414063,70
7,2,118.689558,70
5,2,107.3208782,70
6,2,113.2217803,70
9,1,129.1546404,70
18,1,170.7933837,70
9,2,129.4360271,70
17,2,156.1216327,70
12,1,145.4164512,70
13,1,152.3340167,70
13,3,151.64453125,70
15,3,159.345703125,70
11,2,141.4535518,70
7,3,118.7340698242188,70
19,1,172.3594911,70
17,3,162.7243499755859,70
12,3,146.1956787109375,70
9,3,129.2924041748047,70
10,3,134.7290496826172,70
11,1,139.4619619,70
11,3,140.4368743896484,70
5,3,107.3065032958984,70
15,2,154.8620552,70
8,3,124.0226898193359,70
5,1,107.2926634,70
10,2,135.2526869,70
18,3,163.7466125488281,70
16,1,166.8932657,70
6,1,113.2360801,70
14,3,154.5813598632813,71
19,3,159.5852813720703,71
6,2,117.0414795,71
7,3,121.483642578125,71
19,2,155.0104704,71
10,1,134.4781792,71
15,3,157.0101928710938,71
7,1,120.8359357,71
19,1,163.9532742,71
7,2,122.1165548,71
16,2,153.8045184,71
8,3,126.2490615844727,71
17,3,158.8244171142578,71
15,1,160.1106749,71
9,2,131.8864552,71
17,1,163.241873,71
12,3,145.9791259765625,71
18,2,154.1648529,71
16,3,158.2790069580078,71
5,2,111.4597845,71
9,1,130.0169404,71
5,3,110.9883804321289,71
13,2,150.9189194,71
11,3,140.8897552490234,71
15,2,153.5491409,71
12,2,147.6568692,71
18,1,163.6051961,71
17,2,153.8975067,71
14,2,152.7239471,71
14,1,156.2726234,71
6,1,115.8775728,71
6,3,116.4630584716797,71
16,1,162.2623971,71
10,3,135.8053588867188,71
10,2,137.1382289,71
13,3,150.7374877929688,71
8,1,125.50963,71
8,2,126.9700462,71
9,3,130.9584503173828,71
5,1,110.5143128,71
13,1,150.5687454,71
18,3,159.0890960693359,71
12,1,144.3820184,71
11,1,139.0907166,71
11,2,142.7357671,71
17,2,159.1687673,72
9,3,128.6779022216797,72
10,1,131.7918408,72
9,2,130.5682758,72
6,2,114.0451531,72
15,3,159.2022552490234,72
13,1,149.7433378,72
8,2,124.9960802,72
7,1,116.4212836,72
7,2,119.5798638,72
16,1,164.2254497,72
13,2,152.9351642,72
19,3,165.2644653320313,72
15,1,160.9803123,72
19,2,160.1478688,72
9,1,126.7570487,72
19,1,170.5517986,72
5,3,106.5319595336914,72
18,3,164.000732421875,72
13,3,151.3544006347656,72
11,2,142.9639192,72
6,1,110.8800428,72
5,1,104.9276328,72
18,1,168.5094497,72
8,3,123.3476791381836,72
10,2,136.5577384,72
17,1,166.5631998,72
18,2,159.6199488,72
17,3,162.8184814453125,72
8,1,121.6736751,72
12,1,142.8814178,72
12,3,145.8448333740234,72
15,2,157.4616705,72
11,1,136.9812474,72
11,3,139.9986267089844,72
7,3,118.0123062133789,72
14,2,155.6897233,72
12,2,148.7547909,72
5,2,108.1159334,72
14,3,155.9551391601563,72
16,2,158.5349361,72
6,3,112.4736404418945,72
16,3,161.3471832275391,72
14,1,156.225898,72
10,3,134.1947021484375,72
7,2,119.6363618,73
16,3,161.1103668212891,73
9,3,127.926628112793,73
18,3,164.2240753173828,73
15,1,160.7083929,73
16,2,157.9277035,73
16,1,164.1790055,73
11,1,135.9525093,73
5,2,108.0812005,73
8,1,120.1373396,73
11,3,139.3235321044922,73
5,3,105.4309692382813,73
19,3,165.867431640625,73
7,1,114.7128281,73
17,2,158.6256541,73
14,1,155.7502752,73
10,1,130.5911742,73
15,3,158.8359527587891,73
13,2,152.5856094,73
8,3,122.5405731201172,73
6,1,108.9993984,73
10,2,136.4962786,73
17,3,162.7700805664063,73
9,2,130.572551,73
13,1,149.0752258,73
18,1,168.9548885,73
10,3,133.4860534667969,73
5,1,102.8837715,73
15,2,156.8969527,73
17,1,166.7578029,73
7,3,117.1239624023438,73
11,2,142.8190531,73
13,3,150.8010406494141,73
8,2,125.0452866,73
6,3,111.4841918945313,73
18,2,159.2967637,73
14,3,155.4936828613281,73
12,3,145.2159576416016,73
6,2,114.071995,73
12,2,148.5124967,73
9,1,125.3866211,73
19,2,160.2466973,73
19,1,171.256306,73
12,1,142.0299152,73
14,2,155.2282659,73
6,2,111.9541105,74
12,2,144.6133121,74
7,1,117.7856973,74
16,1,163.1679314,74
6,3,112.3945693969727,74
14,2,151.9633039,74
9,3,126.9161758422852,74
15,2,154.105734,74
5,2,106.9255516,74
17,1,166.1579593,74
8,2,121.6136624,74
11,3,137.5635833740234,74
19,2,158.3391786,74
10,3,132.0514221191406,74
15,3,156.8504180908203,74
17,2,156.6987371,74
6,1,112.8281675,74
17,3,161.4238891601563,74
8,3,122.0537185668945,74
14,3,153.3714141845703,74
18,2,157.5389355,74
11,1,136.3316649,74
16,3,159.3955688476563,74
8,1,122.4873094,74
12,1,141.8453446,74
11,2,138.8022951,74
10,2,132.5112744,74
14,1,154.7765185,74
13,1,148.427612,74
19,3,165.347412109375,74
10,1,131.5958609,74
18,1,169.0840697,74
5,3,107.2106246948242,74
7,2,116.7609924,74
16,2,155.6206213,74
9,2,126.7790604,74
9,1,127.051505,74
15,1,159.589458,74
13,2,148.9416339,74
5,1,107.4909013,74
7,3,117.277214050293,74
13,3,148.6843719482422,74
19,1,172.4322259,74
18,3,163.2947235107422,74
12,3,143.2273101806641,74
11,3,133.9661102294922,75
19,1,166.5450114,75
12,1,135.074581,75
9,3,122.3600463867188,75
15,1,154.5147861,75
10,2,132.62974,75
8,3,116.8916473388672,75
13,3,145.7054901123047,75
6,2,110.1112797,75
16,1,158.4042868,75
19,3,162.0592956542969,75
11,1,128.8563981,75
18,3,160.3505554199219,75
8,2,121.0661747,75
5,3,99.64781188964844,75
15,2,153.7865975,75
18,1,164.0619239,75
10,3,128.0164337158203,75
6,1,101.3388152,75
5,2,104.1696997,75
17,2,155.888597,75
17,1,161.4586428,75
7,3,111.4192352294922,75
11,2,139.0472565,75
12,2,144.8634457,75
18,2,156.6527326,75
7,2,115.6520097,75
7,1,107.1610967,75
5,1,95.10695911000001,75
6,3,105.7365112304688,75
8,1,112.6913105,75
10,1,123.3754715,75
13,1,142.3035752,75
14,2,151.9115704,75
16,2,155.0236608,75
9,1,118.0566676,75
16,3,156.7093811035156,75
19,2,157.5836674,75
14,1,149.2254675,75
15,3,154.1496734619141,75
13,2,149.0883018,75
12,3,139.9824066162109,75
14,3,150.5723114013672,75
17,3,158.6669158935547,75
9,2,126.6371776,75
11,2,143.3884674,78
14,1,157.3616761,78
18,2,158.7780202,78
19,3,165.7761840820313,78
14,3,156.4981231689453,78
6,2,114.5260688,78
15,1,162.2425877,78
16,1,165.5452354,78
5,1,104.2858728,78
19,1,171.7736941,78
16,2,157.9982668,78
17,2,158.4225797,78
6,3,112.4676818847656,78
18,3,164.5078582763672,78
7,3,118.1454010009766,78
11,3,140.4903564453125,78
14,2,155.6483344,78
10,1,132.1897449,78
10,3,134.6279602050781,78
13,1,150.7152176,78
9,1,126.9477722,78
9,3,129.0309906005859,78
15,3,159.7646026611328,78
18,1,169.8212339,78
15,2,157.190312,78
6,1,110.4451176,78
16,3,161.9321441650391,78
7,1,116.1938654,78
10,2,137.0678653,78
19,2,159.3475472,78
12,2,149.0585303,78
8,3,123.6004867553711,78
8,2,125.5675449,78
5,2,108.494857,78
7,2,120.1254574,78
17,3,163.3582305908203,78
13,2,153.0829833,78
9,2,131.1280239,78
17,1,167.904509,78
13,3,151.90576171875,78
12,1,143.6723956,78
12,3,146.3768157958984,78
5,3,106.3723297119141,78
11,1,137.5794931,78
8,1,121.6543803,78
13,1,154.3565397,79
15,1,166.0304457,79
12,3,149.1894683837891,79
15,2,159.638029,79
7,2,122.2412744,79
11,3,143.2971038818359,79
16,3,165.1695404052734,79
14,3,159.493408203125,79
5,2,110.8541468,79
12,2,151.1026099,79
9,2,133.1300255,79
18,2,161.9055626,79
10,3,137.4619598388672,79
19,3,169.7805633544922,79
18,1,174.470115,79
17,2,161.3651971,79
17,3,166.8295135498047,79
11,2,145.3832469,79
19,2,162.5899502,79
16,2,160.6994281,79
6,1,114.2625951,79
13,3,154.7815399169922,79
8,3,126.5127105712891,79
6,3,115.4968643188477,79
15,3,162.8688201904297,79
8,2,127.6096632,79
9,1,130.7019455,79
7,1,119.9922702,79
14,1,161.0415221,79
17,1,172.1884527,79
16,1,169.5471797,79
10,2,139.0502044,79
13,2,155.2157985,79
14,2,157.9112085,79
12,1,147.3155258,79
11,1,141.2514154,79
7,3,121.1086120605469,79
6,2,116.7480741,79
5,1,108.1215468,79
19,1,176.8803426,79
18,3,168.2406616210938,79
10,1,135.9025351,79
9,3,131.9057159423828,79
5,3,109.4787063598633,79
8,1,125.4328438,79
8,1,129.0200161,80
5,3,110.5611419677734,80
13,3,157.1450500488281,80
16,3,165.3216094970703,80
12,3,151.9035797119141,80
9,1,134.3058965,80
14,2,159.1260638,80
17,3,165.9196624755859,80
11,3,146.2500457763672,80
13,2,157.0767545,80
6,1,117.3834776,80
19,2,160.9056947,80
16,1,170.1265788,80
12,2,153.4200603,80
9,2,135.5917628,80
12,1,150.5261161,80
17,2,160.2324647,80
10,3,140.5254974365234,80
18,1,172.1669785,80
17,1,171.4510344,80
11,2,147.9574961,80
18,3,166.2759094238281,80
7,2,123.6794481,80
10,1,139.4574114,80
14,3,161.3444366455078,80
9,3,134.9300079345703,80
13,1,157.2069876,80
15,2,160.0335011,80
15,3,163.9936370849609,80
6,2,117.2926565,80
5,1,110.8375079,80
19,3,166.8997955322266,80
19,1,172.9092765,80
15,1,167.6121245,80
16,2,160.2147524,80
8,3,129.3532867431641,80
18,2,160.3475693,80
10,2,141.6738273,80
11,1,144.6845481,80
5,2,110.2670656,80
8,2,129.7046315,80
6,3,117.3391799926758,80
7,3,123.537239074707,80
14,1,163.358937,80
7,1,123.4018917,80
8,3,120.9655685424805,81
5,3,103.9089508056641,81
5,1,101.8203455,81
17,1,164.1370757,81
7,2,117.5669066,81
7,3,115.5702285766602,81
7,1,113.5673471,81
15,3,156.5784606933594,81
8,2,122.9703268,81
12,3,143.4756469726563,81
6,2,112.0015058,81
12,2,146.2869144,81
19,1,167.3886382,81
6,1,107.8973418,81
13,2,150.2734606,81
15,1,158.8101722,81
6,3,109.9511032104492,81
9,1,124.1693971,81
18,1,165.7890998,81
9,3,126.3358612060547,81
19,3,162.3639373779297,81
16,1,161.9723413,81
11,3,137.6678161621094,81
18,2,156.5071798,81
18,3,161.1089935302734,81
9,2,128.4896243,81
12,1,140.6382743,81
15,2,154.3756431,81
17,3,159.988037109375,81
13,1,147.5667295,81
13,3,148.9271240234375,81
8,1,118.9516343,81
14,1,154.0780269,81
14,2,152.8167044,81
10,1,129.3364644,81
17,2,155.9024453,81
16,2,155.2983341,81
10,3,131.8719177246094,81
11,1,134.6456253,81
16,3,158.6115264892578,81
5,2,105.9969648,81
11,2,140.6656836,81
19,2,157.4316783,81
14,3,153.4437103271484,81
10,2,134.3897015,81
17,3,162.5599670410156,82
18,3,163.6321563720703,82
11,1,138.1942187,82
5,3,106.6990127563477,82
10,3,134.4732208251953,82
9,1,127.9292406,82
18,2,158.6404317,82
6,2,113.4763627,82
16,1,165.0482166,82
7,2,119.0517407,82
13,3,151.4876251220703,82
12,1,144.0860778,82
8,1,122.8109177,82
5,1,105.9398081,82
14,1,157.3376585,82
10,2,135.9813467,82
6,1,111.9370063,82
7,3,118.2782363891602,82
15,3,159.1849212646484,82
13,2,152.067953,82
14,3,156.0288696289063,82
16,3,161.2156524658203,82
19,2,159.5869597,82
8,2,124.4787779,82
19,3,164.8336791992188,82
13,1,150.9180749,82
12,3,146.0258331298828,82
6,3,112.6986923217773,82
15,1,161.9835641,82
9,2,130.0341946,82
11,2,142.3122209,82
16,2,157.3166517,82
10,1,132.9935991,82
7,1,117.5201661,82
17,1,167.0671789,82
14,2,154.6959538,82
5,2,107.4747426,82
19,1,170.0033852,82
18,1,168.5455966,82
12,2,148.0029699,82
8,3,123.6366958618164,82
15,2,156.3362958,82
9,3,128.9716339111328,82
11,3,140.2334899902344,82
17,2,157.9774006,82
9,1,131.0957652,83
16,3,160.2109527587891,83
6,3,116.7158660888672,83
5,3,111.0937271118164,83
13,3,151.1929931640625,83
12,2,148.0871444,83
14,1,156.247366,83
14,2,154.3960325,83
12,3,146.2733001708984,83
7,1,122.021711,83
5,1,111.068442,83
11,2,142.7505437,83
16,1,163.3383196,83
17,1,165.4095911,83
5,2,111.1196867,83
10,3,136.0657806396484,83
13,2,151.9007256,83
19,3,163.0681762695313,83
17,3,161.5372467041016,83
17,2,157.6328687,83
19,2,158.3823571,83
16,2,157.0362301,83
8,3,126.577751159668,83
9,3,131.2605438232422,83
15,2,156.024653,83
8,2,126.4313318,83
8,1,126.7200157,83
18,3,162.4385833740234,83
12,1,144.5277807,83
10,2,136.8626877,83
6,2,116.5737424,83
11,1,139.5666606,83
15,1,160.4531922,83
10,1,135.2972306,83
6,1,116.8543096,83
18,1,166.8456266,83
15,3,158.2641754150391,83
14,3,155.3357391357422,83
18,2,158.0150244,83
13,1,150.5099325,83
7,2,121.5784738,83
7,3,121.8030471801758,83
9,2,131.4307399,83
11,3,141.1277008056641,83
19,1,167.7344155,83
15,1,162.1441603,85
16,3,161.3412780761719,85
11,3,139.8396606445313,85
12,2,147.4770319,85
18,2,158.8812882,85
9,1,127.6484118,85
11,2,141.7589737,85
8,2,123.9446688,85
16,1,165.3864604,85
6,1,111.5494756,85
14,3,155.8539886474609,85
17,2,157.9420129,85
16,2,157.0778937,85
8,1,122.4915798,85
7,2,118.5378196,85
10,3,134.0597076416016,85
15,3,159.1364593505859,85
13,2,151.5665218,85
5,3,106.248176574707,85
8,3,123.2075347900391,85
12,3,145.6764984130859,85
14,2,154.234662,85
19,3,165.9333953857422,85
12,1,143.9744144,85
17,3,162.9210815429688,85
10,1,132.7539899,85
9,2,129.4829411,85
10,2,135.4191175,85
7,3,117.8414459228516,85
6,3,112.2538909912109,85
19,2,160.2218016,85
6,2,112.9818918,85
15,2,155.952758,85
18,3,164.3107452392578,85
9,3,128.5505065917969,85
13,3,151.2091217041016,85
14,1,157.3783123,85
11,1,138.0114302,85
5,2,106.9963045,85
17,1,167.6861364,85
19,1,171.533593,85
13,1,150.8731964,85
18,1,169.5648019,85
7,1,117.1656271,85
5,1,105.524501,85
6,1,111.0298714,86
12,2,144.0066978,86
12,3,141.1920471191406,86
17,2,155.1452436,86
13,1,144.7785748,86
15,2,153.0745521,86
9,3,125.1097717285156,86
17,1,160.2676557,86
6,3,110.5399322509766,86
8,1,119.9973255,86
10,1,128.5907613,86
19,3,159.9326171875,86
12,1,138.4325594,86
11,3,135.6409912109375,86
7,2,115.3269724,86
16,2,154.3402479,86
7,1,115.6247685,86
14,1,150.8222444,86
5,2,104.4264025,86
11,1,133.1219299,86
16,1,158.1711341,86
7,3,115.4765777587891,86
9,1,124.282802,86
14,2,151.1336417,86
5,3,105.2746963500977,86
15,1,155.2146443,86
18,3,158.8141021728516,86
5,1,106.1155849,86
16,3,156.2602233886719,86
13,3,146.5012054443359,86
6,2,110.0456205,86
9,2,125.94589,86
18,2,155.7076469,86
10,3,130.2027435302734,86
10,2,131.8373018,86
13,2,148.256646,86
15,3,154.1502075195313,86
17,3,157.7018280029297,86
18,1,161.9686959,86
19,2,156.2557355,86
14,3,150.9767456054688,86
8,3,120.2618103027344,86
8,2,120.5290177,86
11,2,138.2018838,86
19,1,163.7254564,86
19,2,158.3509828,87
12,2,148.9290903,87
18,3,163.9001617431641,87
9,2,131.0595992,87
13,3,152.5402221679688,87
17,3,163.1681976318359,87
13,1,152.1456923,87
16,1,166.3808853,87
7,1,118.1485248,87
11,1,139.2191824,87
14,3,157.0558929443359,87
16,3,162.0529632568359,87
5,3,107.5055694580078,87
14,1,158.6411287,87
10,2,136.9767757,87
5,2,108.6222778,87
11,3,141.2458953857422,87
10,3,135.4401550292969,87
6,3,113.5273895263672,87
16,2,157.7451565,87
15,2,156.9951858,87
18,1,169.7023004,87
13,2,152.9341325,87
19,1,170.8881003,87
18,2,158.1329411,87
6,1,112.4756265,87
11,2,143.2778295,87
12,1,145.2185802,87
19,3,164.5980987548828,87
9,3,129.9007568359375,87
15,1,163.3376708,87
14,2,155.4750749,87
17,2,158.014832,87
8,2,125.5301286,87
12,3,147.0735168457031,87
15,3,160.1602630615234,87
17,1,168.3489201,87
7,2,120.1288743,87
10,1,133.9100846,87
7,3,119.1360473632813,87
8,1,123.5326763,87
5,1,106.3944639,87
6,2,114.5843038,87
8,3,124.5285873413086,87
9,1,128.7479284,87
16,2,158.1696284,88
12,1,146.4933629,88
18,3,164.5335998535156,88
6,3,114.4236526489258,88
11,3,142.1387786865234,88
9,3,130.8802795410156,88
14,1,159.5895763,88
15,2,157.572809,88
11,1,140.6875144,88
5,2,108.0396542,88
9,1,130.5768124,88
13,3,153.375244140625,88
8,2,125.5120903,88
8,3,125.5083312988281,88
19,1,171.4894688,88
13,2,153.5209411,88
7,2,119.9286616,88
17,1,169.1757091,88
5,1,108.5777654,88
15,3,161.0158081054688,88
7,3,120.0871429443359,88
12,3,147.9164123535156,88
18,2,158.0999627,88
10,2,137.2838853,88
6,2,114.1944555,88
11,2,143.7083384,88
17,3,163.9079132080078,88
19,2,158.0381799,88
10,3,136.3910522460938,88
19,3,164.997314453125,88
17,2,158.1780672,88
9,2,131.2127367,88
5,3,108.3197555541992,88
10,1,135.5717735,88
15,1,164.181491,88
8,1,125.5048938,88
12,2,149.4542954,88
16,3,162.8760833740234,88
13,1,153.241131,88
7,1,120.233061,88
18,1,170.4907771,88
14,3,157.9111328125,88
6,1,114.6350635,88
14,2,156.0834209,88
16,1,167.2004622,88
14,2,153.0132803,89
8,3,119.652099609375,89
18,1,167.4391142,89
15,1,158.2984309,89
15,3,156.7362365722656,89
5,2,104.275722,89
5,3,103.2820358276367,89
14,1,153.0835245,89
19,2,158.2794835,89
7,1,113.2693793,89
18,2,157.9969885,89
9,2,126.5921342,89
11,1,133.3847974,89
9,1,123.2995132,89
5,1,102.2792678,89
19,3,163.6906127929688,89
11,2,139.3307661,89
12,1,139.3114662,89
16,2,156.6374603,89
18,3,162.6791381835938,89
10,3,130.4935455322266,89
12,3,142.3637237548828,89
14,3,153.0482177734375,89
10,2,132.7214765,89
6,2,110.0567021,89
16,1,162.1504185,89
13,1,146.3131134,89
7,3,114.4021301269531,89
8,2,120.9454831,89
10,1,128.2432025,89
15,2,155.1905012,89
13,3,148.1089477539063,89
13,2,149.8867165,89
6,3,109.0090942382813,89
19,1,169.2138947,89
8,1,118.3463543,89
11,3,136.3727874755859,89
9,3,124.9538345336914,89
7,2,115.5241488,89
17,1,165.1257924,89
17,3,161.2945251464844,89
6,1,107.951568,89
12,2,145.3855554,89
16,3,159.3778076171875,89
17,2,157.5153397,89
9,2,129.0385325,91
19,1,166.8545783,91
6,1,111.230734,91
12,1,143.0194527,91
14,2,153.8532345,91
10,2,134.9957199,91
18,2,157.4723196,91
7,1,116.7531657,91
12,2,147.0818567,91
11,2,141.353773,91
10,3,133.5234375,91
13,3,150.4793243408203,91
19,3,162.3948364257813,91
16,1,163.348334,91
5,1,105.2942497,91
15,1,160.5345978,91
18,1,165.984955,91
17,2,157.0666993,91
14,1,156.0634467,91
12,3,145.0583801269531,91
8,2,123.4822073,91
6,2,112.5119671,91
11,1,137.186595,91
8,1,121.9820125,91
19,2,158.0095235,91
18,3,161.698486328125,91
9,3,128.0425109863281,91
7,2,118.0651575,91
10,1,132.039364,91
5,2,106.5480002,91
9,1,127.0382778,91
8,3,122.7352828979492,91
17,3,161.0046234130859,91
5,3,105.9242858886719,91
16,2,156.5200672,91
6,3,111.8743667602539,91
16,3,159.9162139892578,91
15,2,155.5307363,91
13,1,149.7665249,91
17,1,164.990618,91
14,3,154.9535522460938,91
15,3,158.0208587646484,91
11,3,139.2782135009766,91
13,2,151.1865002,91
7,3,117.4120712280273,91
7,1,114.3581119,92
14,2,154.9211949,92
16,2,157.6677535,92
6,1,108.5998641,92
11,3,139.0345001220703,92
19,2,159.4174314,92
16,1,164.4896032,92
17,2,158.2968888,92
6,3,111.1327056884766,92
10,2,136.0464683,92
12,2,148.1208793,92
11,1,135.8049084,92
5,2,107.7634135,92
15,3,158.8168334960938,92
14,3,155.3845977783203,92
18,2,158.7904248,92
14,1,155.8279875,92
5,3,105.0841979980469,92
7,3,116.774658203125,92
13,2,152.2341359,92
9,1,125.1364717,92
10,3,133.1947784423828,92
9,3,127.6211090087891,92
18,1,169.0769717,92
19,3,165.1037445068359,92
15,2,156.6301582,92
11,2,142.3950822,92
9,2,130.1066683,92
12,3,144.9604797363281,92
17,1,167.0988398,92
17,3,162.7886199951172,92
19,1,170.7084876,92
18,3,164.0119476318359,92
10,1,130.3921222,92
6,2,113.6805008,92
12,1,141.9372004,92
13,3,150.6104278564453,92
8,2,124.5763332,92
8,1,119.8306803,92
15,1,160.9064925,92
16,3,161.1556549072266,92
13,1,149.0559313,92
7,2,119.1926848,92
5,1,102.4336887,92
8,3,122.2049789428711,92
9,2,122.3075652,93
17,1,163.2186615,93
17,2,151.6954696,93
15,3,153.961669921875,93
7,2,111.8095497,93
13,1,147.8287296,93
6,3,107.9320907592773,93
10,2,128.1220203,93
11,3,134.8378448486328,93
9,3,123.7182388305664,93
16,2,150.5732577,93
6,2,106.5785456,93
7,1,114.759466,93
11,1,135.2523227,93
6,1,109.2356592,93
19,3,159.7505645751953,93
8,1,120.0023038,93
12,3,140.6214294433594,93
14,3,150.7167510986328,93
17,3,157.5119476318359,93
14,1,154.131219,93
10,1,130.0963966,93
18,2,152.8127606,93
16,1,161.4800087,93
15,1,158.6225755,93
10,3,129.1272430419922,93
8,2,116.959157,93
15,2,149.1663431,93
18,1,164.3155082,93
19,2,154.2022142,93
18,3,158.5997924804688,93
13,2,144.3383816,93
5,1,103.3152042,93
12,2,140.1424269,93
11,2,134.408326,93
12,1,141.0841204,93
5,2,100.9889825,93
5,3,102.1737060546875,93
7,3,113.3124771118164,93
14,2,147.193473,93
8,3,118.509521484375,93
19,1,165.2747855,93
16,3,156.0928649902344,93
9,1,125.0773049,93
13,3,146.1125946044922,93
14,3,156.661865234375,94
16,3,161.3356170654297,94
8,1,126.1079624,94
18,1,169.9434324,94
11,2,141.7200377,94
5,1,109.5774574,94
14,1,159.9917546,94
5,3,108.725341796875,94
10,1,136.0803551,94
11,1,141.1931154,94
6,1,115.4637903,94
7,2,119.1702592,94
13,3,152.3486022949219,94
13,2,151.0148464,94
12,3,147.0931091308594,94
19,2,156.494911,94
10,3,135.8283081054688,94
19,1,170.6876435,94
8,3,125.2625961303711,94
19,3,163.4365081787109,94
11,3,141.4605407714844,94
8,2,124.4400424,94
18,2,155.9808763,94
18,3,162.8344268798828,94
16,2,155.4051325,94
14,2,153.3749506,94
15,2,154.7253452,94
12,2,147.1923985,94
7,1,120.9330108,94
17,3,162.2693481445313,94
16,1,167.2607087,94
7,3,120.0517501831055,94
9,2,129.8246429,94
5,2,107.8435425,94
13,1,153.7130795,94
6,3,114.6108627319336,94
10,2,135.5844551,94
6,2,113.7310356,94
17,2,155.7202167,94
17,1,168.9535051,94
9,1,131.1188276,94
15,3,159.5992279052734,94
12,1,146.9910886,94
9,3,130.4608612060547,94
15,1,164.4503339,94
19,1,171.5467562,95
6,3,113.6698608398438,95
10,2,135.3771487,95
17,1,168.9993544,95
7,3,119.1635437011719,95
13,2,150.9418375,95
14,1,159.2231997,95
11,3,140.8036193847656,95
15,2,154.8158234,95
12,1,145.9487405,95
10,1,134.837505,95
11,1,140.0449303,95
10,3,135.1091766357422,95
18,3,163.3833923339844,95
19,3,164.3147125244141,95
6,1,113.8562981,95
15,1,163.8782081,95
5,3,107.7511367797852,95
17,3,162.5110321044922,95
13,3,151.8596801757813,95
18,1,170.3974992,95
14,3,156.3025665283203,95
7,1,119.4129671,95
12,3,146.5126953125,95
14,2,153.3730155,95
8,3,124.4362564086914,95
5,1,107.8884168,95
9,2,129.5938325,95
12,2,147.0645062,95
16,1,166.9589902,95
9,1,129.7839574,95
16,3,161.3418579101563,95
6,2,113.4814419,95
17,2,156.1498063,95
7,2,118.9170546,95
5,2,107.6091192,95
13,1,152.7916364,95
19,2,157.4818234,95
8,2,124.1949546,95
15,3,159.4269561767578,95
18,2,156.6596835,95
11,2,141.5459041,95
9,3,129.6880645751953,95
16,2,155.6364834,95
8,1,124.6822509,95
5,2,109.7743434,96
9,3,131.5528106689453,96
18,3,162.8798675537109,96
5,3,109.5978393554688,96
19,3,163.0925598144531,96
12,2,149.7370997,96
12,1,146.5059027,96
13,2,153.3729095,96
17,3,162.6133880615234,96
11,2,144.3681495,96
10,3,136.9083251953125,96
8,1,125.7112505,96
18,1,168.0795917,96
16,1,166.5257602,96
13,1,153.2193873,96
7,3,121.0615158081055,96
6,2,115.9062484,96
11,1,140.7093401,96
16,3,161.8777770996094,96
19,2,156.2957452,96
10,2,138.266361,96
14,3,157.5809478759766,96
19,1,168.2513128,96
18,2,156.2011033,96
15,3,160.3171844482422,96
14,2,155.4268599,96
10,1,135.6121463,96
6,1,115.2111139,96
6,3,115.5490188598633,96
17,2,156.2032908,96
15,1,163.8734425,96
9,1,130.6781116,96
12,3,148.0641326904297,96
5,1,109.4316868,96
8,3,126.3317489624023,96
16,2,156.2145909,96
14,1,159.4738129,96
15,2,156.1265459,96
7,2,121.5514072,96
9,2,132.4693781,96
13,3,153.2924041748047,96
11,3,142.4897613525391,96
8,2,126.9827092,96
17,1,167.7263308,96
7,1,120.5954818,96
8,1,118.1849229,97
12,2,143.6623004,97
17,2,149.9119152,97
16,1,160.2773257,97
6,2,111.2590639,97
6,3,109.0107955932617,97
7,2,116.6600582,97
11,1,134.1188009,97
9,1,123.5093605,97
10,3,130.6515197753906,97
15,2,149.8864956,97
17,3,155.8908843994141,97
19,3,156.3727111816406,97
15,1,157.6677217,97
6,1,106.8574459,97
8,3,119.9731216430664,97
10,2,132.6318327,97
17,1,161.6366903,97
7,3,114.6222229003906,97
13,2,147.1212768,97
12,1,140.123515,97
10,1,128.7577601,97
5,2,105.3641204,97
5,3,102.9436569213867,97
14,3,151.2135314941406,97
18,2,149.8676924,97
14,1,153.2881135,97
5,1,100.6220537,97
11,2,138.4990939,97
18,1,162.1949774,97
15,3,153.8543548583984,97
13,1,146.9755674,97
14,2,149.0599409,97
9,2,127.0790979,97
16,3,155.2303619384766,97
19,1,162.5593133,97
19,2,149.9986718,97
11,3,136.2603759765625,97
7,1,112.6719888,97
12,3,141.8547973632813,97
9,3,125.2547073364258,97
13,3,147.0469970703125,97
18,3,156.1416473388672,97
16,2,149.9719108,97
8,2,121.8421883,97
7,1,114.4264199,98
14,2,149.1662735,98
18,1,162.1573073,98
17,1,161.6635198,98
17,3,156.7099761962891,98
9,3,124.8415145874023,98
17,2,151.5746218,98
15,1,157.8482986,98
8,1,119.6231703,98
14,1,153.5023897,98
6,2,108.6295445,98
10,1,129.6563872,98
14,3,151.3684692382813,98
13,1,147.287851,98
12,3,141.656005859375,98
12,1,140.5943954,98
6,3,108.7989120483398,98
15,3,154.2764892578125,98
9,1,124.6632603,98
7,3,114.2923278808594,98
19,1,162.4687236,98
11,1,134.7914776,98
8,3,119.5765686035156,98
19,2,152.2539804,98
11,3,135.9548492431641,98
11,2,137.1549795,98
10,2,130.902687,98
16,3,155.9256896972656,98
10,3,130.2696838378906,98
5,1,103.1154675,98
12,2,142.7510194,98
8,2,119.5284077,98
13,2,146.6931329,98
5,3,102.9030838012695,98
15,2,150.5877903,98
16,2,151.2616245,98
16,1,160.4334647,98
7,2,114.1537086,98
19,3,157.472412109375,98
5,2,102.6836035,98
18,2,151.8352771,98
13,3,146.9950714111328,98
18,3,157.0984191894531,98
9,2,125.0256068,98
6,1,108.9627293,98
13,2,148.0458618,99
19,2,151.5003305,99
10,3,132.5949401855469,99
6,2,109.7154335,99
13,1,149.9587161,99
16,1,161.4970292,99
9,3,127.1381149291992,99
8,1,122.2486973,99
15,3,155.6544952392578,99
6,1,111.1248845,99
10,1,132.4856284,99
17,2,151.2955578,99
10,2,132.7199319,99
9,2,126.8159046,99
7,1,116.8590811,99
13,3,149.0568542480469,99
12,3,143.85302734375,99
19,3,157.2095947265625,99
19,1,161.9475015,99
12,2,144.3453317,99
16,2,151.3333381,99
11,1,137.652589,99
8,3,121.757194519043,99
18,2,151.2824029,99
7,3,116.2583923339844,99
17,1,161.9345501,99
11,2,138.9058709,99
11,3,138.2407531738281,99
16,3,156.7693176269531,99
14,1,155.8548009,99
7,2,115.5830545,99
18,1,161.902669,99
12,1,143.4165021,99
14,3,153.1844635009766,99
14,2,150.1891989,99
5,1,104.9186976,99
5,3,104.1565017700195,99
9,1,127.4168185,99
5,2,103.3126625,99
17,3,157.0158233642578,99
15,2,151.1477443,99
6,3,110.4555740356445,99
18,3,157.0261993408203,99
15,1,159.626816,99
8,2,121.1909865,99
16,1,158.9481605,100
12,2,142.3496726,100
9,3,122.8138809204102,100
8,1,117.2442559,100
6,3,106.7903213500977,100
15,3,153.2863922119141,100
15,2,150.369601,100
6,2,106.9329192,100
14,3,150.3833770751953,100
7,1,112.0799548,100
12,3,140.8438110351563,100
16,3,155.0539093017578,100
6,1,106.6510303,100
18,2,152.2104891,100
7,3,112.2634353637695,100
14,1,152.0098249,100
8,2,117.8370137,100
17,2,151.8286707,100
19,1,161.5261873,100
10,1,127.2396563,100
10,3,128.2799987792969,100
17,3,155.9792633056641,100
18,3,156.4966430664063,100
9,2,123.3663347,100
5,1,101.0069061,100
11,3,135.2337188720703,100
9,1,122.2586289,100
13,1,145.8679424,100
8,3,117.5391693115234,100
11,1,133.6149311,100
11,2,136.7993889,100
15,1,156.3129684,100
16,2,151.3040139,100
5,3,101.0865249633789,100
13,2,146.2932346,100
10,2,129.2989769,100
12,1,139.2776919,100
19,3,157.0139312744141,100
13,3,146.0847778320313,100
17,1,160.2994513,100
7,2,112.4505693,100
19,2,152.7181525,100
18,1,160.9741374,100
14,2,148.8171567,100
5,2,101.1682774,100
10,1,132.3484275,101
5,1,104.9475105,101
17,3,160.9224243164063,101
12,1,143.8406233,101
13,2,150.6220108,101
7,3,116.7065887451172,101
13,1,150.7854524,101
15,2,154.7886304,101
7,1,116.4925309,101
17,1,165.444934,101
5,2,104.9541316,101
6,3,111.0285186767578,101
10,2,134.343893,101
16,3,159.9920196533203,101
7,2,116.9340772,101
8,1,121.8601665,101
9,2,128.2643139,101
14,1,157.1664504,101
10,3,133.3176879882813,101
12,2,146.5327629,101
18,1,166.3418442,101
15,3,158.2564849853516,101
14,2,153.2248877,101
13,3,150.7059326171875,101
16,1,164.1111844,101
18,2,156.6464644,101
15,1,161.5531136,101
6,1,110.8984852,101
19,3,162.6329193115234,101
11,3,139.2248229980469,101
11,1,137.7576616,101
5,3,104.9507141113281,101
12,3,145.1498718261719,101
16,2,155.6651155,101
19,1,167.6281337,101
8,3,122.1911010742188,101
14,3,155.2471618652344,101
6,2,111.1668771,101
18,3,161.6093139648438,101
17,2,156.1763632,101
9,3,127.6712799072266,101
9,1,127.1119414,101
19,2,157.3983728,101
11,2,140.7760609,101
8,2,122.5424184,101
16,1,169.4088481,102
18,1,169.6763583,102
12,3,151.0829467773438,102
6,3,118.6601028442383,102
10,1,139.9589939,102
18,3,164.2269744873047,102
10,3,139.9642333984375,102
5,3,112.7370834350586,102
14,1,163.5292061,102
14,2,157.187099,102
16,3,164.0671081542969,102
13,3,156.3047637939453,102
7,1,124.7553529,102
7,3,124.1546783447266,102
18,2,158.2258048,102
8,2,128.8421493,102
9,1,134.9785653,102
9,3,134.6218719482422,102
17,2,158.2095354,102
16,2,158.1947714,102
12,1,150.8245902,102
8,1,129.946512,102
14,3,160.4991149902344,102
13,2,155.04992,102
8,3,129.4120025634766,102
15,3,163.0226440429688,102
12,2,151.3620539,102
19,3,164.2575073242188,102
7,2,123.5134127,102
11,3,145.5311889648438,102
17,3,164.2371063232422,102
5,1,113.4419691,102
19,2,158.3444155,102
13,1,157.4588225,102
10,2,139.9698326,102
6,2,117.983844,102
11,1,145.0737071,102
15,1,167.5842632,102
6,1,119.2918923,102
19,1,169.6219135,102
5,2,111.9812084,102
17,1,169.7142384,102
15,2,158.0186757,102
9,2,134.2416506,102
11,2,146.0221957,102
8,1,126.0978607,103
6,2,115.7781798,103
15,3,160.8399047851563,103
10,3,136.3030700683594,103
19,3,166.9443511962891,103
15,2,157.0002719,103
7,1,121.1951873,103
9,3,131.0372467041016,103
18,1,171.9366745,103
14,2,155.2913406,103
19,1,173.5946232,103
14,3,157.5751190185547,103
17,3,164.4798278808594,103
13,1,153.3745752,103
16,2,158.1033698,103
10,1,135.732963,103
18,2,159.6728636,103
9,2,131.1669871,103
11,3,141.9059906005859,103
15,1,164.605485,103
10,2,136.8711027,103
8,2,125.9264297,103
12,3,147.6018371582031,103
13,3,153.0117950439453,103
8,3,126.0122680664063,103
14,1,159.8407616,103
19,2,160.7345372,103
5,2,110.3183706,103
6,3,115.9340591430664,103
9,1,130.9074476,103
18,3,165.6448059082031,103
11,1,140.7687872,103
6,1,116.0860719,103
7,2,120.8886839,103
5,1,110.6577442,103
16,3,163.0173797607422,103
12,1,146.5673802,103
13,2,152.6505783,103
11,2,143.0352064,103
17,1,170.1622704,103
12,2,148.6272363,103
5,3,110.4914093017578,103
17,2,158.8941937,103
16,1,167.8621027,103
7,3,121.0427551269531,103
15,1,163.6531466,104
10,3,134.1488494873047,104
18,2,157.0656569,104
15,3,159.6973114013672,104
18,1,169.3736539,104
8,2,123.1428666,104
10,2,134.8754789,104
17,2,156.8379264,104
14,2,153.8679392,104
16,3,161.7366790771484,104
6,1,111.6134142,104
11,2,141.3061911,104
8,1,122.8304903,104
8,3,122.981071472168,104
7,3,117.4616317749023,104
17,3,162.8924713134766,104
7,2,117.5801957,104
14,3,156.4374084472656,104
10,1,133.4712331,104
6,3,111.7329483032227,104
19,2,157.3677431,104
12,2,147.0817839,104
9,1,128.1656231,104
13,3,151.7255096435547,104
5,2,105.7025901,104
7,1,117.3503149,104
19,1,169.6961336,104
5,3,105.5993728637695,104
11,1,138.9432017,104
5,1,105.5015892,104
12,3,146.05859375,104
6,2,111.8584888,104
12,1,145.1128374,104
13,2,151.2078981,104
19,3,163.6267395019531,104
13,1,152.2065869,104
9,2,128.8212275,104
11,3,140.0848999023438,104
16,2,156.4233628,104
16,1,166.7413786,104
17,1,168.5678439,104
15,2,155.5122227,104
18,3,163.3644561767578,104
14,1,158.8492806,104
9,3,128.4810333251953,104
9,2,121.832053,105
8,2,116.6647295,105
9,1,123.1461434,105
8,3,117.5058364868164,105
10,3,127.590950012207,105
19,3,156.8846588134766,105
13,3,143.4102630615234,105
7,1,113.0918073,105
15,3,151.3083953857422,105
14,3,147.9085998535156,105
6,2,106.1327014,105
17,1,159.9170517,105
12,1,137.6743016,105
19,2,151.4508351,105
15,1,154.4422298,105
10,2,127.3747674,105
8,1,118.2841056,105
16,1,157.6396595,105
9,3,122.514045715332,105
5,1,101.2179083,105
11,2,133.3600942,105
7,2,111.5443436,105
18,2,151.2894764,105
16,2,149.5746935,105
13,2,142.882308,105
18,3,156.5083923339844,105
12,3,138.2337646484375,105
18,1,161.3628097,105
11,1,132.4246708,105
15,2,147.9487507,105
17,2,150.6745892,105
11,3,132.8755645751953,105
17,3,155.4595184326172,105
14,1,149.9120154,105
7,3,112.3483505249023,105
10,1,127.7917496,105
16,3,153.7481994628906,105
12,2,138.834232,105
6,1,107.4494817,105
14,2,145.7607975,105
19,1,161.9290867,105
5,3,100.678352355957,105
6,3,106.8169708251953,105
5,2,100.0941851,105
13,1,143.9024824,105
15,2,148.197256,106
11,2,134.1410876,106
17,1,160.4520516,106
5,3,101.9591217041016,106
13,1,144.0953948,106
10,1,126.6084244,106
14,3,148.5123596191406,106
19,1,162.3122622,106
7,3,112.2654647827148,106
16,1,158.4190578,106
7,1,112.4478727,106
12,3,138.515625,106
16,3,153.8786926269531,106
7,2,112.0767293,106
14,1,150.5339056,106
10,3,127.2883834838867,106
9,2,122.3030515,106
12,2,139.7350634,106
5,2,101.5762646,106
8,3,117.1427459716797,106
9,3,122.0884017944336,106
5,1,102.3272831,106
10,2,127.986734,106
11,1,131.5750498,106
13,2,143.7749988,106
17,3,155.1844482421875,106
18,2,150.1206444,106
16,2,149.2594893,106
19,2,150.3377289,106
6,2,106.9972396,106
11,3,132.8420715332031,106
15,1,155.2680443,106
12,1,137.32427,106
9,1,121.879847,106
14,2,146.4492999,106
13,3,143.9369354248047,106
18,1,161.6634243,106
18,3,155.9317321777344,106
15,3,151.7660064697266,106
19,3,156.3601226806641,106
6,1,107.5289058,106
6,3,107.2679290771484,106
8,2,117.0871375,106
8,1,117.1966295,106
17,2,149.8349161,106
17,3,162.3955078125,107
6,2,111.499819,107
15,3,158.4193572998047,107
10,2,133.6502072,107
13,2,150.1762383,107
12,3,144.5517272949219,107
8,3,122.3199081420898,107
11,3,138.7163391113281,107
13,3,150.1557312011719,107
18,2,156.7890174,107
19,1,170.7450465,107
16,2,155.9992008,107
8,2,122.1658428,107
9,2,127.6793578,107
12,1,143.2699874,107
18,1,169.5693065,107
18,3,163.4351501464844,107
7,3,117.0934906005859,107
10,3,132.987548828125,107
5,3,105.9015808105469,107
12,2,145.9184816,107
7,2,116.8603759,107
19,3,164.1094207763672,107
19,2,156.8732845,107
14,2,153.0221088,107
16,1,165.2967509,107
5,1,105.9867899,107
6,3,111.6884536743164,107
13,1,150.1364554,107
14,1,156.7421187,107
17,2,156.5708805,107
17,1,167.8183515,107
14,3,154.9382781982422,107
5,2,105.8137621,107
15,2,154.8822242,107
9,3,127.5586547851563,107
8,1,122.4652714,107
6,1,111.8693039,107
9,1,127.445361,107
15,1,161.752811,107
7,1,117.3149614,107
16,3,160.7937927246094,107
10,1,132.3675107,107
11,1,137.4442827,107
11,2,140.0759711,107
6,2,113.0009709,108
9,3,129.4416656494141,108
8,2,123.9290753,108
19,2,157.0052339,108
6,3,113.3790435791016,108
9,2,129.4175366,108
8,1,124.4318059,108
10,1,134.455478,108
13,1,152.2408842,108
11,3,140.5443878173828,108
17,3,162.0707244873047,108
19,1,170.0481802,108
14,1,158.6043319,108
5,2,107.0211961,108
18,1,169.0832212,108
12,3,146.2650146484375,108
7,2,118.5460651,108
14,2,153.5114827,108
13,3,151.6521606445313,108
12,1,145.4534049,108
11,1,139.6031978,108
9,1,129.4648602,108
15,3,159.1250305175781,108
18,3,162.8096771240234,108
15,1,163.1694017,108
7,3,118.8945007324219,108
10,2,135.2814509,108
17,1,167.9331612,108
15,2,154.9484976,108
17,2,156.0645345,108
16,3,160.9683074951172,108
18,2,156.4234071,108
10,3,134.8605346679688,108
14,3,156.1015777587891,108
7,1,119.2286988,108
6,1,113.7411778,108
5,3,107.4426345825195,108
8,3,124.1855316162109,108
11,2,141.5214646,108
19,3,163.559814453125,108
5,1,107.8457558,108
13,2,151.0420564,108
16,2,155.6776424,108
12,2,147.1069089,108
16,1,166.1078566,108
10,1,142.673587,109
9,2,136.4383978,109
17,2,161.0802312,109
9,3,137.1043243408203,109
6,3,121.1041412353516,109
12,1,153.462732,109
6,2,120.0848995,109
10,2,142.1960735,109
19,3,168.7670440673828,109
8,1,132.7356021,109
16,2,161.0010377,109
6,1,122.0711528,109
11,2,148.2827342,109
12,3,153.5616760253906,109
5,2,114.0338766,109
17,3,167.9003601074219,109
18,3,168.3005065917969,109
10,3,142.4406890869141,109
19,1,175.4280814,109
13,3,158.7431640625,109
14,2,159.5187361,109
7,2,125.6515011,109
14,3,162.9347229003906,109
13,1,160.0675589,109
7,3,126.6270980834961,109
17,1,174.356668,109
5,3,115.1345748901367,109
16,3,167.1325073242188,109
13,2,157.3501238,109
14,1,166.1779513,109
11,3,148.0038452148438,109
18,2,161.1822691,109
7,1,127.5526483,109
19,2,161.5565293,109
15,1,170.4231094,109
8,3,131.8980712890625,109
12,2,153.6657477,109
18,1,174.9925503,109
15,3,165.6523590087891,109
5,1,116.1739513,109
11,1,147.7383254,109
15,2,160.6276009,109
8,2,131.0108657,109
9,1,137.738122,109
16,1,172.9736964,109
11,1,143.5831181,110
16,2,156.7275353,110
5,1,109.454309,110
11,3,144.1828918457031,110
18,3,163.3377380371094,110
7,3,121.0630340576172,110
8,3,126.7384414672852,110
9,1,132.3290236,110
6,3,115.1971435546875,110
10,2,138.5341595,110
19,1,170.4429088,110
13,3,155.4686126708984,110
18,2,156.6384058,110
12,2,150.2944686,110
6,2,114.9065484,110
15,1,166.9566258,110
7,1,121.2224285,110
7,2,120.8952008,110
8,2,126.6664012,110
13,2,153.9352702,110
10,1,137.8756624,110
11,2,144.8213231,110
15,2,156.7169021,110
17,1,169.4280539,110
17,3,163.2175903320313,110
18,1,169.6738434,110
14,3,159.6097717285156,110
6,1,115.4732529,110
16,3,162.9516906738281,110
14,1,163.0876605,110
12,1,149.9005205,110
10,3,138.1950531005859,110
5,2,108.4546746,110
16,1,168.8134594,110
14,2,155.9207047,110
13,1,156.9097756,110
9,2,132.4688214,110
17,2,156.6705088,110
8,1,126.8067191,110
9,3,132.39697265625,110
12,3,150.09130859375,110
5,3,108.9678955078125,110
19,3,164.0348968505859,110
15,3,161.9878540039063,110
19,2,157.2721621,110
16,1,166.1386437,111
19,1,172.5560445,111
7,2,118.9913635,111
9,3,128.5841369628906,111
8,1,122.512368,111
15,2,155.6022861,111
8,2,124.2924778,111
10,2,135.6002824,111
13,2,151.49355,111
10,1,132.5008099,111
16,3,161.4534149169922,111
14,2,154.0488164,111
17,1,168.8121359,111
11,2,141.861032,111
12,3,145.5234069824219,111
11,1,137.7078803,111
6,3,112.8199996948242,111
13,3,151.0880584716797,111
15,1,162.5180442,111
17,2,156.9204206,111
16,2,156.4675166,111
19,3,165.3569030761719,111
19,2,157.7392951,111
9,1,127.5015152,111
9,2,129.7432548,111
18,2,157.2503936,111
5,1,106.5081918,111
12,2,147.491599,111
12,1,143.6898676,111
14,1,157.4357076,111
15,3,159.1719970703125,111
5,3,107.1259613037109,111
6,2,113.5679688,111
18,3,164.2554473876953,111
17,3,163.0453948974609,111
7,3,118.1822967529297,111
13,1,150.7099766,111
7,1,117.4224507,111
8,3,123.3730850219727,111
11,3,139.7115173339844,111
14,3,155.7995758056641,111
6,1,112.1154202,111
5,2,107.780604,111
10,3,133.9967498779297,111
18,1,170.8634799,111
9,1,131.0278963,112
15,3,160.8633880615234,112
16,3,162.8625183105469,112
12,3,147.9493408203125,112
10,1,135.816605,112
5,3,110.2480697631836,112
17,1,169.7114658,112
11,1,140.8043427,112
16,1,167.4794263,112
16,2,158.2723339,112
10,3,136.6559600830078,112
5,1,110.7753089,112
6,3,115.8678436279297,112
19,1,173.2572767,112
5,2,109.6976605,112
15,2,157.4393841,112
15,1,164.3102152,112
11,2,143.7476698,112
19,3,166.1923522949219,112
7,2,120.9029166,112
8,2,126.1950061,112
8,1,126.240752,112
9,3,131.3343658447266,112
18,3,165.1604614257813,112
12,1,146.5324009,112
13,2,153.3528311,112
7,1,121.3436518,112
17,2,158.650784,112
18,1,171.4826427,112
13,1,153.2585562,112
14,1,159.6365693,112
19,2,159.1531375,112
17,3,164.1698303222656,112
12,2,149.3638325,112
14,3,157.7633361816406,112
18,2,158.8549743,112
8,3,126.2178649902344,112
9,2,131.6382286,112
10,2,137.490449,112
7,3,121.1258087158203,112
6,1,116.2264056,112
11,3,142.2777862548828,112
13,3,153.3057556152344,112
14,2,155.8974401,112
6,2,115.4942885,112
9,2,131.2203465,113
13,2,152.5072875,113
15,3,160.5844116210938,113
6,2,114.5359957,113
10,2,137.0513267,113
5,2,108.3295853,113
10,3,136.1813812255859,113
12,3,147.6600646972656,113
15,2,156.0312724,113
13,1,153.5973702,113
5,1,107.3923869,113
10,1,135.3677146,113
18,2,156.7073502,113
16,3,162.3613586425781,113
6,1,113.6619559,113
5,3,107.8472366333008,113
13,3,153.0791320800781,113
16,2,156.5351217,113
11,3,141.9123382568359,113
8,1,124.9355703,113
7,1,119.4672008,113
11,1,140.6905573,113
8,3,125.3075103759766,113
12,1,146.6925382,113
17,2,156.6445707,113
14,1,160.0465375,113
14,2,154.7932547,113
14,3,157.5623931884766,113
16,1,167.6184105,113
17,1,169.4285689,113
15,1,164.666507,113
17,3,163.3621978759766,113
18,1,170.4523749,113
11,2,143.231936,113
18,3,163.9590454101563,113
7,3,119.8393096923828,113
9,1,130.1957895,113
8,2,125.7027252,113
19,1,171.084843,113
19,3,164.4970550537109,113
6,3,114.0862121582031,113
19,2,156.9885566,113
7,2,120.2340781,113
9,3,130.6922760009766,113
12,2,148.7162778,113
9,1,128.9781305,114
18,1,168.7356706,114
10,3,134.2896728515625,114
8,3,124.2892684936523,114
6,3,114.7093658447266,114
5,3,109.615608215332,114
5,2,109.3869197,114
14,3,155.3306274414063,114
14,1,157.1751156,114
18,3,162.9495697021484,114
6,1,114.9264885,114
15,3,158.529052734375,114
13,1,150.8389709,114
19,1,170.429552,114
19,2,157.492338,114
17,2,156.7752513,114
16,2,156.2052667,114
16,1,164.9090094,114
13,3,150.8107147216797,114
10,1,133.6189826,114
15,1,161.8019944,114
5,1,109.8421914,114
16,3,160.6012420654297,114
17,1,167.0583606,114
17,3,161.9501495361328,114
18,2,157.1233099,114
11,1,138.4982224,114
7,3,119.5386962890625,114
13,2,150.7822467,114
12,3,145.4390411376953,114
7,1,119.7382457,114
11,3,139.802734375,114
8,2,124.1919403,114
6,2,114.4899877,114
9,3,129.1480407714844,114
14,2,153.4575798,114
11,2,141.1162115,114
12,2,146.7251217,114
19,3,163.9662933349609,114
15,2,155.1761861,114
8,1,124.3858321,114
10,2,134.9654836,114
7,2,119.3374036,114
12,1,144.1595913,114
9,2,129.3191128,114
8,3,117.5589447021484,115
12,3,139.6765594482422,115
14,2,148.1129733,115
7,1,111.3776564,115
19,3,155.2117004394531,115
8,1,116.5707235,115
16,1,157.4431973,115
5,3,100.8094711303711,115
9,2,124.0985031,115
10,1,126.6101422,115
11,2,136.2308785,115
9,1,121.6095149,115
14,1,150.5725666,115
15,3,152.2315826416016,115
6,1,105.9158328,115
17,2,150.268362,115
11,3,133.9671325683594,115
15,2,149.4706752,115
18,3,154.8490905761719,115
5,1,100.0627402,115
16,2,150.0619676,115
7,2,113.1641299,115
15,1,154.9140402,115
18,1,159.1559954,115
13,2,145.7039774,115
5,2,101.5783476,115
19,2,150.6897705,115
6,3,106.7394332885742,115
8,2,118.5775774,115
10,3,128.2721252441406,115
13,3,145.0113372802734,115
6,2,107.5880526,115
12,1,137.6092242,115
11,1,131.7688163,115
17,1,158.621301,115
16,3,153.8063049316406,115
19,1,159.5958585,115
9,3,122.8353729248047,115
7,3,112.2573547363281,115
10,2,129.9841384,115
12,2,141.8045456,115
17,3,154.5065307617188,115
13,1,144.338234,115
14,3,149.3603363037109,115
18,2,150.4102765,115
11,1,143.1252118,116
11,2,145.451111,116
13,3,155.7630004882813,116
8,1,126.9327547,116
15,3,163.5558471679688,116
17,1,172.7857254,116
10,1,137.6976176,116
12,3,150.1884155273438,116
7,1,121.257313,116
14,1,162.8115598,116
17,2,160.2407494,116
5,2,108.6306489,116
9,2,132.8269722,116
15,1,167.6052546,116
14,3,160.3800659179688,116
18,3,167.2498626708984,116
13,1,156.2273105,116
6,1,115.2137479,116
14,2,157.8226158,116
18,2,160.3078013,116
16,2,160.0250166,116
12,2,151.2123664,116
12,1,149.2182012,116
11,3,144.2572784423828,116
10,2,138.9804683,116
15,2,159.3077964,116
5,1,108.6605981,116
6,2,115.169064,116
19,2,160.4740163,116
13,2,155.2735357,116
8,3,126.9590072631836,116
7,2,121.1939137,116
16,3,165.5150756835938,116
19,3,167.6453094482422,116
19,1,174.6119749,116
10,3,138.3231658935547,116
17,3,166.6388244628906,116
18,1,173.9576262,116
7,3,121.2263946533203,116
5,3,108.6459808349609,116
9,1,132.3703609,116
9,3,132.5932006835938,116
16,1,170.7651949,116
6,3,115.1919479370117,116
8,2,126.9865885,116
6,1,112.1720361,118
6,3,112.1785583496094,118
16,2,154.2524141,118
19,1,165.9129975,118
7,2,118.0416122,118
13,1,151.4436816,118
19,3,160.4476623535156,118
8,2,123.6333643,118
12,3,145.7637939453125,118
17,3,159.5512542724609,118
10,3,134.4119567871094,118
9,1,128.5882041,118
7,3,117.9860610961914,118
15,3,157.6891937255859,118
12,2,146.7557497,118
14,3,155.1089019775391,118
11,3,140.1134948730469,118
7,1,117.9334592,118
16,3,158.9997863769531,118
14,1,157.4525842,118
18,2,154.4604281,118
15,1,161.4310994,118
8,1,123.3652535,118
12,1,144.810257,118
16,1,163.6020754,118
10,1,133.7223229,118
14,2,152.6781469,118
17,1,164.602592,118
13,3,150.9707946777344,118
5,1,105.9557358,118
5,3,105.8728103637695,118
6,2,112.1854746,118
17,2,154.3536364,118
8,3,123.4959487915039,118
18,1,165.1342951,118
10,2,135.1315066,118
9,2,129.2413551,118
13,2,150.47949,118
11,1,138.9636855,118
9,3,128.9073181152344,118
15,2,153.8184489,118
18,3,159.8663635253906,118
11,2,141.3110651,118
19,2,154.8540612,118
5,2,105.784579,118
12,1,143.1506372,119
19,2,150.4821617,119
15,1,158.6857522,119
8,3,121.6775817871094,119
16,2,150.1272993,119
19,1,161.095956,119
9,3,126.6199417114258,119
10,1,133.2598304,119
15,3,154.3164978027344,119
12,3,142.4993133544922,119
17,2,150.295324,119
18,2,150.3506527,119
18,1,161.1469451,119
12,2,141.7594343,119
9,1,128.8157983,119
13,3,147.6041259765625,119
14,1,154.9596783,119
9,2,124.1738359,119
7,1,119.6941073,119
14,3,151.7330017089844,119
8,1,124.3396106,119
7,2,113.4096217,119
15,2,149.4884221,119
17,1,161.1973357,119
5,3,105.878547668457,119
6,3,111.4974822998047,119
10,2,129.9981365,119
11,3,137.0868682861328,119
7,3,116.7043075561523,119
18,3,155.8447418212891,119
6,1,114.7608948,119
16,3,155.589111328125,119
11,1,137.8663656,119
8,2,118.7361383,119
5,1,109.4403842,119
13,2,145.6618551,119
14,2,148.0930535,119
11,2,136.2050473,119
17,3,155.8783721923828,119
19,3,155.8762664794922,119
5,2,102.0231323,119
16,1,160.6670846,119
13,1,149.3129836,119
10,3,131.7232208251953,119
6,2,107.9222484,119
9,1,126.2395516,120
10,3,133.1955108642578,120
6,2,112.7538724,120
14,3,155.1154022216797,120
14,2,153.7519337,120
16,1,164.4553987,120
5,2,106.9219125,120
19,2,157.1061749,120
7,3,116.9106826782227,120
18,2,156.9490902,120
12,1,142.8644207,120
8,2,123.5277936,120
13,2,151.0814997,120
13,1,149.8739692,120
14,1,156.4725793,120
11,1,136.7989065,120
17,2,156.7880647,120
18,3,162.2047271728516,120
18,1,167.567344,120
10,1,131.4401384,120
9,3,127.6402740478516,120
9,2,129.0200846,120
16,3,160.3984222412109,120
19,1,168.0638507,120
15,3,158.3560943603516,120
15,1,161.2846693,120
7,2,118.1977869,120
7,1,115.5928074,120
13,3,150.4762420654297,120
5,1,103.8285954,120
17,3,161.5896301269531,120
17,1,166.4604546,120
16,2,156.3672503,120
12,3,144.9202117919922,120
12,2,146.9797384,120
11,3,139.0361022949219,120
11,2,141.2647018,120
6,3,111.3454132080078,120
8,3,122.2741394042969,120
5,3,105.3806686401367,120
19,3,162.5209197998047,120
8,1,120.9960029,120
10,2,134.9334514,120
15,2,155.4254071,120
6,1,109.9107024,120
17,1,160.6645495,121
5,3,100.7992401123047,121
18,3,157.12451171875,121
10,2,130.4832867,121
8,3,117.5725631713867,121
7,1,110.8958558,121
6,3,106.7305908203125,121
13,1,144.3210484,121
18,1,162.0907796,121
12,3,139.8668823242188,121
8,1,116.1338399,121
11,2,136.7605111,121
10,1,126.2799034,121
11,1,131.5039589,121
7,3,112.2566299438477,121
14,1,150.7891345,121
17,3,156.2268829345703,121
18,2,151.982397,121
5,1,99.50793758,121
11,3,134.0802001953125,121
14,2,148.8640584,121
7,2,113.6743744,121
12,2,142.3878966,121
6,1,105.3941391,121
9,3,122.8710861206055,121
8,2,119.0710918,121
9,2,124.5869563,121
14,3,149.8450622558594,121
12,1,137.4429578,121
5,2,102.146927,121
10,3,128.3395233154297,121
13,3,145.3193969726563,121
19,3,157.99169921875,121
15,3,152.9740447998047,121
19,2,152.5458136,121
16,3,154.9614410400391,121
15,2,150.3656365,121
16,1,158.5976988,121
16,2,151.1882967,121
15,1,155.4860913,121
6,2,108.1239889,121
19,1,163.2586177,121
13,2,146.3573599,121
17,2,151.6268354,121
9,1,121.2233119,121
16,1,159.3547408,122
6,1,106.8903568,122
19,1,161.7601363,122
18,3,156.0771331787109,122
8,1,117.7728723,122
10,3,129.2401123046875,122
12,2,142.2787145,122
18,2,150.2969441,122
5,2,102.1649231,122
14,3,150.3421630859375,122
15,1,156.6068882,122
15,2,149.7089761,122
16,2,150.2281406,122
7,2,113.7839309,122
19,2,150.4018539,122
14,2,148.4334302,122
17,2,150.3057902,122
17,3,155.7446441650391,122
7,3,113.1107482910156,122
11,1,133.201163,122
11,2,136.7631406,122
6,2,108.1972118,122
16,3,154.9140167236328,122
6,3,107.5273132324219,122
18,1,161.5381448,122
13,2,146.1078425,122
14,1,152.1542728,122
13,1,145.8533381,122
8,2,119.1952084,122
10,1,127.9873168,122
9,3,123.7812423706055,122
7,1,112.4712689,122
13,3,145.9773254394531,122
5,1,100.9110119,122
8,3,118.4656372070313,122
15,3,153.2486419677734,122
5,3,101.5226135253906,122
11,3,134.9367218017578,122
19,3,156.2456512451172,122
9,1,122.907441,122
12,1,139.0809005,122
10,2,130.559143,122
17,1,160.8907691,122
9,2,124.701491,122
12,3,140.6391296386719,122
15,2,155.6819742,123
13,1,152.7851901,123
10,1,135.1945776,123
11,3,141.2872161865234,123
9,3,130.2383422851563,123
15,1,163.5150085,123
14,1,159.0656363,123
16,2,156.3040608,123
15,3,159.6742553710938,123
17,1,167.6224547,123
17,3,162.2428283691406,123
18,1,168.6634294,123
16,3,161.3097381591797,123
17,2,156.6643981,123
6,3,114.2618637084961,123
8,2,124.7490305,123
7,3,119.7411956787109,123
11,1,140.2828778,123
12,2,147.9179247,123
13,3,152.3305358886719,123
9,1,130.2411571,123
8,1,125.2431059,123
12,1,146.0686487,123
10,3,135.6398162841797,123
8,3,125.0017318725586,123
9,2,130.2354012,123
6,2,113.8669075,123
12,3,146.9739074707031,123
14,2,154.3076692,123
10,2,136.1050762,123
7,2,119.3845101,123
18,2,157.0691336,123
7,1,120.0815081,123
5,3,108.3668746948242,123
5,1,108.7901524,123
5,2,107.9223123,123
13,2,151.8568233,123
14,3,156.7340393066406,123
11,2,142.3356675,123
18,3,162.967529296875,123
19,2,157.7477685,123
19,3,163.8496856689453,123
16,1,166.1306636,123
19,1,169.7504805,123
6,1,114.638295,123
19,3,162.0000762939453,124
13,3,147.4929962158203,124
18,2,153.6697992,124
12,2,143.4864659,124
15,2,151.5550473,124
9,3,125.2023391723633,124
16,1,162.2691734,124
5,1,102.9158831,124
10,3,130.60009765625,124
12,1,140.6336864,124
7,3,114.7539672851563,124
19,2,154.519669,124
17,3,159.1309356689453,124
17,2,153.0941665,124
14,1,154.0785413,124
11,2,137.9110974,124
8,2,120.5236115,124
13,2,147.4480623,124
7,2,115.26414,124
5,3,103.4653625488281,124
6,3,109.315185546875,124
18,3,160.4952545166016,124
13,1,147.5357676,124
8,3,119.9834747314453,124
15,1,158.9143583,124
14,2,149.9855839,124
11,3,136.2799987792969,124
10,2,131.7126982,124
10,1,129.5290642,124
5,2,104.0353179,124
18,1,166.7545003,124
19,1,168.7725347,124
6,1,108.7882315,124
17,1,164.7277366,124
15,3,155.3437347412109,124
9,2,125.9183247,124
6,2,109.8616059,124
16,3,157.542724609375,124
12,3,142.0276184082031,124
14,3,152.0868682861328,124
7,1,114.2608891,124
16,2,152.4904458,124
9,1,124.5114192,124
8,1,119.4615012,124
11,1,134.7151067,124
6,1,111.1303002,125
5,2,104.2049729,125
8,1,122.1632738,125
16,3,158.0364532470703,125
11,3,137.7497711181641,125
5,1,104.937037,125
15,2,151.654401,125
9,2,126.3522283,125
16,2,152.5321769,125
12,2,143.7640022,125
18,1,166.3855025,125
7,2,115.6626591,125
14,1,155.8248235,125
19,2,154.0397676,125
8,3,121.5792694091797,125
13,2,147.6557442,125
19,3,160.8570251464844,125
9,1,127.2521751,125
19,1,167.2932917,125
13,1,149.6004389,125
14,2,150.1333271,125
7,1,116.8301344,125
6,2,110.1732108,125
10,2,132.1136642,125
8,2,120.9600198,125
12,3,143.3583831787109,125
17,1,165.1328667,125
11,1,137.2709167,125
15,3,156.1047821044922,125
11,2,138.2564695,125
17,2,153.0398278,125
5,3,104.5805740356445,125
17,3,159.2638854980469,125
16,1,163.2267897,125
10,3,132.1676177978516,125
13,3,148.6558532714844,125
12,1,142.9751475,125
15,1,160.3022518,125
7,3,116.2637786865234,125
9,3,126.8149185180664,125
6,3,110.6650161743164,125
10,1,132.2186017,125
14,3,153.061279296875,125
18,3,160.1073608398438,125
18,2,153.4516056,125
6,2,114.107897,126
8,2,124.9926389,126
18,1,170.1761115,126
5,3,106.4049530029297,126
11,1,137.9989103,126
12,1,144.0952466,126
15,1,162.7496007,126
9,2,130.4765419,126
12,2,148.1055035,126
19,2,157.6593633,126
15,2,155.8473473,126
9,1,127.3658961,126
10,1,132.6158026,126
12,3,146.0658874511719,126
16,1,166.1070969,126
19,1,171.714132,126
17,1,168.4386062,126
5,1,104.7198242,126
11,3,140.2343902587891,126
11,2,142.5506407,126
13,2,152.0072283,126
14,3,156.1571807861328,126
8,1,122.0708576,126
18,2,157.1709989,126
17,2,156.9082103,126
13,3,151.5730285644531,126
6,1,110.8724345,126
10,3,134.4429168701172,126
16,2,156.570358,126
18,3,163.7403106689453,126
14,2,154.4371356,126
10,2,136.3373673,126
14,1,157.8251907,126
15,3,159.3471527099609,126
16,3,161.3986968994141,126
9,3,128.8924713134766,126
8,3,123.5042953491211,126
7,1,116.6132194,126
13,1,151.1527918,126
6,3,112.4587020874023,126
19,3,164.7522888183594,126
7,3,118.0915145874023,126
17,3,162.7385711669922,126
7,2,119.6272452,126
5,2,108.1588749,126
17,2,149.3536165,127
12,2,140.7577807,127
8,3,117.9552917480469,127
11,2,135.2471892,127
5,3,102.0850982666016,127
18,3,155.77685546875,127
8,1,118.0060034,127
6,1,108.0158888,127
9,1,122.818435,127
5,1,102.6251489,127
13,1,145.1978271,127
9,2,123.2948056,127
8,2,117.9014745,127
6,2,107.2719154,127
19,1,162.3006122,127
18,1,161.5863247,127
6,3,107.6554641723633,127
18,2,149.6594978,127
9,3,123.0496826171875,127
16,3,154.0797729492188,127
17,3,155.1170501708984,127
12,3,139.5788879394531,127
14,2,146.9889144,127
14,3,149.3138275146484,127
14,1,151.5122632,127
15,1,156.01627,127
19,3,156.4279327392578,127
11,1,132.6895854,127
10,1,127.6518134,127
7,2,112.6491919,127
15,2,148.338026,127
7,3,112.8853302001953,127
13,2,144.6121013,127
16,1,158.8708192,127
16,2,149.020193,127
19,2,150.2548057,127
10,2,129.0813567,127
13,3,144.9131774902344,127
12,1,138.464598,127
10,3,128.3460845947266,127
11,3,133.9320831298828,127
7,1,113.1075518,127
15,3,152.2836151123047,127
17,1,160.5818528,127
5,2,101.5095173,127
6,3,114.4314956665039,128
16,3,162.6595764160156,128
16,1,166.2703349,128
6,2,115.1581263,128
18,2,158.1537215,128
6,1,113.8146282,128
15,1,163.380365,128
19,3,166.1071166992188,128
17,1,168.0350327,128
14,2,155.6867355,128
8,2,126.1523367,128
14,3,157.4574737548828,128
11,2,143.7921005,128
7,1,119.3169108,128
7,2,120.739825,128
19,1,169.9927805,128
10,3,135.9641418457031,128
11,1,139.799719,128
13,3,152.8300018310547,128
12,1,145.6757689,128
14,1,158.843606,128
15,2,157.0538972,128
18,1,169.1078456,128
9,3,130.5509948730469,128
5,1,107.90982,128
10,2,137.549995,128
18,3,165.0169525146484,128
15,3,160.6425018310547,128
17,3,163.9906921386719,128
8,1,124.5391749,128
19,2,158.5643352,128
12,3,147.3374938964844,128
12,2,149.3632413,128
13,2,153.2672125,128
16,2,157.6816618,128
5,2,109.1358925,128
5,3,108.4746246337891,128
9,1,129.60202,128
9,2,131.6692777,128
13,1,152.4802932,128
10,1,134.6225935,128
7,3,119.9690246582031,128
8,3,125.2786483764648,128
11,3,141.6172485351563,128
17,2,157.9397271,128
11,3,136.2277984619141,129
7,1,116.4855964,129
11,2,137.8374684,129
5,3,105.7122573852539,129
12,1,139.9642659,129
7,3,116.3154678344727,129
18,3,157.3670349121094,129
13,2,146.9248094,129
17,2,151.652507,129
10,2,131.8583519,129
14,2,149.2387898,129
13,1,146.2519195,129
12,3,141.5419921875,129
6,2,111.0129234,129
8,3,121.1642684936523,129
7,2,116.1382874,129
12,2,143.1860056,129
16,2,151.284508,129
9,3,125.9835891723633,129
19,3,158.0679779052734,129
18,2,151.9866859,129
5,2,105.4840161,129
5,1,105.9311459,129
17,1,161.129846,129
15,2,150.5806447,129
16,1,159.3113556,129
11,1,134.6813383,129
15,1,156.511792,129
16,3,155.4260711669922,129
19,2,152.5894001,129
19,1,162.9634838,129
10,1,130.1140282,129
18,1,162.266821,129
9,1,125.6876176,129
14,1,152.2178353,129
9,2,126.2915757,129
15,3,153.6263122558594,129
6,3,111.2336959838867,129
10,3,130.9688720703125,129
13,3,146.5810546875,129
14,3,150.763671875,129
8,1,121.1885608,129
6,1,111.445472,129
17,3,156.5738372802734,129
8,2,121.1389851,129
7,1,124.087745,130
11,1,143.9565958,130
13,1,156.1976282,130
6,1,118.686455,130
5,3,111.7108993530273,130
17,1,170.1509574,130
14,3,159.3502044677734,130
13,3,155.0711669921875,130
10,1,138.9593492,130
12,3,149.8269958496094,130
12,1,149.6297994,130
10,3,138.6930389404297,130
14,1,162.2826232,130
13,2,153.8503981,130
9,1,134.1029964,130
11,3,144.2474212646484,130
15,1,166.4932816,130
19,3,164.8044281005859,130
7,2,121.8787223,130
16,3,163.5511474609375,130
8,1,129.1855314,130
7,3,123.0218963623047,130
18,2,158.1105093,130
12,2,150.0389654,130
19,2,158.3519582,130
9,2,132.6188451,130
15,3,162.0932922363281,130
18,1,170.6692947,130
8,2,127.1956602,130
16,2,157.8708247,130
16,1,168.9575529,130
17,3,164.2161560058594,130
15,2,157.4010032,130
17,2,158.0136063,130
5,2,110.4716484,130
14,2,156.1723718,130
19,1,171.0574265,130
9,3,133.3873596191406,130
6,2,116.395239,130
6,3,117.5849304199219,130
8,3,128.2255096435547,130
18,3,164.5022277832031,130
5,1,112.8555282,130
11,2,144.5588138,130
10,2,138.4072964,130
18,1,168.2206159,131
8,1,127.1156224,131
7,2,120.2977699,131
5,3,108.5389709472656,131
6,1,115.6300146,131
11,2,144.0066366,131
13,3,154.7286071777344,131
19,1,168.737521,131
9,1,132.5244235,131
15,2,156.1117173,131
18,2,156.398388,131
11,3,143.6766357421875,131
12,3,149.4523468017578,131
9,2,131.7729448,131
19,2,157.1372922,131
19,3,163.2414093017578,131
13,2,153.1290236,131
15,3,161.2012939453125,131
16,3,162.2085876464844,131
7,1,121.5250677,131
5,2,107.7053112,131
15,1,165.9541607,131
14,3,158.8256225585938,131
13,1,156.2147884,131
12,1,149.4426354,131
9,3,132.1636962890625,131
7,3,120.9348602294922,131
17,3,162.4363250732422,131
17,2,156.2739042,131
16,1,167.6969374,131
6,2,114.2774392,131
5,1,109.3092926,131
6,3,114.9798278808594,131
8,3,126.5986022949219,131
12,2,149.4627406,131
18,3,162.5386962890625,131
10,2,137.7607729,131
11,1,143.3698405,131
17,1,168.1692543,131
14,2,155.1899231,131
10,3,137.8215484619141,131
16,2,156.3221591,131
14,1,162.2073821,131
10,1,137.8777977,131
8,2,126.039111,131
13,3,145.7598571777344,132
16,1,159.3717065,132
11,2,136.6104539,132
18,3,157.4250183105469,132
17,2,151.868326,132
15,1,156.3387775,132
12,3,140.2867584228516,132
10,3,128.7353515625,132
5,1,100.4262497,132
7,3,112.6738510131836,132
8,1,117.0571984,132
16,2,151.3914438,132
19,3,158.0946960449219,132
14,1,151.6778354,132
8,2,118.9140415,132
10,1,127.2019389,132
14,2,148.9019026,132
18,2,152.2131797,132
17,1,161.2940038,132
16,3,155.4378509521484,132
19,1,163.3367869,132
11,1,132.4229773,132
9,1,122.145657,132
15,3,153.4565887451172,132
8,3,117.9714813232422,132
6,2,108.0692836,132
5,3,101.2861709594727,132
5,2,102.1777239,132
9,2,124.4124702,132
7,2,113.5571279,132
10,2,130.3118596,132
12,1,138.3516695,132
12,2,142.275727,132
6,1,106.3154151,132
6,3,107.1772384643555,132
13,2,146.3112169,132
17,3,156.648193359375,132
14,3,150.3092193603516,132
15,2,150.492615,132
7,1,111.8188341,132
11,3,134.4880523681641,132
9,3,123.2627487182617,132
18,1,162.4886796,132
13,1,145.223587,132
19,2,152.6982704,132
16,3,159.7487030029297,133
11,1,138.0432818,133
16,2,154.9012173,133
18,1,167.2703149,133
5,2,106.4782608,133
17,3,160.8083038330078,133
18,3,161.6240081787109,133
10,1,132.8568754,133
19,2,156.4702368,133
7,3,117.7147827148438,133
13,1,150.7361541,133
12,3,145.1600494384766,133
17,1,166.0886272,133
7,2,117.9239071,133
6,1,111.9962796,133
6,2,112.4153754,133
8,1,122.7507274,133
10,2,134.6169171,133
14,2,152.836792,133
13,2,150.3897763,133
6,3,112.2008743286133,133
12,1,143.9268217,133
11,2,140.8573908,133
7,1,117.5151882,133
9,1,127.8259789,133
9,3,128.2813110351563,133
19,3,162.5440063476563,133
11,3,139.4201202392578,133
19,1,168.4563847,133
15,3,157.9897766113281,133
14,1,157.1050882,133
14,3,155.0157012939453,133
15,1,161.6327466,133
9,2,128.757446,133
5,3,106.2688293457031,133
17,2,155.3415775,133
18,2,155.7925124,133
16,1,164.4198877,133
13,3,150.5666046142578,133
12,2,146.4467674,133
8,2,123.279922,133
5,1,106.0691571,133
15,2,154.1980889,133
10,3,133.7176818847656,133
8,3,123.0092697143555,133
15,3,161.9570617675781,134
12,3,149.8606414794922,134
7,1,121.5353696,134
16,2,157.7768142,134
12,2,150.6264497,134
11,2,145.1231059,134
15,2,157.4923455,134
11,3,144.1110534667969,134
10,2,138.8400612,134
18,1,169.0910146,134
16,3,163.2236938476563,134
18,2,157.8684707,134
19,2,158.334082,134
15,1,166.0476832,134
8,1,127.171666,134
5,3,108.4095077514648,134
8,3,127.0626525878906,134
19,1,169.2143941,134
7,3,121.2860641479492,134
9,3,132.6703948974609,134
19,3,163.9798431396484,134
17,3,163.6416931152344,134
14,3,159.3528442382813,134
8,2,126.944041,134
5,2,107.7612059,134
13,1,155.8975061,134
9,2,132.7945383,134
10,1,137.8140857,134
14,2,156.4725206,134
6,3,115.1376571655273,134
12,1,149.1527393,134
6,1,115.5227878,134
17,2,157.7907901,134
14,1,162.0004858,134
7,2,121.0140648,134
5,1,109.0039035,134
10,3,138.3068389892578,134
13,2,154.3425007,134
13,3,155.1495971679688,134
16,1,168.2116834,134
18,3,163.7102203369141,134
6,2,114.7156433,134
11,1,143.1780661,134
9,1,132.5561578,134
17,1,168.99373,134
16,1,163.6939166,135
19,2,156.8122727,135
18,1,166.1708484,135
12,1,143.620581,135
17,3,160.5369720458984,135
15,3,157.6749725341797,135
8,2,122.6610768,135
6,1,112.1969324,135
8,1,122.8003263,135
13,1,150.3196086,135
12,3,144.8475952148438,135
17,1,165.2465619,135
7,1,117.6406613,135
15,2,154.3182594,135
5,3,106.0100326538086,135
13,2,150.1423025,135
11,1,137.8352917,135
10,3,133.4234161376953,135
5,1,106.3471318,135
14,3,154.6644744873047,135
12,2,146.10923,135
6,2,111.6684584,135
18,3,161.2083587646484,135
8,3,122.7317199707031,135
10,2,134.1277409,135
10,1,132.7388755,135
5,2,105.6621958,135
16,2,155.2224795,135
19,3,161.9502105712891,135
9,2,128.2020862,135
13,3,150.2321319580078,135
15,1,160.9705912,135
19,1,167.0211496,135
7,3,117.4444198608398,135
9,3,127.9948348999023,135
6,3,111.9368438720703,135
18,2,156.1681597,135
16,3,159.5033874511719,135
14,2,152.7282232,135
11,2,140.4401609,135
11,3,139.1195068359375,135
14,1,156.5635142,135
9,1,127.7934855,135
17,2,155.7359429,135
7,2,117.2420422,135
11,3,137.9543151855469,136
15,2,153.2942934,136
13,2,149.3017515,136
5,1,104.731017,136
10,3,132.1097869873047,136
17,2,154.2714738,136
18,2,154.3803203,136
16,2,154.0255578,136
19,1,165.7543279,136
17,3,159.7191772460938,136
11,1,136.4066449,136
12,2,145.2787808,136
7,1,115.6849338,136
12,1,142.4663671,136
15,1,160.5376474,136
8,2,121.5558941,136
6,1,110.351096,136
10,2,133.2031292,136
10,1,131.0682733,136
7,3,115.859016418457,136
11,2,139.5784455,136
6,3,110.3676834106445,136
9,2,127.1927078,136
16,1,163.3801548,136
14,3,153.9303741455078,136
18,1,165.5169535,136
7,2,116.0418465,136
16,3,158.80810546875,136
8,3,121.1933441162109,136
13,1,149.4438235,136
18,3,160.0646362304688,136
5,3,104.5294799804688,136
14,2,151.8261557,136
8,1,120.8480838,136
19,3,160.2810516357422,136
14,1,155.9384508,136
15,3,156.9991912841797,136
19,2,154.5863668,136
13,3,149.3744659423828,136
9,1,125.9422367,136
17,1,164.9348752,136
5,2,104.3175118,136
6,2,110.3851075,136
9,3,126.5522232055664,136
12,3,143.8389739990234,136
7,1,107.1485551,137
16,3,150.3994293212891,137
9,1,117.2426202,137
16,2,147.353448,137
10,2,126.3416087,137
5,1,95.95866205999999,137
6,1,101.750432,137
16,1,153.25894,137
14,3,145.4085083007813,137
14,1,146.0292378,137
17,3,151.6152496337891,137
18,2,148.7945084,137
8,3,113.6110153198242,137
7,3,108.4040451049805,137
6,2,104.3347476,137
17,1,154.9649869,137
18,3,152.5135192871094,137
12,3,135.5120697021484,137
11,2,132.572428,137
14,2,144.7412617,137
13,2,142.1702625,137
10,1,122.1736918,137
15,1,150.4641705,137
13,1,139.7677436,137
17,2,148.0612337,137
11,1,127.2670832,137
15,2,146.3529725,137
10,3,124.1622848510742,137
7,2,109.7803635,137
12,1,133.0568333,137
5,3,97.16377258300781,137
8,2,115.0802107,137
15,3,148.4778442382813,137
13,3,140.9224853515625,137
9,2,120.5122619,137
8,1,112.2738929,137
12,2,138.1779911,137
9,3,118.8006439208984,137
18,1,156.0378402,137
19,1,156.9450395,137
5,2,98.46598209,137
19,3,153.4879608154297,137
19,2,149.8696817,137
11,3,129.8038635253906,137
6,3,102.9869537353516,137
11,2,140.6797303,138
19,2,159.3013278,138
13,3,151.1455993652344,138
6,1,113.923925,138
8,2,123.1965693,138
19,1,172.3266591,138
15,1,162.9719217,138
17,2,157.2279954,138
16,3,161.3224945068359,138
9,1,129.0898366,138
12,2,146.3868542,138
6,2,112.751634,138
11,3,139.8750152587891,138
7,2,118.0170664,138
18,2,158.1227847,138
12,1,144.9284473,138
15,3,159.0827026367188,138
16,2,156.3223075,138
10,1,133.9903212,138
19,3,165.8155059814453,138
14,2,153.278733,138
8,3,123.6980895996094,138
9,2,128.5693032,138
12,3,145.6509246826172,138
13,2,150.5236393,138
17,1,168.5065141,138
18,3,164.2810516357422,138
14,1,158.2248183,138
6,3,113.3461685180664,138
5,1,108.3297953,138
10,2,134.3972563,138
15,2,155.1040793,138
18,1,170.3837222,138
16,1,166.2059746,138
17,3,162.9178771972656,138
5,2,107.1220362,138
9,3,128.8324890136719,138
11,1,139.0864682,138
13,1,151.758278,138
14,3,155.7724456787109,138
5,3,107.7355575561523,138
7,1,119.1706997,138
7,3,118.601676940918,138
8,1,124.187221,138
10,3,134.191650390625,138
19,3,164.5350646972656,139
12,3,147.2266693115234,139
11,1,141.6640555,139
10,2,135.2506837,139
13,3,152.6567840576172,139
6,2,114.3365129,139
14,2,153.112299,139
18,1,171.7291088,139
16,3,162.2274780273438,139
19,1,172.4298357,139
7,3,120.2230453491211,139
16,1,168.7647716,139
5,3,109.3330841064453,139
5,2,108.9256838,139
8,1,126.2310244,139
18,2,155.7891243,139
8,2,124.410334,139
11,3,141.4980163574219,139
14,1,161.0516503,139
15,1,165.7399346,139
6,3,114.9529647827148,139
12,2,146.7984535,139
6,1,115.5447258,139
17,2,155.6284592,139
9,1,131.329369,139
7,1,121.0072662,139
15,2,154.5606808,139
10,3,135.8432006835938,139
7,2,119.4084242,139
9,2,129.6084185,139
10,1,136.411012,139
5,1,109.724024,139
13,2,150.6691773,139
14,3,157.178955078125,139
17,1,170.6346566,139
17,3,163.3605346679688,139
13,1,154.5547728,139
16,2,155.309869,139
18,3,164.0219421386719,139
19,2,156.061037,139
12,1,147.6362617,139
11,2,141.3245914,139
15,3,160.2968444824219,139
8,3,125.3376770019531,139
9,3,130.4860229492188,139
6,3,118.2319564819336,140
12,1,148.6249392,140
19,2,158.3975787,140
6,1,119.6188417,140
9,2,132.8859826,140
16,3,163.1357116699219,140
8,2,127.4827032,140
14,3,158.6828155517578,140
11,3,143.8584289550781,140
18,1,169.9589103,140
17,1,169.1790202,140
18,3,164.7816467285156,140
13,1,155.018692,140
10,3,138.5201873779297,140
10,2,138.6198426,140
10,1,138.4375168,140
8,3,128.4751892089844,140
7,3,123.4730529785156,140
7,1,124.5909697,140
11,1,143.1736714,140
12,2,150.0527906,140
16,2,157.4699895,140
17,3,164.1217193603516,140
11,2,144.6865984,140
5,2,110.5453635,140
12,3,149.2705078125,140
15,2,157.0198441,140
13,2,153.7253568,140
6,2,116.5900922,140
9,1,133.8807245,140
9,3,133.4287109375,140
15,3,161.4830017089844,140
17,2,157.6302991,140
5,1,114.2639682,140
16,1,167.7066897,140
19,1,170.5706958,140
13,3,154.4339447021484,140
7,2,122.1429452,140
14,1,160.9876787,140
15,1,165.1555218,140
5,3,112.5559463500977,140
18,2,157.8279507,140
14,2,155.893467,140
19,3,165.5359954833984,140
8,1,129.3054902,140
12,1,146.3834739,141
8,1,125.2823632,141
19,1,169.7992813,141
12,2,148.5503206,141
15,3,160.3481140136719,141
6,1,114.4720729,141
10,1,135.3776669,141
7,1,120.0297453,141
14,3,157.3197784423828,141
19,3,164.4991302490234,141
10,3,135.9661712646484,141
8,3,125.200553894043,141
13,2,152.5638472,141
15,2,156.6611853,141
9,3,130.5038757324219,141
17,3,163.257080078125,141
18,3,163.8984222412109,141
18,2,158.4033248,141
13,1,153.1358317,141
6,2,114.1191912,141
17,1,168.3044711,141
12,3,147.4428405761719,141
16,3,162.1912689208984,141
5,2,108.1026815,141
14,1,159.4306353,141
9,1,130.3580951,141
7,3,119.8676681518555,141
13,3,152.8560333251953,141
18,1,169.1908846,141
5,1,108.4873641,141
7,2,119.697006,141
6,3,114.3002471923828,141
14,2,155.117688,141
5,3,108.3000259399414,141
15,1,163.8862518,141
11,3,141.6890258789063,141
11,2,142.8917771,141
8,2,125.1145464,141
10,2,136.5830499,141
16,1,166.6719457,141
11,1,140.5399857,141
9,2,130.6569176,141
19,2,159.0023148,141
17,2,158.0101143,141
16,2,157.5274965,141
19,3,158.4598083496094,142
12,1,136.5768553,142
17,2,151.4556872,142
10,1,125.9485973,142
14,2,146.9415532,142
12,3,138.1167602539063,142
8,3,116.3742065429688,142
17,3,156.156982421875,142
10,3,126.7352447509766,142
7,3,111.3357849121094,142
11,3,132.3627624511719,142
18,3,157.4599151611328,142
9,1,121.2005635,142
18,1,162.6139822,142
16,3,154.3780517578125,142
15,3,151.9117126464844,142
8,1,116.4222566,142
10,2,127.5433866,142
9,2,121.6929026,142
7,2,111.1709159,142
5,3,100.5480270385742,142
16,2,150.4475906,142
6,2,105.9518673,142
12,2,139.6914543,142
13,2,143.98013,142
9,3,121.4431381225586,142
13,1,143.3309826,142
19,1,163.8400574,142
15,1,154.7543982,142
16,1,158.2452017,142
19,2,153.0339302,142
14,3,148.4014587402344,142
6,3,106.1285095214844,142
17,1,160.7951554,142
5,2,100.386814,142
13,3,143.6521911621094,142
6,1,106.2986337,142
8,2,116.3246148,142
11,1,130.8782326,142
11,2,133.884015,142
18,2,152.2492692,142
15,2,149.0167434,142
5,1,100.7028408,142
14,1,149.8333593,142
7,1,111.4950741,142
14,3,146.1118469238281,143
17,1,158.5341617,143
18,3,156.3542938232422,143
13,3,141.1904907226563,143
17,3,154.5262908935547,143
19,2,152.9234923,143
12,1,134.6097453,143
9,2,118.0848475,143
14,1,147.825286,143
14,2,144.3484473,143
16,1,155.9495008,143
5,2,97.82214356999999,143
9,1,118.7724673,143
13,2,140.9866745,143
10,2,123.9364514,143
7,3,108.1904373168945,143
5,3,97.31910705566406,143
7,2,107.8759062,143
18,2,151.7268424,143
8,2,112.820584,143
9,3,118.4353485107422,143
19,3,158.2802886962891,143
19,1,163.5567928,143
18,1,160.8981506,143
11,3,129.5832977294922,143
15,1,152.5951559,143
10,3,123.8294982910156,143
12,2,136.3939133,143
13,1,141.3881369,143
16,3,152.4576110839844,143
7,1,108.4915379,143
5,1,96.83973567,143
8,1,113.737067,143
15,2,146.9112221,143
8,3,113.2882461547852,143
6,3,102.9369049072266,143
6,2,102.9705909,143
6,1,102.9047437,143
11,2,130.3808672,143
15,3,149.7906036376953,143
10,1,123.7264143,143
12,3,135.4870452880859,143
16,2,148.8825334,143
17,2,150.4337468,143
11,1,128.8133382,143
18,2,161.2222009,144
6,2,118.4124022,144
18,1,172.7520574,144
5,3,113.1210784912109,144
13,3,156.2788696289063,144
19,3,167.5163269042969,144
15,1,167.8954485,144
7,1,124.2601222,144
10,1,139.4526693,144
17,2,160.9273509,144
8,1,129.4166244,144
5,2,113.1120599,144
12,2,151.238082,144
18,3,167.0762634277344,144
10,3,139.4345397949219,144
13,1,157.2493448,144
9,3,134.0702514648438,144
17,1,172.025565,144
5,1,113.1296722,144
11,2,145.6149439,144
6,1,118.8684878,144
10,2,139.415989,144
19,2,161.5904288,144
7,2,123.437522,144
16,3,165.5897064208984,144
6,3,118.6446762084961,144
15,3,163.7814483642578,144
11,3,145.1171722412109,144
14,3,160.7516021728516,144
9,2,133.6875494,144
19,1,173.2880786,144
14,1,163.5116004,144
8,2,128.4436212,144
13,2,155.2742291,144
14,2,157.8923335,144
11,1,144.6300852,144
12,1,150.4944155,144
9,1,134.4446405,144
12,3,150.8611145019531,144
15,2,159.523024,144
7,3,123.854850769043,144
8,3,128.9358978271484,144
16,2,160.4516556,144
16,1,170.5593484,144
17,3,166.5637817382813,144
5,2,114.3346658,145
9,2,136.6043521,145
6,3,120.9496078491211,145
11,1,147.3304883,145
11,2,148.6665505,145
7,1,127.047839,145
9,3,136.9637145996094,145
16,2,162.524681,145
8,2,131.1376293,145
9,1,137.2781473,145
11,3,147.9668884277344,145
5,3,115.0071868896484,145
18,1,175.3490795,145
15,1,170.2671806,145
7,3,126.4433517456055,145
13,3,158.9544982910156,145
19,2,163.9368008,145
13,2,158.1343786,145
17,3,168.7920074462891,145
12,3,153.6401672363281,145
17,1,174.3660767,145
16,1,172.8844285,145
15,3,166.1850280761719,145
8,1,132.2519405,145
17,2,162.9196603,145
15,2,161.8627563,145
10,1,142.2396236,145
18,3,169.5103302001953,145
10,2,142.4475343,145
7,2,125.7875022,145
12,1,153.0894787,145
14,1,165.9276428,145
19,3,170.5257415771484,145
16,3,167.8051300048828,145
14,2,160.5426687,145
6,1,121.5510406,145
6,2,120.2785376,145
5,1,115.642481,145
10,3,142.3403778076172,145
19,1,176.3307272,145
14,3,163.3781890869141,145
8,3,131.7165374755859,145
13,1,159.7418136,145
18,2,163.3177149,145
12,2,154.2280004,145
7,3,129.0607757568359,146
15,1,173.5997168,146
7,1,130.2656126,146
8,1,135.6733555,146
5,1,118.3597128,146
14,2,161.9670598,146
11,2,150.7350759,146
17,3,170.3092803955078,146
13,3,161.7724609375,146
16,2,163.4340211,146
15,3,168.4031372070313,146
8,3,134.4876708984375,146
7,2,127.7954737,146
18,3,170.6522674560547,146
14,1,169.6268623,146
9,1,140.8790073,146
18,2,164.0388568,146
15,2,163.0220378,146
12,1,157.0378333,146
11,3,150.9824829101563,146
19,3,171.3621826171875,146
16,3,169.7132110595703,146
5,2,116.0241524,146
9,2,138.7565723,146
14,3,165.8724212646484,146
13,1,163.6407059,146
19,2,165.0798094,146
6,2,122.1455063,146
13,2,159.8323874,146
12,2,156.1496976,146
9,3,139.8439025878906,146
5,3,117.224479675293,146
10,1,145.9988121,146
10,2,144.5908228,146
19,1,177.4386699,146
11,1,151.2194262,146
6,3,123.3727569580078,146
6,1,124.5368692,146
8,2,133.2429828,146
17,2,163.6313908,146
12,3,156.6029357910156,146
16,1,175.7595624,146
10,3,145.3104248046875,146
17,1,176.6984196,146
18,1,177.0331273,146
8,3,130.2706451416016,147
8,2,129.7318127,147
15,1,169.5899973,147
7,2,124.4184041,147
13,1,158.7647297,147
9,2,135.1796111,147
5,3,113.573974609375,147
12,2,152.9047305,147
9,3,135.5374145507813,147
17,1,174.0322321,147
9,1,135.881979,147
11,3,146.6841125488281,147
16,3,167.2977142333984,147
10,2,141.0288337,147
18,2,163.5023915,147
12,3,152.4313812255859,147
16,2,162.1009112,147
10,1,140.9224906,147
14,3,162.3418121337891,147
15,3,165.4002532958984,147
13,2,156.9125622,147
6,2,118.9590038,147
5,1,114.0509357,147
18,1,174.9170179,147
19,1,175.6051274,147
15,2,161.1119341,147
17,3,168.3433990478516,147
7,1,125.5354287,147
6,3,119.4884033203125,147
17,2,162.7905478,147
16,1,172.415925,147
6,1,119.9954853,147
10,3,140.9746551513672,147
5,2,113.0741939,147
8,1,130.7917962,147
7,3,124.9865188598633,147
11,1,146.1118457,147
14,1,165.0919303,147
12,1,151.9823748,147
18,3,169.1599426269531,147
19,3,170.0587463378906,147
11,2,147.2818168,147
19,2,164.5416171,147
14,2,159.4957922,147
13,3,157.8611450195313,147
10,3,145.5036468505859,148
12,3,156.5306549072266,148
17,2,163.9746377,148
18,1,175.6474077,148
12,1,154.9422023,148
11,1,149.2300618,148
13,2,161.6871162,148
17,1,175.310392,148
16,3,169.2193298339844,148
15,2,164.2177788,148
14,3,165.6208190917969,148
14,1,167.5484396,148
8,2,135.6605032,148
6,1,123.1213048,148
15,3,168.0411376953125,148
5,3,117.4518661499023,148
7,1,128.7729808,148
10,1,144.1452868,148
9,1,139.1588398,148
14,2,163.6075922,148
19,2,163.726016,148
17,3,169.7678680419922,148
11,2,152.9518229,148
18,3,169.8727111816406,148
16,1,174.1156575,148
16,2,164.111926,148
6,2,124.3272592,148
8,3,134.8516998291016,148
9,3,140.1394958496094,148
5,1,116.9864272,148
15,1,171.6988757,148
9,2,141.1679308,148
18,2,163.838131,148
5,2,117.9425127,148
7,2,130.1398167,148
19,3,169.8045043945313,148
13,1,161.5048413,148
7,3,129.4429168701172,148
12,2,158.1999327,148
6,3,123.7087936401367,148
19,1,175.6307411,148
8,1,134.0764207,148
10,2,146.9321463,148
13,3,161.5939178466797,148
11,3,151.0432739257813,148
9,3,137.3012542724609,149
16,2,164.7945892,149
17,2,165.3905722,149
18,1,178.2445534,149
5,1,115.3737288,149
6,2,120.9432638,149
19,3,173.1924438476563,149
13,3,159.8373413085938,149
8,2,131.8716597,149
17,1,176.637016,149
15,3,167.5715026855469,149
15,2,163.8185015,149
15,1,171.3253769,149
13,1,160.179171,149
12,3,154.3705291748047,149
6,1,121.3055267,149
11,1,147.4343327,149
7,2,126.4742126,149
19,1,179.7406373,149
18,2,165.9157431,149
5,3,115.186393737793,149
14,2,162.1547872,149
13,2,159.4964859,149
16,3,169.6412200927734,149
10,3,142.7943420410156,149
19,2,166.6349458,149
11,2,149.688484,149
10,2,143.3469333,149
14,1,166.6277151,149
8,3,131.9849395751953,149
6,3,121.1234283447266,149
12,2,155.4029572,149
12,1,153.3332244,149
18,3,172.0868377685547,149
17,3,171.0227203369141,149
14,3,164.3898162841797,149
7,3,126.6567535400391,149
11,3,148.5649108886719,149
9,2,137.4086551,149
9,1,137.1928268,149
16,1,174.4786046,149
5,2,115.0021099,149
10,1,142.2370622,149
8,1,132.0992245,149
7,1,126.8408917,149
11,1,143.370879,150
9,2,134.4635015,150
15,2,160.4905891,150
8,2,129.2679228,150
13,2,156.1376534,150
16,3,165.5282592773438,150
18,1,172.2044818,150
19,2,163.7542006,150
15,1,166.6179266,150
13,3,155.9634246826172,150
11,2,146.3834592,150
7,3,124.4969253540039,150
10,1,138.4373357,150
8,3,129.2345428466797,150
9,3,134.1095428466797,150
12,1,149.0896008,150
18,3,167.6694641113281,150
7,1,124.6385241,150
6,1,119.9923708,150
5,3,114.7568435668945,150
19,3,168.6825561523438,150
13,1,155.7986821,150
15,3,163.6348419189453,150
8,1,129.2027383,150
5,1,115.1699853,150
17,1,171.0375157,150
6,2,119.4510444,150
18,2,162.8712045,150
17,3,166.7223205566406,150
19,1,173.3520326,150
10,2,140.1750077,150
9,1,133.7732841,150
14,2,158.8200126,150
12,2,152.0424358,150
10,3,139.2833557128906,150
6,3,119.7285919189453,150
12,3,150.5287628173828,150
16,1,169.3872646,150
14,3,160.5153656005859,150
11,3,144.8424377441406,150
7,2,124.3482629,150
5,2,114.3198168,150
14,1,162.1103873,150
17,2,162.1932973,150
16,2,161.4941633,150
5,1,116.9675411,151
19,1,177.5982134,151
8,2,134.4860258,151
14,1,169.2670929,151
6,1,122.9322462,151
12,3,157.1811676025391,151
15,3,170.0144195556641,151
14,3,167.1255187988281,151
12,1,155.9649988,151
13,1,162.8917548,151
10,3,145.3592834472656,151
11,2,152.691793,151
17,1,177.3696629,151
18,2,166.8270429,151
9,1,139.2245105,151
13,3,162.6702270507813,151
6,2,123.1899624,151
10,2,146.2651816,151
12,2,158.4221123,151
17,3,172.1317138671875,151
11,3,151.2754821777344,151
16,1,176.2237755,151
10,1,144.4744119,151
8,3,134.2181243896484,151
18,1,177.5668491,151
17,2,166.7919561,151
9,2,140.1913087,151
19,2,166.9538883,151
7,1,128.5579372,151
9,3,139.703369140625,151
19,3,172.3058624267578,151
6,3,123.0596160888672,151
18,3,172.2310028076172,151
14,2,164.9204799,151
13,2,162.4427267,151
5,2,117.085221,151
15,1,173.6664727,151
7,3,128.7295379638672,151
5,3,117.0256042480469,151
16,3,171.5221252441406,151
11,1,149.8875286,151
7,2,128.9041604,151
15,2,166.267071,151
16,2,166.7179454,151
8,1,133.954336,151
13,3,160.4433746337891,152
16,3,170.9068145751953,152
16,1,175.9428071,152
19,2,166.9918423,152
9,3,136.9476013183594,152
11,1,147.739699,152
18,1,179.097653,152
18,2,166.5943881,152
5,1,114.7022938,152
5,3,114.4903717041016,152
13,2,159.8171883,152
15,3,168.6882629394531,152
6,3,120.4179840087891,152
8,3,131.4642944335938,152
14,3,165.2637329101563,152
7,3,126.0141754150391,152
13,1,161.0416058,152
19,3,173.4539031982422,152
17,2,166.2303611,152
12,2,155.5076127,152
14,1,167.7426155,152
10,2,143.0233775,152
7,2,125.7255825,152
7,1,126.2899386,152
19,1,179.6255877,152
9,2,136.9014742,152
8,2,131.2186598,152
17,1,178.0096147,152
11,2,149.573238,152
18,3,172.99560546875,152
15,1,172.6646319,152
17,3,172.2536010742188,152
9,1,136.9918885,152
12,3,154.6931457519531,152
6,1,120.6618587,152
10,1,142.2747032,152
8,1,131.6993337,152
10,3,142.6409912109375,152
14,2,162.6698224,152
12,1,153.9200853,152
6,2,120.1621951,152
11,3,148.6329803466797,152
5,2,114.2668087,152
15,2,164.5109634,152
16,2,165.6272804,152
9,2,136.6378261,153
19,1,177.9259309,153
10,2,142.6255389,153
16,1,174.9432423,153
15,1,171.7802543,153
8,2,131.1272305,153
15,3,167.9442138671875,153
17,3,171.4936828613281,153
8,1,132.5190719,153
11,2,149.0781824,153
14,2,162.0646911,153
7,3,126.6088485717773,153
17,2,165.7646708,153
12,1,153.680996,153
10,1,142.5962103,153
19,3,172.5938262939453,153
10,3,142.6106109619141,153
6,1,121.898173,153
14,1,167.0252768,153
5,1,116.0912035,153
18,3,172.2406768798828,153
13,2,159.2201494,153
8,3,131.8409423828125,153
6,3,121.2403411865234,153
11,3,148.4174041748047,153
13,3,159.8958129882813,153
18,1,177.9023539,153
9,3,137.1168060302734,153
15,2,163.9092034,153
16,2,165.0540582,153
7,2,125.8530473,153
17,1,176.9456285,153
12,2,154.9471175,153
11,1,147.782835,153
9,1,137.5756431,153
14,3,164.6069793701172,153
12,3,154.3015899658203,153
5,3,115.5391616821289,153
6,2,120.5528061,153
18,2,166.3066881,153
13,1,160.5404912,153
16,3,170.1358489990234,153
7,1,127.3306905,153
5,2,114.9645459,153
19,2,166.9449005,153
10,2,143.1557826,154
17,1,179.4981076,154
7,3,125.9504241943359,154
15,2,163.9297238,154
18,2,165.8364735,154
16,1,177.4224773,154
14,2,162.2390014,154
6,2,120.0080113,154
7,1,126.1069408,154
16,3,171.5701141357422,154
19,1,180.9916984,154
12,3,155.2813873291016,154
18,1,180.5695966,154
16,2,164.9145132,154
14,3,165.8386688232422,154
7,2,125.787596,154
9,1,137.6415997,154
19,3,173.7802429199219,154
15,1,174.1326014,154
8,3,131.6914520263672,154
18,3,173.3103790283203,154
9,2,137.0855051,154
11,2,149.6012611,154
5,1,113.1729516,154
5,3,113.4623489379883,154
8,2,131.3853171,154
9,3,137.3684539794922,154
12,2,155.3945442,154
13,3,161.0079803466797,154
15,3,169.3565063476563,154
17,2,165.4584025,154
11,1,148.8542625,154
8,1,131.9860334,154
19,2,166.3206054,154
11,3,149.2214813232422,154
6,3,119.941764831543,154
14,1,169.16949,154
5,2,113.7647469,154
10,1,143.1950283,154
6,1,119.8779693,154
10,3,143.1757354736328,154
12,1,155.1730269,154
13,2,159.5441999,154
13,1,162.3949116,154
17,3,172.6664581298828,154
19,1,178.0976374,156
7,1,126.2851026,156
18,2,165.0601505,156
19,3,171.8712615966797,156
14,3,164.2771453857422,156
12,2,154.6974034,156
8,2,130.6535549,156
17,1,176.6244469,156
9,3,136.6533813476563,156
6,3,120.0026397705078,156
5,3,113.8914031982422,156
11,3,148.1559600830078,156
11,1,147.4649674,156
7,3,125.7046890258789,156
10,2,142.4152523,156
19,2,165.4220844,156
5,1,114.4769903,156
6,2,119.3985304,156
7,2,125.0974087,156
8,1,131.7029592,156
9,2,136.3389795,156
11,2,148.8795323,156
14,1,166.869627,156
16,1,174.6854509,156
16,2,164.2667883,156
17,2,164.7674608,156
6,1,120.5830875,156
5,2,113.2817803,156
10,1,142.1422651,156
10,3,142.2756652832031,156
17,3,170.8161010742188,156
13,1,160.375879,156
12,3,154.0604705810547,156
13,3,159.6417694091797,156
15,2,163.2890019,156
9,1,136.9521639,156
13,2,158.8730248,156
15,3,167.5299987792969,156
12,1,153.460314,156
8,3,131.18994140625,156
14,2,161.5891845,156
16,3,169.5873718261719,156
18,3,171.4686431884766,156
15,1,171.5907175,156
18,1,177.6476374,156
7,1,125.2959035,157
16,1,173.8722019,157
9,2,135.9587844,157
13,2,158.498856,157
12,1,153.1597137,157
12,2,154.3544127,157
8,2,130.2497926,157
11,1,147.0513299,157
10,2,142.0633285,157
8,1,130.8553804,157
10,1,141.5890752,157
17,2,163.3823475,157
11,3,147.7775115966797,157
18,3,169.7097473144531,157
18,1,175.9081865,157
16,2,163.3323211,157
14,3,163.9363708496094,157
13,1,160.1283239,157
11,2,148.5418325,157
6,2,119.0030732,157
6,1,119.4614248,157
5,2,112.9356655,157
5,1,113.2378526,157
9,3,136.1073150634766,157
19,1,176.0914437,157
7,3,124.9980163574219,157
14,1,166.5749422,157
14,2,161.1472335,157
15,1,171.1090652,157
15,3,167.0258941650391,157
8,3,130.5591278076172,157
10,3,141.8207397460938,157
9,1,136.2497146,157
13,3,159.336669921875,157
17,1,175.3578907,157
19,3,169.7451629638672,157
6,3,119.2378997802734,157
7,2,124.6859207,157
19,2,163.247829,157
15,2,162.72096,157
17,3,169.4871063232422,157
16,3,168.7229156494141,157
18,2,163.3166649,157
5,3,113.0904846191406,157
12,3,153.7404174804688,157
7,1,126.9826115,158
14,1,169.0632086,158
15,1,173.6104824,158
8,3,132.4510650634766,158
9,2,137.9942019,158
14,3,166.0837249755859,158
12,3,155.9810943603516,158
19,1,179.0473768,158
12,2,156.4299449,158
19,3,172.4302215576172,158
15,3,169.0882110595703,158
11,2,150.6598779,158
7,2,126.4022295,158
5,2,114.0847873,158
6,1,120.9225711,158
18,3,172.05908203125,158
10,2,144.1668253,158
9,1,138.2904697,158
15,2,164.3285156,158
5,1,114.4292149,158
19,2,165.4188616,158
11,3,149.9924011230469,158
13,1,162.581056,158
5,3,114.2609100341797,158
17,2,165.0580496,158
18,2,165.1463135,158
16,1,176.3780253,158
16,3,170.8000030517578,158
8,1,132.7325967,158
13,3,161.5501098632813,158
14,2,162.9552132,158
6,2,120.4663025,158
18,1,178.6056122,158
6,3,120.6998062133789,158
9,3,138.1454925537109,158
10,3,143.9630584716797,158
11,1,149.3488407,158
8,2,132.1565695,158
17,1,177.8905347,158
7,3,126.6994400024414,158
17,3,171.6478118896484,158
12,1,155.5499011,158
13,2,160.4703629,158
16,2,164.9082364,158
10,1,143.7672465,158
17,1,175.0962884,160
7,1,127.8274948,160
7,2,126.7585453,160
15,3,166.2203521728516,160
8,2,132.0722054,160
14,3,163.5662841796875,160
10,3,143.3359375,160
7,3,127.3079452514648,160
14,1,166.9965045,160
10,1,143.6168316,160
5,3,115.1971435546875,160
10,2,143.0395777,160
11,3,148.8503723144531,160
14,2,159.9309063,160
17,2,161.588638,160
19,2,162.034608,160
13,3,159.4333190917969,160
18,3,168.8633422851563,160
16,1,173.6886625,160
15,1,171.1727899,160
6,3,121.5359573364258,160
18,1,175.8112975,160
13,1,160.9575629,160
18,2,161.6711419,160
8,1,133.3439771,160
16,3,167.7091827392578,160
13,2,157.8204854,160
6,1,121.8792626,160
11,1,148.7176343,160
19,3,169.277587890625,160
5,2,115.0191807,160
17,3,168.4550628662109,160
6,2,121.1721114,160
9,1,138.5636435,160
8,3,132.7236328125,160
5,1,115.3643728,160
12,3,154.331787109375,160
11,2,148.9896234,160
9,3,138.0011749267578,160
15,2,161.0352325,160
9,2,137.4061569,160
16,2,161.4829997,160
19,1,176.2649235,160
12,1,154.4169344,160
12,2,154.2422724,160
7,3,126.1495056152344,163
5,2,113.9723088,163
15,1,169.7199561,163
11,3,147.6681060791016,163
7,2,125.5329515,163
11,2,148.4678916,163
19,2,161.9429382,163
8,3,131.4178771972656,163
6,2,119.9716637,163
14,2,159.9550846,163
15,3,165.4376068115234,163
13,2,157.7712636,163
9,2,136.4243542,163
13,1,159.3246604,163
16,1,172.0814453,163
5,1,115.5187589,163
11,1,146.910842,163
15,2,160.8975043,163
14,3,162.7873382568359,163
10,1,141.8154281,163
7,1,126.735699,163
18,1,173.8212821,163
19,1,174.423742,163
6,1,121.3237552,163
8,2,130.9290689,163
17,1,173.1946181,163
17,2,161.4231762,163
8,1,131.8816977,163
19,3,168.35107421875,163
12,1,152.6775472,163
5,3,114.7641830444336,163
10,3,142.0379791259766,163
18,3,167.8851776123047,163
13,3,158.5700988769531,163
12,3,153.3045196533203,163
14,1,165.4721221,163
16,2,161.2468877,163
17,3,167.4543304443359,163
9,3,136.6537933349609,163
18,2,161.6110097,163
16,3,166.8130035400391,163
12,2,153.9693919,163
9,1,136.8707496,163
6,3,120.6656951904297,163
10,2,142.2727882,163
15,3,169.2879943847656,164
14,2,163.4192235,164
7,2,127.9609478,164
7,1,129.2521302,164
17,3,172.5383605957031,164
8,1,134.51496,164
11,1,149.865841,164
13,1,162.5253691,164
10,1,144.6700841,164
5,3,117.1237945556641,164
8,2,133.3538724,164
12,2,156.7732219,164
6,3,123.0764312744141,164
13,3,161.6914825439453,164
14,3,166.2324523925781,164
6,1,123.7116863,164
12,3,156.2410125732422,164
9,1,139.6171951,164
5,1,117.7693565,164
16,2,165.9798146,164
8,3,133.9478454589844,164
18,2,167.2152128,164
19,3,174.4139709472656,164
9,3,139.2548370361328,164
11,2,151.1006249,164
19,1,180.4636933,164
18,1,179.3442689,164
17,1,178.1413691,164
9,2,138.8761118,164
10,2,144.7915146,164
15,2,165.0325027,164
10,3,144.7296752929688,164
11,3,150.4605102539063,164
5,2,116.4520173,164
19,2,168.1177654,164
13,2,160.8162751,164
12,1,155.7396531,164
17,2,166.5978825,164
6,2,122.4195804,164
7,3,128.6169738769531,164
16,3,171.2828063964844,164
18,3,173.3645324707031,164
15,1,173.4105601,164
16,1,176.3281865,164
14,1,168.869338,164
9,2,134.9511106,165
14,1,166.0341817,165
19,1,177.0730741,165
8,3,130.1927032470703,165
7,2,124.0364914,165
16,3,167.6556396484375,165
16,1,173.4882852,165
18,2,162.0241905,165
10,3,141.1376495361328,165
7,1,125.4584193,165
19,2,162.379857,165
11,2,147.1585936,165
11,1,146.7297338,165
11,3,146.9390106201172,165
14,3,162.7560882568359,165
5,2,112.5700831,165
12,2,152.801274,165
17,2,161.8299198,165
14,2,159.3132307,165
18,3,169.3520355224609,165
15,3,165.8047027587891,165
12,3,152.7620086669922,165
5,1,113.4936444,165
16,2,161.5217224,165
6,1,119.6942863,165
7,3,124.7632675170898,165
17,3,168.7216949462891,165
19,3,169.8916625976563,165
8,2,129.427606,165
6,3,119.1145553588867,165
5,3,113.0448760986328,165
6,2,118.5078165,165
13,2,156.7922422,165
13,3,158.2369995117188,165
10,1,141.3978207,165
9,1,136.1929088,165
9,3,135.5894165039063,165
17,1,175.2545248,165
10,2,140.8629652,165
15,2,160.7778614,165
8,1,130.9173278,165
13,1,159.6124925,165
15,1,170.5925431,165
12,1,152.7245866,165
18,1,176.2952368,165
13,3,158.5826110839844,167
11,3,147.7311096191406,167
6,2,120.2072223,167
7,3,126.3731384277344,167
10,3,142.1315612792969,167
16,2,160.6816084,167
16,3,167.1458892822266,167
11,1,147.8123926,167
12,1,153.6731036,167
11,2,147.6455423,167
14,2,158.9077956,167
18,2,161.2303076,167
16,1,173.3329021,167
17,2,160.9396139,167
6,1,121.6301436,167
8,1,132.4232179,167
12,3,153.3421936035156,167
15,3,165.5976104736328,167
14,3,162.8294067382813,167
19,3,168.6036376953125,167
10,1,142.6052505,167
13,2,156.6853637,167
5,3,115.0967483520508,167
8,3,131.5921478271484,167
17,1,174.5804955,167
6,3,120.9374847412109,167
9,2,135.9897926,167
9,3,136.7843780517578,167
18,1,174.9334464,167
15,2,160.11641,167
8,2,130.7150728,167
19,1,175.0882701,167
7,2,125.5472363,167
19,2,161.8837427,167
17,3,167.9024963378906,167
13,1,160.387676,167
14,1,166.5679631,167
7,1,127.1570465,167
18,3,168.2180633544922,167
12,2,152.9934569,167
10,2,141.633337,167
9,1,137.5375283,167
15,1,170.8264843,167
5,1,115.7374155,167
5,2,114.415261,167
11,1,146.3519472,170
18,3,172.3675537109375,170
5,1,114.5291121,170
10,3,141.6571502685547,170
7,1,125.8319971,170
9,2,136.3288531,170
12,3,153.2267761230469,170
11,2,148.5013148,170
17,2,165.1967411,170
14,2,161.1233063,170
9,1,136.1028466,170
16,1,173.7340988,170
12,1,152.2857662,170
10,1,141.1411879,170
5,3,114.5239486694336,170
19,3,173.9275665283203,170
8,3,130.9706268310547,170
8,2,130.9013103,170
14,3,163.4571075439453,170
18,1,177.8627387,170
6,1,120.3687519,170
15,3,166.8372497558594,170
10,2,142.1942955,170
6,2,120.2772074,170
9,3,136.2138061523438,170
19,1,179.7104333,170
8,1,131.0372494,170
18,2,166.2521895,170
15,2,162.954013,170
19,2,167.69085,170
7,3,125.7398452758789,170
17,3,170.8978424072266,170
13,1,159.1852221,170
6,3,120.3238220214844,170
11,3,147.3993988037109,170
16,3,169.1286163330078,170
13,2,158.3658384,170
13,3,158.7845611572266,170
16,2,164.2048967,170
12,2,154.2220436,170
14,1,165.7015985,170
17,1,176.0318805,170
7,2,125.6446196,170
15,1,170.4817415,170
5,2,114.5185295,170
17,1,176.0003944,172
5,3,116.0356903076172,172
11,1,146.9956119,172
6,1,121.514806,172
9,1,136.7870546,172
10,3,142.2892303466797,172
9,2,137.0083133,172
17,2,164.8015481,172
12,2,154.751476,172
18,1,176.9893693,172
16,3,169.3609161376953,172
19,2,165.6261365,172
9,3,136.8965301513672,172
16,1,174.1418426,172
7,3,126.6928024291992,172
6,2,121.5138795,172
5,2,116.1029032,172
10,2,142.8000451,172
15,2,163.2668118,172
14,3,164.0302886962891,172
19,1,177.6318783,172
5,1,115.9710322,172
14,1,166.3679016,172
7,2,126.6245636,172
13,2,158.8584183,172
13,3,159.3710784912109,172
16,2,164.2699998,172
19,3,171.7897644042969,172
18,2,165.171222,172
11,2,149.0624585,172
13,1,159.8633373,172
18,3,171.2083282470703,172
12,3,153.8325805664063,172
17,3,170.4905853271484,172
7,1,126.758752,172
15,1,171.0807036,172
8,3,131.7571105957031,172
15,3,167.3390655517578,172
10,1,141.7855608,172
11,3,148.0156707763672,172
12,1,152.9485905,172
8,2,131.6998703,172
14,2,161.552233,172
6,3,121.5143508911133,172
8,1,131.8126803,172
5,1,116.4461019,173
13,1,160.6808443,173
19,1,176.6889517,173
17,3,169.4282684326172,173
16,3,168.4830169677734,173
18,3,169.9308166503906,173
9,3,137.3921661376953,173
15,1,171.242984,173
9,2,136.6848269,173
10,1,143.0627466,173
17,1,175.3171318,173
7,2,125.8058428,173
11,2,148.7803376,173
8,3,132.1286315917969,173
13,2,158.2595179,173
6,1,122.3317331,173
9,1,138.0682272,173
16,2,162.8083963,173
12,2,154.3486442,173
17,2,163.2072002,173
15,3,166.7178802490234,173
14,2,160.6972884,173
7,1,127.816054,173
14,1,166.8864041,173
10,3,142.8128509521484,173
10,2,142.5482472,173
6,3,121.3276519775391,173
5,2,114.2595202,173
11,1,148.1963646,173
8,2,131.1911875,173
19,2,164.2712844,173
8,1,133.0228195,173
18,1,176.063717,173
15,2,162.1001291,173
18,2,163.6081393,173
12,1,153.9950229,173
19,3,170.4968414306641,173
14,3,163.8401031494141,173
6,2,120.2538957,173
7,3,126.8417358398438,173
11,3,148.4784088134766,173
16,1,173.897785,173
12,3,154.1654663085938,173
5,3,115.3657150268555,173
13,3,159.5124053955078,173
18,2,161.7823365,174
5,3,113.9456481933594,174
16,3,165.0194244384766,174
6,2,118.7957485,174
13,1,156.1507713,174
13,2,155.6102731,174
6,1,119.7543377,174
19,3,167.8798370361328,174
5,2,113.3623995,174
15,2,159.6805185,174
17,1,170.7962952,174
9,1,134.2218545,174
5,1,114.4966394,174
13,3,155.8869171142578,174
14,1,162.3281661,174
9,3,134.2070007324219,174
11,2,146.0617323,174
8,3,129.2363128662109,174
17,3,166.0833587646484,174
9,2,134.1912298,174
10,1,138.9510607,174
18,3,166.9162750244141,174
19,2,162.6443971,174
7,1,124.725315,174
12,1,149.5449542,174
18,1,171.8077685,174
7,2,123.8987704,174
11,3,144.9427032470703,174
17,2,161.164909,174
16,2,160.5586663,174
15,3,163.2496337890625,174
15,1,166.679102,174
12,3,150.5628967285156,174
8,1,129.5133312,174
7,3,124.3246536254883,174
6,3,119.2893600463867,174
19,1,172.8178187,174
8,2,128.9416401,174
10,3,139.412353515625,174
14,2,158.1577687,174
14,3,160.2874908447266,174
10,2,139.9008736,174
12,2,151.6327374,174
11,1,143.8833057,174
16,1,169.2994,174
17,2,160.6352585,175
7,1,122.9445287,175
12,3,150.1044006347656,175
7,2,122.6593334,175
5,3,111.7502517700195,175
13,2,155.1347805,175
13,1,155.9317459,175
10,2,139.1541546,175
14,1,162.3273768,175
15,3,163.11865234375,175
15,2,159.3459408,175
8,1,128.0725849,175
18,3,166.5848388671875,175
18,2,160.8521715,175
19,2,161.1397925,175
8,2,127.8942445,175
6,1,117.5784377,175
6,2,117.3328136,175
5,1,111.8563615,175
12,2,151.0887652,175
7,3,122.8026733398438,175
16,1,169.8709975,175
10,3,138.6130676269531,175
9,2,133.3075662,175
11,1,143.2284356,175
11,3,144.3389739990234,175
17,1,171.6524048,175
16,2,160.2296005,175
19,1,173.416606,175
14,3,160.0218658447266,175
13,3,155.5317077636719,175
14,2,157.7416951,175
18,1,172.6627984,175
15,1,166.9203094,175
16,3,165.0083770751953,175
8,3,127.9834899902344,175
11,2,145.4274812,175
10,1,138.0613819,175
5,2,111.6447026,175
12,1,149.1101041,175
9,1,133.0748471,175
19,3,167.064697265625,175
9,3,133.1918640136719,175
17,3,166.0330657958984,175
6,3,117.4559707641602,175
14,1,167.6919914,177
17,2,166.3498179,177
8,1,132.6408585,177
7,2,126.62667,177
11,2,149.9135263,177
13,1,161.1879852,177
16,3,170.57177734375,177
15,2,164.6103481,177
9,2,137.4740045,177
14,3,165.2838134765625,177
18,3,172.3010864257813,177
15,1,172.3405401,177
16,2,165.704766,177
6,2,121.2693481,177
11,1,148.181514,177
8,3,132.2908020019531,177
19,2,167.4277918,177
15,3,168.5417785644531,177
18,1,177.5849334,177
17,1,176.8919012,177
11,3,149.0563659667969,177
5,2,115.6092416,177
19,1,177.8365441,177
10,1,142.8591117,177
19,3,172.7180023193359,177
9,3,137.6065673828125,177
12,2,155.7617666,177
10,2,143.4689979,177
14,2,162.8083474,177
12,3,154.9968414306641,177
13,2,160.0033604,177
10,3,143.1669769287109,177
12,1,154.2228357,177
9,1,137.7407447,177
5,3,116.0293884277344,177
6,1,122.0945059,177
17,3,171.7109680175781,177
6,3,121.6821517944336,177
7,3,127.0414276123047,177
7,1,127.4571913,177
13,3,160.5989532470703,177
5,1,116.4447664,177
16,1,175.2542546,177
18,2,166.83239,177
8,2,131.9422484,177
13,2,161.4471562,178
16,2,166.7471474,178
8,1,134.9596328,178
9,2,139.5776232,178
14,2,164.0913384,178
8,2,134.1524453,178
6,2,123.5344583,178
18,3,174.2032318115234,178
10,3,145.31689453125,178
17,2,167.3085157,178
17,1,179.6696949,178
18,2,167.7125858,178
6,1,124.2189208,178
14,3,167.0964508056641,178
12,2,157.3815611,178
17,3,173.6191253662109,178
8,3,134.5658111572266,178
19,2,168.2279548,178
7,2,128.8962505,178
16,3,172.4054260253906,178
10,2,145.4307964,178
11,1,150.4945802,178
10,1,145.2080741,178
6,3,123.8851165771484,178
15,3,170.3477935791016,178
15,1,174.71653,178
19,3,174.5213623046875,178
16,1,177.813562,178
19,1,180.5927739,178
13,3,162.4586639404297,178
11,3,151.0896911621094,178
11,2,151.7103043,178
9,3,139.8409729003906,178
7,3,129.3106689453125,178
12,1,156.48944,178
18,1,180.4319378,178
5,2,117.7934587,178
9,1,140.0918194,178
12,3,156.9274291992188,178
15,2,165.7587137,178
13,1,163.4290724,178
14,1,169.9609892,178
5,1,118.3810342,178
5,3,118.0938949584961,178
7,1,129.70535,178
17,3,166.0802764892578,179
16,2,159.7947704,179
6,2,119.2164215,179
6,3,119.6608352661133,179
18,3,166.7084350585938,179
6,1,120.0751365,179
9,2,134.5692961,179
7,2,124.3162656,179
19,1,173.9581722,179
16,3,165.1918029785156,179
11,3,145.4165802001953,179
7,1,125.1430956,179
16,1,170.2719176,179
18,1,172.8913553,179
14,3,160.6852874755859,179
17,1,171.8206666,179
8,3,129.6930847167969,179
18,2,160.1955863,179
12,3,151.0123291015625,179
9,1,134.7939572,179
12,1,150.2943173,179
15,2,159.2785087,179
15,1,167.6017414,179
5,3,114.2605056762695,179
9,3,134.6855163574219,179
10,3,139.8958129882813,179
10,2,140.2293653,179
5,2,113.7870824,179
7,3,124.7442779541016,179
8,2,129.3475289,179
5,1,114.7026387,179
19,2,160.5336767,179
14,1,163.2026312,179
13,3,156.3106689453125,179
13,2,155.6153285,179
12,2,151.779367,179
11,1,144.5748741,179
13,1,156.9603966,179
8,1,130.0152846,179
15,3,163.5743713378906,179
10,1,139.5840622,179
19,3,167.4034118652344,179
17,2,160.007646,179
14,2,157.9936619,179
11,2,146.31443,179
8,2,132.6361035,180
5,2,114.9694273,180
7,2,126.9504766,180
9,3,138.8084716796875,180
7,1,127.857171,180
15,2,165.5266262,180
17,1,179.0567911,180
16,2,166.0778118,180
13,1,163.6428191,180
6,1,121.8645966,180
12,1,156.5380183,180
18,3,172.9118499755859,180
11,2,151.2505909,180
11,3,150.7515563964844,180
16,1,177.5970766,180
17,3,172.7207641601563,180
9,1,139.1408147,180
10,3,144.6592407226563,180
5,3,115.2323608398438,180
5,1,115.4813096,180
13,2,161.3353011,180
12,2,157.1422229,180
19,3,172.9311676025391,180
12,3,156.8321990966797,180
19,1,179.589698,180
18,2,165.9719827,180
13,3,162.5148773193359,180
14,1,170.2058886,180
16,3,171.987548828125,180
9,2,138.4624486,180
19,2,165.89255,180
15,3,170.2917785644531,180
6,3,121.51513671875,180
17,2,166.0617045,180
7,3,127.4150085449219,180
10,1,144.6453977,180
8,3,133.1181182861328,180
14,2,163.9951177,180
15,1,174.816871,180
8,1,133.5788257,180
14,3,167.1755218505859,180
11,1,150.2733429,180
18,1,179.5024211,180
6,2,121.147473,180
10,2,144.6735459,180
6,3,118.0644989013672,181
10,1,140.1990535,181
12,3,152.8285675048828,181
13,2,158.0546318,181
13,1,158.6149609,181
11,1,145.6161008,181
10,3,141.0302124023438,181
16,3,167.8762512207031,181
17,1,174.5892506,181
18,1,175.6335708,181
9,2,135.8048699,181
15,1,169.7307192,181
6,2,118.3726312,181
17,2,163.1579486,181
18,2,163.4087502,181
9,3,135.3325958251953,181
11,3,146.9371643066406,181
7,1,123.7909794,181
8,2,130.0313016,181
15,3,165.9739227294922,181
15,2,162.0412333,181
17,3,168.9956207275391,181
7,3,124.0470275878906,181
8,1,129.4518759,181
10,2,141.8994494,181
5,3,111.5897903442383,181
12,1,151.6755462,181
5,2,111.9279345,181
18,3,169.6533355712891,181
14,3,162.8780670166016,181
13,3,158.3411102294922,181
9,1,134.8795498,181
7,2,124.3147125,181
5,1,111.2681351,181
19,3,170.1473693847656,181
11,2,148.3186076,181
16,2,162.8047099,181
19,2,163.8608315,181
14,1,165.0823917,181
8,3,129.7352600097656,181
12,2,154.0340811,181
14,2,160.5698548,181
19,1,176.1614419,181
16,1,172.734224,181
6,1,117.7710225,181
15,1,165.4034967,182
15,2,158.284613,182
11,2,146.7635563,182
17,1,168.4241721,182
17,2,158.6478688,182
11,1,144.1262959,182
15,3,161.915283203125,182
8,1,129.7801877,182
18,2,158.743206,182
7,2,124.9289408,182
19,2,159.2046968,182
12,3,150.7096252441406,182
11,3,145.4226837158203,182
16,3,163.1267395019531,182
8,3,129.9627685546875,182
19,1,169.161223,182
5,2,113.3511539,182
18,1,168.7813725,182
9,1,134.6009112,182
12,1,149.5591322,182
7,1,124.7396379,182
16,1,167.4983084,182
14,2,157.3174508,182
17,3,163.6020660400391,182
14,3,159.4862365722656,182
9,3,134.9879608154297,182
7,3,124.8322830200195,182
6,1,119.3634732,182
19,3,164.2247314453125,182
6,2,119.4263862,182
13,2,155.3463554,182
13,1,155.8330054,182
12,2,151.8970811,182
10,3,140.1053314208984,182
16,2,158.6064115,182
5,1,113.5307838,182
6,3,119.3942489624023,182
5,3,113.44287109375,182
8,2,130.1530281,182
9,2,135.3916097,182
10,1,139.3172783,182
14,1,161.5733248,182
10,2,140.9235808,182
13,3,155.5935974121094,182
18,3,163.8211669921875,182
15,3,164.2943267822266,183
12,2,152.6621917,183
13,2,156.8623348,183
16,3,166.4635925292969,183
16,2,162.6520811,183
15,1,167.0670958,183
9,3,133.3237609863281,183
7,3,122.2884674072266,183
8,2,128.7234615,183
8,3,127.8350524902344,183
19,3,169.8692169189453,183
10,2,140.4185539,183
16,1,170.2250383,183
11,1,142.8580345,183
13,1,155.800798,183
14,3,160.9847106933594,183
19,2,164.9835327,183
5,2,111.2793018,183
10,3,138.9496917724609,183
17,2,163.4472403,183
6,2,117.4618694,183
18,2,164.1333159,183
7,2,123.1812134,183
18,3,168.9197845458984,183
11,3,144.8320617675781,183
9,1,132.2871457,183
12,1,148.8690331,183
5,1,109.1707022,183
7,1,121.4214992,183
14,2,159.6481115,183
6,3,116.4829483032227,183
15,2,161.4756901,183
18,1,173.6641584,183
6,1,115.5331443,183
17,1,172.2978775,183
13,3,156.3309631347656,183
17,3,167.8868408203125,183
14,1,162.315934,183
9,2,134.3780598,183
11,2,146.8530556,183
5,3,110.2084045410156,183
10,1,137.5167031,183
12,3,150.7515258789063,183
8,1,126.9639276,183
19,1,174.6774744,183
5,1,109.7318182,184
15,3,163.3054351806641,184
14,3,159.4698181152344,184
5,2,109.2895793,184
6,3,115.4949645996094,184
13,3,154.4749908447266,184
6,2,114.9937691,184
7,2,120.367272,184
17,3,167.8201904296875,184
14,1,160.9121118,184
13,1,154.3128133,184
7,3,121.0272750854492,184
10,3,137.0788421630859,184
10,1,136.8203789,184
13,2,154.6447235,184
15,1,166.026047,184
6,1,115.9794744,184
16,2,161.9482633,184
18,2,163.2539076,184
19,3,169.1945190429688,184
15,2,160.3149815,184
16,1,169.7907227,184
18,3,168.8916320800781,184
7,1,121.6665192,184
19,2,163.2358824,184
11,1,141.8032685,184
17,1,172.5863524,184
17,2,162.913386,184
8,2,125.6947036,184
19,1,174.9668879,184
9,1,131.9439992,184
11,3,142.8595886230469,184
9,3,131.6091918945313,184
14,2,157.9307535,184
18,1,174.3711205,184
8,1,126.9382828,184
10,2,137.3446937,184
12,3,148.7634582519531,184
11,2,143.9465572,184
12,1,147.5240309,184
16,3,166.0169982910156,184
9,2,131.2636854,184
12,2,150.0439005,184
5,3,109.5140686035156,184
8,3,126.3270721435547,184
18,3,171.7161102294922,186
17,2,165.6845998,186
13,1,161.3335068,186
6,1,123.2142502,186
10,2,143.8178046,186
8,1,133.6157669,186
17,3,171.2547454833984,186
12,3,155.3112945556641,186
14,1,167.7081206,186
14,3,165.3132781982422,186
14,2,162.9256063,186
15,1,172.269912,186
7,2,126.7136618,186
16,1,175.171276,186
15,2,164.5322109,186
15,3,168.3903045654297,186
8,3,132.8871154785156,186
6,3,122.207649230957,186
13,3,160.7891235351563,186
19,3,171.9417572021484,186
8,2,132.1548398,186
11,2,150.2695843,186
19,1,178.0198514,186
10,1,143.5450949,186
17,1,176.8875444,186
11,3,149.4778747558594,186
16,3,170.2488708496094,186
19,2,165.9341318,186
9,3,138.1806488037109,186
12,2,156.0827897,186
18,2,165.7834076,186
7,3,127.6241760253906,186
18,1,177.7189863,186
16,2,165.3691933,186
11,1,148.6844419,186
6,2,121.1933629,186
5,3,116.4512710571289,186
5,1,117.5651451,186
5,2,115.3347247,186
10,3,143.6814880371094,186
7,1,128.5268572,186
13,2,160.2459613,186
9,2,137.7745309,186
9,1,138.5862399,186
12,1,154.5383634,186
16,2,164.5731733,187
17,2,164.898019,187
17,1,177.323393,187
5,2,114.9541345,187
11,1,147.4796102,187
12,3,154.6299133300781,187
10,3,142.5617980957031,187
11,2,149.7081373,187
7,2,126.2656835,187
9,1,136.4531026,187
18,3,171.6825408935547,187
9,3,136.8556060791016,187
13,1,161.0399032,187
12,1,153.8106352,187
6,3,120.4286880493164,187
10,2,143.2902804,187
12,2,155.4792335,187
15,3,168.2823028564453,187
14,1,167.7685439,187
18,1,178.0695265,187
13,3,160.330078125,187
5,3,114.6035308837891,187
19,1,178.4352129,187
8,3,131.3751525878906,187
16,3,170.2200164794922,187
16,1,175.6261236,187
8,1,131.0848684,187
5,1,114.2666189,187
19,2,165.2974247,187
6,1,120.0924376,187
18,2,165.0472942,187
15,1,172.5940278,187
17,3,171.2504577636719,187
6,2,120.7760729,187
11,3,148.5719604492188,187
14,2,162.2051828,187
7,1,125.6608021,187
10,1,141.8594752,187
7,3,125.9565963745117,187
14,3,165.0553283691406,187
15,2,163.762894,187
9,2,137.2745367,187
19,3,171.9650421142578,187
8,2,131.6806389,187
13,2,159.5898274,187
18,2,165.2712444,188
11,1,147.8922186,188
18,1,177.8904279,188
10,3,142.8887329101563,188
7,3,126.8525314331055,188
10,2,143.3587867,188
12,2,155.7809886,188
6,3,121.7317199707031,188
5,3,116.4831008911133,188
12,3,154.8995666503906,188
7,2,126.6306617,188
19,1,178.1405399,188
15,2,164.2561509,188
14,1,167.7767879,188
17,2,165.2239113,188
11,2,149.8770254,188
19,3,171.8490295410156,188
14,3,165.3060913085938,188
9,1,137.2622728,188
6,1,121.8764245,188
13,3,160.6119689941406,188
5,2,116.4238109,188
17,1,177.1421078,188
9,3,137.2891540527344,188
8,2,131.8087724,188
16,3,170.4068145751953,188
12,1,154.0724734,188
6,2,121.5732661,188
19,2,165.4230401,188
15,1,172.5004331,188
16,2,164.9976699,188
17,3,171.3053741455078,188
16,1,175.4670017,188
14,2,162.7022438,188
13,2,160.0142262,188
8,3,131.9900970458984,188
10,1,142.4490508,188
5,1,116.5381849,188
8,1,132.1597004,188
13,1,161.1698641,188
7,1,127.0559485,188
11,3,148.8486022949219,188
18,3,171.6719360351563,188
15,3,168.4723052978516,188
9,2,137.317531,188
13,1,159.2826858,189
6,3,120.8176879882813,189
17,2,161.7387879,189
8,2,132.0679988,189
14,1,165.1696413,189
17,3,167.2574310302734,189
9,2,137.6252659,189
6,1,120.8800758,189
10,3,142.8229064941406,189
9,3,137.4285888671875,189
18,1,173.0096084,189
11,2,149.6081971,189
11,1,147.2344923,189
15,1,169.1432401,189
18,3,167.4617156982422,189
15,3,165.5562286376953,189
14,3,163.0374603271484,189
18,2,161.618019,189
7,1,126.7065011,189
6,2,120.7514335,189
19,2,161.5489931,189
5,2,114.4349361,189
10,1,142.2118612,189
8,3,132.0930938720703,189
9,1,137.2431817,189
12,3,153.8938903808594,189
12,2,155.0029036,189
19,3,167.6142730712891,189
5,3,114.4703216552734,189
13,3,158.9822235107422,189
7,3,126.6237869262695,189
16,3,166.7503814697266,189
5,1,114.5037657,189
11,3,148.3838195800781,189
16,1,171.401443,189
12,1,152.8492579,189
10,2,143.471805,189
19,1,173.3746649,189
16,2,161.8544636,189
7,2,126.535893,189
17,1,172.5216112,189
15,2,161.7682269,189
13,2,158.6636676,189
14,2,160.7777265,189
8,1,132.1167388,189
7,1,126.2636906,190
14,1,168.8222819,190
8,3,132.1087188720703,190
6,2,121.2716441,190
10,3,143.4418029785156,190
15,1,173.6339728,190
11,1,148.5373342,190
7,3,126.5658111572266,190
12,3,155.5283050537109,190
5,1,114.3918131,190
15,2,164.3955342,190
11,2,150.4598158,190
8,1,131.8546283,190
19,3,172.3617248535156,190
8,2,132.376327,190
9,1,137.3547695,190
11,3,149.4768371582031,190
10,2,144.0483643,190
14,2,162.8762484,190
17,2,165.3692429,190
16,1,176.6468304,190
12,2,156.2073505,190
19,1,178.8168765,190
5,2,115.2752116,190
16,3,171.0408325195313,190
17,3,172.0042419433594,190
5,3,114.8230895996094,190
18,2,165.4313981,190
10,1,142.8621343,190
19,2,165.5757234,190
9,2,138.0141799,190
16,2,165.1397598,190
13,1,162.1019759,190
13,2,160.2887036,190
12,1,154.879679,190
13,3,161.2176361083984,190
6,1,120.4799491,190
18,3,172.3072662353516,190
15,3,169.1277923583984,190
17,1,178.3134745,190
7,2,126.8835497,190
14,3,165.9168548583984,190
18,1,178.8244169,190
9,3,137.6769714355469,190
6,3,120.8667831420898,190
7,3,125.7511367797852,191
18,3,169.9450988769531,191
8,3,131.3237762451172,191
11,3,147.9446258544922,191
7,2,125.3675606,191
14,1,166.1223705,191
16,2,162.2046878,191
18,1,176.5992063,191
9,1,136.8464579,191
5,3,113.3325042724609,191
8,1,131.6062296,191
11,1,147.159755,191
12,3,153.6051788330078,191
19,3,170.4226837158203,191
6,1,120.2417245,191
10,1,141.9608268,191
17,1,175.6516365,191
17,2,162.5521279,191
17,3,169.2626953125,191
19,1,176.7703666,191
12,1,153.006872,191
13,2,158.0131912,191
9,3,136.7606506347656,191
19,2,163.7850002,191
13,1,159.7693178,191
5,1,113.8482698,191
9,2,136.6713898,191
15,3,166.2692260742188,191
16,3,168.1099548339844,191
16,1,173.7432785,191
14,3,163.2925415039063,191
15,1,170.7242724,191
13,3,158.9157409667969,191
10,2,142.5792026,191
10,3,142.2627563476563,191
14,2,160.3000883,191
8,2,131.0291021,191
5,2,112.7953674,191
12,2,154.2407987,191
15,2,161.5754435,191
7,1,126.1144366,191
11,2,148.7724782,191
18,2,162.9702055,191
6,2,119.3893295,191
6,3,119.8253631591797,191
14,2,159.2380195,192
16,1,173.3540026,192
12,1,149.3223725,192
9,3,132.7647094726563,192
11,2,145.7695884,192
10,3,138.3655853271484,192
11,3,144.3581085205078,192
19,3,172.5290069580078,192
8,2,128.0125627,192
10,1,137.4553651,192
8,3,127.4655914306641,192
17,1,176.308539,192
5,3,111.6323928833008,192
12,3,150.5068969726563,192
7,2,122.9582547,192
5,2,112.7555494,192
15,3,165.4098663330078,192
13,1,156.7199436,192
6,2,117.9588113,192
18,1,178.3543647,192
5,1,110.5447038,192
19,1,179.6002827,192
14,3,161.5829315185547,192
15,1,169.345606,192
16,2,162.8311115,192
9,1,132.1691962,192
15,2,161.3785303,192
19,2,165.1798837,192
17,2,163.8017912,192
6,3,117.0770721435547,192
6,1,116.2241412,192
7,1,121.6531278,192
9,2,133.3789645,192
11,1,142.9865658,192
12,2,151.7258335,192
18,2,164.5057989,192
13,2,156.1605427,192
13,3,156.4446258544922,192
7,3,122.2951812744141,192
17,3,170.0846862792969,192
16,3,168.1033782958984,192
14,1,163.8459775,192
8,1,126.9344033,192
18,3,171.5085144042969,192
10,2,139.3038163,192
6,2,117.680481,193
5,3,111.2536544799805,193
15,2,161.6286558,193
15,1,170.4981564,193
13,1,159.287143,193
12,3,152.9477691650391,193
8,1,129.8778652,193
14,3,163.0514373779297,193
11,1,146.2028177,193
8,2,129.5834866,193
18,2,162.6486792,193
16,3,168.0721588134766,193
17,3,169.0073699951172,193
14,1,165.8038278,193
11,3,147.0418853759766,193
10,1,140.737162,193
19,1,176.3830323,193
11,2,147.9266922,193
13,3,158.4834747314453,193
9,3,135.3842163085938,193
19,3,169.8010406494141,193
16,2,162.3716381,193
5,2,111.015204,193
18,3,169.4458160400391,193
18,1,175.9699818,193
9,1,135.3643357,193
17,2,162.6219052,193
15,3,166.1842956542969,193
13,2,157.6340645,193
6,1,118.0731654,193
10,3,141.1154174804688,193
12,1,152.3054816,193
17,1,175.1384975,193
7,3,123.9701690673828,193
6,3,117.8820343017578,193
7,1,124.1579024,193
5,1,111.480237,193
12,2,153.6266906,193
9,2,135.405236,193
7,2,123.7722224,193
14,2,160.1460578,193
19,2,162.7115217,193
16,1,173.4627208,193
10,2,141.5144017,193
8,3,129.7347106933594,193
11,1,147.1305699,195
5,2,112.4125754,195
12,1,152.7774726,195
8,3,130.8180084228516,195
10,1,142.1657656,195
11,3,146.8988800048828,195
12,3,152.5252838134766,195
14,3,162.1331787109375,195
19,2,162.9026591,195
11,2,146.6596294,195
9,1,137.3468533,195
15,2,160.2065202,195
8,2,129.1091256,195
13,1,159.3259287,195
7,1,127.4223893,195
9,2,134.5671382,195
17,3,167.3770904541016,195
16,3,166.5088500976563,195
17,2,161.5669694,195
12,2,152.2637087,195
18,3,168.0198364257813,195
18,1,174.0790041,195
10,3,141.3049468994141,195
15,3,164.9424743652344,195
10,2,140.4174165,195
7,3,125.6303787231445,195
19,3,168.7893829345703,195
15,1,169.5934907,195
6,3,120.2186813354492,195
9,3,135.9785614013672,195
14,2,158.7452339,195
13,3,157.8105010986328,195
6,1,122.0718147,195
16,2,161.0264997,195
5,1,116.3026725,195
18,2,162.1135609,195
7,2,123.7806532,195
16,1,171.9836219,195
5,3,114.3871841430664,195
8,1,132.47247,195
6,2,118.3074636,195
17,1,173.2589337,195
14,1,165.4043053,195
19,1,174.899455,195
13,2,156.2346658,195
8,3,128.3501892089844,196
19,1,172.1272772,196
10,1,139.9464077,196
14,1,163.799818,196
6,2,115.6242735,196
12,2,150.7599326,196
11,3,145.2980651855469,196
19,3,165.1559295654297,196
6,3,116.4521179199219,196
7,3,122.5943603515625,196
8,2,127.443082,196
10,2,139.1264392,196
10,3,139.5430297851563,196
12,3,150.9549865722656,196
13,2,154.4210251,196
13,3,156.1198883056641,196
14,2,156.5120206,196
15,2,157.5032935,196
16,1,169.960027,196
17,2,157.7155862,196
17,3,164.3876953125,196
7,2,121.6901097,196
9,2,133.1656005,196
11,1,145.2642049,196
16,2,157.756616,196
7,1,123.4611264,196
6,1,117.2454401,196
9,3,133.9320220947266,196
12,1,151.1458465,196
18,3,164.6324462890625,196
15,3,162.6831665039063,196
17,1,170.9456134,196
5,2,108.9636874,196
11,2,145.3328428,196
19,2,158.0577459,196
16,3,163.90673828125,196
18,2,157.7127676,196
18,1,171.430406,196
13,1,157.7886755,196
14,3,160.1845397949219,196
15,1,167.7852471,196
5,3,109.7144241333008,196
8,1,129.2222848,196
9,1,134.6709929,196
5,1,110.4356856,196
14,2,158.0950958,198
16,2,159.7078837,198
15,1,166.5787002,198
13,3,156.0729370117188,198
7,3,123.9556427001953,198
11,2,146.4850954,198
9,1,134.2054473,198
8,2,129.0829018,198
5,3,112.6230621337891,198
15,2,159.2836446,198
7,2,123.7511763,198
7,1,124.156315,198
11,3,145.2859191894531,198
5,1,112.9130361,198
19,1,170.3268598,198
6,1,118.7427116,198
16,1,168.9445157,198
9,2,134.5210898,198
9,3,134.3619842529297,198
5,2,112.3269417,198
8,3,129.1771087646484,198
18,2,159.8996528,198
14,1,162.4221453,198
12,1,149.7915952,198
18,1,170.1595444,198
13,2,155.782624,198
15,3,162.9515686035156,198
12,3,150.8739166259766,198
13,1,156.3596613,198
10,3,139.6989898681641,198
18,3,165.0529632568359,198
14,3,160.2707977294922,198
16,3,164.3502655029297,198
19,2,160.1112665,198
17,1,169.9009144,198
17,3,164.8871765136719,198
17,2,159.8226764,198
10,1,139.0839727,198
6,3,118.5020904541016,198
19,3,165.2398986816406,198
6,2,118.2565959,198
8,1,129.2697043,198
11,1,144.1038443,198
10,2,140.3233015,198
12,2,151.9712123,198
16,3,166.7314300537109,199
8,2,130.8911804,199
18,2,162.2204958,199
10,2,142.1526025,199
6,1,121.5149907,199
17,1,172.5585071,199
12,3,153.0364685058594,199
19,3,167.9481048583984,199
19,1,173.2345259,199
19,2,162.5972026,199
18,1,172.9512205,199
17,2,162.0496631,199
15,3,165.2230682373047,199
18,3,167.6395416259766,199
7,2,125.5423537,199
13,2,157.650381,199
6,3,120.7789459228516,199
9,2,136.3414461,199
10,1,141.6548796,199
13,3,158.2369079589844,199
10,3,141.9001617431641,199
16,1,171.451253,199
5,2,114.0504357,199
9,1,136.826972,199
12,2,153.8217608,199
12,1,152.2716574,199
5,1,115.7289652,199
8,3,131.4228057861328,199
11,3,147.4621734619141,199
11,1,146.6250392,199
15,2,161.285658,199
7,3,126.2194137573242,199
5,3,114.9017562866211,199
14,1,164.8568735,199
13,1,158.8083256,199
16,2,161.8438704,199
9,3,136.5875244140625,199
14,2,159.9935711,199
7,1,126.8783234,199
8,1,131.941158,199
11,2,148.3240014,199
15,1,169.0246053,199
6,2,120.0214301,199
17,3,167.3810729980469,199
14,3,162.4623413085938,199
11,3,142.4949493408203,200
8,3,126.3139419555664,200
9,3,131.5249786376953,200
10,1,137.1826031,200
19,3,161.7634735107422,200
5,1,110.8495447,200
7,2,119.9535974,200
16,2,155.7610999,200
18,3,161.6833343505859,200
14,1,160.6095814,200
18,2,155.8500276,200
8,1,127.2909917,200
5,2,108.4618335,200
8,2,125.3104443,200
10,2,136.5836233,200
11,2,142.7516485,200
14,3,157.4796905517578,200
7,1,122.1451951,200
19,2,155.9749175,200
10,3,136.8865509033203,200
11,1,142.2445033,200
9,1,132.264651,200
13,3,153.3017578125,200
6,1,116.7030001,200
9,2,130.7682872,200
19,1,167.5387467,200
14,2,154.325435,200
13,1,154.5557198,200
5,3,109.6818084716797,200
7,3,121.0663070678711,200
12,3,148.1015014648438,200
15,1,164.7161271,200
16,3,161.3487701416016,200
16,1,166.8255123,200
12,1,147.9697313,200
15,3,160.1116943359375,200
12,2,148.2357506,200
17,2,155.8198802,200
17,3,161.6451873779297,200
6,2,114.4282951,200
18,1,167.4869572,200
6,3,115.5866165161133,200
17,1,167.3922227,200
13,2,152.0358298,200
15,2,155.4377335,200
5,3,106.9442825317383,201
15,1,161.3229942,201
11,2,138.7013778,201
6,1,114.6347121,201
16,1,163.3838704,201
13,1,151.4314738,201
13,2,147.6946749,201
19,2,151.0805055,201
12,3,144.5194854736328,201
13,3,149.5824890136719,201
8,3,123.2465209960938,201
8,1,124.8723331,201
6,2,110.8231737,201
5,2,104.8742268,201
5,1,108.9562675,201
17,3,157.5914459228516,201
14,2,149.8265412,201
12,1,144.9812308,201
9,1,129.6822732,201
10,3,133.5702362060547,201
15,3,156.1515808105469,201
8,2,121.5777566,201
17,2,151.0935645,201
12,2,144.0475638,201
19,3,157.7313537597656,201
14,3,153.6245727539063,201
11,3,139.0504760742188,201
18,1,164.1394073,201
11,1,139.3916562,201
18,3,157.6245880126953,201
7,2,116.2998402,201
18,2,151.016405,201
9,2,126.9372211,201
7,1,119.900029,201
17,1,163.9870703,201
15,2,150.8824675,201
19,1,164.300956,201
16,2,151.1483993,201
16,3,157.3195343017578,201
7,3,118.1241836547852,201
10,1,134.464788,201
10,2,132.6537002,201
14,1,157.3483829,201
6,3,112.7552795410156,201
9,3,128.3270568847656,201
18,1,170.3784324,203
10,3,137.7418670654297,203
9,2,132.5488804,203
10,1,137.047391,203
19,3,164.5899047851563,203
12,1,148.1046182,203
9,3,132.2942810058594,203
9,1,132.0444389,203
13,2,153.7855168,203
7,1,121.8378805,203
10,2,138.4487019,203
5,1,110.5117875,203
17,2,157.4479046,203
6,3,115.9547576904297,203
19,2,157.9792849,203
13,1,154.8749934,203
11,2,144.6365479,203
15,2,157.0226634,203
8,1,127.0171633,203
13,3,154.3342437744141,203
11,3,143.4220733642578,203
14,1,161.1403661,203
14,3,158.5602722167969,203
15,1,165.4970537,203
12,3,149.0845184326172,203
5,3,109.8491287231445,203
16,2,157.4035322,203
16,1,168.1140774,203
8,3,126.9780120849609,203
14,2,155.9441964,203
17,1,169.5542403,203
12,2,150.0798135,203
18,2,157.5198645,203
19,1,171.1398738,203
16,3,162.7918548583984,203
17,3,163.5354919433594,203
7,3,121.5988159179688,203
7,2,121.354726,203
6,2,115.5235765,203
5,2,109.1707006,203
18,3,163.9822540283203,203
8,2,126.938081,203
11,1,142.2274495,203
15,3,161.2877655029297,203
6,1,116.3766234,203
8,1,128.3274362,206
6,3,116.8491668701172,206
5,1,110.3061772,206
15,1,166.3064486,206
19,2,156.0853155,206
6,2,116.8992642,206
7,2,122.5705666,206
12,3,150.0688781738281,206
13,2,153.7516771,206
18,2,156.0818039,206
16,3,162.4239501953125,206
10,2,139.0900271,206
10,3,138.9393920898438,206
15,3,161.4185485839844,206
9,3,133.5129241943359,206
8,2,127.9769712,206
11,1,144.0371427,206
5,3,110.4931716918945,206
7,1,122.7640516,206
18,3,162.6489715576172,206
16,1,168.3231972,206
12,1,149.8645217,206
11,3,144.5413513183594,206
5,2,110.6871096,206
14,2,155.6648485,206
9,2,133.3956046,206
15,2,156.4021489,206
14,3,159.0836029052734,206
10,1,138.7934304,206
17,3,162.6788482666016,206
16,2,156.3821902,206
14,1,162.410108,206
18,1,169.0856943,206
19,1,169.2633429,206
8,3,128.1551361083984,206
12,2,150.2795715,206
11,2,145.0614629,206
17,1,168.9903345,206
9,1,133.6264754,206
6,1,116.8008089,206
13,1,156.4582696,206
17,2,156.2275184,206
19,3,162.7325134277344,206
13,3,155.1244201660156,206
7,3,122.6689682006836,206
13,3,150.2619323730469,207
13,1,150.1261863,207
19,3,161.0018463134766,207
5,3,105.7572250366211,207
14,1,156.5254185,207
11,2,141.0365481,207
8,2,123.2712784,207
15,1,161.1493549,207
19,1,167.3967596,207
15,2,153.9483187,207
7,2,117.7333203,207
16,2,154.4252431,207
17,2,154.4423713,207
10,2,134.791502,207
8,1,122.332689,207
17,3,160.2874298095703,207
8,3,122.7938995361328,207
9,1,127.3565505,207
6,3,111.8198852539063,207
18,3,160.7525329589844,207
7,1,117.1426751,207
18,2,154.3756025,207
7,3,117.4329147338867,207
13,2,150.4021884,207
12,1,143.3254824,207
9,2,128.8700341,207
15,3,157.6065216064453,207
12,3,144.9221801757813,207
10,1,132.3359778,207
11,1,137.4746556,207
14,3,154.6493682861328,207
6,1,111.6637965,207
12,2,146.5725218,207
19,2,154.4275648,207
5,2,105.7403526,207
16,3,159.3554077148438,207
18,1,166.9453889,207
5,1,105.7735304,207
17,1,165.9582299,207
14,2,152.7111122,207
9,3,128.1002960205078,207
16,1,164.1343934,207
10,3,133.5428314208984,207
6,2,111.9814281,207
11,3,139.2257080078125,207
10,1,137.0774995,208
9,2,129.886506,208
16,3,161.2499389648438,208
18,1,168.1515007,208
12,1,147.6624954,208
10,3,136.4075012207031,208
12,3,147.5447692871094,208
7,2,119.0857638,208
8,2,124.4312695,208
15,1,164.3863864,208
6,2,113.5767955,208
14,3,156.9800567626953,208
11,2,141.9008497,208
9,1,132.2794656,208
7,3,120.7941207885742,208
7,1,122.4329851,208
12,2,147.4225121,208
19,2,155.9897566,208
14,2,153.6246489,208
17,1,167.884411,208
18,2,155.7452653,208
11,3,141.9656372070313,208
16,1,166.8118866,208
18,3,162.0405426025391,208
8,3,125.9647979736328,208
5,1,111.4469812,208
5,3,109.5812606811523,208
10,2,135.710528,208
16,2,155.5051558,208
11,1,142.0279974,208
17,2,155.6613892,208
15,2,154.9417044,208
5,2,107.6321613,208
17,3,161.8684692382813,208
19,1,168.2830749,208
14,1,160.222612,208
8,1,127.4374729,208
6,3,115.397705078125,208
9,3,131.1068572998047,208
13,2,151.266479,208
6,1,117.1427337,208
15,3,159.7423095703125,208
13,1,154.1829052,208
19,3,162.2219696044922,208
13,3,152.7510223388672,208
19,1,169.0887746,209
15,3,161.2441864013672,209
19,3,163.5057373046875,209
6,1,115.1599756,209
8,3,126.8270263671875,209
7,2,122.4282285,209
19,2,157.6287522,209
5,3,110.0419921875,209
15,1,164.5084098,209
18,3,163.5191955566406,209
18,1,169.017308,209
9,3,132.0918579101563,209
12,2,150.7402246,209
7,3,121.5255661010742,209
12,3,148.8228607177734,209
13,3,154.1312408447266,209
11,1,141.1547323,209
12,1,147.010828,209
15,2,157.7793651,209
6,3,115.9940948486328,209
6,2,116.8830541,209
13,1,153.7732788,209
14,2,156.753958,209
14,3,158.4597015380859,209
17,3,163.3841857910156,209
16,3,162.6957550048828,209
13,2,154.5105122,209
17,2,157.791088,209
10,1,135.985977,209
10,2,139.1029568,209
9,2,133.2785566,209
16,1,167.2409556,209
5,2,110.9000582,209
8,2,127.8047087,209
7,1,120.677205,209
10,3,137.5018463134766,209
8,1,125.9057016,209
11,2,145.2699656,209
14,1,160.0685069,209
11,3,143.1558380126953,209
5,1,109.2390833,209
18,2,157.706092,209
9,1,130.9702053,209
16,2,157.870012,209
17,1,168.660434,209
5,2,114.1262998,211
10,3,141.2250518798828,211
9,2,136.3245727,211
5,1,113.811455,211
15,3,165.1275939941406,211
5,3,113.9672164916992,211
7,1,125.1850579,211
16,3,166.8483734130859,211
6,3,119.8741226196289,211
13,3,157.8626708984375,211
12,3,152.5208892822266,211
7,2,125.5434089,211
18,3,168.1001892089844,211
10,2,142.1430409,211
17,3,167.7302093505859,211
13,1,158.0128449,211
17,2,162.1651178,211
14,1,164.3151453,211
13,2,157.7063227,211
6,2,120.0510258,211
7,3,125.3594818115234,211
19,3,168.4793853759766,211
10,1,140.3523421,211
14,3,162.2164459228516,211
8,3,130.6176147460938,211
12,2,153.8503341,211
16,2,161.9818452,211
9,3,135.8448638916016,211
15,2,161.4023395,211
9,1,135.387457,211
6,1,119.704471,211
16,1,171.6477523,211
11,3,146.8514862060547,211
17,1,173.2953051,211
15,1,168.8023494,211
18,2,162.2701757,211
12,1,151.276975,211
19,2,162.5139894,211
11,2,148.3300009,211
14,2,160.080072,211
8,2,130.8774382,211
19,1,174.5275497,211
8,1,130.3715005,211
18,1,174.0748048,211
11,1,145.4668053,211
13,3,153.6667175292969,212
9,3,132.3085327148438,212
17,3,162.700439453125,212
19,1,169.4605816,212
15,1,165.0273072,212
17,2,156.5782492,212
18,1,169.2059085,212
6,3,116.6466903686523,212
12,3,148.5397796630859,212
11,2,143.2454593,212
16,1,167.4628564,212
10,3,137.5525512695313,212
7,2,120.8402682,212
9,1,133.1566266,212
13,2,152.4185716,212
17,1,168.715146,212
15,3,160.5252227783203,212
5,1,111.9903641,212
5,3,110.7967529296875,212
6,1,117.8355363,212
7,1,123.2347923,212
16,2,156.4713032,212
16,3,162.0158081054688,212
19,2,156.747002,212
11,1,142.8422531,212
14,1,160.8890963,212
7,3,122.052490234375,212
6,2,115.4265646,212
19,3,163.1590728759766,212
5,2,109.5708237,212
8,1,128.298136,212
8,2,126.0871696,212
14,2,154.6958753,212
18,3,162.9491424560547,212
13,1,154.8905095,212
10,1,137.9360382,212
18,2,156.5820088,212
14,3,157.8212738037109,212
10,2,137.1603912,212
15,2,155.9421037,212
12,2,148.6632267,212
12,1,148.4188764,212
11,3,143.0416717529297,212
8,3,127.2058639526367,212
9,2,131.4406277,212
18,2,150.4179492,213
16,3,156.3005218505859,213
16,2,150.2386834,213
7,1,116.9930786,213
7,3,115.9530868530273,213
12,3,142.9471588134766,213
11,3,137.3999328613281,213
13,2,146.6111889,213
9,2,125.743342,213
14,1,155.611892,213
19,2,150.8818764,213
10,1,132.1744022,213
6,2,109.2515908,213
6,3,110.3528137207031,213
17,2,150.3139964,213
17,3,156.9675445556641,213
13,3,148.0864105224609,213
18,3,157.2470550537109,213
9,3,126.501106262207,213
7,2,114.8867238,213
14,3,152.2158660888672,213
10,3,131.8430938720703,213
12,2,142.9495371,213
16,1,162.2543287,213
12,1,142.9448304,213
15,2,149.8392534,213
19,1,164.2062529,213
11,2,137.5780115,213
8,2,120.291809,213
14,2,148.7528327,213
5,2,103.1086781,213
6,1,111.4251584,213
5,1,105.3954574,213
17,1,163.5123939,213
10,2,131.504548,213
19,3,157.5888519287109,213
8,3,121.2690505981445,213
9,1,127.2418716,213
11,1,137.2255177,213
8,1,122.2233255,213
13,1,149.5325401,213
15,1,159.7959916,213
5,3,104.2681274414063,213
18,1,163.9749298,213
15,3,154.8648071289063,213
5,2,103.1327486,214
6,1,112.549765,214
14,2,149.0406889,214
13,1,151.0256236,214
7,2,114.5609421,214
12,2,142.7920157,214
13,3,148.8442535400391,214
6,3,110.8199234008789,214
11,1,138.4511604,214
9,3,126.8165512084961,214
5,3,104.8942718505859,214
19,3,160.0396881103516,214
14,1,157.3091111,214
12,3,143.5394287109375,214
9,2,125.3115852,214
10,1,133.306951,214
11,3,137.8674468994141,214
17,3,158.8337097167969,214
10,3,132.2118682861328,214
7,1,118.0541466,214
7,3,116.3161544799805,214
11,2,137.2807916,214
8,1,123.2675341,214
16,1,164.5122837,214
15,2,150.4390986,214
12,1,144.2834396,214
8,2,119.8828128,214
5,1,106.6338474,214
9,1,128.312081,214
13,2,146.6496915,214
16,2,151.1671659,214
16,3,157.8959197998047,214
17,2,151.5354186,214
18,2,151.8583491,214
18,3,159.4059295654297,214
19,1,167.5160645,214
19,2,152.4464239,214
10,2,131.1105191,214
8,3,121.5817337036133,214
18,1,166.8347554,214
14,3,153.1888732910156,214
15,1,161.7661696,214
6,2,109.0696907,214
17,1,166.0167825,214
15,3,156.1362457275391,214
10,2,139.5862763,217
8,3,128.4553680419922,217
5,1,111.9059153,217
13,3,155.9601440429688,217
6,3,117.6968231201172,217
7,3,123.1888122558594,217
18,1,173.6520094,217
13,2,155.4601128,217
18,3,167.8477325439453,217
10,3,139.1005706787109,217
15,3,163.6417541503906,217
11,3,144.7699890136719,217
14,1,162.7832913,217
16,1,170.3589178,217
15,1,167.3702951,217
18,2,161.9649563,217
17,3,166.8639831542969,217
9,2,133.7434979,217
6,2,117.5339596,217
8,1,128.6038718,217
11,2,145.8322848,217
11,1,143.7918008,217
12,3,150.5026397705078,217
14,3,160.5122833251953,217
16,3,165.6109313964844,217
12,2,151.4532962,217
5,3,111.7819595336914,217
19,3,169.0036468505859,217
13,1,156.4165742,217
7,1,123.3786948,217
15,2,159.6572765,217
8,2,128.2994983,217
19,2,162.9516179,217
14,2,158.0434433,217
16,2,160.6299508,217
5,2,111.6524508,217
9,3,133.6969451904297,217
17,1,172.2887053,217
19,1,174.9758186,217
9,1,133.6530695,217
6,1,117.8518464,217
10,1,138.6484521,217
7,2,122.9892272,217
17,2,161.2900995,217
12,1,149.6348898,217
8,3,117.8634643554688,219
18,2,148.0948118,219
5,3,101.0780563354492,219
12,2,140.0416359,219
6,1,107.5581001,219
8,1,118.3871927,219
10,2,128.4895878,219
14,3,149.4522247314453,219
16,3,153.9240417480469,219
7,1,113.1166979,219
13,1,146.4335637,219
17,1,161.3999718,219
17,3,154.7091217041016,219
6,3,107.0411148071289,219
11,2,134.6041082,219
17,2,148.0207918,219
11,3,134.1729278564453,219
18,3,154.9748687744141,219
13,2,143.8075768,219
19,3,155.1918487548828,219
7,2,112.0082084,219
16,1,159.9222696,219
13,3,145.1359100341797,219
15,1,157.195765,219
15,2,147.3360287,219
12,3,139.8403015136719,219
15,3,152.303955078125,219
19,1,162.1656591,219
14,2,146.0882564,219
14,1,152.7485525,219
11,1,133.7532027,219
5,2,100.5509928,219
18,1,161.9293551,219
10,3,128.5182647705078,219
9,3,123.1156845092773,219
10,1,128.54614,219
9,2,122.7298762,219
19,2,148.3683401,219
6,2,106.5094472,219
8,2,117.3233529,219
7,3,112.5708160400391,219
5,1,101.5917935,219
16,2,147.8742717,219
9,1,123.4901728,219
12,1,139.6439934,219
10,3,137.2967071533203,220
10,2,137.5471141,220
9,2,131.7189039,220
14,1,160.3567921,220
9,1,132.1891614,220
12,1,147.7202088,220
11,1,142.0449121,220
13,1,154.2835087,220
8,2,126.2541703,220
18,1,168.7602576,220
18,2,156.8987176,220
9,3,131.9537200927734,220
17,2,156.9620473,220
14,3,157.8638610839844,220
13,3,153.6736755371094,220
19,2,156.8798321,220
16,2,156.9786889,220
8,3,126.7654037475586,220
7,1,122.1894174,220
7,3,121.5436859130859,220
12,3,148.4832000732422,220
13,2,153.0689186,220
14,2,155.3961101,220
15,2,156.6315479,220
16,1,167.0166982,220
17,3,162.5666961669922,220
15,1,164.5475917,220
6,3,116.0904846191406,220
16,3,161.958984375,220
6,1,116.7999112,220
6,2,115.3788638,220
17,1,168.273095,220
5,2,109.4263507,220
18,3,162.7704620361328,220
10,1,137.045263,220
19,3,162.9168090820313,220
11,2,143.7336052,220
7,2,120.8971771,220
15,3,160.5648956298828,220
11,3,142.8914184570313,220
19,1,169.0833625,220
8,1,127.2771938,220
5,1,110.9922282,220
12,2,149.2412861,220
5,3,110.2109222412109,220
16,3,161.4875793457031,221
13,3,152.8560943603516,221
7,3,120.5748138427734,221
15,1,164.321397,221
7,2,119.6245834,221
11,1,141.6498269,221
17,3,162.1487121582031,221
16,2,156.3426258,221
7,1,121.5212067,221
5,3,109.254524230957,221
10,3,136.3407897949219,221
12,3,147.5972747802734,221
11,2,142.2736288,221
11,3,141.9613647460938,221
12,2,147.8024932,221
14,2,154.1384412,221
5,2,108.3016724,221
6,2,114.181307,221
19,1,168.0875826,221
12,1,147.39239,221
10,1,136.5798902,221
9,3,130.9856109619141,221
8,3,125.7944717407227,221
8,1,126.675806,221
19,3,162.89794921875,221
15,2,155.5705024,221
18,1,167.8590952,221
13,1,154.0154201,221
6,1,116.0695911,221
18,3,162.4841156005859,221
9,2,130.3134561,221
10,2,136.1009319,221
14,3,157.1358642578125,221
13,2,151.6955836,221
9,1,131.6552679,221
6,3,115.1272735595703,221
14,1,160.1319111,221
17,1,167.5435298,221
17,2,156.7558893,221
19,2,157.71324,221
8,2,124.9094828,221
16,1,166.633013,221
5,1,110.2037861,221
15,3,159.9462738037109,221
18,2,157.1122232,221
13,3,148.8021697998047,222
12,1,143.3450497,222
17,2,151.8242369,222
19,1,165.7439874,222
5,3,105.0372161865234,222
9,2,126.24799,222
14,2,149.8968277,222
14,1,156.2440809,222
11,1,137.5644199,222
14,3,153.0745849609375,222
8,2,120.7919937,222
11,3,137.9020080566406,222
10,1,132.4656514,222
12,2,143.742917,222
9,3,126.8915786743164,222
10,3,132.2678070068359,222
15,1,160.6007309,222
18,1,165.190888,222
8,3,121.671875,222
8,1,122.5305179,222
6,1,111.9328067,222
5,2,103.9577733,222
9,1,127.5213402,222
18,3,158.4395599365234,222
7,2,115.4399486,222
18,2,151.8510361,222
19,3,158.7784729003906,222
6,2,109.9197517,222
16,2,151.7132138,222
15,2,151.1806081,222
13,2,147.5655495,222
16,1,163.2053714,222
5,1,106.085308,222
7,3,116.4206237792969,222
17,3,158.1163330078125,222
15,3,155.8798522949219,222
17,1,164.5249544,222
19,2,152.0144252,222
10,2,132.0662519,222
11,2,138.2446305,222
12,3,143.5428161621094,222
6,3,110.9404678344727,222
13,1,150.0283804,222
16,3,157.4257049560547,222
7,1,117.3755078,222
17,3,166.5715942382813,223
5,1,112.4205402,223
16,1,170.701765,223
16,2,160.9697199,223
9,2,135.9624509,223
8,3,129.9999084472656,223
14,1,163.6709684,223
17,2,161.0501443,223
18,1,172.9595896,223
15,3,164.2711486816406,223
10,3,140.6353149414063,223
18,2,161.0524414,223
9,3,135.2449951171875,223
8,2,130.5982903,223
12,2,153.1993705,223
19,2,161.2050784,223
6,1,118.4757228,223
14,2,159.2299781,223
19,3,167.3166656494141,223
18,3,166.9402313232422,223
7,2,125.3373854,223
13,2,156.9543753,223
10,2,141.6894762,223
7,3,124.7110748291016,223
8,1,129.4178051,223
7,1,124.1029356,223
6,2,119.9069384,223
9,1,134.5459519,223
12,1,150.6651976,223
5,2,114.0302078,223
17,1,172.1706325,223
11,3,146.2740325927734,223
19,1,173.6161677,223
5,3,113.2122116088867,223
16,3,165.8235626220703,223
11,1,144.8015237,223
6,3,119.180061340332,223
13,3,157.1851806640625,223
14,3,161.4635925292969,223
11,2,147.7793006,223
15,1,168.0511674,223
12,3,151.9201202392578,223
13,1,157.4123722,223
15,2,160.4728928,223
10,1,139.6063451,223
17,1,165.2483538,225
16,2,153.301386,225
17,3,159.197265625,225
8,3,124.581916809082,225
12,3,146.3038635253906,225
11,3,140.8289031982422,225
10,1,135.1083029,225
19,3,159.8330841064453,225
6,1,113.6848037,225
13,2,150.1520291,225
12,1,145.9527568,225
18,3,159.3802490234375,225
7,2,118.7661785,225
18,2,153.3071901,225
11,1,140.232696,225
5,2,106.5207156,225
7,1,119.4803177,225
18,1,165.603453,225
13,3,151.3045349121094,225
9,3,129.8970336914063,225
13,1,152.4615589,225
14,2,152.1214373,225
14,3,155.2263641357422,225
8,1,124.8960277,225
6,2,112.9502932,225
15,1,162.2559356,225
19,2,153.7715029,225
16,1,164.3468591,225
10,2,135.4459055,225
8,2,124.2618088,225
10,3,135.2768096923828,225
12,2,146.6551037,225
9,2,129.7296102,225
6,3,113.3226776123047,225
16,3,158.7765502929688,225
15,3,157.6166839599609,225
19,1,166.0640209,225
14,1,158.3624188,225
11,2,141.4265528,225
7,3,119.1279220581055,225
17,2,153.2713515,225
9,1,130.0629756,225
5,3,106.9563369750977,225
15,2,153.0432725,225
5,1,107.3806973,225
8,3,122.5186996459961,227
12,3,144.4823303222656,227
13,3,149.7626953125,227
11,1,138.3711086,227
16,3,158.4617767333984,227
7,1,118.0883064,227
19,1,166.4008418,227
10,1,133.2559268,227
13,2,148.6538861,227
10,2,133.069916,227
5,2,104.8663424,227
12,2,144.7958306,227
12,1,144.1699076,227
6,2,110.8500267,227
18,1,165.89475,227
14,1,157.0925816,227
14,3,154.0639190673828,227
8,2,121.7594679,227
17,1,165.2727156,227
17,2,153.0847876,227
6,1,112.6129353,227
15,2,152.3382374,227
14,2,151.0262768,227
19,3,159.8440856933594,227
18,2,153.1323005,227
7,3,117.2419815063477,227
16,2,152.9261006,227
15,3,156.8873291015625,227
13,1,150.8677373,227
11,3,138.8191070556641,227
16,1,163.9942539,227
18,3,159.5007019042969,227
9,2,127.2330768,227
19,2,153.3390636,227
11,2,139.268706,227
5,1,106.7270196,227
9,1,128.2899873,227
7,2,116.3897867,227
17,3,159.1741333007813,227
5,3,105.8019790649414,227
9,3,127.7627563476563,227
8,1,123.2736603,227
6,3,111.7354125976563,227
10,3,133.1631011962891,227
15,1,161.427211,227
8,3,123.8483200073242,228
12,1,145.4450831,228
15,2,153.4375392,228
19,3,161.2716064453125,228
8,1,124.0984521,228
13,1,152.2116247,228
6,3,112.8294677734375,228
5,1,107.1641908,228
11,2,140.952322,228
7,1,118.788038,228
10,1,134.321643,228
15,3,158.1886596679688,228
12,2,146.348035,228
18,1,167.1772317,228
17,1,166.6660473,228
13,3,151.1487121582031,228
11,1,139.5498798,228
18,2,154.3136157,228
9,2,129.0658573,228
10,2,134.8504601,228
6,2,112.4620231,228
6,1,113.1829746,228
11,3,140.2390747070313,228
9,1,129.2372405,228
14,1,158.4616565,228
7,3,118.4744338989258,228
19,1,167.5162998,228
10,3,134.5813903808594,228
18,3,160.8298645019531,228
7,2,118.1485971,228
8,2,123.588613,228
5,3,106.7131271362305,228
9,3,129.1531219482422,228
14,3,155.4082946777344,228
17,3,160.4763793945313,228
15,1,162.7956347,228
16,3,159.7313232421875,228
12,3,145.8890686035156,228
14,2,152.2586295,228
16,2,153.9337993,228
16,1,165.3559219,228
13,2,150.0512934,228
19,2,154.8732433,228
5,2,106.2440303,228
17,2,154.1080641,228
13,1,152.8410189,229
8,2,124.4600039,229
12,2,147.4213381,229
17,1,168.1945992,229
10,2,135.7135784,229
8,1,125.2961685,229
15,3,159.4077301025391,229
12,3,146.7563323974609,229
18,3,162.7049255371094,229
15,2,155.0563552,229
16,2,155.6688785,229
18,1,169.2552047,229
12,1,146.1143704,229
13,3,152.0770721435547,229
19,1,170.130749,229
10,3,135.4614868164063,229
7,1,120.1473601,229
18,2,156.0216998,229
15,1,163.6250665,229
11,3,141.093017578125,229
6,3,114.1865539550781,229
7,3,119.6491928100586,229
9,2,129.9003383,229
17,3,162.1137237548828,229
19,3,163.2691650390625,229
7,2,119.1324113,229
14,2,153.6918376,229
14,1,159.143423,229
14,3,156.4633483886719,229
11,2,141.8986846,229
11,1,140.3152763,229
9,1,130.2798694,229
9,3,130.0935211181641,229
5,2,107.7213055,229
6,1,114.7095476,229
6,2,113.6437548,229
16,1,166.4631378,229
19,2,156.2930788,229
16,3,161.1408233642578,229
13,2,151.2861078,229
5,3,108.3023376464844,229
17,2,155.8867851,229
8,3,124.8856811523438,229
5,1,108.8620125,229
10,1,135.2181995,229
10,2,131.6437059,230
16,2,150.4522116,230
15,1,159.16377,230
16,1,161.595517,230
14,2,148.8564306,230
5,2,104.1536158,230
8,3,121.3323287963867,230
7,3,116.1439666748047,230
12,2,143.0092915,230
15,3,154.6171875,230
6,1,111.356955,230
13,3,147.8666534423828,230
12,1,142.4883729,230
11,3,137.2390594482422,230
13,2,146.683618,230
5,1,105.4283907,230
19,1,164.3233799,230
17,3,156.7528228759766,230
12,3,142.7460174560547,230
9,2,125.975963,230
13,1,149.0265816,230
10,3,131.7319946289063,230
9,1,126.9407917,230
18,2,150.5068918,230
8,1,121.9871759,230
8,2,120.6607421,230
19,3,157.5573425292969,230
5,3,104.7997741699219,230
6,3,110.6996002197266,230
7,2,115.4355945,230
9,3,126.4642791748047,230
16,3,156.0609436035156,230
14,3,151.9753265380859,230
17,2,150.5178386,230
19,2,150.7206517,230
18,1,163.6489725,230
15,2,149.9995016,230
14,1,155.0399775,230
6,2,110.0244743,230
7,1,116.8340927,230
11,1,136.8231537,230
18,3,157.1169738769531,230
10,1,131.8181979,230
17,1,162.9121302,230
11,2,137.6645779,230
15,2,159.2817767,231
18,1,172.8708025,231
11,3,146.3464202880859,231
19,2,158.6163657,231
6,1,118.9992907,231
18,2,158.787784,231
12,3,151.9352416992188,231
9,2,136.1568468,231
15,3,163.5422515869141,231
9,1,134.6113576,231
11,1,144.6122132,231
5,3,113.3935165405273,231
11,2,148.1545862,231
17,1,171.8252328,231
17,2,158.9600851,231
7,2,125.224109,231
19,1,173.9293729,231
16,1,170.3110279,231
8,1,129.6262124,231
12,2,153.5767106,231
12,1,150.3730663,231
15,1,167.6755172,231
18,3,165.819580078125,231
8,2,130.6470919,231
9,3,135.3698883056641,231
14,1,163.2838106,231
10,3,140.7459411621094,231
6,3,119.3098754882813,231
5,1,113.1553524,231
5,2,113.6396285,231
10,2,141.998543,231
13,1,157.0516827,231
13,2,157.2514322,231
14,2,159.0844733,231
16,2,159.1323267,231
8,3,130.1284332275391,231
6,2,119.6290272,231
17,3,165.4100799560547,231
7,3,124.8387069702148,231
16,3,164.77197265625,231
19,3,166.2396545410156,231
7,1,124.4637338,231
13,3,157.1492004394531,231
10,1,139.5398548,231
14,3,161.2267761230469,231
7,3,126.7449264526367,233
8,2,130.1108883,233
15,3,163.9878540039063,233
10,1,142.7691431,233
16,2,159.5471246,233
8,3,131.8354644775391,233
9,1,138.1826024,233
12,2,152.9226541,233
6,2,119.1714307,233
14,2,158.7425311,233
14,3,161.7659301757813,233
6,1,123.617422,233
12,3,152.9012145996094,233
13,2,156.6266952,233
11,2,147.5042168,233
5,2,113.1583313,233
16,3,164.7554321289063,233
18,2,159.3492802,233
7,2,124.7323868,233
12,1,152.8795361,233
10,2,141.3748744,233
6,3,121.4037246704102,233
17,1,170.0038896,233
18,1,169.9579906,233
18,3,164.7226715087891,233
19,2,159.2992188,233
13,3,157.8589324951172,233
10,3,142.0705261230469,233
14,1,164.7625769,233
7,1,128.7285373,233
19,3,164.7253265380859,233
17,3,164.7927398681641,233
11,3,147.5015411376953,233
5,1,118.0902091,233
15,2,159.4911545,233
16,1,169.824858,233
8,1,133.5423247,233
9,3,136.8782806396484,233
11,1,147.4988537,233
13,1,159.1020058,233
5,3,115.6369400024414,233
9,2,135.5739563,233
19,1,169.9244152,233
17,2,159.4527887,233
15,1,168.4141242,233
10,2,139.309567,234
11,1,143.0439771,234
5,1,111.3019111,234
5,2,111.4711164,234
12,2,151.1479632,234
9,1,132.9608106,234
6,1,117.2253648,234
14,3,159.8221893310547,234
11,3,144.2649383544922,234
18,2,161.5258791,234
15,3,162.8928985595703,234
10,3,138.6048431396484,234
17,3,165.9745330810547,234
5,3,111.3855285644531,234
15,2,159.2998078,234
8,2,128.0549054,234
19,2,162.4639423,234
7,3,122.746337890625,234
19,1,172.7664807,234
12,3,149.9790191650391,234
13,3,155.3629608154297,234
14,1,161.8711885,234
14,2,157.7059923,234
8,3,127.9937744140625,234
17,2,160.8868322,234
11,2,145.5408868,234
10,1,137.929394,234
6,2,117.3282087,234
18,3,166.8214416503906,234
19,3,167.7420043945313,234
9,2,133.4820673,234
15,1,166.3484328,234
16,2,160.252257,234
12,1,148.8509004,234
9,3,133.21728515625,234
17,1,170.848507,234
16,1,169.1744245,234
6,3,117.2761306762695,234
16,3,164.8023529052734,234
7,1,122.730311,234
13,1,155.5800904,234
13,2,155.1396143,234
7,2,122.7627606,234
18,1,171.8687665,234
8,1,127.9341341,234
8,1,132.8822267,236
13,2,156.4962531,236
11,1,147.0345537,236
12,3,152.5890655517578,236
19,3,167.7464599609375,236
11,2,147.2023774,236
8,2,129.8554857,236
18,1,172.8357247,236
16,1,171.0946281,236
10,3,141.6652069091797,236
15,3,164.6396484375,236
13,1,158.8647347,236
19,2,161.7555465,236
6,1,122.7966662,236
7,2,124.5349687,236
14,1,164.7457117,236
14,3,161.9037780761719,236
9,1,137.5912545,236
13,3,157.7208251953125,236
16,2,160.7729916,236
7,3,126.3124389648438,236
8,3,131.4132995605469,236
17,2,161.0345797,236
12,2,152.6799385,236
9,3,136.4657440185547,236
9,2,135.2750034,236
11,3,147.1161041259766,236
6,3,120.9609832763672,236
17,3,166.8653564453125,236
10,1,142.2410258,236
15,1,168.7618051,236
16,3,166.146728515625,236
5,1,117.177742,236
17,1,172.2694935,236
14,2,158.8387034,236
15,2,160.1574724,236
5,3,115.1707534790039,236
19,1,173.3666633,236
5,2,113.0875467,236
7,1,127.9931,236
10,2,141.0573817,236
18,3,167.2464447021484,236
18,2,161.2702816,236
12,1,152.5035279,236
6,2,119.0378836,236
18,3,164.2916412353516,238
11,3,143.5977020263672,238
16,2,157.468916,238
14,3,158.5532531738281,238
7,2,121.588115,238
19,1,170.1687518,238
8,3,127.7645492553711,238
7,3,122.6234741210938,238
9,2,132.1251819,238
10,2,137.8078654,238
16,1,168.301382,238
9,1,133.5602358,238
10,3,138.1046905517578,238
15,3,161.4143676757813,238
8,2,126.8065886,238
18,1,169.8261657,238
14,1,161.6098125,238
9,3,132.8617858886719,238
12,2,149.2497909,238
13,2,152.9905873,238
17,2,157.9419667,238
5,3,111.4102478027344,238
12,1,148.9897529,238
15,1,165.8759106,238
19,3,164.9185180664063,238
6,3,117.2371520996094,238
17,1,169.3732838,238
5,2,110.3356539,238
12,3,149.1161193847656,238
10,1,138.38544,238
18,2,158.4799167,238
19,2,159.3875303,238
14,2,155.3319245,238
13,3,154.2871856689453,238
11,1,143.3508619,238
13,1,155.5145041,238
6,2,116.1907307,238
5,1,112.4539149,238
11,2,143.8589217,238
15,2,156.724185,238
17,3,163.7930603027344,238
6,1,118.2442526,238
7,1,123.6128919,238
16,3,163.0148315429688,238
8,1,128.6761139,238
15,3,163.1023864746094,239
18,2,159.4300989,239
18,3,165.0658111572266,239
7,2,123.4150175,239
5,1,112.0926618,239
6,1,118.0975561,239
11,3,145.1599273681641,239
5,2,111.8922909,239
7,3,123.5449676513672,239
11,1,144.1698736,239
6,2,117.8819406,239
10,2,140.026002,239
14,1,162.8611369,239
18,1,170.8138996,239
16,3,164.5287475585938,239
15,1,167.1446696,239
9,1,134.0107946,239
12,2,151.6581084,239
14,3,160.3394165039063,239
8,1,128.9330823,239
16,2,159.3579811,239
19,3,165.2040557861328,239
15,2,158.9581501,239
6,3,117.9916076660156,239
5,3,111.9941711425781,239
8,2,128.7707376,239
13,1,156.6729358,239
9,3,134.1142425537109,239
17,2,159.415782,239
14,2,157.7535199,239
11,2,146.1827088,239
19,2,159.5750019,239
12,1,149.9826708,239
10,3,139.5161743164063,239
12,3,150.8076629638672,239
10,1,139.0231357,239
17,3,165.0008392333984,239
17,1,170.5505725,239
13,3,156.0719451904297,239
9,2,134.2212289,239
13,2,155.4540342,239
19,1,170.9377364,239
16,1,169.5812351,239
7,1,123.6705046,239
8,3,128.8532867431641,239
19,1,170.1946377,242
11,1,141.6934382,242
12,3,148.9935760498047,242
7,1,121.6984265,242
15,1,165.2052872,242
12,2,150.5127984,242
14,3,158.8006439208984,242
17,1,169.508461,242
6,1,116.4436338,242
9,3,132.3020629882813,242
17,2,158.7510745,242
6,3,116.8067398071289,242
7,2,122.4408817,242
10,3,137.6436920166016,242
12,1,147.5486266,242
11,3,143.2900390625,242
8,2,127.6221103,242
17,3,164.2309875488281,242
19,3,164.6505126953125,242
16,3,163.4262847900391,242
5,2,111.5969672,242
5,3,111.2168807983398,242
13,2,154.3996184,242
18,1,170.0160826,242
16,2,158.6443128,242
15,3,161.7490844726563,242
15,2,158.1144547,242
5,1,110.8510532,242
10,1,136.5666504,242
11,2,144.9633282,242
9,2,132.9835695,242
8,1,126.7280034,242
10,2,138.7670122,242
14,1,160.6955037,242
13,1,154.3425741,242
7,3,122.0625076293945,242
16,1,168.003125,242
18,2,158.7924353,242
18,3,164.4873046875,242
19,2,158.9734888,242
9,1,131.645982,242
8,3,127.1666564941406,242
13,3,154.3702850341797,242
14,2,156.7906346,242
6,2,117.1842144,242
19,1,169.3446626,243
16,3,160.4685668945313,243
12,2,146.3789199,243
13,2,150.2708751,243
10,1,135.0250808,243
9,2,128.8676092,243
6,1,114.4983729,243
10,3,134.8470916748047,243
16,1,166.0255229,243
14,1,158.8482277,243
5,1,108.6370238,243
18,1,168.5282496,243
11,2,140.8447409,243
18,2,155.4084703,243
7,1,119.9466714,243
13,1,152.5961421,243
8,3,124.2922592163086,243
19,3,162.6966094970703,243
14,3,155.8161315917969,243
5,3,107.7642440795898,243
17,3,161.4278259277344,243
15,1,163.2699372,243
5,2,106.8605451,243
8,1,125.1024423,243
10,2,134.6636429,243
15,3,158.7418212890625,243
7,3,119.0719146728516,243
13,3,151.4497528076172,243
14,2,152.7024322,243
16,2,154.7844031,243
17,2,155.1153337,243
12,1,145.8957734,243
7,2,118.1667127,243
18,3,162.0374603271484,243
19,2,155.9097396,243
12,3,146.1338806152344,243
17,1,167.6054264,243
15,2,154.1011717,243
11,3,140.4739379882813,243
6,2,112.7270807,243
11,1,140.1137387,243
9,3,129.4875030517578,243
9,1,130.0881546,243
8,2,123.4550878,243
6,3,113.6282424926758,243
12,1,152.3808294,244
19,3,170.28955078125,244
6,2,119.7889038,244
6,1,120.7301018,244
7,1,126.2430399,244
16,2,162.1361171,244
15,3,165.8556213378906,244
7,2,125.2871148,244
10,2,141.9342334,244
14,3,162.8707427978516,244
16,1,172.5025991,244
17,2,162.5715459,244
11,2,148.156953,244
18,1,175.1513258,244
8,2,130.6297394,244
8,1,131.4520292,244
8,3,131.0491027832031,244
12,3,153.0202789306641,244
16,3,167.6444549560547,244
18,3,169.4438781738281,244
12,2,153.7275394,244
13,3,158.4163055419922,244
9,3,136.2909240722656,244
11,3,147.3311462402344,244
10,1,141.4558778,244
13,1,159.1024715,244
15,1,169.8091599,244
19,1,176.233249,244
13,2,157.6522016,244
19,2,163.7025241,244
6,3,120.2865753173828,244
5,1,114.7983999,244
14,2,160.0894948,244
9,2,136.0916415,244
10,3,141.6873779296875,244
9,1,136.4824969,244
7,3,125.7817840576172,244
17,1,174.0707009,244
11,1,146.5739978,244
5,3,114.3494873046875,244
5,2,113.8601173,244
18,2,163.0212561,244
17,3,168.6800537109375,244
14,1,165.3763252,244
15,2,161.440991,244
8,2,129.712988,245
8,1,130.2015298,245
9,1,135.7929619,245
6,2,117.879746,245
5,2,111.4070402,245
19,1,176.6666387,245
5,1,111.5335891,245
13,1,160.1552733,245
11,2,148.4070889,245
12,3,153.6555480957031,245
16,2,162.9756929,245
11,1,146.8704883,245
6,3,118.0461807250977,245
7,3,124.1427993774414,245
18,2,162.9757081,245
16,3,168.7717437744141,245
13,3,159.2871704101563,245
9,2,135.6112494,245
10,1,141.2832205,245
18,3,169.8822784423828,245
18,1,176.4371061,245
9,3,135.7042388916016,245
8,3,129.9632110595703,245
12,2,154.2502327,245
6,1,118.203692,245
12,1,153.0873037,245
5,3,111.4720993041992,245
10,3,141.5590667724609,245
16,1,174.2367268,245
14,1,166.710808,245
10,2,141.8472961,245
15,3,167.0081329345703,245
17,2,163.0071703,245
14,2,160.9582173,245
15,2,162.41338,245
7,1,124.3810896,245
17,3,169.6021575927734,245
11,3,147.6229858398438,245
17,1,175.8427183,245
19,2,162.9735735,245
13,2,158.3748052,245
14,3,163.9088592529297,245
19,3,169.9932556152344,245
15,1,171.3500958,245
7,2,123.8916575,245
6,3,119.3158569335938,246
8,2,130.1601224,246
18,1,172.0201173,246
5,2,113.14004,246
12,2,153.2096761,246
14,2,159.1820367,246
11,3,146.4353790283203,246
13,3,157.3424377441406,246
6,1,119.4627883,246
19,2,160.0747236,246
11,1,145.2631061,246
10,2,141.5245593,246
14,1,163.7716333,246
16,3,165.5024566650391,246
5,3,113.3654251098633,246
16,2,160.1593938,246
10,1,140.1474248,246
8,3,130.146240234375,246
15,1,167.9611454,246
7,3,124.8449401855469,246
15,2,160.0241006,246
19,1,172.5288682,246
17,1,171.4801499,246
6,2,119.1648409,246
12,1,151.0305006,246
15,3,164.1989898681641,246
16,1,170.355667,246
7,2,124.7490968,246
17,3,166.05712890625,246
17,2,160.1242548,246
12,3,152.0625915527344,246
13,1,157.6595838,246
9,1,135.1650723,246
14,3,161.6020050048828,246
18,2,160.0721749,246
9,3,135.4103851318359,246
7,1,124.9383113,246
5,1,113.5829594,246
9,2,135.666659,246
10,3,140.8118591308594,246
13,2,156.9897849,246
8,1,130.1327639,246
18,3,166.2958374023438,246
11,2,147.7194709,246
19,3,166.5448913574219,246
13,1,161.188491,248
11,3,148.6941528320313,248
6,2,119.039679,248
7,1,126.2472657,248
15,2,161.9626007,248
7,3,125.7696380615234,248
15,1,171.9000382,248
14,3,164.2463226318359,248
19,2,162.9542244,248
17,2,162.5544873,248
17,1,175.4790039,248
12,1,154.2706286,248
9,2,136.9445746,248
5,1,113.9148963,248
13,2,158.5257949,248
15,3,167.0708618164063,248
6,1,120.300116,248
8,3,131.5171661376953,248
16,3,168.5792999267578,248
14,1,167.5323806,248
18,2,162.6243691,248
7,2,125.26895,248
16,2,162.4476922,248
17,3,169.1851806640625,248
10,1,142.6888017,248
12,3,154.5065002441406,248
19,1,175.7306254,248
10,3,142.8276062011719,248
14,2,160.7695943,248
5,2,112.1523093,248
13,3,159.8931121826172,248
11,1,148.1696438,248
16,1,174.3859469,248
6,3,119.6843566894531,248
19,3,169.4870910644531,248
18,1,175.6762965,248
8,1,131.8786768,248
8,2,131.137729,248
9,1,137.3216919,248
9,3,137.1378784179688,248
18,3,169.306396484375,248
10,2,142.973904,248
5,3,113.0537109375,248
11,2,149.2473563,248
12,2,154.7552415,248
5,2,112.7207875,249
11,2,147.7141448,249
16,1,172.2381426,249
16,2,162.7226374,249
11,1,146.0601211,249
14,1,165.0041406,249
13,2,157.4902256,249
11,3,146.8514862060547,249
17,1,173.7968018,249
17,2,163.3335371,249
10,3,141.1045227050781,249
6,3,119.3263702392578,249
7,1,125.416221,249
6,1,119.826465,249
5,1,113.8187577,249
7,2,124.374662,249
9,1,135.8180608,249
9,2,135.4060766,249
17,3,168.8411407470703,249
15,2,161.7518469,249
18,2,163.9087046,249
14,2,160.1158174,249
8,1,130.7073258,249
16,3,167.7257385253906,249
12,3,152.6464691162109,249
9,3,135.6260070800781,249
8,3,130.3032379150391,249
15,1,169.4646989,249
18,3,169.4840698242188,249
8,2,129.8304475,249
15,3,165.7607879638672,249
10,2,141.3668034,249
12,1,151.9288524,249
19,1,175.262148,249
13,1,158.6986136,249
5,3,113.2942428588867,249
13,3,158.1164398193359,249
6,2,118.763233,249
18,1,174.6099953,249
19,3,170.1169586181641,249
7,3,124.9361419677734,249
10,1,140.8694795,249
12,2,153.4195566,249
14,3,162.6519470214844,249
19,2,164.7412128,249
8,3,130.3258514404297,250
12,1,153.4897139,250
7,3,124.5951614379883,250
13,1,160.5858469,250
11,2,148.5483793,250
17,3,169.9496612548828,250
7,1,124.9756262,250
6,2,118.2833853,250
15,2,162.573816,250
10,2,142.0062226,250
17,1,176.299729,250
6,1,118.9622763,250
8,1,130.685507,250
13,2,158.5101623,250
16,2,163.2204482,250
17,2,163.2951469,250
14,1,167.1632029,250
5,3,112.2411193847656,250
12,2,154.3854201,250
14,2,161.0945541,250
15,3,167.3053131103516,250
10,3,141.8334808349609,250
5,1,112.5217168,250
16,1,174.715881,250
19,1,177.0762304,250
19,3,170.3202209472656,250
16,3,169.0986175537109,250
8,2,129.9478299,250
9,1,136.2130164,250
13,3,159.5706024169922,250
14,3,164.1940460205078,250
18,1,176.8882247,250
18,2,163.2665442,250
15,1,171.8291859,250
18,3,170.2308044433594,250
9,3,136.0126647949219,250
5,2,111.945253,250
9,2,135.8017824,250
11,3,147.8847503662109,250
10,1,141.6695993,250
7,2,124.1956733,250
6,3,118.6316452026367,250
11,1,147.2545877,250
12,3,153.9269104003906,250
19,2,163.2823349,250
8,3,132.1758270263672,251
12,2,153.981384,251
18,3,169.0187530517578,251
19,3,169.2260894775391,251
5,2,113.7218492,251
7,3,126.9916610717773,251
12,1,153.8031781,251
13,1,160.299822,251
5,1,117.6921531,251
17,1,173.9965256,251
16,2,162.8455024,251
14,2,160.5701268,251
14,1,166.3170863,251
13,3,159.2124633789063,251
13,2,158.0099121,251
9,3,137.3303833007813,251
6,2,119.6462116,251
18,2,163.196027,251
16,1,172.8893009,251
17,2,163.0957887,251
16,3,168.1773986816406,251
9,2,136.0805226,251
11,1,148.2039657,251
6,3,121.5884246826172,251
8,1,133.6839363,251
15,1,170.4620907,251
17,3,168.803466796875,251
19,1,174.2778051,251
5,3,115.7716827392578,251
10,2,141.9995259,251
9,1,138.5122467,251
11,3,148.2559051513672,251
7,2,125.1667076,251
6,1,123.3925724,251
10,3,142.6573638916016,251
15,3,166.5517272949219,251
7,1,128.6832826,251
19,2,163.3587205,251
8,2,130.5554735,251
11,2,148.3116193,251
12,3,153.8883056640625,251
14,3,163.6119537353516,251
18,1,174.2365148,251
15,2,162.0973283,251
10,1,143.2854331,251
15,2,157.9481479,252
18,2,159.4386305,252
7,3,124.7964477539063,252
13,3,156.1295471191406,252
18,3,166.0687561035156,252
19,1,173.3391969,252
14,3,160.2401428222656,252
15,1,167.9512639,252
6,3,119.4426574707031,252
12,1,151.3754709,252
13,1,157.8090466,252
16,2,158.5787283,252
16,1,170.4776926,252
9,1,136.3356109,252
19,2,160.3877681,252
8,3,129.903564453125,252
19,3,166.8515014648438,252
8,2,128.1673237,252
5,3,113.6407928466797,252
14,1,163.7924804,252
14,2,156.7005155,252
5,1,115.8231996,252
10,1,141.0218956,252
15,3,162.9337615966797,252
11,2,145.3375868,252
8,1,131.5861124,252
10,3,140.1535034179688,252
12,3,151.0520477294922,252
6,1,121.4492588,252
18,1,172.7285425,252
11,1,145.8549834,252
17,2,158.9552956,252
13,2,154.4500409,252
9,3,134.9606323242188,252
12,2,150.7271091,252
17,3,165.419677734375,252
16,3,164.5066070556641,252
11,3,145.5976257324219,252
9,2,133.5509012,252
5,2,111.3537657,252
10,2,139.2697969,252
7,1,126.6629751,252
7,2,122.8585514,252
6,2,117.3482329,252
17,1,171.9254596,252
8,2,132.229582,253
19,3,169.7205047607422,253
11,1,152.2817267,253
10,3,145.5463562011719,253
12,1,157.5803158,253
13,2,158.6075173,253
9,1,143.1699013,253
5,2,115.3635939,253
9,2,137.630098,253
14,1,169.420309,253
15,1,173.1530576,253
10,2,143.3729429,253
18,1,175.7209247,253
12,3,156.2371215820313,253
14,3,165.1541290283203,253
15,2,162.0456388,253
17,2,162.6922799,253
11,3,150.8891754150391,253
11,2,149.4641572,253
9,3,140.4545440673828,253
19,2,163.3659112,253
8,3,135.5050964355469,253
7,1,133.9073512,253
5,1,123.4673885,253
7,2,126.891602,253
8,1,138.6345197,253
16,3,168.8552093505859,253
18,3,169.4203796386719,253
19,1,175.7689619,253
15,3,167.6283416748047,253
6,1,128.891858,253
17,1,175.6565408,253
16,2,162.5241351,253
13,3,161.1935577392578,253
5,3,119.5253295898438,253
16,1,175.0788635,253
17,3,169.2612457275391,253
7,3,130.4873352050781,253
6,3,125.2275619506836,253
14,2,160.8555156,253
18,2,162.8794319,253
13,1,163.7553146,253
10,1,147.6526691,253
6,2,121.3625329,253
12,2,154.8735356,253
15,3,160.0040435791016,255
18,2,156.813282,255
16,3,161.5237884521484,255
12,1,147.0186542,255
19,1,167.8218061,255
8,1,126.2960362,255
9,1,131.2827113,255
7,3,120.6856918334961,255
12,2,148.5252541,255
14,2,154.7365593,255
8,2,125.5452575,255
16,2,156.6372221,255
10,3,136.5082855224609,255
11,3,142.1372222900391,255
12,3,147.7655944824219,255
14,1,159.7091133,255
16,1,166.3852876,255
6,3,115.2104034423828,255
9,2,130.9893949,255
11,2,143.0051474,255
5,3,109.3075866699219,255
10,1,136.2154431,255
10,2,136.810098,255
11,1,141.2896892,255
13,2,152.3686083,255
17,1,167.5123316,255
13,3,152.9918060302734,255
15,2,156.0713141,255
7,2,120.2199999,255
18,1,167.767961,255
6,2,114.7306457,255
18,3,162.3078308105469,255
17,2,156.7694571,255
19,2,156.9663127,255
19,3,162.4044799804688,255
17,3,162.1611938476563,255
14,3,157.2296447753906,255
6,1,115.6748264,255
5,2,108.8051842,255
8,3,125.9271392822266,255
13,1,153.6098134,255
9,3,131.1384887695313,255
5,1,109.7915759,255
15,1,163.9211696,255
7,1,121.1366573,255
12,1,141.9519203,256
6,1,109.4055159,256
12,2,144.5162715,256
19,2,151.6113617,256
5,2,104.6565116,256
8,3,121.0275802612305,256
19,3,158.1372528076172,256
6,3,110.0406036376953,256
18,1,164.1295376,256
10,1,130.7359011,256
13,1,148.6512892,256
18,3,157.747314453125,256
18,2,151.4002662,256
17,3,157.4460144042969,256
10,2,132.9586837,256
15,3,155.3641204833984,256
9,2,127.1573003,256
11,2,139.0944134,256
19,1,164.7772995,256
17,1,163.3640162,256
16,3,156.7939758300781,256
5,3,103.9833145141602,256
8,2,121.6921041,256
9,1,125.6009862,256
6,2,110.7158101,256
12,3,143.1796569824219,256
13,2,148.1186251,256
15,1,159.2193915,256
7,1,115.0540408,256
14,3,152.6398620605469,256
5,1,103.3464772,256
11,1,136.0143811,256
7,2,116.3024743,256
8,1,120.4131155,256
16,2,151.4548258,256
7,3,115.6565933227539,256
10,3,131.7998657226563,256
17,2,151.4325551,256
13,3,148.3963470458984,256
14,2,150.2075556,256
14,1,154.8680846,256
15,2,151.2008328,256
16,1,161.8782341,256
11,3,137.490478515625,256
9,3,126.3477401733398,256
18,2,156.5228537,257
16,2,155.7789284,257
5,2,107.4560978,257
8,2,124.2631078,257
8,1,126.7317677,257
6,3,114.7400512695313,257
19,3,163.2460021972656,257
11,1,141.8579052,257
9,3,130.7674865722656,257
15,1,164.7239115,257
18,3,162.8455200195313,257
15,3,159.9760131835938,257
16,3,161.6311492919922,257
12,2,147.2880298,257
12,3,147.4670867919922,257
11,3,141.8023681640625,257
6,1,116.0001708,257
19,1,169.1806977,257
9,1,131.7676455,257
17,1,168.5244397,257
7,1,121.5155868,257
17,2,156.172474,257
17,3,162.4629974365234,257
13,1,154.2938536,257
7,2,118.9192597,257
7,3,120.2522125244141,257
15,2,155.0271255,257
14,1,160.4532244,257
5,1,110.0642844,257
18,1,168.9541751,257
19,2,157.1279028,257
10,3,136.1576385498047,257
5,3,108.7960891723633,257
13,2,151.1769397,257
10,2,135.5434466,257
11,2,141.7441835,257
6,2,113.4097285,257
14,2,153.6045413,257
8,3,125.5293807983398,257
10,1,136.7434373,257
13,3,152.7705841064453,257
12,1,147.6381846,257
16,1,167.2567922,257
14,3,157.1014251708984,257
9,2,129.7167583,257
9,2,130.2920175,258
15,2,155.0160618,258
19,1,168.0382223,258
8,1,128.067613,258
12,1,148.4937078,258
8,3,126.4611282348633,258
17,2,155.6233909,258
8,2,124.85465,258
10,3,136.9667053222656,258
14,2,153.7720099,258
16,2,155.506617,258
15,3,160.1607818603516,258
7,2,119.5118812,258
10,1,137.8398664,258
18,1,168.0504733,258
6,1,117.6084002,258
11,3,142.5350952148438,258
6,2,113.9917559,258
18,3,161.8229675292969,258
7,3,121.239143371582,258
7,1,122.9830153,258
5,2,108.0197713,258
12,2,147.6933348,258
19,2,155.925971,258
13,1,155.0068688,258
17,1,168.005075,258
5,1,111.8223325,258
17,3,161.8614959716797,258
9,1,132.9811795,258
11,1,142.8377228,258
5,3,109.9556198120117,258
12,3,148.0935211181641,258
15,1,165.0311292,258
10,2,136.084166,258
19,3,162.0767211914063,258
9,3,131.6503143310547,258
14,3,157.4735870361328,258
13,3,153.2539978027344,258
16,1,167.2607557,258
14,1,160.9877401,258
11,2,142.2290786,258
13,2,151.4797472,258
6,3,115.8169784545898,258
16,3,161.5123748779297,258
18,2,155.6912834,258
14,3,165.8203735351563,260
6,2,119.817389,260
19,3,171.3524627685547,260
13,1,162.7013258,260
9,3,137.7673645019531,260
18,3,171.2400512695313,260
14,1,169.1493121,260
19,2,164.4480416,260
18,1,177.7523791,260
18,2,164.4385692,260
8,1,132.5756646,260
8,3,132.0335693359375,260
14,2,162.3845031,260
17,3,171.0646362304688,260
10,1,143.7537553,260
5,2,113.4644548,260
7,2,125.7319015,260
9,2,137.3066262,260
6,1,120.6082426,260
11,1,149.3981516,260
16,1,176.1612228,260
7,1,126.7478045,260
5,3,113.7549819946289,260
12,2,155.7675436,260
13,2,159.8447553,260
10,3,143.6180572509766,260
16,2,164.4107833,260
7,3,126.2502975463867,260
6,3,120.2217330932617,260
16,3,170.4216766357422,260
5,1,114.0328789,260
15,2,163.8232132,260
15,3,168.8123016357422,260
11,2,149.9765867,260
12,3,155.7083282470703,260
9,1,138.2098972,260
12,1,155.6506899,260
17,2,164.4546971,260
15,1,173.5872465,260
8,2,131.4729344,260
11,3,149.6829528808594,260
19,1,177.9734522,260
17,1,177.3853543,260
10,2,143.4766818,260
13,3,161.2954254150391,260
14,3,163.4064178466797,261
12,3,153.78271484375,261
12,1,154.7580848,261
5,1,118.8839284,261
5,2,112.8082614,261
7,2,124.1732047,261
14,2,158.9470014,261
15,3,166.4742279052734,261
11,1,149.2113601,261
15,1,171.0981383,261
8,3,132.1363983154297,261
7,3,127.0369415283203,261
10,1,144.3275653,261
13,2,156.4530891,261
17,2,161.7740837,261
6,2,118.7055062,261
13,3,159.0389251708984,261
8,2,129.4880752,261
19,3,168.9074859619141,261
16,1,173.2652458,261
11,3,148.2320098876953,261
19,1,173.6443245,261
18,2,162.1833158,261
17,1,173.8357416,261
15,2,160.4631521,261
14,1,167.0854448,261
13,1,161.1722532,261
11,2,146.9588598,261
10,3,142.6682586669922,261
10,2,140.7496989,261
9,1,139.5844035,261
8,1,134.7847173,261
16,3,168.2969818115234,261
16,2,161.3046216,261
6,3,121.7208480834961,261
5,3,115.8460922241211,261
7,1,129.8139031,261
17,3,168.5830841064453,261
18,1,173.7681753,261
18,3,169.0101013183594,261
6,1,124.5534484,261
9,3,137.3238067626953,261
12,2,152.5241582,261
19,2,162.8172767,261
9,2,134.9262151,261
18,1,168.5711988,263
18,3,163.1884155273438,263
11,1,143.241467,263
12,1,148.9480423,263
7,1,123.1812585,263
6,2,115.6375015,263
10,3,138.0525207519531,263
19,3,163.3106689453125,263
9,1,133.2822273,263
14,2,155.429404,263
17,3,163.0303039550781,263
5,3,110.8383178710938,263
11,3,143.6347808837891,263
9,2,132.0727536,263
13,2,153.2746528,263
11,2,144.0630027,263
14,3,158.6829986572266,263
7,3,122.2451934814453,263
7,2,121.2008684,263
6,1,117.7541354,263
19,2,156.3860486,263
12,2,149.5227917,263
10,1,138.1932414,263
17,2,156.3864689,263
13,1,155.5139957,263
10,2,137.8999962,263
17,1,168.408644,263
8,2,126.5908211,263
5,1,111.9154429,263
6,3,116.7515182495117,263
16,3,162.5924682617188,263
13,3,154.4559936523438,263
19,1,168.6651722,263
15,2,156.2428182,263
9,3,132.7045745849609,263
15,1,165.6464346,263
15,3,161.3219299316406,263
12,3,149.2222747802734,263
16,2,156.3980155,263
14,1,161.5527463,263
8,3,127.5000457763672,263
16,1,167.7364099,263
8,1,128.3178029,263
18,2,156.3595104,263
5,2,109.631328,263
12,2,144.834424,264
6,2,110.9635828,264
9,2,127.2501301,264
11,3,137.2671203613281,264
15,1,159.2760021,264
13,3,148.5324554443359,264
17,2,153.5504548,264
16,2,153.2374426,264
19,2,154.2713179,264
19,3,160.3745269775391,264
13,2,148.7357888,264
13,1,148.3543051,264
14,1,154.7639689,264
5,2,105.0285825,264
10,2,133.0790943,264
18,3,159.7184448242188,264
12,1,141.4788094,264
11,2,139.284221,264
10,3,131.5468292236328,264
16,1,162.1250065,264
8,1,119.8335565,264
5,3,103.7681198120117,264
15,2,152.5509272,264
5,1,102.6382882,264
10,1,130.2067861,264
16,3,157.9812622070313,264
9,3,126.0774078369141,264
7,1,114.4399325,264
8,3,120.7530822753906,264
9,1,125.0495972,264
7,3,115.3885116577148,264
14,3,153.0872192382813,264
17,3,159.0527496337891,264
19,1,165.6100317,264
11,1,135.5040632,264
14,2,151.1745931,264
12,3,143.0445861816406,264
6,1,108.7497919,264
18,1,164.8299872,264
7,2,116.4610388,264
15,3,156.1363677978516,264
17,1,163.8382682,264
18,2,153.804686,264
8,2,121.798214,264
6,3,109.7922592163086,264
17,1,167.1820324,265
6,1,114.9959669,265
15,2,155.5780994,265
16,3,161.3059997558594,265
11,2,141.5733714,265
13,1,151.7248883,265
12,1,145.1614255,265
18,3,164.0859985351563,265
11,1,139.5544252,265
7,3,119.9998016357422,265
14,1,157.8984752,265
17,2,157.7772281,265
11,3,140.4942016601563,265
5,1,109.3954983,265
19,2,160.2821632,265
9,2,129.8423062,265
16,1,165.2282164,265
13,2,151.1486522,265
12,2,147.1314377,265
12,3,146.0779113769531,265
18,2,158.8356766,265
19,1,170.1197396,265
6,3,114.8939514160156,265
14,3,155.9993896484375,265
16,2,156.7956469,265
5,3,109.4265975952148,265
9,1,129.9259044,265
7,2,119.766237,265
8,1,125.1465401,265
8,2,124.6957598,265
14,2,153.8119356,265
10,2,135.466841,265
13,3,151.4569244384766,265
17,3,162.8059844970703,265
19,3,165.5344543457031,265
6,2,114.7800881,265
8,3,124.9351806640625,265
15,1,162.326208,265
5,2,109.4609827,265
10,1,134.6618852,265
18,1,168.6626183,265
10,3,135.0372314453125,265
15,3,159.1893920898438,265
9,3,129.8868408203125,265
7,1,120.2074763,265
7,2,114.22937,266
11,3,137.9229583740234,266
8,2,119.6821239,266
6,1,111.4288576,266
17,2,153.0478895,266
19,2,154.3332971,266
6,2,108.6272772,266
14,2,149.9626554,266
11,1,138.2246415,266
9,1,127.8554828,266
13,1,150.8672889,266
7,1,117.2067358,266
6,3,110.1091156005859,266
15,2,151.5634029,266
18,1,165.5445231,266
10,1,132.9828546,266
16,3,158.4286041259766,266
15,3,156.6768951416016,266
19,3,160.0872192382813,266
17,3,159.3003387451172,266
18,2,153.5602833,266
12,1,144.1124345,266
12,2,143.2924073,266
16,2,152.4878188,266
16,1,164.0660218,266
14,3,153.678955078125,266
12,3,143.7242584228516,266
7,3,115.8053283691406,266
10,3,132.1582489013672,266
14,1,157.1187501,266
15,1,161.47771,266
19,1,165.6368147,266
10,2,131.2269886,266
5,1,105.1763382,266
18,3,159.6737518310547,266
5,2,102.5986493,266
8,1,122.6400628,266
8,3,121.2490386962891,266
5,3,103.9610366821289,266
17,1,165.2740852,266
13,3,149.1934509277344,266
9,2,125.258375,266
13,2,147.3564775,266
11,2,137.5839928,266
9,3,126.6364364624023,266
14,1,164.4523421,267
19,2,162.2468103,267
11,1,145.7895733,267
11,3,146.2055816650391,267
14,3,162.0988006591797,267
13,3,157.3867034912109,267
6,2,118.138136,267
7,3,124.6040954589844,267
5,2,112.2288581,267
5,1,114.2410859,267
13,1,158.2409835,267
7,1,125.5729124,267
16,3,167.21630859375,267
8,1,130.7457136,267
12,3,151.9005737304688,267
12,1,151.563617,267
15,3,165.3005218505859,267
9,3,135.11767578125,267
11,2,146.6562509,267
13,2,156.2994514,267
9,1,135.7468108,267
17,1,172.778655,267
8,3,129.8702087402344,267
10,3,140.5393676757813,267
19,3,168.4683380126953,267
15,2,160.387151,267
10,2,140.3761483,267
6,1,120.1109767,267
18,3,168.4975280761719,267
19,1,173.2259737,267
17,3,168.1392669677734,267
12,2,152.2961176,267
17,2,161.5895537,267
15,1,168.8100701,267
18,1,173.1488361,267
18,2,161.8527866,267
10,1,140.6960732,267
16,2,161.2036757,267
5,3,113.2349700927734,267
8,2,128.9947143,267
7,2,123.6352855,267
6,3,119.1245574951172,267
9,2,134.4885365,267
14,2,158.8486712,267
16,1,171.4474264,267
6,3,122.2276916503906,268
10,1,142.2361866,268
10,2,142.3865627,268
14,2,160.2463394,268
14,1,164.1032237,268
11,3,147.6389465332031,268
5,2,114.6155615,268
19,1,173.0051711,268
7,3,127.3896331787109,268
11,1,146.8169901,268
6,1,123.8343331,268
8,2,131.2218731,268
7,1,128.732773,268
5,3,116.6419372558594,268
9,3,137.2391815185547,268
14,3,162.2480010986328,268
8,1,133.350802,268
17,3,167.3682556152344,268
13,3,158.0990295410156,268
15,3,164.9763336181641,268
10,3,142.3080902099609,268
16,1,170.4854788,268
7,2,125.943257,268
13,2,157.8659173,268
17,2,162.6363896,268
15,1,168.0965768,268
12,1,152.1001355,268
8,3,132.3286285400391,268
12,2,154.023937,268
9,1,137.8117042,268
13,1,158.3144774,268
18,1,172.5176425,268
9,2,136.6150015,268
18,2,162.8876992,268
6,2,120.5004575,268
19,3,168.3143768310547,268
5,1,118.533873,268
16,3,166.5401000976563,268
16,2,162.3175417,268
19,2,163.358956,268
17,1,171.8188396,268
15,2,161.6201867,268
12,3,153.0230255126953,268
18,3,167.8469085693359,268
11,2,148.5331008,268
6,2,115.7068763,269
8,2,126.4960911,269
5,3,110.9204483032227,269
14,2,155.626737,269
13,3,153.8393249511719,269
18,2,158.1573072,269
14,1,160.2550082,269
10,3,137.6643371582031,269
17,3,162.7484283447266,269
5,1,111.9669401,269
8,3,127.3324661254883,269
8,1,128.0581405,269
16,2,157.6534792,269
19,3,163.2113800048828,269
17,2,157.9323831,269
19,1,167.7680417,269
18,1,167.5801156,269
12,1,148.0072617,269
16,1,166.4072271,269
15,1,164.2073606,269
6,1,117.7271091,269
14,3,158.0414886474609,269
7,1,123.0499311,269
13,1,154.3905465,269
9,1,132.8737197,269
5,2,109.7925553,269
12,2,149.3912173,269
11,3,143.15625,269
7,3,122.1936874389648,269
15,2,156.991887,269
12,3,148.6711120605469,269
9,3,132.4237060546875,269
18,3,162.9770202636719,269
13,2,153.2436396,269
11,2,143.8836311,269
19,2,158.6040916,269
17,1,167.3378489,269
16,3,162.1697387695313,269
15,3,160.7223358154297,269
11,1,142.4865955,269
10,2,137.7161956,269
10,1,137.6173324,269
9,2,131.9203022,269
6,3,116.7809219360352,269
7,2,121.1830375,269
13,3,151.8252868652344,270
11,2,140.8004721,270
17,1,166.9049281,270
16,1,165.8378607,270
17,2,155.8438848,270
13,2,150.3610635,270
13,1,152.9831004,270
17,3,161.8070220947266,270
6,2,112.5005878,270
15,1,163.3677104,270
9,1,130.5292199,270
11,3,140.6741485595703,270
12,3,146.3644104003906,270
15,2,154.4314861,270
18,1,167.1433773,270
5,1,108.9897468,270
5,2,106.6094074,270
5,3,107.8457107543945,270
10,1,135.4832013,270
12,1,146.3407569,270
11,1,140.5779962,270
10,3,135.0920715332031,270
14,2,152.8887647,270
10,2,134.5698083,270
16,2,155.3165648,270
14,1,159.1246543,270
7,3,119.3233032226563,270
18,2,156.318819,270
18,3,162.0962371826172,270
8,3,124.5686416625977,270
8,2,123.2861893,270
19,3,162.3947448730469,270
6,1,114.8677337,270
15,3,159.3273468017578,270
7,2,117.9666643,270
16,3,161.0265350341797,270
7,1,120.337636,270
8,1,125.5192255,270
9,2,128.7326902,270
9,3,129.7650146484375,270
12,2,146.3949294,270
6,3,113.7757186889648,270
19,2,157.0313624,270
19,1,167.2259986,270
14,3,156.3383178710938,270
