age,sex,value,lid
16,3,160.1240165402161,1
6,2,112.6108369575652,1
18,2,157.5429018251122,1
8,1,121.778380438941,1
6,1,111.3067239210993,1
17,3,161.6665535857807,1
5,2,106.8967834569452,1
7,3,117.309679943804,1
10,1,131.5998147813012,1
12,2,146.5091205514521,1
17,1,166.2585360119392,1
16,2,156.2829585325396,1
19,2,158.2093786417998,1
15,1,160.5874241014653,1
18,3,162.8843380114829,1
13,3,149.9732403171761,1
7,2,117.9471352488771,1
19,3,164.1146513781695,1
6,3,111.9518495583817,1
9,3,127.6481470259713,1
13,1,149.3080631450113,1
14,3,154.606617416336,1
14,1,155.7951840754903,1
9,1,126.7091088431852,1
8,2,123.1885612307053,1
11,1,136.6677266535825,1
12,3,144.4771591175044,1
10,3,133.0197333566897,1
16,1,163.8886935573904,1
10,2,134.4701437767179,1
15,3,157.9082146474738,1
15,2,155.1726580732215,1
17,2,156.9861560029577,1
13,2,150.651711175965,1
14,2,153.3930711521916,1
9,2,128.6075892955948,1
11,2,140.7816270472421,1
19,1,169.9269552641229,1
7,1,116.6861026586711,1
5,1,105.5251976781195,1
8,3,122.4758153972985,1
12,1,142.484094303891,1
5,3,106.2040798555519,1
18,1,168.1319858853249,1
11,3,138.7037627682957,1
5,1,104.1371594181253,2
5,3,103.8919075905731,2
16,1,162.4413077450231,2
10,2,131.6530249450621,2
7,2,115.1181265335252,2
17,1,164.2259432960685,2
8,2,120.4636637957927,2
8,3,120.6675845940912,2
11,3,136.7870637349465,2
18,1,165.3121302488545,2
14,3,152.6351397741051,2
12,1,141.545948749698,2
13,2,147.59705195443,2
13,1,148.3550881912562,2
10,3,131.1729243628263,2
14,1,154.7960987886419,2
7,3,115.388063673038,2
16,2,153.2956849918479,2
16,3,157.9908922604722,2
12,2,143.4892565916738,2
8,1,120.8590910354756,2
19,3,160.7315052482846,2
6,2,109.582394299362,2
10,1,130.7213311282802,2
6,3,109.8423181169748,2
17,3,159.2283432373106,2
13,3,147.9870563200131,2
14,2,150.3485169540695,2
9,1,125.8150886326415,2
7,1,115.6414444869265,2
18,3,160.0049688821896,2
17,2,153.9624773988902,2
5,2,103.6301199894176,2
18,2,154.4181336955424,2
6,1,110.0860813873568,2
15,3,155.9093712516572,2
9,3,125.8319969435882,2
15,1,159.4550845966919,2
19,1,166.2304919598743,2
11,2,137.8664191390493,2
19,2,154.9451773679129,2
12,3,142.4889327654374,2
15,2,152.1630123740256,2
11,1,135.7705941977819,2
9,2,125.8499935620914,2
16,2,163.0143251525295,3
17,1,175.3413213205263,3
8,1,130.2072766152662,3
19,1,176.8646770068549,3
11,3,146.8019035343218,3
13,2,157.6790151652321,3
7,3,124.4242564032948,3
14,3,162.9667584223405,3
5,3,112.5932589402549,3
8,3,129.9672087971614,3
9,1,135.4688224329871,3
19,3,170.5910291459256,3
17,2,163.4910680565103,3
15,3,166.2428934148063,3
13,3,158.297452175643,3
10,2,141.3230440208414,3
14,1,165.4540838138811,3
10,1,140.5934057310914,3
19,2,164.0719848386209,3
12,1,151.9306911507776,3
7,1,124.6787709943652,3
6,3,118.7066054939479,3
11,2,147.737922560554,3
16,3,168.3077141059604,3
18,3,170.166313051568,3
15,1,170.2567564281867,3
18,1,176.3708851399215,3
15,2,162.0717372647557,3
14,2,160.3786118802459,3
17,3,169.5249220121349,3
5,2,112.5301159962608,3
9,3,135.4084437245064,3
11,1,145.9030450553921,3
5,1,112.6538439539388,3
6,2,118.5290331492531,3
12,2,153.5293994448285,3
8,2,129.717390137082,3
9,2,135.3458271321304,3
10,3,140.9510843637875,3
7,2,124.1581706263817,3
12,3,152.7141278352748,3
16,1,173.4061410723135,3
13,1,158.8915139223608,3
18,2,163.7610828185499,3
6,1,118.8766636684276,3
7,2,119.9084118112079,4
19,1,169.0205440897753,4
17,1,167.8693476375842,4
5,2,107.9006832299606,4
5,1,109.0184056588786,4
9,3,131.0634734240744,4
9,1,131.1664923312693,4
16,2,155.7331670400342,4
10,1,136.2031223790524,4
13,2,152.0761552773306,4
13,3,152.9570328218124,4
7,1,120.7392505130042,4
9,2,130.9577659285137,4
16,1,166.6172614312752,4
13,1,153.8201555401626,4
19,3,162.6198644251172,4
19,2,156.2115580227655,4
12,3,147.7634622992248,4
6,3,114.6392012017498,4
18,2,155.8447494797666,4
18,1,168.4763234790983,4
5,3,108.4682422338462,4
10,3,136.5012067586755,4
8,2,125.4143121357841,4
6,2,114.1629196151998,4
10,2,136.8070368605694,4
17,2,155.7884408430174,4
12,2,148.3798716396194,4
15,3,159.778769440899,4
16,3,161.2045391368808,4
12,1,147.1617419243821,4
14,1,159.9518911961032,4
6,1,115.10133820955,4
7,3,120.329788179053,4
11,2,142.9588045283583,4
11,1,141.3590259734194,4
11,3,142.1487313907523,4
15,2,155.3411618655943,4
14,2,154.2435288344691,4
14,3,157.1198714827447,4
18,3,162.1769853968302,4
8,3,125.7376483876316,4
17,3,161.8548684627885,4
15,1,164.1613270328253,4
8,1,126.0524363956748,4
17,1,176.0348155229091,5
5,2,111.9634091477952,5
18,1,176.2005779904723,5
7,3,125.6025801258754,5
6,1,120.0778093463353,5
6,2,118.8210333467307,5
14,1,167.8771729554186,5
10,3,142.7708675090439,5
16,1,174.9032546281532,5
6,3,119.4639943384693,5
16,2,162.5407716707332,5
7,1,126.1391092289306,5
12,3,154.541927780851,5
8,2,130.9121499001918,5
10,1,142.7571337690102,5
19,3,169.8073036251243,5
10,2,142.7853299148464,5
14,3,164.4331791156899,5
15,3,167.3389873653586,5
18,2,162.7321926813671,5
8,1,131.8634885644383,5
11,3,148.675207588749,5
19,1,176.1745527183907,5
11,2,149.0983182433755,5
9,3,137.0524269103053,5
5,1,113.5811991783565,5
11,1,148.2735280493888,5
7,2,125.0401630962217,5
18,3,169.670578411639,5
5,3,112.790921595961,5
9,2,136.7308843982245,5
13,3,159.9987329680404,5
9,1,137.3583726193655,5
12,1,154.4327610997456,5
14,2,160.7827545208592,5
8,3,131.3991958583204,5
13,1,161.432475033057,5
15,1,172.3400469339405,5
13,2,158.4830790582664,5
17,2,162.6592902492593,5
17,3,169.5525238612849,5
19,2,163.0404439710713,5
15,2,162.0239673226814,5
12,2,154.6571215656933,5
16,3,168.9133421562441,5
15,3,165.0566807863771,6
18,3,168.3373673388344,6
16,3,166.9463270706876,6
7,2,122.455907196875,6
19,1,174.8357640290264,6
10,1,138.9693076308681,6
8,1,128.1421573595931,6
18,1,174.5092193126733,6
16,2,161.4061893531898,6
18,2,161.8113503020363,6
13,3,157.1564459431567,6
11,1,144.486919433449,6
12,2,152.3287234583188,6
8,3,128.1355390676973,6
6,1,116.4999455032778,6
13,2,156.4438398452884,6
17,1,173.7900899865449,6
6,2,116.6222930686057,6
10,3,139.4751059724023,6
9,2,133.8997943072191,6
19,3,168.5806061486276,6
10,2,140.0211106539093,6
6,3,116.5591265107657,6
8,2,128.1284335533113,6
16,1,172.1289342320921,6
17,2,161.6561666093821,6
9,3,133.7418575598241,6
12,3,151.4859082681643,6
17,3,167.9106165546697,6
5,2,110.3607974883861,6
15,2,160.633331685125,6
12,1,150.7034264978007,6
11,3,145.462016783738,6
11,2,146.5122609970959,6
13,1,157.8161744040808,6
14,2,159.0700274752629,6
9,1,133.5953217888843,6
5,1,110.1031908876703,6
19,2,162.0149596332439,6
15,1,169.1732594876421,6
14,3,161.8575251807539,6
14,1,164.4431010984199,6
7,3,122.4696139341149,6
5,3,110.228083215179,6
7,1,122.4823881789068,6
17,1,176.794547532116,7
8,1,131.2940950368187,7
10,3,142.4177590111066,7
9,1,136.853633433911,7
9,3,136.5867459665454,7
17,3,170.4426723612333,7
17,2,163.8058405943127,7
12,1,154.1619446737388,7
13,1,161.283589003339,7
13,3,160.1928045859009,7
16,1,175.3272902290416,7
6,2,118.7283572954453,7
5,1,112.9093049308135,7
18,1,177.2576975887983,7
9,2,136.3052142163338,7
16,2,163.747839954594,7
10,2,142.5176047077618,7
6,3,119.0876248105656,7
15,3,167.9322789449696,7
13,2,159.0419650778601,7
16,3,169.673125435998,7
11,1,147.9113878949879,7
18,3,170.6430940818724,7
7,3,125.1061337414023,7
6,1,119.4297647769383,7
19,2,163.7613965089324,7
19,1,177.3565651540232,7
12,2,154.9092860634638,7
15,2,163.1120510402392,7
8,2,130.4360312486006,7
14,2,161.6330075916038,7
5,2,112.3618529759807,7
5,3,112.6418587044075,7
7,1,125.5234834942158,7
14,1,167.8746226745523,7
11,2,149.0651257070522,7
12,3,154.5264818394914,7
11,3,148.4739996182651,7
7,2,124.6657508854831,7
18,2,163.7615385232342,7
19,3,170.6703729839194,7
10,1,142.3231600868085,7
14,3,164.8357921301669,7
15,1,172.5145824323886,7
8,3,130.8763611948759,7
12,3,149.8751757570192,8
7,3,122.56700854781,8
14,3,159.4297290595118,8
7,1,122.7785317012754,8
6,3,117.0274307335608,8
16,1,168.7739985212575,8
16,2,158.3910710366018,8
11,1,143.3043230659657,8
10,3,138.5649493141127,8
14,2,156.8173069111706,8
11,3,144.2152126982106,8
15,3,162.1782035597112,8
12,1,149.1065921605193,8
15,1,166.2582016555604,8
19,1,170.658289757204,8
17,2,158.4875784812565,8
9,1,133.172313912009,8
11,2,145.1538834654514,8
18,2,158.5231686855503,8
10,1,138.1698267364967,8
8,3,127.8888339339711,8
13,2,154.50686619076,8
9,2,133.1547570521469,8
18,1,170.4271068330218,8
16,3,163.6558102748276,8
8,2,127.7013222459816,8
5,3,111.0670482880847,8
19,2,158.6624133697359,8
19,3,164.7394114180588,8
13,3,155.1566981352087,8
5,2,110.8653717755413,8
5,1,111.263009348483,8
10,2,138.9722797787328,8
7,2,122.3492423179394,8
14,1,161.9688649336122,8
8,1,128.0710894481719,8
6,1,117.2207149168544,8
12,2,150.6669621203509,8
9,3,133.1636598541001,8
15,2,157.9840331981242,8
17,3,164.3291061950269,8
6,2,116.8285187216772,8
18,3,164.5583780785775,8
17,1,170.0033440528402,8
13,1,155.7878433917682,8
15,2,152.9625119684412,9
17,2,153.3426722388607,9
17,1,165.6548298907188,9
6,1,113.2563351575454,9
12,3,145.955718960908,9
18,3,159.6324872300554,9
9,1,129.6248999703687,9
9,2,129.0877547608563,9
14,1,158.3474614712342,9
5,3,106.5380059757883,9
18,1,166.0424712680316,9
12,2,146.2316386467997,9
9,3,129.3591642733308,9
7,2,118.1087864577728,9
13,1,152.3105697838022,9
8,1,124.442123120009,9
7,1,119.025006407961,9
13,2,149.8467392936795,9
16,2,153.3103614796309,9
14,3,155.1318710195391,9
18,2,153.4030800072996,9
13,3,151.0841456485021,9
15,3,157.6491801485405,9
12,1,145.6852157130307,9
7,3,118.5726600771544,9
5,2,106.0423809134754,9
14,2,151.933690336478,9
19,1,166.4566975845211,9
10,1,134.7036781331735,9
5,1,107.0199724863004,9
6,2,112.3524304541146,9
16,3,158.9313308062353,9
10,2,134.8515725754289,9
8,2,123.5979580019204,9
10,3,134.7767983791461,9
17,3,159.4369033064131,9
11,3,140.3851163922831,9
8,3,124.02473095352,9
19,3,160.0197793746984,9
16,1,164.639962190783,9
19,2,153.8342191183972,9
15,1,162.3962359283962,9
6,3,112.8105179563596,9
11,1,139.8797863179149,9
11,2,140.9022983995479,9
10,1,135.0917910718776,10
10,3,135.7908174695552,10
16,1,166.7781718274864,10
11,2,142.797599012789,10
18,3,164.2409504814132,10
16,2,157.6254690720858,10
15,2,156.7129721024731,10
6,3,114.4679510976419,10
11,3,141.5014668887565,10
16,3,162.2132687061645,10
12,1,146.0671200746296,10
10,2,136.4975214565748,10
7,3,119.8980907311457,10
12,3,147.2656420716263,10
8,2,125.122022745225,10
5,2,108.4593471597939,10
6,1,114.605377746947,10
18,1,169.9371412393094,10
13,3,152.68385090058,10
6,2,114.3282599938574,10
18,2,158.483423301327,10
14,2,155.1089095489831,10
8,3,125.1326320218934,10
9,3,130.3694806877072,10
9,2,130.6064891347643,10
5,3,108.6440275834356,10
17,1,168.6635134791489,10
19,3,165.1219632995783,10
19,2,159.0145660895566,10
7,1,120.0066003095396,10
8,1,125.1430830611801,10
5,1,108.825700138658,10
13,2,152.5112319643592,10
13,1,152.8555742970542,10
14,3,157.1733887929787,10
12,2,148.4733463992122,10
14,1,159.2289436199688,10
17,3,163.4078876355658,10
15,3,160.2715368432578,10
19,1,171.1012225764895,10
11,1,140.218084499272,10
15,1,163.8138296952077,10
7,2,119.7878095538473,10
17,2,158.1186951888251,10
9,1,130.1353769005037,10
6,2,111.7473993466289,11
14,1,154.6412114858447,11
16,1,162.4891813780569,11
19,1,167.5012822370616,11
12,2,145.9830210774681,11
7,2,117.195023868113,11
10,3,132.1540003956128,11
14,3,153.7121295070527,11
10,1,130.3845563532205,11
8,2,122.5292168369645,11
5,1,104.0856295613792,11
18,2,156.5934632789103,11
11,2,140.2636969681575,11
9,3,126.7216147259011,11
19,3,162.327237680377,11
15,3,156.92026967686,11
6,1,109.8951817331584,11
17,2,156.1285710201721,11
5,3,104.9909703964968,11
12,3,143.6700147423837,11
9,2,128.0219212936962,11
8,3,121.481601878633,11
17,3,160.3691991370962,11
11,1,135.5096860369993,11
19,2,157.1717207297006,11
12,1,141.3596182348159,11
5,2,105.9043878874957,11
13,1,148.1865985944896,11
15,2,154.4863357656027,11
8,1,120.4414416458606,11
9,1,125.4288771768397,11
16,2,155.5115779009536,11
7,1,115.3078047220772,11
16,3,159.0054132210778,11
13,3,149.1398909457928,11
17,1,164.6015842621526,11
15,1,159.3485200802034,11
11,3,137.8832771014205,11
7,3,116.2476031949421,11
14,2,152.7822317780041,11
18,3,161.360363781026,11
18,1,166.130077058303,11
6,3,110.8174097995257,11
10,2,133.9318247928256,11
13,2,150.0936353125304,11
5,2,106.0628582563,12
9,2,129.3392581739757,12
8,3,123.6826752001585,12
19,1,167.964340828904,12
12,2,147.4383331348566,12
6,1,112.7048654624987,12
6,3,112.5073347027359,12
14,1,158.7012472580942,12
5,1,106.6822728123122,12
10,2,135.3783800010778,12
5,3,106.3841140314578,12
11,3,140.6439189135825,12
15,2,155.2959413328248,12
8,2,123.6394186053732,12
15,1,162.875382710341,12
11,1,139.5939781643503,12
16,1,165.1718062042468,12
10,1,134.2052851850207,12
6,2,112.2953230414354,12
12,3,146.508607108796,12
18,2,156.7680171858692,12
7,1,118.3389789342969,12
9,3,129.1568239111672,12
12,1,145.6318802057601,12
17,2,156.3946208241576,12
16,2,156.0080517260637,12
9,1,128.9856629094209,12
19,2,157.471207133584,12
15,3,159.1903473912268,12
13,1,152.475165904404,12
8,1,123.7231955652429,12
16,3,160.7137170339456,12
14,2,153.8834062447165,12
17,1,166.244229866298,12
13,2,151.4135165919193,12
10,3,134.773641318153,12
19,3,162.8521024487769,12
18,1,166.8993824686709,12
7,3,118.2012267899735,12
14,3,156.3603324727633,12
11,2,141.7590454429451,12
7,2,118.0538451896345,12
13,3,151.9596619123017,12
18,3,161.9653919704714,12
17,3,161.4497862814827,12
11,3,144.7513540934804,13
19,2,164.2526068970681,13
5,1,110.8306540739319,13
8,2,127.8213221981967,13
18,3,169.9246828274338,13
13,3,156.457630387071,13
14,3,161.3466748320459,13
16,1,171.8810432786109,13
15,2,161.3717607479645,13
19,3,170.5474450851928,13
9,2,133.4106580824026,13
12,1,149.5714536634043,13
5,3,110.9737315557026,13
6,3,116.9442584845454,13
17,3,168.9535040395486,13
9,1,133.199971084439,13
14,2,159.3312524892685,13
8,3,127.9311461987073,13
7,3,122.5201923657853,13
15,1,168.363379886674,13
12,2,151.9365000039464,13
7,2,122.3743810600188,13
5,2,111.1221425486616,13
19,1,176.5259141679077,13
15,3,164.9203082407561,13
12,3,150.7349433024482,13
17,1,174.3040847195743,13
9,3,133.3039681907711,13
6,2,116.9114043731854,13
13,2,156.3268049476141,13
8,1,128.0375528788519,13
6,1,116.9758817495281,13
14,1,163.2984013578311,13
10,3,138.8553384179351,13
18,2,163.9152848511563,13
10,2,139.4393983661779,13
17,2,163.4884435932849,13
18,1,175.80475545471,13
7,1,122.6603280231837,13
11,1,143.5670369700536,13
10,1,138.2891089022952,13
16,2,162.6931215255327,13
11,2,145.9758840224607,13
13,1,156.5841795006362,13
16,3,167.3472018145086,13
5,1,103.9502608263638,14
18,3,160.9064325841357,14
12,2,146.0501072135783,14
10,1,131.4956655473772,14
17,3,160.2671020377821,14
13,2,149.9569818069578,14
15,2,153.7981617594705,14
7,2,117.5945601475097,14
6,1,110.0817793029451,14
17,1,165.033869327597,14
9,3,127.3349802778442,14
13,1,149.6106344195142,14
8,1,121.1630285589866,14
15,3,157.3821526553241,14
16,3,159.2158757213626,14
10,2,134.2881848765399,14
16,1,163.3564494909682,14
12,1,142.7130786079797,14
17,2,154.9129825664513,14
7,3,116.6358176843132,14
6,3,111.0188149289672,14
11,1,136.7599403178227,14
18,1,165.971722541142,14
15,1,160.5279262409577,14
11,3,138.5053375397661,14
9,2,128.4417393889732,14
19,2,155.8756417355343,14
19,1,166.6902981106538,14
6,2,112.0555120768387,14
9,1,126.3581512753419,14
11,2,140.4995509733894,14
13,3,149.7720209557567,14
7,1,115.7764630858166,14
19,3,161.5485855125767,14
5,2,106.0620509415632,14
14,1,156.0171739324025,14
8,2,122.965052328614,14
10,3,132.801621436714,14
14,3,154.326079894371,14
14,2,152.3913286739211,14
8,3,122.0111869794005,14
12,3,144.2681165954446,14
5,3,104.9574363005844,14
16,2,154.5277947958306,14
18,2,155.2690681549988,14
12,1,146.656855379562,15
12,3,147.0713955429469,15
16,3,161.3514837695382,15
18,2,156.2816739703414,15
7,2,119.0450356639303,15
11,2,141.958886750637,15
14,1,159.7060798252147,15
13,1,153.4383225360251,15
11,1,140.7596581920997,15
5,3,108.0213315310855,15
19,3,162.7123877912032,15
8,2,124.4069638667149,15
5,2,107.5623851465241,15
14,3,156.8202262103427,15
13,3,152.4402044520325,15
9,2,129.8833131080896,15
19,2,156.6502061276283,15
16,1,166.6870942539635,15
7,1,120.0463651323681,15
10,2,135.7376006010135,15
18,1,168.3990880302862,15
7,3,119.5552265320026,15
6,3,113.9993212216793,15
17,3,162.1418264125417,15
10,3,135.6312705044422,15
18,3,162.4444826984812,15
8,1,125.3347435073807,15
15,1,164.071681656928,15
17,1,167.9858729788885,15
6,1,114.4599101950422,15
19,1,168.5892202706482,15
15,2,155.1461912024353,15
11,3,141.3451949620336,15
10,1,135.5298919360469,15
13,2,151.3916245360111,15
15,3,159.71025287625,15
9,3,130.1745119488956,15
6,2,113.5206825468347,15
8,3,124.8804427252013,15
17,2,156.0826343802321,15
16,2,155.7902800353763,15
9,1,130.4528314826248,15
5,1,108.4632612363285,15
14,2,153.7929402283243,15
12,2,147.5059240374584,15
5,3,105.0709124203834,16
11,2,141.1197969473573,16
19,1,169.0818369656834,16
17,1,165.987939500226,16
19,2,157.924724877674,16
6,2,112.2967411632493,16
12,3,144.6397187182546,16
9,1,126.0017425461061,16
18,1,167.5681168658795,16
9,3,127.3901129344009,16
11,1,136.4276574680838,16
13,1,149.382562767948,16
8,3,122.0201847512755,16
16,1,163.8608966353725,16
6,3,111.0664199391975,16
17,2,156.8502033509109,16
10,3,132.9392550393216,16
10,1,131.1374930809429,16
15,2,155.2835255122611,16
16,3,160.064783082195,16
15,1,160.6972406877795,16
14,3,154.7816678155987,16
19,3,163.4888083782485,16
16,2,156.2609125638232,16
8,1,120.8165392011388,16
15,3,157.9945990747419,16
13,3,150.1724797002363,16
7,1,115.4728578170249,16
8,2,123.230683662105,16
5,2,106.3377408556361,16
10,2,134.7506406905692,16
6,1,109.8430835376188,16
12,2,146.8605505136791,16
17,3,161.4198577545857,16
9,2,128.7860775065934,16
12,1,142.4299705181212,16
14,1,155.9313164654635,16
5,1,103.8111013098546,16
14,2,153.6274129375093,16
7,2,117.831959278708,16
18,3,162.4360370087846,16
18,2,157.3149918868259,16
13,2,150.9660540853438,16
7,3,116.6489423620772,16
11,3,138.7675683757191,16
12,3,144.9523326786974,17
9,1,127.5117530099596,17
7,2,117.8682667967397,17
18,2,157.6933240191861,17
15,1,162.0108928016132,17
15,3,158.7085150924261,17
6,1,112.1050892817479,17
5,2,106.7644991956619,17
16,2,156.3060053377359,17
16,1,165.5266025987051,17
17,2,157.0400801772808,17
12,2,146.5289215342233,17
10,3,133.4367867179846,17
8,1,122.5500592005962,17
5,1,106.4191726963513,17
9,2,128.6096787670086,17
17,1,168.1317110300627,17
14,3,155.2795735611488,17
13,2,150.6695626524215,17
7,1,117.4472226375607,17
12,1,143.4593681824684,17
13,3,150.5289495400451,17
14,2,153.4124844334935,17
19,3,165.5382047477092,17
10,2,134.4868487902617,17
15,2,155.1939083209615,17
6,2,112.4994568758892,17
16,3,161.0582884093841,17
11,2,140.8014328714389,17
18,3,164.1443325593936,17
19,2,158.528691915485,17
8,3,122.8451967902346,17
5,3,106.587839411487,17
6,3,112.2971944128362,17
7,3,117.6519593014994,17
11,1,137.564179256046,17
13,1,150.396299138329,17
8,2,123.1569955348151,17
11,3,139.1385134857862,17
10,1,132.4429874068249,17
14,1,157.03364871554,17
17,3,162.7560251676983,17
9,3,128.0455914260068,17
18,1,170.2120068173313,17
19,1,172.1425364952008,17
15,2,162.0239673226815,18
13,1,161.432475033057,18
18,1,176.2005779904723,18
15,3,167.3389873653586,18
7,3,125.6025801258754,18
16,3,168.9133421562441,18
8,2,130.9121499001918,18
9,2,136.7308843982245,18
14,1,167.8771729554186,18
10,1,142.7571337690102,18
10,2,142.7853299148464,18
11,1,148.2735280493888,18
6,1,120.0778093463353,18
19,2,163.0404439710713,18
14,2,160.7827545208592,18
12,2,154.6571215656932,18
8,3,131.3991958583204,18
18,2,162.7321926813671,18
8,1,131.8634885644384,18
19,3,169.8073036251243,18
14,3,164.4331791156899,18
17,1,176.0348155229091,18
11,2,149.0983182433755,18
13,3,159.9987329680404,18
9,1,137.3583726193655,18
9,3,137.0524269103053,18
15,1,172.3400469339405,18
5,1,113.5811991783565,18
12,3,154.541927780851,18
7,2,125.0401630962217,18
13,2,158.4830790582664,18
19,1,176.1745527183907,18
18,3,169.670578411639,18
16,2,162.5407716707332,18
10,3,142.7708675090439,18
17,3,169.5525238612849,18
17,2,162.6592902492593,18
7,1,126.1391092289306,18
11,3,148.675207588749,18
5,3,112.790921595961,18
6,3,119.4639943384693,18
5,2,111.9634091477952,18
16,1,174.9032546281532,18
6,2,118.8210333467307,18
12,1,154.4327610997456,18
11,2,148.6806528173003,19
16,3,169.2300727843404,19
7,2,124.7435696698632,19
13,2,158.5368839366779,19
18,1,177.1474332989597,19
17,3,170.2731701178922,19
18,2,163.8934818919429,19
19,2,164.0386370995198,19
17,1,176.3681997779511,19
9,3,136.263325072355,19
6,3,119.0912724292772,19
14,2,161.1488144831353,19
6,2,118.8551818162379,19
7,1,125.3082292711868,19
14,3,164.1044663242629,19
13,1,160.3231213623897,19
11,3,147.8870696718569,19
16,1,174.6987030260195,19
6,1,119.3160682366786,19
18,3,170.6012668876913,19
11,1,147.1275211998675,19
8,1,130.9515134745764,19
7,3,125.0331346674281,19
15,3,167.2969519369484,19
19,1,177.4817117777534,19
10,1,141.6791771360027,19
12,1,153.2623766043859,19
19,3,170.7293007639176,19
9,1,136.3638653285639,19
5,1,112.8469551619403,19
9,2,136.1586813821316,19
16,2,163.5102095950376,19
14,1,166.9383489545011,19
13,3,159.4492322009494,19
10,3,141.9548283880978,19
5,2,112.4427206574548,19
10,2,142.2426718766269,19
15,1,171.7037731694969,19
8,2,130.41409703683,19
15,2,162.7145738888652,19
5,3,112.6489569687791,19
17,2,163.8043779645888,19
12,3,153.8398964929638,19
8,3,130.6885575612414,19
12,2,154.4425415617532,19
15,1,168.9519682299391,20
17,2,161.688006337067,20
6,2,119.02656781629,20
17,3,167.54936406623,20
16,2,161.1166684726229,20
19,3,169.0132563314602,20
10,1,142.1046431353155,20
13,1,158.7781816291808,20
8,1,132.7521981178097,20
19,2,163.1036857020682,20
13,2,156.2442494195921,20
12,3,152.356033274871,20
6,3,120.8929348307557,20
13,3,157.565542442546,20
6,1,122.6496772028499,20
11,3,146.8641074069763,20
18,3,168.240055702795,20
15,3,164.782895824035,20
19,1,174.3861994670042,20
18,2,162.2553964031348,20
15,2,160.2337214893149,20
16,3,166.5412605012763,20
14,2,158.7167391173568,20
10,3,141.4347630581197,20
10,2,140.7142879983112,20
7,1,127.8492198257597,20
14,1,164.760157664392,20
12,1,152.3608247957569,20
9,3,136.2622781029862,20
17,1,172.9007555772813,20
5,2,113.2400114777347,20
7,2,124.391916844242,20
5,1,117.0277564212604,20
11,1,146.8797264008325,20
11,2,146.8472270930486,20
16,1,171.5057187305425,20
8,2,129.613825959788,20
12,2,152.3508357550181,20
5,3,115.1893223916817,20
8,3,131.235335542335,20
18,1,173.6955061740117,20
7,3,126.1749905223247,20
14,3,161.8682122996447,20
9,2,134.9689779931093,20
9,1,137.4680694610969,20
18,2,156.6038424771878,21
5,3,109.0245773597416,21
15,2,156.1136444047797,21
16,3,161.9197350642606,21
19,3,163.4601761699278,21
8,3,126.2522405393205,21
5,2,108.3908770911219,21
11,2,143.6133768876802,21
15,3,160.4495569624538,21
7,3,120.8466440049937,21
17,2,156.5611624155834,21
9,2,131.541180246978,21
17,1,168.5648611777043,21
18,3,162.9893793029505,21
8,2,125.9618572469483,21
14,3,157.7458552708121,21
16,2,156.5106109465769,21
9,1,131.6243930217333,21
12,2,149.0716869730008,21
7,1,121.2560054362433,21
8,1,126.5344476031648,21
9,3,131.5833567309527,21
16,1,167.2203315888735,21
11,3,142.6905419751529,21
19,1,169.8721925984678,21
5,1,109.6378781542143,21
10,3,137.0293561309456,21
17,3,162.6191386946834,21
18,1,169.2670381376863,21
6,3,115.169800137075,21
12,1,147.595553861883,21
6,2,114.6594433257337,21
10,1,136.6440341661157,21
15,1,164.6914663984502,21
13,3,153.5441267890338,21
14,1,160.4302957135037,21
19,2,156.9484723678568,21
7,2,120.4247655819523,21
6,1,115.6643052455842,21
14,2,154.9980088810986,21
13,2,152.8025844525757,21
13,1,154.2677740117625,21
11,1,141.7913732754193,21
10,2,137.4250436864892,21
12,3,148.3242540245509,21
19,2,151.8480828688882,22
12,2,141.3897996722231,22
11,3,134.2708182217093,22
13,3,145.3735857324419,22
12,1,138.5711246482124,22
11,1,132.8359468594826,22
17,1,161.2647455369399,22
7,1,113.5797151102751,22
14,3,149.911317108978,22
18,2,151.4862949928626,22
13,2,145.4275122004515,22
12,3,139.9530067453159,22
19,3,157.5080353338658,22
8,2,118.4856081079527,22
15,2,149.7022104146363,22
19,1,163.0321331886982,22
5,3,102.7908805464988,22
8,3,118.4564439192426,22
10,2,129.5637779082149,22
16,2,150.6745025019796,22
16,3,155.0912173522964,22
5,1,103.0599464722822,22
6,3,108.3063775858444,22
14,2,148.0517732929122,22
8,1,118.4286010091256,22
7,2,113.3418269602914,22
15,3,153.0762246170725,22
18,1,162.364957986427,22
15,1,156.3423791617502,22
6,2,108.1087671269613,22
9,3,123.4751625803471,22
10,1,127.8845169001448,22
17,2,151.179319897452,22
7,3,113.4636413417529,22
16,1,159.376376271958,22
13,1,145.3216082715182,22
18,3,156.9971877575917,22
6,1,108.4943903347155,22
10,3,128.7062088883866,22
9,2,123.8076817076229,22
17,3,156.292992038004,22
11,2,135.7656554308896,22
14,1,151.707510781084,22
9,1,123.1571279239126,22
5,2,102.5076830349484,22
17,3,162.1763607746621,23
6,1,116.1091464639049,23
9,2,131.3981846863933,23
16,3,160.8223427514448,23
8,2,126.3016699597603,23
13,1,150.8776802700943,23
12,1,144.6859209482235,23
5,1,110.3048982074343,23
11,3,141.1872238556934,23
9,1,130.6793505630253,23
13,2,152.2386570796939,23
12,3,146.4888107447146,23
5,3,110.513208714504,23
10,2,136.9320391481228,23
15,2,156.432627030935,23
6,2,116.2613021221586,23
16,2,157.4488925610298,23
16,1,164.0609308917363,23
17,2,158.043516611753,23
11,1,139.5103457469409,23
18,3,163.0975150818957,23
17,1,166.1413801202301,23
13,3,151.5469395024066,23
6,3,116.1843275449233,23
19,1,168.4957172631404,23
5,2,110.726419186747,23
14,2,154.7826550329738,23
14,3,155.805140959904,23
14,1,156.7912053045521,23
8,1,126.1699202531758,23
7,2,121.3555558566,23
10,3,135.9719602799296,23
15,3,158.8207778682943,23
7,3,121.3578705848318,23
18,1,167.5729605366666,23
11,2,142.9234153952425,23
9,3,131.0332280096421,23
12,2,148.3527049293842,23
8,3,126.2349266469539,23
15,1,161.1154195678579,23
19,2,158.8161472390247,23
7,1,121.3601312452285,23
19,3,163.7596193140408,23
18,2,158.4282485844296,23
10,1,135.0447377276195,23
14,1,151.7117950899494,24
16,1,159.9049664855588,24
18,1,163.7284019376767,24
18,3,158.1365275290464,24
6,3,107.830656773746,24
8,3,118.4510717001767,24
15,3,153.0967522050637,24
13,1,145.3356024904111,24
7,2,112.8839709039512,24
5,2,101.5412522902307,24
12,2,140.5118570934184,24
10,1,128.3916405079457,24
16,2,150.8104195058431,24
7,1,113.7131255027396,24
6,1,108.1483675017509,24
9,2,123.2587029882296,24
14,2,147.4082527184861,24
12,1,138.7341192703749,24
13,3,144.9727345405932,24
10,3,128.6295128000976,24
15,2,149.426303179891,24
11,2,134.9627809878814,24
5,1,102.0197166403096,24
7,3,113.31292636389,24
19,3,158.5669698003554,24
17,1,162.2624035076255,24
8,2,118.0317769393899,24
17,2,151.6987288060435,24
10,2,128.8849716191475,24
13,2,144.5834285139403,24
5,3,101.7885515137065,24
16,3,155.5057347713385,24
19,1,164.4010092387186,24
12,3,139.5914454116782,24
15,1,156.5296163719612,24
9,1,123.6849207966841,24
6,2,107.4903840763933,24
18,2,152.1839120870601,24
11,1,133.1917239725074,24
14,3,149.6339590245997,24
19,2,152.3606912930364,24
8,1,118.8417916587193,24
11,3,134.0458439912084,24
17,3,157.1486527782762,24
9,3,123.479431833316,24
5,3,114.8412574635119,25
13,1,160.134686722975,25
8,3,131.8486980017886,25
8,2,131.4430917112678,25
17,1,174.4833262402823,25
12,3,153.8243086957389,25
11,2,148.8209454761654,25
10,3,142.5569884833479,25
12,1,153.4244761740543,25
17,2,161.9998356011555,25
16,2,161.850645823504,25
16,1,173.18704462316,25
15,2,161.4007647015668,25
15,3,166.1188553444669,25
19,3,169.0149000756655,25
11,1,147.5871305734346,25
5,1,115.1680478020701,25
16,3,167.6383686220598,25
7,2,126.0772947798364,25
18,2,162.1357899179935,25
7,3,126.501449829709,25
19,2,162.5009517027217,25
14,2,160.2118906896575,25
13,3,159.0786110846792,25
7,1,126.9053133409196,25
19,1,175.2651256592297,25
6,1,121.2554965133893,25
10,1,142.4133646712053,25
8,1,132.23482482769,25
5,2,114.4986700240931,25
14,1,166.3405892842094,25
6,2,120.5217348764508,25
18,1,174.9766808165083,25
6,3,120.8974753300787,25
14,3,163.3433572312857,25
11,3,148.1898824282319,25
17,3,168.3732071136927,25
15,1,170.6425406465927,25
9,3,137.1442960056627,25
9,2,136.9092879052962,25
12,2,154.2427779326464,25
13,2,157.9746393557497,25
9,1,137.3681016079372,25
10,2,142.7074465262136,25
18,3,168.6936117085545,25
7,1,116.9466379729599,26
18,3,163.6405623582586,26
6,3,112.2648278855366,26
13,3,150.0290312139577,26
17,1,166.6419774369353,26
13,1,149.2861816925982,26
16,2,156.8280718125737,26
19,3,165.2377094054091,26
15,3,158.1009692275105,26
19,1,171.4102474194738,26
10,3,133.0359121188274,26
5,3,106.6795416355618,26
10,2,134.4160575727967,26
11,1,136.6982321152578,26
14,3,154.7148481026731,26
9,2,128.5644659443331,26
7,2,118.0674741053556,26
18,1,168.9336928987536,26
9,3,127.6981947537393,26
5,1,105.9716985690913,26
11,3,138.7110698615674,26
19,2,159.0466768401854,26
8,3,122.5840301351635,26
14,2,153.6417003754772,26
7,3,117.5019967330237,26
8,2,123.2036999069655,26
15,2,155.5644056323692,26
17,3,162.167503787711,26
8,1,121.9751439012881,26
15,1,160.6101282060171,26
5,2,107.4004719547246,26
16,3,160.4462078435438,26
18,2,158.3256194263575,26
6,2,112.8900729722788,26
9,1,126.8465485270967,26
16,1,164.0350404339822,26
17,2,157.6669699044695,26
6,1,111.6509064281394,26
11,2,140.7559250558771,26
12,3,144.4983247092282,26
10,1,131.6784611651868,26
12,2,146.5458023803105,26
14,1,155.7740187186503,26
12,1,142.4807688432548,26
13,2,150.7824216627433,26
8,1,124.0082702935994,27
6,1,113.1656573699847,27
5,3,107.2044599670861,27
7,1,118.7344879193096,27
18,3,163.223389123993,27
9,3,128.9566838028856,27
15,2,154.6714435172229,27
18,1,169.6758430121168,27
16,1,166.4425342182126,27
17,3,162.3707454301,27
11,3,140.1028960385551,27
13,2,150.508803418446,27
12,3,145.8934873205442,27
11,1,139.3844338898406,27
7,2,118.2291513786029,27
14,1,158.6949667955098,27
10,3,134.3745844928767,27
14,2,153.0929047726097,27
8,3,123.7272647833798,27
5,1,107.1915060718794,27
16,3,161.1222651545376,27
13,3,151.3782677885479,27
17,2,156.0655349487883,27
8,2,123.4338123158409,27
12,2,146.4874210091392,27
10,1,134.1540749008146,27
14,3,155.9510035372327,27
13,1,152.2141659065654,27
6,3,113.0433225615366,27
5,2,107.2180009003824,27
12,1,145.3226797987043,27
19,1,170.7064123269495,27
15,3,159.1204044129743,27
19,2,156.9969255982816,27
7,3,118.4873115673825,27
19,3,164.0401463320059,27
9,2,128.8029798277875,27
16,2,155.5653283360863,27
18,2,156.4557666732959,27
11,2,140.8519540899209,27
10,2,134.6047337149534,27
15,1,163.3838106330219,27
9,1,129.103932624801,27
17,1,168.3974646829339,27
6,2,112.9154600747987,27
18,1,178.2391969090527,28
18,2,164.912123371894,28
8,1,132.7220546525207,28
12,1,155.0913377961291,28
19,3,171.9852257180222,28
5,2,114.3536553556277,28
7,3,126.7610983032644,28
14,3,165.702238977871,28
10,2,143.8137955590377,28
18,3,171.7217378571428,28
16,2,164.6208179178453,28
10,3,143.6339595885966,28
11,3,149.5866458614182,28
12,3,155.5397968367816,28
16,3,170.4813468476933,28
12,2,156.0113336193981,28
6,1,121.1949665932634,28
14,1,168.6515760734841,28
9,3,137.9297543461828,28
10,1,143.4626260215826,28
7,1,127.124034526856,28
13,1,162.1286883225966,28
9,2,137.723570248328,28
5,1,114.8138316379237,28
15,2,164.0239955366894,28
17,3,171.3380501111429,28
8,3,132.3673016364065,28
17,1,177.5783637728027,28
7,2,126.3803821005925,28
19,1,178.5423893776218,28
13,3,161.1242810787122,28
5,3,114.5892765499249,28
16,1,176.043649905198,28
19,2,165.1714182453165,28
15,1,173.2415176425437,28
9,1,138.1264200559148,28
15,3,168.7544863633724,28
11,1,148.9441069946312,28
8,2,131.9951365422157,28
17,2,164.7878605221112,28
14,2,162.5959857005352,28
11,2,150.2620536503686,28
13,2,160.0677367886762,28
6,3,120.9019358370096,28
6,2,120.5945732497628,28
17,3,167.9707042990901,29
17,1,174.0999614039351,29
13,3,158.5657153649293,29
6,3,118.6339633329043,29
14,1,166.0478554720851,29
14,2,159.6619632727885,29
15,1,170.392990540865,29
8,3,130.2141033687719,29
9,3,135.7756266484393,29
19,1,174.8984574123433,29
16,3,167.2642482161381,29
19,3,168.6479757506536,29
18,1,174.5744952419178,29
5,2,111.8159543372013,29
15,2,160.8705900880744,29
10,3,141.4331253804908,29
12,3,153.1430078749106,29
15,3,165.760676442104,29
16,1,172.8809259347134,29
11,3,147.2963971902708,29
16,2,161.3268732636161,29
14,3,162.939741149793,29
11,2,147.9338429346891,29
10,1,141.2478925692593,29
7,1,124.9139805823228,29
7,2,124.1999975700041,29
18,2,161.6552885703657,29
7,3,124.5661410010641,29
6,2,118.2634514319901,29
6,1,118.9860462452564,29
12,1,152.7873296329104,29
9,1,135.9283927434248,29
9,2,135.6148760180179,29
17,2,161.4882683230204,29
5,1,112.6495323259354,29
19,2,162.0821144950017,29
11,1,146.6906761457887,29
12,2,153.5173688048548,29
18,3,168.2818843450721,29
8,1,130.5219862449208,29
5,3,112.2432017750743,29
8,2,129.8902220818798,29
13,1,159.7068260884129,29
10,2,141.6281118113112,29
13,2,157.3631941095329,29
7,3,115.7841316491712,30
8,1,120.2133317946206,30
18,2,156.6311283490733,30
14,3,153.8810969732179,30
15,3,157.1663896105168,30
15,2,154.2413731448559,30
9,1,125.3764322187675,30
13,1,148.6817114115376,30
10,1,130.4840235590812,30
6,2,111.2415123624353,30
6,1,109.2395680920436,30
13,2,149.7652441398585,30
7,2,116.712603973673,30
9,2,127.585056830752,30
17,3,160.7642479728333,30
17,2,156.0344202515428,30
14,1,155.25086150264,30
12,2,145.6224114277871,30
6,3,110.2301409778309,30
11,2,139.8758901528282,30
19,2,157.381876203327,30
5,2,105.366625113041,30
11,1,135.7502921625092,30
5,1,103.1891608881068,30
16,3,159.3156641267682,30
16,2,155.3235552037746,30
8,2,122.0677543912138,30
7,1,114.8753747149721,30
10,3,131.9864107883566,30
10,2,133.5193824583495,30
16,1,163.2650167420502,30
8,3,121.1304733256371,30
19,1,168.6158108605675,30
18,1,167.0812450401108,30
18,3,161.8716022276575,30
12,3,143.6616639783606,30
14,2,152.4932624088474,30
11,3,137.7940627547816,30
15,1,160.0554911850628,30
12,1,141.7321965377324,30
5,3,104.2668856147487,30
9,3,126.4690798335355,30
17,1,165.4529378043403,30
19,3,163.0044377630211,30
13,3,149.2196335390124,30
10,3,129.8954279051713,31
13,1,146.4993032355993,31
5,1,103.2665571317561,31
8,3,119.6205367186452,31
6,1,109.2074999959885,31
6,3,109.1037164383795,31
6,2,108.9939724116275,31
5,2,103.1605133104534,31
13,3,146.433978246642,31
11,2,136.6690652807987,31
19,1,165.9267504446495,31
10,2,130.5057320226259,31
16,3,156.8006301940374,31
14,3,151.0835878567044,31
11,1,134.199878254779,31
17,1,163.3652151013405,31
7,1,114.6545548708367,31
9,3,124.6785003808964,31
18,3,159.411650629923,31
10,1,129.3186405402131,31
5,3,103.2149870678044,31
7,2,114.3444700771331,31
17,3,158.3765703744604,31
12,1,139.8271285219202,31
8,1,119.7263353734349,31
12,3,141.0185147205076,31
15,3,154.4851440856956,31
7,3,114.5038876630127,31
16,2,152.3336730330113,31
11,3,135.3999013184926,31
13,2,146.3649118895599,31
15,1,157.7190550866979,31
15,2,151.0735802645127,31
14,2,149.1515086519815,31
17,2,153.1324871242124,31
8,2,119.5085702118073,31
9,2,124.7954379946966,31
9,1,124.5680324048127,31
19,3,160.094995030483,31
16,1,161.0425450474187,31
14,1,152.9124712207564,31
18,1,164.9210815189299,31
18,2,153.6295795729243,31
12,2,142.278243973602,31
19,2,153.9712652764151,31
10,1,135.6866534935603,32
18,3,162.821271909535,32
13,1,153.3769047410841,32
17,2,155.8544449126234,32
9,2,129.486616077648,32
16,2,155.5176014801041,32
16,1,166.8640863526709,32
11,2,141.5052317914173,32
15,3,159.5315331792877,32
14,1,159.6594610827504,32
12,3,146.8455951716525,32
12,2,147.0588662327391,32
6,3,114.1046036288591,32
14,2,153.4129945979355,32
15,1,164.1036938621767,32
19,2,156.6559640973131,32
11,1,140.8178370434064,32
7,3,119.6003573864632,32
7,2,118.7412663483997,32
6,2,113.2798569159316,32
14,3,156.5840544883126,32
18,2,156.152038617103,32
17,1,168.4341716272612,32
9,1,130.7025071235996,32
17,3,162.2269230931747,32
5,3,108.1903146308813,32
9,3,130.1049522731192,32
5,1,108.9589020916204,32
5,2,107.3926509091528,32
10,3,135.4984518920918,32
6,1,114.9001036423541,32
10,2,135.3036992081092,32
15,2,154.8252952419488,32
19,1,170.1038386603961,32
12,1,146.6393701734783,32
8,2,124.0525829459724,32
16,3,161.2683009905566,32
8,3,124.8684784352071,32
7,1,120.4297201125365,32
13,3,152.1910162924917,32
11,3,141.155610985451,32
13,2,150.9664584903832,32
18,1,169.3273021581587,32
19,3,163.4556251927294,32
8,1,125.6565721320365,32
19,1,168.0826694964694,33
18,2,156.4104443256002,33
17,2,156.0840382791854,33
14,3,155.7417024919588,33
10,1,133.8781996301661,33
5,1,107.1705597478499,33
14,2,153.3886741851106,33
11,1,139.0709685602004,33
18,1,167.163808459041,33
9,3,128.955653796647,33
9,2,129.0740569818368,33
5,3,106.8605044785634,33
19,2,156.9535928988061,33
7,2,118.1339167679958,33
6,3,112.8352957826288,33
7,3,118.3592038500721,33
5,2,106.5325362669416,33
13,2,150.8746948720409,33
8,1,123.7714719710397,33
12,3,145.9014648681357,33
11,2,141.2692926732146,33
6,1,113.0882769132785,33
10,2,134.9876823825601,33
7,1,118.5731886346725,33
18,3,161.8873059517025,33
10,3,134.4201153898926,33
8,3,123.6570944293303,33
16,3,160.393282353497,33
15,1,162.3561618332252,33
17,3,161.3039541007948,33
12,2,146.8952673374862,33
11,3,140.1453431196826,33
14,1,158.0023153321281,33
19,3,162.6246587845295,33
16,2,155.6724480122532,33
6,2,112.5684686345331,33
17,1,166.332381149084,33
9,1,128.8426865022084,33
15,2,154.8798603719387,33
13,3,151.3101299798899,33
13,1,151.7277792042627,33
15,3,158.6906569926875,33
16,1,164.9376701048924,33
12,1,144.9498293115698,33
8,2,123.536936501855,33
18,2,158.3286726,35
10,3,134.6435089111328,35
19,2,158.8961681,35
18,3,163.8918914794922,35
12,3,146.0716857910156,35
13,1,150.6844624,35
19,3,165.1709442138672,35
7,2,119.755381,35
17,3,162.7593536376953,35
19,1,170.8229972,35
9,1,127.9395954,35
6,3,113.1835098266602,35
15,3,159.2951202392578,35
10,2,136.4269615,35
6,1,112.121078,35
17,1,167.1446269,35
10,1,132.9176678,35
7,1,117.6641596,35
11,2,142.6966656,35
6,2,114.2823941,35
13,3,151.4932861328125,35
5,2,108.3941488,35
17,2,157.9262903,35
16,3,161.3694610595703,35
12,2,148.3368117,35
8,2,125.0897113,35
14,1,157.1170563,35
13,2,152.3507234,35
16,1,164.9519858,35
9,2,130.5588877,35
9,3,129.2276611328125,35
5,3,107.2604064941406,35
12,1,143.8832615,35
16,2,157.4360555,35
15,2,156.5463746,35
8,3,123.975227355957,35
11,3,140.3318786621094,35
7,3,118.6921463012695,35
5,1,106.1632908,35
14,2,154.9430519,35
18,1,168.9207374,35
8,1,122.8969239,35
15,1,161.8078417,35
11,1,138.0446017,35
14,3,156.0762481689453,35
13,3,150.1076202392578,36
8,2,123.4833752,36
8,3,122.3611679077148,36
16,1,163.0668245,36
6,1,110.3755164,36
12,3,144.6999359130859,36
10,3,133.1696472167969,36
6,2,112.5277611,36
16,3,159.2281799316406,36
17,1,164.6859921,36
17,3,160.2533569335938,36
19,2,157.0259227,36
16,2,155.4409612,36
15,3,157.4871826171875,36
14,1,155.75788,36
17,2,155.8971908,36
9,2,129.0102788,36
11,2,141.2121572,36
18,1,165.7889408,36
14,3,154.5346984863281,36
12,2,146.8515678,36
19,1,166.8797741,36
12,1,142.5367933,36
10,2,134.9206648,36
10,1,131.412012,36
13,2,150.8379519,36
9,3,127.6824035644531,36
15,2,154.7132678,36
5,1,104.4047108,36
19,3,161.88330078125,36
15,1,160.2905732,36
5,3,105.478385925293,36
6,3,111.4523162841797,36
11,3,138.9242553710938,36
7,1,115.9506535,36
9,1,126.3503915,36
13,1,149.3725402,36
7,3,117.0164184570313,36
11,1,136.6259769,36
5,2,106.5515117,36
8,1,121.2361416,36
14,2,153.3215616,36
18,3,161.0186004638672,36
7,2,118.0801424,36
18,2,156.3536047,36
14,3,156.2630767822266,37
13,1,152.1145432,37
15,2,155.4916063,37
6,3,112.5592880249023,37
18,3,163.1844635009766,37
11,1,139.1244568,37
8,1,123.2846038,37
8,3,123.6032180786133,37
11,2,141.6792136,37
12,2,147.3314364,37
13,2,151.3437502,37
12,1,145.1611235,37
9,2,129.4511198,37
13,3,151.7292633056641,37
14,1,158.6163646,37
17,3,162.4568176269531,37
6,1,112.1393034,37
19,2,158.351972,37
16,3,161.3157348632813,37
16,2,156.4173905,37
15,1,163.2754243,37
10,1,133.7598657,37
18,2,157.5398645,37
10,2,135.3686401,37
18,1,168.8716079,37
7,2,118.5301581,37
12,3,146.2447357177734,37
5,2,107.0208298,37
6,2,112.9875636,37
19,1,169.5623001,37
15,3,159.3780059814453,37
17,1,167.9478267,37
9,1,128.5481895,37
17,2,156.9975297,37
11,3,140.3984069824219,37
5,1,106.0338289,37
7,1,117.8529007,37
5,3,106.5216293334961,37
8,2,123.9259908,37
10,3,134.5610046386719,37
7,3,118.1888198852539,37
16,1,166.2351698,37
9,3,128.9972839355469,37
19,3,163.9303283691406,37
14,2,153.9126411,37
19,1,172.7499713,38
17,1,169.5797209,38
13,3,153.5420837402344,38
18,3,165.8825073242188,38
6,3,114.3099594116211,38
13,1,153.0900792,38
5,1,107.4182761,38
16,1,167.4675937,38
16,3,163.4514617919922,38
19,3,167.0170593261719,38
8,3,125.2751922607422,38
11,3,142.0932769775391,38
15,2,158.4698664,38
15,3,161.3687438964844,38
5,3,108.3259124755859,38
12,3,147.9952087402344,38
7,3,119.8957214355469,38
5,2,109.2511844,38
14,1,159.6090609,38
14,2,156.7189893,38
12,1,146.1471597,38
13,2,153.986204,38
12,2,149.8224498,38
7,1,119.1089253,38
7,2,120.6940718,38
9,2,131.6410534,38
14,3,158.1500701904297,38
17,2,160.2326894,38
18,2,160.8112167,38
8,2,126.0900791,38
16,2,159.548039,38
9,3,130.6482238769531,38
10,3,136.2322082519531,38
10,1,134.830402,38
6,2,115.1737383,38
15,1,164.3344158,38
11,1,140.1398392,38
19,2,161.5625894,38
18,1,171.1748068,38
10,2,137.6365598,38
17,3,164.8243255615234,38
9,1,129.6616999,38
6,1,113.4608997,38
11,2,144.0406069,38
8,1,124.4690371,38
8,2,123.8377562,39
18,1,170.1991119,39
14,3,156.3497314453125,39
19,2,161.6100901,39
12,1,144.040921,39
6,1,111.2747746,39
10,1,132.9713403,39
8,3,123.2353286743164,39
14,2,155.3791441,39
7,2,118.3050307,39
7,1,117.1577059,39
14,1,157.303792,39
11,1,138.1664596,39
11,2,142.1288844,39
12,2,148.059054,39
15,1,162.0370779,39
5,3,105.6902236938477,39
10,2,135.6066941,39
7,3,117.7250518798828,39
17,2,159.8252974,39
10,3,134.2754058837891,39
16,2,158.8236598,39
16,1,165.3368769,39
17,1,167.8523252,39
8,1,122.6459061,39
18,3,165.4508514404297,39
13,3,151.6302795410156,39
15,3,159.7467956542969,39
9,1,127.873171,39
12,3,146.0308227539063,39
19,3,167.3027954101563,39
6,2,112.6311337,39
17,3,163.8590698242188,39
11,3,140.1280212402344,39
5,1,104.8698227,39
15,2,157.420806,39
19,1,172.9843754,39
9,2,129.5137658,39
13,1,150.8641269,39
18,2,160.6720527,39
13,2,152.4105566,39
5,2,106.5289931,39
9,3,128.6847076416016,39
16,3,162.1016235351563,39
6,3,111.9454650878906,39
14,1,155.7445073,40
6,1,110.1537074,40
19,1,166.8651684,40
13,1,149.3543663,40
11,3,137.7411499023438,40
17,3,159.4689331054688,40
16,1,163.0277754,40
11,1,136.5747592,40
6,2,110.0921238,40
12,2,144.5981533,40
7,2,115.6607512,40
10,1,131.3351074,40
8,1,121.0969698,40
17,1,164.6454749,40
17,2,154.2818085,40
18,3,160.2437591552734,40
8,2,121.0834152,40
13,2,148.6488652,40
16,3,158.3942565917969,40
15,2,152.8395292,40
19,3,161.1174926757813,40
18,2,154.720361,40
12,3,143.5519714355469,40
9,2,126.6345433,40
14,3,153.4961395263672,40
6,3,110.1229629516602,40
12,1,142.5064075,40
9,3,126.4394302368164,40
5,1,104.1299589,40
11,2,138.908629,40
7,3,115.7170486450195,40
16,2,153.7537825,40
9,1,126.2447694,40
18,1,165.7561867,40
10,2,132.5767547,40
15,1,160.2682379,40
5,3,104.1159896850586,40
15,3,156.5558319091797,40
14,2,151.2458729,40
19,2,155.3653339,40
13,3,149.0017242431641,40
10,3,131.9554443359375,40
5,2,104.1019722,40
8,3,121.090202331543,40
7,1,115.7731804,40
6,1,112.136135,41
14,3,157.8656158447266,41
7,1,117.8430336,41
14,2,156.4298691,41
11,2,143.783563,41
18,2,161.0427092,41
19,2,162.2515775,41
11,1,139.1660872,41
9,1,128.5280391,41
5,2,109.1473113,41
5,3,107.5731353759766,41
16,2,159.3327865,41
15,2,158.1953678,41
8,1,123.2673109,41
7,3,119.2009811401367,41
6,3,113.5900115966797,41
12,3,147.4194488525391,41
8,3,124.6023559570313,41
16,3,163.7040100097656,41
5,1,106.0343083,41
17,3,165.5093383789063,41
14,1,159.275614,41
12,1,145.3263142,41
15,3,161.3125762939453,41
17,2,160.1724633,41
13,2,153.6992511,41
13,3,153.0828857421875,41
19,1,175.8257402,41
10,3,135.5577697753906,41
9,3,129.9909973144531,41
16,1,167.9962663,41
15,1,164.3714802,41
19,3,169.0800933837891,41
13,1,152.4768284,41
10,1,133.7418626,41
8,2,125.9640542,41
9,2,131.4813104,41
17,1,170.7549267,41
18,1,173.1865365,41
11,3,141.4554138183594,41
10,2,137.4057362,41
12,2,149.54726,41
6,2,115.0759575,41
18,3,167.1607208251953,41
7,2,120.5881276,41
13,1,149.2738014,42
17,2,159.4095962,42
16,3,161.7160339355469,42
18,1,169.1105702,42
10,3,134.0329742431641,42
19,2,160.3737294,42
9,2,131.4882128,42
11,2,143.8305061,42
8,1,120.1670993,42
11,1,136.011612,42
19,3,165.764404296875,42
18,3,164.4733428955078,42
15,3,159.5078582763672,42
13,3,151.4699554443359,42
12,1,142.1455222,42
9,1,125.4067686,42
7,3,117.6293563842773,42
17,3,163.2455444335938,42
14,1,156.0399455,42
6,3,112.0252456665039,42
8,3,123.0360412597656,42
10,2,137.4591267,42
15,2,157.9570676,42
8,2,125.9177512,42
17,1,167.0617046,42
16,2,158.8863409,42
12,2,149.5695635,42
15,1,161.0515795,42
9,3,128.4413452148438,42
19,1,171.1253984,42
13,2,153.6751833,42
14,2,156.3315988,42
18,2,159.8107796,42
16,1,164.5320912,42
5,1,103.1298989,42
7,2,120.4873173,42
10,1,130.6194171,42
6,2,114.9223088,42
5,2,108.9482134,42
6,1,109.1437365,42
11,3,139.9142761230469,42
7,1,114.7852085,42
12,3,145.8508453369141,42
5,3,106.0304870605469,42
14,3,156.1854553222656,42
6,2,113.4819323,43
13,3,151.193603515625,43
11,1,137.5389766,43
18,2,158.4261543,43
16,1,164.4688313,43
15,3,158.8938446044922,43
11,3,139.8567352294922,43
5,2,107.5067531,43
19,2,159.3152078,43
18,3,162.9066009521484,43
8,2,124.4391095,43
17,1,166.3069481,43
11,2,142.2386953,43
5,1,104.9323852,43
7,2,119.0332392,43
18,1,167.522963,43
6,3,112.2215881347656,43
16,3,160.8412780761719,43
14,1,156.8647489,43
8,1,121.9791743,43
19,1,168.663096,43
12,3,145.6903381347656,43
12,2,147.9357793,43
9,3,128.5478668212891,43
6,1,110.9817147,43
15,2,156.2596977,43
17,2,157.8189869,43
17,3,162.037109375,43
7,3,117.8187942504883,43
10,3,134.06689453125,43
9,2,129.9763985,43
9,1,127.1546247,43
14,2,154.6347886,43
14,3,155.7595977783203,43
12,1,143.5032743,43
16,2,157.2046604,43
13,1,150.4010337,43
10,1,132.2733605,43
7,1,116.6283399,43
19,3,163.8790588378906,43
15,1,161.4992945,43
13,2,152.0049655,43
8,3,123.1950836181641,43
10,2,135.9088381,43
5,3,106.21142578125,43
19,2,162.4119723,44
13,2,154.8113672,44
14,1,157.9632896,44
16,2,160.4327679,44
17,2,161.1291564,44
13,1,151.2987365,44
14,3,157.7620239257813,44
17,3,164.8862152099609,44
13,3,153.0558929443359,44
8,3,124.4776992797852,44
19,3,167.4719085693359,44
10,1,132.7297221,44
18,3,166.1311950683594,44
12,1,144.2497662,44
12,3,147.4458770751953,44
10,3,135.5570068359375,44
9,1,127.4887907,44
9,2,132.3657291,44
15,2,159.3330135,44
8,2,126.7636133,44
9,3,129.925537109375,44
11,3,141.4754791259766,44
6,1,111.0130471,44
15,1,162.8800025,44
11,1,138.129291,44
11,2,144.8181099,44
18,2,161.6977111,44
16,3,163.3406524658203,44
7,3,119.0243835449219,44
7,1,116.7474516,44
10,2,138.383553,44
16,1,166.2531145,44
19,1,172.5700443,44
8,1,122.1999706,44
12,2,150.6385894,44
6,3,113.3689422607422,44
5,1,104.8854843,44
5,2,109.7776495,44
5,3,107.3183441162109,44
6,2,115.7450493,44
14,2,157.5609453,44
7,2,121.3150521,44
18,1,170.5855043,44
15,3,161.1055145263672,44
17,1,168.6535547,44
16,3,159.2193603515625,45
16,1,163.8367653,45
13,2,150.2583401,45
11,2,140.7641507,45
13,3,150.1932067871094,45
14,2,152.6875545,45
7,3,117.208869934082,45
14,3,154.5807037353516,45
11,1,137.3937774,45
17,1,165.4365924,45
16,2,154.7422667,45
6,1,111.1138703,45
5,2,106.1628785,45
8,1,121.9932757,45
19,3,161.1287994384766,45
17,2,154.9955382,45
10,3,133.3379821777344,45
10,1,132.1769128,45
9,3,127.8685607910156,45
19,1,167.1125587,45
19,2,155.5023312,45
6,2,112.1628045,45
11,3,139.0699310302734,45
7,1,116.7000133,45
8,2,123.1263583,45
13,1,150.1279052,45
12,2,146.3449236,45
18,3,160.6070404052734,45
12,1,143.3023655,45
9,1,127.1122593,45
15,3,157.5111236572266,45
18,1,166.3403837,45
8,3,122.5553970336914,45
18,2,155.1614143,45
15,2,154.0791604,45
14,1,156.4955149,45
5,1,105.1263376,45
6,3,111.634033203125,45
15,1,161.0155002,45
9,2,128.6364261,45
17,3,160.1065979003906,45
10,2,134.516204,45
5,3,105.6403350830078,45
7,2,117.725943,45
12,3,144.8199920654297,45
15,2,156.2844703,46
11,2,142.1173142,46
5,2,107.2391744,46
10,1,131.9005574,46
8,3,123.5274658203125,46
9,3,128.5719757080078,46
11,3,139.314208984375,46
5,3,107.5676498413086,46
14,1,154.9416168,46
13,1,148.6338285,46
7,3,118.478401184082,46
19,1,169.6412969,46
19,3,164.1594696044922,46
9,1,127.3848358,46
10,3,133.7979888916016,46
15,3,157.9962158203125,46
6,3,113.2281112670898,46
7,1,118.1598411,46
10,2,135.7576498,46
9,2,129.7977684,46
5,1,107.8919436,46
12,2,147.8465747,46
13,2,151.9503775,46
6,1,113.2162721,46
7,2,118.8092006,46
6,2,113.2402528,46
12,3,144.9216766357422,46
8,1,122.8429523,46
15,1,159.672779,46
8,2,124.2363633,46
18,1,167.7194839,46
17,3,161.7512817382813,46
17,1,165.6178677,46
19,2,158.6657469,46
11,1,136.6027321,46
13,3,150.2709503173828,46
12,1,142.0839172,46
14,2,154.6145564,46
14,3,154.7799377441406,46
18,3,162.9823150634766,46
16,1,163.0472151,46
16,3,160.1833801269531,46
17,2,157.805247,46
16,2,157.2587647,46
18,2,158.1859055,46
7,1,114.9645183,47
19,3,162.5015411376953,47
19,1,168.515212,47
15,1,160.2764849,47
13,1,148.9843909,47
9,1,125.5624206,47
10,3,131.8239440917969,47
16,3,159.0865936279297,47
6,3,109.9147186279297,47
12,2,145.0590606,47
16,2,154.7214694,47
10,2,132.9385488,47
5,3,103.9193801879883,47
14,1,155.5244817,47
15,2,153.6596637,47
15,3,156.97802734375,47
16,1,163.4280682,47
17,3,160.4644927978516,47
8,3,120.8985290527344,47
7,2,116.0625557,47
5,1,103.2026836,47
9,2,126.9862041,47
18,1,167.0711118,47
6,2,110.5505385,47
17,1,165.537005,47
19,2,156.4758972,47
11,1,136.0211054,47
8,1,120.3517552,47
18,2,155.8641403,47
11,3,137.6583251953125,47
10,1,130.7163662,47
14,2,151.9190541,47
18,3,161.4772186279297,47
12,3,143.5396423339844,47
9,3,126.2721481323242,47
13,3,149.0924987792969,47
12,1,142.0301289,47
6,1,109.2823706,47
7,3,115.5120010375977,47
13,2,149.201302,47
5,2,104.6400271,47
14,3,153.7275543212891,47
11,2,139.3062468,47
17,2,155.3687064,47
8,2,121.4484951,47
15,3,160.4640197753906,48
14,3,157.4807739257813,48
14,1,159.2130953,48
18,3,163.6039123535156,48
19,2,159.3242361,48
10,3,135.8994293212891,48
15,2,157.3004306,48
18,2,158.8767247,48
13,3,153.034423828125,48
7,1,119.0038033,48
18,1,168.5110493,48
12,1,146.0373808,48
7,2,119.9300331,48
16,3,162.2353363037109,48
8,1,124.3784516,48
9,2,131.0475913,48
8,2,125.4266525,48
13,1,152.8672194,48
10,1,134.7424416,48
11,3,141.7471771240234,48
15,1,163.671346,48
5,3,107.7615280151367,48
11,1,140.0482109,48
12,3,147.6098022460938,48
16,2,158.1522558,48
5,2,108.2228535,48
7,3,119.4674224853516,48
17,2,158.581697,48
8,3,124.9031982421875,48
16,1,166.4058942,48
10,2,137.0523449,48
19,3,164.029296875,48
9,1,129.5871306,48
17,1,167.8713551,48
12,2,149.1725817,48
11,2,143.4380025,48
17,3,163.1576995849609,48
5,1,107.299538,48
13,2,153.2004698,48
9,3,130.3183746337891,48
6,2,114.2867673,48
14,2,155.7613978,48
6,1,113.3484004,48
6,3,113.8180313110352,48
19,1,168.9511237,48
7,1,119.1244962,49
13,2,153.3944109,49
6,2,114.8641064,49
15,3,160.3751831054688,49
18,3,163.9395141601563,49
7,3,119.7939224243164,49
12,2,149.3860287,49
14,2,155.9044405,49
13,1,152.5528227,49
15,2,157.3145146,49
19,1,169.8755064,49
7,2,120.4743279,49
11,2,143.7239839,49
8,3,125.1752548217773,49
10,1,134.6274685,49
11,3,141.7682037353516,49
15,1,163.4123042,49
17,1,167.7479467,49
6,3,114.1717987060547,49
9,1,129.5648236,49
5,2,108.8305165,49
8,2,125.9194631,49
16,3,162.1220245361328,49
18,2,159.0452648,49
16,2,158.0672148,49
19,2,159.7580519,49
19,3,164.8189239501953,49
8,1,124.4424034,49
9,2,131.4724953,49
5,1,107.4515169,49
17,2,158.5534478,49
11,1,139.8365568,49
17,3,163.1615905761719,49
5,3,108.1345901489258,49
10,3,136.0085754394531,49
13,3,152.9714660644531,49
6,1,113.4915517,49
12,1,145.7364875,49
16,1,166.1514772,49
9,3,130.5117492675781,49
12,3,147.5510101318359,49
10,2,137.408171,49
18,1,168.8201959,49
14,3,157.4158325195313,49
14,1,158.9133317,49
13,3,148.3588409423828,50
5,2,105.1806605,50
8,2,120.7884922,50
19,3,165.5924224853516,50
18,1,170.4562631,50
18,2,156.8575721,50
7,1,116.1897062,50
18,3,163.9106750488281,50
9,2,126.125479,50
10,3,131.1555023193359,50
15,1,160.4457353,50
19,2,157.8615865,50
17,2,155.9521986,50
10,1,130.3887008,50
17,3,162.0696411132813,50
15,3,157.0865020751953,50
13,1,148.2608683,50
8,3,120.8714981079102,50
7,3,115.9519195556641,50
5,3,105.6309204101563,50
14,3,153.3303375244141,50
6,2,110.5876767,50
12,2,144.1561736,50
9,3,125.8779373168945,50
10,2,131.9717687,50
16,3,159.8726654052734,50
11,3,136.8117218017578,50
6,1,111.2552363,50
15,2,153.4770905,50
14,2,151.4266422,50
9,1,125.645052,50
7,2,115.6997099,50
13,2,148.4638959,50
14,1,155.1038141,50
19,1,172.7669759,50
5,1,106.0570886,50
16,2,154.9053516,50
16,1,164.4909425,50
6,3,110.9311676025391,50
12,1,141.2517239,50
17,1,167.7513448,50
11,1,135.3916967,50
12,3,142.655029296875,50
11,2,138.3261242,50
8,1,120.949708,50
19,2,157.5358618,51
10,3,133.2869873046875,51
7,2,118.0304696,51
15,2,155.0054203,51
17,1,165.0414497,51
9,2,129.0462828,51
16,2,155.7812475,51
9,1,126.4783662,51
16,1,163.4046811,51
15,3,157.8083190917969,51
14,1,156.0680789,51
18,1,166.1644999,51
6,3,111.4273986816406,51
8,2,123.4771844,51
11,1,136.8378932,51
13,3,150.3458557128906,51
15,1,160.6206784,51
9,3,127.7581329345703,51
13,1,149.6538387,51
6,2,112.4679352,51
11,2,141.3310406,51
10,2,134.9984135,51
12,3,144.8951568603516,51
16,3,159.5797882080078,51
17,3,160.6436157226563,51
14,2,153.5668547,51
14,3,154.8173370361328,51
18,3,161.4521942138672,51
5,2,106.480495,51
12,1,142.7856632,51
12,2,147.0111384,51
11,3,139.0798034667969,51
17,2,156.2900683,51
10,1,131.5843013,51
5,1,104.4088913,51
7,3,117.0031585693359,51
8,3,122.3936309814453,51
8,1,121.3173878,51
19,1,167.2777897,51
7,1,115.9826542,51
6,1,110.3944179,51
18,2,156.8026231,51
5,3,105.4404373168945,51
19,3,162.3661041259766,51
13,2,151.0392079,51
9,1,129.0892632,52
10,1,134.1705886,52
16,1,166.0883816,52
12,3,146.3247833251953,52
14,3,156.1856994628906,52
8,1,123.9498011,52
14,2,153.800613,52
15,2,155.2583694,52
13,3,151.7390594482422,52
15,3,159.1927337646484,52
18,2,156.3502435,52
8,3,123.8959655761719,52
19,2,156.6227426,52
18,3,162.4135284423828,52
14,1,158.6042898,52
19,1,169.033967,52
18,1,168.6078366,52
12,1,145.331469,52
11,3,140.5343170166016,52
6,2,112.8111746,52
10,2,135.3431313,52
11,1,139.4019411,52
19,3,162.7492218017578,52
13,2,151.2948344,52
13,1,152.1889466,52
9,2,129.4038565,52
6,1,113.0249913,52
7,1,118.6341171,52
16,2,155.9409366,52
12,2,147.3069976,52
8,2,123.8423597,52
15,1,163.1875226,52
5,1,107.0281015,52
7,2,118.4005437,52
6,3,112.9178009033203,52
17,3,161.9396514892578,52
7,3,118.5170822143555,52
10,3,134.7590942382813,52
5,2,106.8134232,52
11,2,141.6559254,52
17,1,167.7904382,52
5,3,106.9204559326172,52
9,3,129.2470092773438,52
17,2,156.1960819,52
16,3,160.9726867675781,52
8,3,123.4778518676758,53
10,3,134.4788665771484,53
11,1,137.7390404,53
12,1,143.8052623,53
14,2,155.283691,53
16,3,161.4642639160156,53
9,3,128.8951568603516,53
12,2,148.6350432,53
14,3,156.3410339355469,53
9,1,127.1679926,53
15,3,159.4884948730469,53
10,1,132.3776508,53
5,3,106.3100051879883,53
13,3,151.7524871826172,53
7,1,116.4626092,53
19,1,169.5601494,53
19,3,164.0943450927734,53
15,1,162.1525734,53
16,2,157.6766566,53
17,2,158.0932466,53
5,2,108.0312913,53
7,2,119.6219592,53
10,2,136.5883963,53
8,2,125.0618324,53
16,1,165.2803673,53
6,2,114.0366629,53
15,2,156.832535,53
7,3,118.0361328125,53
12,3,146.216796875,53
17,3,162.6688537597656,53
19,2,158.7971973,53
13,2,152.6916654,53
11,3,140.3322143554688,53
17,1,167.3053995,53
11,2,142.9340939,53
6,3,112.3753051757813,53
8,1,121.9023444,53
18,3,163.4381866455078,53
13,1,150.8152487,53
18,1,168.6096493,53
6,1,110.7341823,53
9,2,130.6305016,53
18,2,158.3748931,53
14,1,157.3982656,53
5,1,104.6125668,53
6,1,105.9638246,54
11,2,139.4033492,54
16,1,162.0048017,54
16,3,158.4749603271484,54
16,2,154.9613158,54
9,2,127.0439896,54
17,1,164.6243876,54
11,3,136.2886199951172,54
10,2,133.0132319,54
7,2,116.1053424,54
19,3,162.5237426757813,54
6,2,110.5997568,54
8,1,117.2175733,54
19,1,168.5616059,54
18,1,166.6885583,54
12,1,139.3902467,54
12,2,145.1828606,54
17,3,160.0914459228516,54
5,1,99.79232082,54
7,1,111.7348009,54
10,1,127.7971783,54
13,2,149.3557274,54
13,3,147.9434051513672,54
18,3,161.3352203369141,54
7,3,113.8867416381836,54
9,3,124.7576370239258,54
14,3,152.7244262695313,54
6,3,108.2473449707031,54
18,2,156.0935009,54
9,1,122.5314275,54
14,1,153.339615,54
15,2,153.8773169,54
17,2,155.6146198,54
14,2,152.1063608,54
5,3,102.2118606567383,54
19,2,156.6568568,54
8,2,121.4955246,54
8,3,119.3247680664063,54
12,3,142.2692260742188,54
10,3,130.3762969970703,54
15,1,158.427425,54
11,1,133.2260202,54
13,1,146.542288,54
15,3,156.1546936035156,54
5,2,104.702435,54
14,3,156.6375885009766,55
8,1,124.2586721,55
11,3,141.2131958007813,55
14,1,158.1506257,55
18,3,163.0472564697266,55
16,2,157.4749472,55
6,3,113.927978515625,55
12,1,145.2152494,55
11,1,139.423155,55
19,1,169.0326883,55
7,1,118.988504,55
17,1,166.8527166,55
19,3,163.8381500244141,55
15,2,156.6452399,55
8,2,125.361056,55
18,1,167.9174413,55
5,1,107.4185917,55
6,1,113.4121267,55
7,3,119.480842590332,55
10,1,134.3143339,55
17,3,162.3660736083984,55
9,1,129.3434527,55
5,3,107.9565658569336,55
11,2,143.0048741,55
12,2,148.6222347,55
5,2,108.4964689,55
12,3,146.9185943603516,55
13,2,152.6007861,55
9,2,130.8791349,55
16,1,165.2437654,55
19,2,158.6795921,55
9,3,130.1106109619141,55
15,1,162.532998,55
7,2,119.9745913,55
17,2,157.8968869,55
6,2,114.4454906,55
15,3,159.586669921875,55
10,2,136.746874,55
13,1,151.9154313,55
13,3,152.2581634521484,55
16,3,161.3542175292969,55
14,2,155.1259802,55
10,3,135.5297241210938,55
18,2,158.2031131,55
8,3,124.8091888427734,55
6,1,110.8826304,56
11,1,137.4918984,56
19,1,168.1671981,56
14,1,156.905442,56
9,2,132.709869,56
19,3,164.4409942626953,56
5,3,107.5058898925781,56
15,2,158.7906575,56
18,3,163.7610931396484,56
13,1,150.4260426,56
16,3,162.0501098632813,56
17,3,163.1116180419922,56
16,2,159.6279774,56
16,1,164.486788,56
10,2,138.6538655,56
13,2,154.6869329,56
12,1,143.495572,56
11,2,144.9812533,56
8,1,121.8550002,56
15,1,161.5431237,56
18,1,167.2541241,56
17,1,166.2197748,56
12,3,147.0639190673828,56
9,1,127.0447219,56
13,3,152.5490875244141,56
11,3,141.2229156494141,56
14,3,157.07666015625,56
7,2,121.7206956,56
6,2,116.1478069,56
10,1,132.1887769,56
10,3,135.4099731445313,56
14,2,157.2489631,56
6,3,113.5080490112305,56
7,1,116.505522,56
9,3,129.8678131103516,56
19,2,160.8449387,56
12,2,150.658707,56
7,3,119.1057968139648,56
8,2,127.1514528,56
8,3,124.4952392578125,56
18,2,160.3609444,56
15,3,160.1709289550781,56
5,2,110.1540296,56
17,2,160.0549462,56
5,1,104.8718951,56
18,1,168.8683122,57
16,3,160.9768676757813,57
7,1,115.1123735,57
11,2,142.418956,57
14,1,156.3994139,57
7,2,119.1269479,57
12,1,142.5892867,57
9,3,127.9634399414063,57
6,2,113.542255,57
15,3,158.8377227783203,57
10,3,133.5436248779297,57
6,1,109.3945396,57
15,2,156.2722719,57
17,2,157.5827957,57
9,1,125.8336041,57
11,1,136.4651309,57
12,2,148.1041441,57
12,3,145.3202056884766,57
18,3,163.4203796386719,57
19,1,170.3075145,57
15,1,161.363113,57
19,2,158.4230392,57
16,1,164.7633601,57
8,2,124.5686937,57
5,2,107.548666,57
17,3,162.3920745849609,57
16,2,157.1324927,57
19,3,164.3962860107422,57
5,1,103.2979802,57
14,2,154.7152746,57
14,3,155.5632934570313,57
13,1,149.6859734,57
8,3,122.5430526733398,57
7,3,117.0975112915039,57
10,2,136.0848378,57
5,3,105.3999557495117,57
9,2,130.1345271,57
18,2,157.9164987,57
13,2,152.1416774,57
11,3,139.4034576416016,57
6,3,111.444953918457,57
10,1,131.0667268,57
17,1,167.1383849,57
13,3,150.9048614501953,57
8,1,120.554985,57
11,3,140.9810485839844,58
9,2,130.582099,58
18,2,158.0284806,58
10,3,135.1819763183594,58
6,3,113.2637481689453,58
13,1,152.2319069,58
5,1,106.3523192,58
15,2,156.4607827,58
10,2,136.4808835,58
17,2,157.7199179,58
18,3,164.0799865722656,58
8,3,124.2917404174805,58
13,2,152.3998358,58
14,3,156.8729248046875,58
15,1,163.4999292,58
16,1,166.5979926,58
14,1,158.7708089,58
14,2,154.93556,58
17,3,163.2165374755859,58
7,1,118.1382949,58
19,1,171.347028,58
15,3,160.0151672363281,58
19,2,158.5073371,58
12,3,146.817626953125,58
11,2,142.7658279,58
7,2,119.6699773,58
9,3,129.6541748046875,58
6,1,112.4421975,58
17,1,168.6143034,58
8,1,123.5324815,58
7,3,118.8950271606445,58
12,1,145.2648033,58
5,3,107.2238388061523,58
6,2,114.1048945,58
12,2,148.405151,58
19,3,164.9738006591797,58
18,1,170.0298581,58
16,2,157.2932685,58
8,2,125.0692375,58
16,3,161.9895782470703,58
11,1,139.2361787,58
9,1,128.747927,58
10,1,133.9129201,58
5,2,108.1154852,58
13,3,152.3149719238281,58
16,1,164.0479317,59
18,2,157.9688216,59
15,3,158.7881927490234,59
12,3,145.7114868164063,59
8,2,124.9332782,59
9,3,128.5007781982422,59
11,2,142.7059339,59
7,3,117.7633438110352,59
13,2,152.4295021,59
7,2,119.5176732,59
12,2,148.3917571,59
14,3,155.7232666015625,59
10,3,134.0332641601563,59
10,2,136.3985906,59
18,3,162.4051513671875,59
7,1,116.0280924,59
6,3,112.1748580932617,59
15,1,161.1448522,59
12,1,142.9965882,59
17,1,165.8023343,59
11,3,139.8407745361328,59
6,2,113.9552559,59
17,2,157.7136677,59
11,1,136.9669798,59
8,1,121.3657871,59
6,1,110.4135429,59
13,3,151.2124633789063,59
8,3,123.1405715942383,59
10,1,131.6750892,59
9,1,126.5428438,59
19,1,168.2803184,59
5,1,104.4120691,59
14,2,154.9950437,59
17,3,161.6707611083984,59
16,3,160.6206359863281,59
13,1,149.9621956,59
14,1,156.4799233,59
5,3,106.1831436157227,59
18,1,167.0457014,59
19,3,163.1983795166016,59
19,2,158.3664651,59
16,2,157.3410167,59
15,2,156.5324083,59
5,2,107.972011,59
9,2,130.4735769,59
7,1,121.0716527,60
18,1,168.6664054,60
15,1,162.7990786,60
5,3,110.1522598266602,60
7,3,120.9118118286133,60
8,3,125.9378433227539,60
16,3,161.9382171630859,60
19,2,159.7124181,60
16,2,158.2278704,60
12,1,145.6341805,60
11,1,140.0503208,60
15,3,160.0614471435547,60
6,2,115.3694768,60
11,2,143.5452604,60
15,2,157.3176274,60
7,2,120.7514903,60
10,1,135.1904277,60
11,3,141.7954406738281,60
10,2,137.2884602,60
12,3,147.3958892822266,60
18,3,163.9106292724609,60
14,1,158.3802229,60
14,3,157.0585479736328,60
9,3,130.9837341308594,60
9,1,130.5249666,60
5,2,109.5970445,60
13,3,152.6808776855469,60
6,1,116.0557705,60
19,3,164.7645111083984,60
9,2,131.4439277,60
8,1,125.8574732,60
6,3,115.7130508422852,60
18,2,159.1450075,60
13,2,153.1635902,60
8,2,126.0184727,60
17,2,158.7435167,60
10,3,136.2379150390625,60
17,3,163.1001739501953,60
13,1,152.1994905,60
12,2,149.1621015,60
19,1,169.8093956,60
17,1,167.4465963,60
5,1,110.7062977,60
14,2,155.7334889,60
16,1,165.6403481,60
15,1,159.6665807,61
13,1,148.2100958,61
8,2,123.3648202,61
6,2,112.314312,61
18,3,161.5478515625,61
12,1,141.1786081,61
17,1,165.0751135,61
19,2,157.0235455,61
9,2,128.933291,61
18,2,156.5345661,61
13,3,149.5619049072266,61
11,2,141.2111015,61
11,3,138.1582641601563,61
15,2,154.9917255,61
10,1,129.7323633,61
14,2,153.46884,61
16,1,162.9003021,61
10,2,134.8822233,61
14,1,154.8345734,61
8,1,119.2472247,61
7,1,113.8051704,61
8,3,121.3049240112305,61
9,3,126.7251968383789,61
11,1,135.100677,61
12,3,144.0353393554688,61
16,3,159.3541107177734,61
9,1,124.5170096,61
13,2,150.9118362,61
15,3,157.3280944824219,61
6,3,110.1858978271484,61
6,1,108.079313,61
18,1,166.5913619,61
17,3,160.6448059082031,61
5,2,106.2846998,61
7,3,115.8547439575195,61
7,2,117.9162847,61
10,3,132.3086395263672,61
5,3,104.1111679077148,61
12,2,146.8872424,61
5,1,101.9613065,61
17,2,156.2283397,61
19,1,167.8200249,61
19,3,162.3935546875,61
14,3,154.1514129638672,61
16,2,155.8132751,61
13,1,145.2894229,62
9,3,124.8277969360352,62
18,2,155.7895995,62
14,1,151.9072556,62
14,2,152.4380116,62
8,2,122.4289162,62
6,2,111.56473,62
8,3,119.4666519165039,62
10,1,126.882143,62
7,2,117.053143,62
5,2,105.7004613,62
8,1,116.5020017,62
10,2,133.8429911,62
6,1,105.5111205,62
14,3,152.1732025146484,62
7,1,111.1308033,62
18,3,159.9430084228516,62
7,3,114.092155456543,62
19,1,165.9122896,62
10,3,130.3663024902344,62
9,1,121.7131597,62
16,1,160.0488029,62
17,1,162.3533492,62
11,2,140.1451499,62
17,3,158.8700561523438,62
15,1,156.7585529,62
5,1,99.54708087,62
9,2,127.9379006,62
17,2,155.4237196,62
18,1,164.1527091,62
16,3,157.4800872802734,62
16,2,154.932241,62
15,2,154.0292243,62
19,2,156.310386,62
11,3,136.1857452392578,62
15,3,155.3897857666016,62
12,2,145.8128476,62
12,1,138.2713015,62
13,2,149.8484095,62
11,1,132.2161129,62
13,3,147.5724945068359,62
6,3,108.5367736816406,62
5,3,102.6211547851563,62
19,3,161.0690765380859,62
12,3,142.0471343994141,62
19,3,166.3812255859375,63
12,1,146.2301394,63
15,1,164.1973787,63
14,1,159.5116779,63
9,3,130.5348358154297,63
6,2,114.6864035,63
11,2,142.9935212,63
7,3,120.003547668457,63
10,2,136.7548082,63
9,1,130.1904112,63
17,3,164.1093292236328,63
12,2,148.6035427,63
8,2,125.470796,63
6,1,114.3103259,63
18,1,170.9870997,63
6,3,114.4913635253906,63
15,2,156.7177026,63
16,3,162.7201995849609,63
7,1,119.8683817,63
12,3,147.3557739257813,63
5,1,108.2913138,63
14,3,157.4423217773438,63
9,2,130.9151201,63
19,2,159.5203482,63
18,3,165.1657409667969,63
15,3,160.6488189697266,63
17,1,169.4429224,63
13,3,152.8413543701172,63
19,1,172.5457845,63
11,3,141.6078491210938,63
13,2,152.5915726,63
5,2,108.7431878,63
18,2,158.7243596,63
10,3,135.9368286132813,63
8,3,125.2878494262695,63
16,1,167.3203062,63
17,2,158.2151093,63
7,2,120.1535417,63
8,1,125.1222359,63
10,1,135.1971798,63
5,3,108.512321472168,63
11,1,140.3567013,63
16,2,157.6327439,63
14,2,155.1466744,63
13,1,153.0665266,63
7,2,114.219576,64
14,1,155.2972901,64
5,1,104.2490238,64
10,3,131.12939453125,64
13,3,148.0010375976563,64
6,3,109.4507751464844,64
9,1,126.1672002,64
16,3,157.05419921875,64
6,1,110.2216045,64
11,1,136.399871,64
5,3,103.472053527832,64
18,2,152.6771865,64
11,3,136.8623809814453,64
7,1,115.7912779,64
16,1,162.1890792,64
11,2,137.3320063,64
12,2,142.967235,64
17,1,163.3468026,64
17,2,152.2972586,64
19,1,164.2541001,64
16,2,151.8410767,64
18,1,163.8552241,64
15,2,151.0036696,64
17,3,157.8626556396484,64
19,3,158.8026733398438,64
9,2,125.1427504,64
19,2,153.2785212,64
8,2,119.6214776,64
12,3,142.6154174804688,64
12,1,142.2689204,64
15,1,159.6633588,64
14,3,152.4131011962891,64
13,1,149.0306082,64
8,3,120.3503494262695,64
13,2,146.9554362,64
14,2,149.4837113,64
6,2,108.6635224,64
7,3,115.0129623413086,64
5,2,102.6772373,64
18,3,158.3055114746094,64
10,2,131.0465274,64
9,3,125.6590576171875,64
15,3,155.3668212890625,64
8,1,121.0667761,64
10,1,131.2110063,64
16,3,158.0154724121094,65
17,1,163.2694144,65
6,2,110.7024536,65
8,3,121.0406875610352,65
13,3,148.8411102294922,65
6,1,109.6150793,65
9,3,126.3587112426758,65
11,3,137.623291015625,65
10,3,131.8520965576172,65
7,1,115.1468965,65
15,2,153.6147482,65
5,1,103.6834304,65
10,2,133.2024051,65
9,2,127.2440715,65
18,1,164.0172407,65
12,2,145.2761271,65
16,2,154.5522954,65
13,2,149.3596978,65
13,1,148.3086252,65
12,3,143.4207153320313,65
10,1,130.4878138,65
9,1,125.4640222,65
11,1,135.6654764,65
14,3,153.2713775634766,65
18,2,155.4796428,65
17,3,158.9646453857422,65
19,3,159.9475708007813,65
19,1,164.5198345,65
5,2,104.7301465,65
19,2,156.0305225,65
14,1,154.6063918,65
8,1,120.3892942,65
12,1,141.5329093,65
6,3,110.1632232666016,65
7,3,115.7085723876953,65
16,1,161.7595695,65
17,2,155.0803701,65
11,2,139.5574225,65
5,3,104.2106246948242,65
15,1,159.0387654,65
15,3,156.25,65
18,3,159.4727478027344,65
8,2,121.6844982,65
7,2,116.2620234,65
14,2,151.9879039,65
16,3,164.3394927978516,66
5,3,107.9688339233398,66
5,1,106.5192152,66
17,1,171.353104,66
8,3,125.0922317504883,66
18,3,167.4637145996094,66
12,3,148.0663299560547,66
13,3,153.7504272460938,66
10,3,136.1593933105469,66
16,2,159.8914764,66
10,2,137.9452172,66
14,2,157.0483162,66
14,3,158.5464172363281,66
11,2,144.3499098,66
17,3,166.0324401855469,66
19,1,175.9971897,66
5,2,109.4440836,66
8,2,126.3773323,66
11,3,142.0802307128906,66
9,3,130.5323181152344,66
9,1,129.1377689,66
8,1,123.8328281,66
15,1,165.0992262,66
13,1,153.2043613,66
6,2,115.3970846,66
6,1,112.6397625,66
12,2,150.1368968,66
6,3,114.0051651000977,66
9,2,131.9549324,66
12,1,146.0339932,66
19,3,169.0214996337891,66
15,3,161.9890441894531,66
10,1,134.4071132,66
17,2,160.5805734,66
7,2,120.9496139,66
7,1,118.3734869,66
15,2,158.8063369,66
13,2,154.3075597,66
16,1,168.6822371,66
11,1,139.8516938,66
14,1,160.0122417,66
7,3,119.6487045288086,66
18,1,173.6257541,66
18,2,161.1514588,66
19,2,161.8812342,66
6,3,112.1799850463867,67
11,2,143.3246614,67
19,3,163.4844055175781,67
16,1,163.3350464,67
13,1,149.4841768,67
19,2,160.0675687,67
5,2,108.5734696,67
15,2,157.190893,67
19,1,166.8716794,67
18,3,162.6311950683594,67
17,3,161.8611450195313,67
14,1,155.9188935,67
15,3,158.84375,67
13,3,151.2489624023438,67
7,2,120.126467,67
10,1,131.2502036,67
12,1,142.5698571,67
10,2,137.0077895,67
16,3,160.735595703125,67
9,1,126.0878032,67
12,2,148.9996916,67
14,2,155.6141676,67
11,1,136.5644101,67
17,1,165.0093313,67
18,2,159.2309701,67
15,1,160.4787326,67
8,1,120.8735095,67
9,3,128.5661163330078,67
7,3,117.7930908203125,67
8,3,123.1903381347656,67
6,2,114.5631678,67
12,3,145.7642059326172,67
5,3,106.1593399047852,67
11,3,139.9217529296875,67
8,2,125.540522,67
16,2,158.108009,67
17,2,158.6802628,67
7,1,115.4924506,67
18,1,165.9990736,67
14,3,155.7673950195313,67
13,2,153.0353082,67
5,1,103.7802479,67
6,1,109.8305223,67
10,3,134.1085968017578,67
9,2,131.0802446,67
7,2,123.5843295,68
12,2,152.4790054,68
13,2,156.2251695,68
16,2,158.7664178,68
15,3,163.896728515625,68
18,3,165.3022613525391,68
7,3,125.1865615844727,68
12,3,152.3072662353516,68
17,1,171.4705764,68
9,3,135.7615966796875,68
11,1,146.4982865,68
7,1,126.6862836,68
18,2,158.7262158,68
17,3,165.3279724121094,68
10,3,141.1371917724609,68
12,1,152.1458846,68
8,2,129.1531342,68
14,3,161.5876922607422,68
5,1,115.5587084,68
19,2,158.6620963,68
10,1,141.517691,68
17,2,158.7485332,68
14,1,164.6589455,68
11,2,146.9773794,68
5,3,113.6544418334961,68
6,2,117.8403898,68
10,2,140.7315322,68
19,1,171.2416972,68
13,3,157.4821319580078,68
19,3,165.2117462158203,68
16,3,165.0346832275391,68
16,1,170.9073399,68
8,3,130.5063934326172,68
9,2,134.7853272,68
6,1,121.3264449,68
15,1,168.7162127,68
18,1,171.4087666,68
13,1,158.6642206,68
8,1,131.7727927,68
11,3,146.7302093505859,68
6,3,119.6378555297852,68
5,2,111.6325048,68
15,2,158.7624242,68
14,2,158.3189541,68
9,1,136.6769348,68
6,3,113.6220397949219,70
7,3,119.1713409423828,70
19,3,165.1802520751953,70
8,3,124.4900131225586,70
17,2,156.7952088,70
16,1,167.1709553,70
18,3,164.1178894042969,70
11,3,140.9293670654297,70
15,2,155.5426308,70
13,3,152.1401062011719,70
5,2,107.8034295,70
12,3,146.6926879882813,70
13,2,151.586436,70
17,3,163.1226196289063,70
9,2,130.0276089,70
11,1,139.8215799,70
12,2,147.6541161,70
8,2,124.573835,70
6,2,113.737879,70
12,1,145.764606,70
7,1,119.1099552,70
14,1,159.2019867,70
10,2,135.8623809,70
14,2,154.0658872,70
18,1,170.9747955,70
18,2,157.183476,70
16,3,161.8104858398438,70
15,1,163.9700716,70
14,3,156.6697845458984,70
10,3,135.2164764404297,70
9,3,129.7739105224609,70
6,1,113.5115672,70
13,1,152.6764506,70
5,1,107.5140279,70
10,1,134.5974857,70
15,3,159.805419921875,70
19,1,172.4869805,70
17,1,169.3588834,70
7,2,119.2357639,70
8,1,124.4100937,70
5,3,107.6554336547852,70
11,2,142.0807812,70
16,2,156.350624,70
9,1,129.5316158,70
19,2,157.8193934,70
5,2,111.5369277,71
7,3,121.4977951049805,71
11,2,142.8076759,71
9,1,130.1683772,71
18,2,154.3161923,71
19,1,164.5093253,71
13,2,151.0506649,71
17,3,159.0799255371094,71
10,2,137.1799992,71
9,3,131.0459899902344,71
12,1,144.7784252,71
10,1,134.6974555,71
17,1,163.8732361,71
8,3,126.2964935302734,71
12,3,146.2862854003906,71
8,1,125.5887062,71
10,3,135.9420318603516,71
16,3,158.4891662597656,71
14,2,152.8777298,71
19,2,155.1485948,71
12,2,147.7605002,71
13,3,151.0524444580078,71
6,3,116.4491882324219,71
15,1,160.7258216,71
11,1,139.3964934,71
19,3,160.0311431884766,71
8,2,127.0003781,71
6,2,117.0940626,71
7,1,120.8388399,71
11,3,141.1116333007813,71
14,3,154.8410034179688,71
14,1,156.8347209,71
17,2,154.0600449,71
18,3,159.4279327392578,71
5,3,110.9535980224609,71
15,2,153.7152795,71
6,1,115.8013351,71
9,2,131.9185032,71
15,3,157.2259979248047,71
5,1,110.3678389,71
18,1,164.2058151,71
13,1,151.0542603,71
16,1,162.8994217,71
16,2,153.9720008,71
7,2,122.153399,71
19,3,165.3108673095703,72
16,2,158.7011143,72
10,1,131.4414649,72
17,3,162.8845367431641,72
18,3,164.0592651367188,72
18,1,168.4488372,72
8,3,123.1369781494141,72
18,2,159.7991046,72
6,3,112.1960601806641,72
5,1,104.3624688,72
7,1,115.9199933,72
12,2,148.864448,72
8,1,121.2225134,72
6,1,110.3353786,72
10,2,136.62746,72
5,3,106.2337417602539,72
15,1,160.9052699,72
11,2,143.0533173,72
13,1,149.5700226,72
19,1,170.4626419,72
14,3,155.9696655273438,72
13,3,151.3318023681641,72
12,1,142.6441853,72
11,1,136.6839128,72
17,2,159.3439545,72
14,1,156.1091082,72
17,1,166.5203771,72
15,3,159.2430267333984,72
16,1,164.1773516,72
8,2,125.0289014,72
13,2,153.0630638,72
6,2,114.0391059,72
16,3,161.4070587158203,72
19,2,160.3292436,72
9,3,128.5030975341797,72
10,3,134.0524597167969,72
14,2,155.8328332,72
7,2,119.5932702,72
9,2,130.6202974,72
11,3,139.8928985595703,72
7,3,117.7663269042969,72
15,2,157.6151554,72
9,1,126.3580924,72
12,3,145.7798461914063,72
5,2,108.08908,72
10,2,136.4732866,73
15,1,160.4898222,73
13,2,152.7058471,73
11,2,142.8484035,73
17,1,166.534935,73
5,2,107.8624678,73
11,3,139.1247253417969,73
14,1,155.5018681,73
16,1,163.9690638,73
12,2,148.5934127,73
18,3,164.1683959960938,73
17,2,158.7920501,73
19,3,165.7815399169922,73
10,1,130.169384,73
6,3,111.1520767211914,73
18,2,159.4589843,73
19,1,170.9564754,73
19,2,160.4004427,73
12,3,145.0636901855469,73
13,1,148.7876769,73
9,3,127.6576385498047,73
7,2,119.4693894,73
5,1,102.4295153,73
16,3,161.0916595458984,73
6,1,108.5280114,73
9,1,124.9396024,73
5,3,105.0975036621094,73
8,2,124.9172832,73
14,2,155.3701774,73
15,3,158.8097076416016,73
7,3,116.8011856079102,73
18,1,168.6980652,73
12,1,141.6904255,73
13,3,150.7020721435547,73
10,3,133.2508392333984,73
8,3,122.2372894287109,73
7,1,114.2366965,73
9,2,130.4974608,73
17,3,162.7398376464844,73
8,1,119.6674332,73
6,2,113.876826,73
11,1,135.5651105,73
15,2,157.0541799,73
16,2,158.0926705,73
14,3,155.4375152587891,73
7,2,116.6006612,74
17,1,165.3113874,74
8,3,121.5543441772461,74
19,3,164.9128570556641,74
17,2,156.6890702,74
16,1,162.3447329,74
5,1,106.8183678,74
10,3,131.5243072509766,74
5,3,106.7964324951172,74
9,2,126.6322582,74
12,1,140.940691,74
8,1,121.6486456,74
14,2,151.9355519,74
13,1,147.5510605,74
12,3,142.7243804931641,74
13,2,148.8907044,74
11,3,137.0422668457031,74
19,2,158.3103161,74
15,2,154.0953242,74
11,2,138.6959253,74
18,1,168.1941259,74
15,1,158.7682614,74
18,2,157.5215908,74
11,1,135.4146992,74
18,3,162.8683166503906,74
7,1,116.9923948,74
14,1,153.9317244,74
6,2,111.7949371,74
9,1,126.1731938,74
10,2,132.3773046,74
5,2,106.7740421,74
6,3,111.9421157836914,74
10,1,130.6856465,74
16,2,155.6133228,74
9,3,126.4006118774414,74
6,1,112.0863805,74
13,3,148.2157440185547,74
12,2,144.5358382,74
17,3,161.0103607177734,74
19,1,171.488917,74
14,3,152.9405517578125,74
7,3,116.7984619140625,74
15,3,156.4440307617188,74
8,2,121.4582008,74
16,3,158.9907379150391,74
11,3,133.7258148193359,75
17,2,155.6180815,75
11,1,128.7352702,75
9,3,122.0326080322266,75
17,3,158.5670623779297,75
8,3,116.5235366821289,75
15,1,154.5996293,75
7,1,106.8036536,75
14,1,149.2763961,75
8,2,120.6311832,75
18,3,160.2238006591797,75
9,2,126.2191592,75
5,2,103.7390128,75
13,3,145.552490234375,75
5,3,99.18088531494141,75
6,1,100.9156095,75
19,3,161.8970031738281,75
5,1,94.62411104,75
19,1,166.5318005,75
12,2,144.5311239,75
15,2,153.5158817,75
15,3,154.0559997558594,75
7,3,111.0102844238281,75
6,2,109.6680831,75
7,2,115.2063065,75
16,2,154.7558492,75
13,1,142.3016717,75
14,3,150.4551391601563,75
13,2,148.7805446,75
16,1,158.4958113,75
9,1,117.8248409,75
10,2,132.235981,75
11,2,138.6832667,75
12,1,135.0141371,75
12,3,139.7895202636719,75
18,1,164.0983707,75
16,3,156.6201477050781,75
6,3,105.2941818237305,75
10,3,127.730827331543,75
14,2,151.6259355,75
8,1,112.4000458,75
19,2,157.2935463,75
10,1,123.1990094,75
18,2,156.3739271,75
17,1,161.5338925,75
7,3,117.7472076416016,78
18,2,159.0295545,78
13,1,150.1071699,78
18,1,169.5061886,78
17,1,167.5550835,78
17,3,163.0328826904297,78
11,3,140.0980834960938,78
14,1,156.8086296,78
10,1,131.4575344,78
5,3,106.0165176391602,78
15,2,157.2489285,78
6,2,114.4490089,78
14,2,155.6748309,78
9,3,128.605224609375,78
17,2,158.6176615,78
7,2,120.0319614,78
10,2,136.9861127,78
19,1,171.477758,78
8,3,123.1868362426758,78
10,3,134.2145843505859,78
15,3,159.4832916259766,78
13,2,153.0863249,78
7,1,115.4725167,78
12,1,143.0114851,78
15,1,161.7499598,78
5,1,103.6180324,78
12,3,146.0214080810547,78
16,3,161.5997009277344,78
8,2,125.4635203,78
13,3,151.5986785888672,78
12,2,149.0350658,78
19,2,159.6493603,78
5,2,108.4390439,78
6,1,109.7426706,78
18,3,164.1908111572266,78
19,3,165.4584197998047,78
11,1,136.8763487,78
16,1,165.1367889,78
6,3,112.0869522094727,78
14,3,156.2396087646484,78
11,2,143.3352644,78
9,1,126.1977512,78
16,2,158.1289451,78
8,1,120.9165426,78
9,2,131.0195811,78
14,1,161.054699,79
12,3,149.3080291748047,79
7,1,119.6310849,79
12,2,151.467859,79
14,2,158.3657612,79
9,2,133.3605601,79
18,1,174.5085678,79
9,1,130.3978231,79
6,3,115.3859634399414,79
19,1,176.8786506,79
11,3,143.3574371337891,79
5,1,107.7131512,79
5,3,109.3500823974609,79
8,1,125.0994745,79
13,3,154.9570007324219,79
14,3,159.7213592529297,79
8,3,126.4501724243164,79
19,2,163.0841823,79
15,3,163.1264801025391,79
5,2,111.0058077,79
7,3,121.0212554931641,79
10,1,135.6434131,79
17,3,167.1072845458984,79
9,3,131.8695220947266,79
13,1,154.2969206,79
11,2,145.6997077,79
8,2,127.8176493,79
7,2,122.4282629,79
6,2,116.9165515,79
6,1,113.8736268,79
11,1,141.0470768,79
10,2,139.3204501,79
12,1,147.1792571,79
10,3,137.4695129394531,79
15,2,160.1143972,79
16,3,165.443603515625,79
19,3,170.0397796630859,79
17,2,161.8618783,79
18,2,162.4029346,79
18,3,168.5109252929688,79
15,1,166.0860746,79
13,2,155.6274041,79
17,1,172.2560402,79
16,1,169.6211261,79
16,2,161.1889381,79
11,2,148.0375594,80
5,1,110.8362661,80
13,3,157.5455322265625,80
10,2,141.6813695,80
16,3,165.8062591552734,80
19,3,167.5145721435547,80
8,3,129.3136138916016,80
14,1,163.9668859,80
6,1,117.3866031,80
18,1,172.7013403,80
14,2,159.3576419,80
9,1,134.4502213,80
18,2,160.5095677,80
5,3,110.5451736450195,80
12,1,150.9806892,80
7,1,123.4246579,80
15,2,160.2565322,80
11,1,145.0272704,80
17,1,172.0346475,80
6,3,117.3078536987305,80
5,2,110.2332342,80
10,3,140.6568145751953,80
12,3,152.2377471923828,80
9,3,134.9686889648438,80
17,2,160.4179655,80
18,3,166.8567504882813,80
14,3,161.7352600097656,80
16,1,170.7390348,80
11,3,146.4859466552734,80
12,2,153.5769445,80
8,1,129.0685256,80
17,3,166.4954681396484,80
6,2,117.2206394,80
10,1,139.6975335,80
19,2,161.0433465,80
19,1,173.3855375,80
7,3,123.4965896606445,80
13,2,157.3039459,80
13,1,157.7745089,80
15,3,164.3985748291016,80
8,2,129.5886884,80
16,2,160.4207548,80
15,1,168.2345419,80
7,2,123.5780009,80
9,2,135.5338118,80
12,3,143.2584381103516,81
12,1,140.2756393,81
5,1,101.4188728,81
17,1,163.9523876,81
16,3,158.5742340087891,81
9,3,126.036865234375,81
7,2,117.3875574,81
18,3,161.0489349365234,81
5,2,105.8139462,81
8,1,118.519461,81
17,2,155.9792894,81
15,2,154.4328195,81
6,3,109.6467361450195,81
16,2,155.3735201,81
7,3,115.2637023925781,81
8,2,122.8008914,81
14,3,153.3374481201172,81
18,2,156.5809889,81
9,1,123.7355023,81
19,3,162.2784576416016,81
17,3,159.9463043212891,81
13,3,148.7657012939453,81
11,1,134.2337458,81
6,1,107.4778878,81
14,1,153.8379273,81
10,1,128.9037754,81
10,3,131.5821380615234,81
11,2,140.5613159,81
6,2,111.8175385,81
5,3,103.6148529052734,81
16,1,161.8024776,81
8,3,120.6606903076172,81
7,1,113.1405401,81
9,2,128.3349647,81
13,1,147.2651665,81
11,3,137.40283203125,81
14,2,152.8402846,81
15,3,156.5184936523438,81
18,1,165.5677838,81
13,2,150.2578355,81
15,1,158.6200388,81
19,1,167.1218044,81
19,2,157.4988568,81
12,2,146.2279518,81
10,2,134.254186,81
5,3,106.5882034301758,82
18,1,168.9959581,82
9,2,129.9485888,82
6,2,113.3571595,82
8,3,123.6141815185547,82
12,1,144.3652643,82
13,2,152.1251716,82
13,3,151.6944580078125,82
8,2,124.3766784,82
17,2,158.112375,82
18,2,158.7679153,82
7,1,117.5252843,82
7,3,118.2237014770508,82
16,1,165.5410626,82
15,1,162.4593183,82
17,1,167.5503359,82
19,2,159.7041208,82
19,1,170.4095635,82
14,1,157.7607338,82
6,3,112.61279296875,82
5,2,107.3561847,82
15,3,159.4873046875,82
18,3,163.9091033935547,82
9,1,128.0341623,82
16,3,161.5298461914063,82
7,2,118.9381145,82
12,3,146.1736602783203,82
11,3,140.3231658935547,82
11,1,138.4015924,82
6,1,111.8856302,82
10,2,135.9178754,82
14,3,156.2899627685547,82
19,3,165.0738372802734,82
12,2,148.0187171,82
10,1,133.1425435,82
8,1,122.8683125,82
10,3,134.5156860351563,82
15,2,156.4617852,82
11,2,142.2844396,82
9,3,128.9811248779297,82
16,2,157.4528716,82
14,2,154.7911903,82
5,1,105.8385411,82
13,1,151.2720869,82
17,3,162.8640747070313,82
13,3,151.5749053955078,83
9,3,131.4202880859375,83
14,1,156.7936595,83
12,2,148.3404194,83
10,3,136.2726898193359,83
15,2,156.3648578,83
17,3,162.1158752441406,83
18,3,163.0298767089844,83
8,1,126.8451857,83
5,3,111.1440048217773,83
19,1,168.2988131,83
19,3,163.6470794677734,83
10,2,137.0347354,83
5,1,111.1388411,83
9,2,131.5668647,83
8,2,126.5330501,83
17,1,166.0345755,83
6,1,116.9015217,83
7,1,122.0982726,83
15,3,158.7635040283203,83
7,2,121.6494332,83
18,1,167.4469456,83
6,3,116.7621459960938,83
11,2,142.9633209,83
7,3,121.8769149780273,83
14,2,154.7141073,83
16,2,157.3914315,83
15,1,161.0499204,83
11,3,141.3899993896484,83
19,2,158.7434051,83
14,3,155.7765655517578,83
16,1,163.9624167,83
5,2,111.1493056,83
12,1,144.9208824,83
10,1,135.541198,83
9,1,131.2788634,83
8,3,126.6914596557617,83
12,3,146.5964508056641,83
6,2,116.6191208,83
17,2,157.9958374,83
13,1,150.9845882,83
13,2,152.1892344,83
18,2,158.3788985,83
11,1,139.8803679,83
16,3,160.7575225830078,83
15,1,162.4132711,85
17,3,163.1092529296875,85
6,1,111.3430428,85
12,3,145.6786499023438,85
12,1,144.014416,85
15,3,159.2729187011719,85
5,3,106.0930633544922,85
17,1,168.0068776,85
18,2,159.0096717,85
13,2,151.5557427,85
8,2,123.7923832,85
11,3,139.783935546875,85
13,3,151.2703552246094,85
16,2,157.1854646,85
13,1,150.9956808,85
14,3,155.9556121826172,85
7,1,116.9731635,85
19,1,171.77854,85
11,1,137.9923196,85
6,3,112.0816040039063,85
8,1,122.3343562,85
9,2,129.3488207,85
10,3,133.9604797363281,85
7,2,118.3853457,85
19,2,160.3379395,85
16,1,165.6936425,85
9,1,127.5377382,85
8,3,123.0420913696289,85
12,2,147.4206849,85
19,3,166.0883331298828,85
7,3,117.6599578857422,85
10,2,135.3078381,85
5,2,106.9037303,85
6,2,112.8558988,85
18,1,169.8556596,85
5,1,105.3142184,85
16,3,161.5044708251953,85
17,2,158.0730027,85
15,2,156.0297452,85
14,1,157.5829339,85
11,2,141.6738866,85
14,2,154.2717753,85
10,1,132.6871398,85
9,3,128.4171752929688,85
18,3,164.4962768554688,85
15,1,156.3519979,86
17,1,161.3718356,86
9,3,125.4881591796875,86
14,2,151.324103,86
8,3,120.5634994506836,86
9,2,125.9636156,86
7,1,116.1250283,86
12,2,144.159968,86
12,1,139.4461359,86
14,3,151.6378021240234,86
15,3,154.8517913818359,86
13,2,148.4299064,86
8,1,120.6216338,86
12,3,141.7803955078125,86
6,1,111.4182131,86
19,1,164.7080998,86
10,2,131.9003177,86
18,2,155.895603,86
9,1,125.0174112,86
16,3,156.9948883056641,86
15,2,153.2754509,86
16,2,154.543385,86
10,1,129.4256346,86
16,1,159.3040198,86
11,2,138.3116804,86
13,3,147.1225891113281,86
5,2,104.3495694,86
5,1,106.3971855,86
17,2,155.3445194,86
7,2,115.264197,86
6,2,109.9708086,86
8,2,120.5048358,86
11,1,134.0487335,86
19,2,156.4180725,86
13,1,145.8515624,86
6,3,110.6973419189453,86
10,3,130.6559753417969,86
11,3,136.166259765625,86
14,1,151.9394733,86
17,3,158.4650573730469,86
18,1,163.021089,86
18,3,159.5959777832031,86
7,3,115.6964492797852,86
19,3,160.7286529541016,86
5,3,105.3774337768555,86
5,1,105.9114512,87
9,2,131.1691566,87
19,2,158.8016535,87
18,1,169.6149541,87
8,2,125.6165537,87
14,3,157.0545654296875,87
7,1,117.6796805,87
11,1,138.8231773,87
17,1,168.2381496,87
13,1,151.8382307,87
11,2,143.4414233,87
5,3,107.2771759033203,87
9,1,128.3097359,87
6,3,113.3074798583984,87
10,1,133.4891299,87
6,1,111.9944636,87
10,2,137.1120108,87
16,1,166.2211436,87
14,1,158.3835613,87
17,2,158.3794909,87
19,3,164.7982940673828,87
8,3,124.3433227539063,87
18,3,164.0768585205078,87
7,2,120.1948942,87
9,3,129.7350311279297,87
12,3,146.9862213134766,87
14,2,155.7181937,87
10,3,135.2955474853516,87
12,1,144.862484,87
8,1,123.0788254,87
7,3,118.9324417114258,87
19,1,170.8092387,87
16,2,158.0554167,87
15,3,160.1937713623047,87
13,2,153.1540807,87
15,2,157.255636,87
6,2,114.6313954,87
16,3,162.1446533203125,87
13,3,152.4942016601563,87
18,2,158.5436963,87
11,3,141.1261901855469,87
5,2,108.6543275,87
12,2,149.1220484,87
17,3,163.3112182617188,87
15,1,163.1181227,87
14,2,156.5773301,88
16,2,158.6855919,88
14,3,158.5083465576172,88
9,2,131.6337557,88
17,3,164.4407348632813,88
13,3,153.9573211669922,88
8,3,126.095947265625,88
15,3,161.6149139404297,88
11,2,144.1454248,88
17,1,169.7852058,88
10,1,136.2793986,88
9,1,131.3094026,88
13,2,153.9948221,88
17,2,158.6931439,88
5,3,108.8661880493164,88
18,2,158.611219,88
12,1,147.174625,88
10,2,137.7078038,88
18,1,171.0491377,88
9,3,131.4650421142578,88
12,2,149.9093035,88
7,2,120.3347504,88
18,3,165.0656890869141,88
6,1,115.3568298,88
13,1,153.9229468,88
19,1,171.9975626,88
10,3,136.9647064208984,88
15,2,158.084549,88
16,1,167.8488546,88
15,1,164.8586833,88
11,3,142.706787109375,88
19,2,158.5429482,88
6,2,114.5867339,88
12,3,148.4862976074219,88
7,1,120.9745462,88
8,2,125.9287053,88
7,3,120.6697540283203,88
16,3,163.4398956298828,88
5,1,109.2885034,88
19,3,165.5250854492188,88
11,1,141.3783218,88
5,2,108.4219059,88
8,1,126.2501251,88
6,3,114.9866561889648,88
14,1,160.2730413,88
13,3,147.9563446044922,89
13,1,146.0169637,89
5,3,103.0326690673828,89
14,1,152.8288481,89
5,2,104.2257335,89
9,3,124.7057037353516,89
10,1,127.8403349,89
6,3,108.7521438598633,89
17,1,164.8986376,89
11,3,136.1562652587891,89
12,2,145.3485683,89
12,1,138.9712787,89
7,1,112.829878,89
16,3,159.2840881347656,89
10,2,132.6415798,89
9,2,126.5042159,89
14,2,153.0220416,89
11,2,139.2688369,89
15,1,158.0714188,89
13,2,149.8738677,89
19,3,163.5889892578125,89
6,2,109.9888731,89
7,2,115.4414231,89
6,1,107.5013479,89
12,3,142.1786193847656,89
19,1,168.9239815,89
16,1,161.929847,89
11,1,133.0057645,89
15,2,155.2135282,89
18,2,158.0435063,89
16,2,156.6686107,89
14,3,152.9259948730469,89
18,3,162.5854949951172,89
8,3,119.3973007202148,89
19,2,158.3271423,89
18,1,167.1850714,89
17,3,161.2064514160156,89
5,1,101.827378,89
8,2,120.8565224,89
10,3,130.2557983398438,89
8,1,117.9188175,89
9,1,122.8839273,89
7,3,114.1437911987305,89
15,3,156.6343231201172,89
17,2,157.5575832,89
12,3,145.1639404296875,91
8,2,123.2304822,91
6,1,111.0739329,91
17,3,161.2247772216797,91
19,3,162.6221618652344,91
9,2,128.8402957,91
7,3,117.2363891601563,91
15,2,155.4670285,91
18,2,157.4706215,91
17,1,165.4666928,91
10,3,133.565673828125,91
5,3,105.6163177490234,91
7,2,117.7665163,91
11,2,141.2273135,91
11,3,139.3500061035156,91
10,2,134.8529923,91
9,1,127.1755986,91
14,3,155.1223297119141,91
7,1,116.6983086,91
16,2,156.463687,91
18,1,166.4578231,91
16,3,160.1121673583984,91
8,3,122.6324615478516,91
14,2,153.7800072,91
9,3,128.0131530761719,91
12,1,143.3348292,91
13,2,151.0977278,91
6,2,112.1744683,91
5,2,106.1797921,91
18,3,161.9261779785156,91
5,1,105.0438635,91
17,2,157.0409581,91
13,3,150.6181945800781,91
16,1,163.8034392,91
19,1,167.3138065,91
15,3,158.2085723876953,91
12,2,146.9752427,91
14,1,156.4777417,91
8,1,122.0261041,91
6,3,111.6284561157227,91
11,1,137.4529614,91
13,1,150.1341106,91
19,2,158.0278299,91
10,1,132.2635876,91
15,1,160.9787004,91
13,3,150.7993621826172,92
10,1,130.3562462,92
15,1,161.1755128,92
10,2,136.0528169,92
14,2,155.0113315,92
11,2,142.4178227,92
5,3,104.9340667724609,92
12,2,148.1669172,92
17,2,158.4186229,92
18,2,158.9130929,92
9,2,130.1036347,92
6,2,113.688205,92
19,2,159.537861,92
8,3,122.139762878418,92
12,1,142.0287886,92
15,2,156.7377756,92
18,1,169.3435739,92
16,1,164.7789661,92
16,2,157.7843125,92
8,1,119.6735843,92
9,1,125.0413464,92
6,1,108.3210008,92
17,1,167.3872447,92
10,3,133.2498931884766,92
7,3,116.6665115356445,92
5,1,102.1124961,92
7,2,119.1903848,92
12,3,145.1654205322266,92
11,1,135.8283486,92
13,1,149.2171789,92
6,3,110.996711730957,92
9,3,127.6064224243164,92
19,1,170.9406457,92
14,3,155.5164947509766,92
19,3,164.977783203125,92
14,1,156.0517456,92
7,1,114.1402502,92
13,2,152.302999,92
18,3,163.9235229492188,92
16,3,161.1965637207031,92
5,2,107.7841919,92
11,3,139.1837158203125,92
8,2,124.5690413,92
15,3,158.8965301513672,92
17,3,162.7659759521484,92
12,1,141.5474951,93
15,2,149.5646013,93
9,3,124.0194702148438,93
8,3,118.8084030151367,93
11,1,135.6542198,93
12,2,140.4397775,93
12,3,141.0047760009766,93
9,1,125.4555291,93
18,1,165.1901086,93
15,3,154.558837890625,93
11,2,134.6680905,93
6,1,109.618748,93
14,1,154.7871269,93
7,3,113.6094970703125,93
17,2,152.1062777,93
10,3,129.4377593994141,93
7,2,112.0104781,93
14,2,147.5659622,93
5,2,101.1844436,93
6,2,106.7777578,93
6,3,108.2246017456055,93
5,3,102.4581298828125,93
18,3,159.2767486572266,93
13,3,146.56591796875,93
7,1,115.1484755,93
5,1,103.6856525,93
19,1,166.1325169,93
13,1,148.3831834,93
14,3,151.2458953857422,93
17,1,164.0863044,93
13,2,144.6751834,93
17,3,158.1879119873047,93
16,1,162.3028682,93
16,2,150.9844199,93
19,3,160.4115142822266,93
9,2,122.5242389,93
19,2,154.5852751,93
11,3,135.1711273193359,93
8,1,120.3872571,93
16,3,156.7404632568359,93
15,1,159.373114,93
10,2,128.3558901,93
18,2,153.2119241,93
8,2,117.1659367,93
10,1,130.4765617,93
19,2,157.3526899,94
12,2,147.9657435,94
7,1,121.2890869,94
18,3,163.6190948486328,94
9,1,131.601751,94
6,2,114.310444,94
6,3,115.0205459594727,94
19,3,164.3483276367188,94
8,3,125.8042297363281,94
9,3,131.0491638183594,94
15,1,165.191165,94
14,3,157.4107360839844,94
16,2,156.2577738,94
5,2,108.3908579,94
10,2,136.2945281,94
14,1,160.7053827,94
12,1,147.6207297,94
17,3,163.0251922607422,94
13,2,151.8113516,94
10,3,136.4522399902344,94
7,2,119.783873,94
11,1,141.7724188,94
12,3,147.7952575683594,94
18,2,156.8393172,94
15,2,155.5634436,94
15,3,160.3149261474609,94
13,3,153.0852355957031,94
9,2,130.5042518,94
11,3,142.1203460693359,94
18,1,170.6485787,94
10,1,136.6117735,94
19,1,171.3546498,94
11,2,142.4618766,94
5,1,109.79125,94
17,1,169.6893368,94
6,1,115.7439646,94
16,1,168.0110221,94
16,3,162.0462341308594,94
13,1,154.3857544,94
7,3,120.5250778198242,94
5,3,109.0849151611328,94
14,2,154.1936096,94
17,2,156.577593,94
8,2,125.0896262,94
8,1,126.5350732,94
10,2,136.0371502,95
11,3,141.2826232910156,95
13,1,153.1863554,95
17,2,156.8845157,95
5,3,108.0268173217773,95
7,2,119.532844,95
19,2,158.1305475,95
6,2,114.0801791,95
9,3,130.1180572509766,95
16,2,156.4031114,95
15,2,155.5868495,95
18,2,157.3520015,95
18,1,170.7265206,95
10,1,135.092691,95
8,2,124.8268561,95
9,2,130.2397385,95
7,1,119.5130761,95
6,3,113.9844512939453,95
8,3,124.8352203369141,95
18,3,163.9926300048828,95
14,3,156.8789978027344,95
19,1,171.7922009,95
13,3,152.4202575683594,95
12,2,147.7639447,95
8,1,124.8435176,95
6,1,113.8891472,95
17,1,169.4052396,95
13,2,151.6675403,95
12,3,147.0323791503906,95
11,2,142.2223357,95
15,1,164.3483125,95
10,3,135.5639801025391,95
5,1,107.8649993,95
5,2,108.189192,95
19,3,165.1600646972656,95
11,1,140.3393778,95
16,3,161.8543853759766,95
14,1,159.6635151,95
14,2,154.1231541,95
16,1,167.4182502,95
15,3,159.9444274902344,95
17,3,163.0885314941406,95
12,1,146.2907562,95
9,1,129.9972654,95
7,3,119.5229415893555,95
12,3,148.4264068603516,96
8,3,126.6967849731445,96
19,3,163.1588439941406,96
14,1,160.024146,96
5,2,109.8536316,96
6,1,115.6972946,96
18,2,156.4058031,96
7,2,121.6649642,96
11,1,141.3060471,96
11,3,142.8321990966797,96
10,1,136.2232556,96
13,2,153.5564599,96
6,2,116.002698,96
14,2,155.6220525,96
15,2,156.3301741,96
15,3,160.5824127197266,96
16,3,162.0292053222656,96
19,1,168.6170754,96
10,3,137.2583312988281,96
5,1,109.8458937,96
8,2,127.1099926,96
19,2,156.4963424,96
11,2,144.5268606,96
9,3,131.9179382324219,96
18,1,168.4921186,96
16,2,156.4218607,96
10,2,138.4141241,96
8,1,126.3111409,96
17,1,168.1862298,96
14,3,157.9399261474609,96
9,2,132.6072815,96
5,3,109.8497085571289,96
6,3,115.8476409912109,96
12,2,149.908127,96
18,3,162.9538879394531,96
13,3,153.6759490966797,96
16,1,167.0228243,96
12,1,147.0843716,96
17,3,162.7025756835938,96
15,1,164.4028612,96
13,1,153.7837437,96
7,3,121.4028167724609,96
17,2,156.4105681,96
7,1,121.1517266,96
9,1,131.2937183,96
15,1,157.6554014,97
6,3,109.1400527954102,97
18,1,162.2536405,97
17,1,161.6937108,97
10,2,133.0120971,97
7,2,116.9561312,97
8,2,122.1694546,97
5,2,105.5994084,97
14,3,151.3877716064453,97
18,2,150.2723789,97
14,1,153.2195601,97
13,3,147.1881103515625,97
5,3,103.0718154907227,97
13,2,147.5404372,97
12,3,141.9692993164063,97
12,1,139.9573774,97
7,3,114.7518615722656,97
8,3,120.0993957519531,97
16,3,155.4088897705078,97
10,1,128.6081722,97
9,1,123.4016036,97
17,2,150.3283401,97
9,2,127.4418404,97
17,3,156.0580291748047,97
19,3,156.4930267333984,97
16,1,160.3049886,97
19,1,162.5970248,97
15,2,150.3186459,97
12,2,144.0707007,97
7,1,112.6266585,97
18,3,156.2839965820313,97
6,2,111.5253303,97
15,3,154.0424957275391,97
9,3,125.3791809082031,97
13,1,146.8497221,97
19,2,150.3861281,97
11,2,138.8949932,97
11,1,133.9445352,97
11,3,136.3638763427734,97
5,1,100.6301777,97
10,3,130.7602844238281,97
8,1,118.1071037,97
16,2,150.3954435,97
6,1,106.8381602,97
14,2,149.4889544,97
13,2,147.0687859,98
17,3,157.3359985351563,98
17,1,162.4756932,98
11,3,136.3190155029297,98
12,1,141.0567822,98
14,1,154.1293793,98
12,2,143.0925546,98
13,3,147.4537963867188,98
10,1,130.0765619,98
5,1,103.675161,98
9,2,125.2924398,98
19,1,163.2601402,98
18,3,157.7138977050781,98
13,1,147.8260044,98
14,2,149.573864,98
6,2,108.8832152,98
7,1,114.9440615,98
10,3,130.6221008300781,98
9,3,125.1988754272461,98
6,1,109.5056598,98
9,1,125.1083563,98
19,3,158.0633392333984,98
11,2,137.4645057,98
16,2,151.7017851,98
17,2,152.0133841,98
16,3,156.5367889404297,98
6,3,109.1996994018555,98
15,2,151.0188217,98
11,1,135.2119312,98
15,3,154.8532104492188,98
18,2,152.2616372,98
10,2,131.1862753,98
8,2,119.7860046,98
18,1,162.9698152,98
16,1,161.2092984,98
5,3,103.3144226074219,98
5,2,102.9411547,98
12,3,142.0573883056641,98
14,3,151.8900604248047,98
19,2,152.6627702,98
7,2,114.4067769,98
8,3,119.9480743408203,98
7,3,114.6799011230469,98
8,1,120.104865,98
15,1,158.5599914,98
11,3,138.7137603759766,99
13,3,149.5104827880859,99
19,3,157.7502288818359,99
17,2,151.6830389,99
9,2,127.0561217,99
16,1,162.2593722,99
13,1,150.622236,99
6,2,110.0704535,99
7,2,115.8932879,99
14,3,153.6630554199219,99
6,1,111.9654354,99
8,1,123.0749152,99
19,1,162.7944976,99
17,1,162.7345106,99
5,1,105.7222558,99
14,1,156.5125454,99
18,1,162.7302155,99
8,2,121.4619925,99
9,3,127.6659317016602,99
15,3,156.1669006347656,99
12,3,144.3098602294922,99
9,1,128.2050577,99
17,3,157.5691986083984,99
5,3,104.7717819213867,99
10,3,133.0945129394531,99
15,1,160.3411657,99
12,2,144.5503565,99
7,1,117.7065559,99
16,3,157.2897796630859,99
6,3,111.0688323974609,99
18,3,157.5928497314453,99
19,2,151.9961814,99
11,2,139.1153873,99
5,2,103.7105405,99
8,3,122.3128280639648,99
10,1,133.2295529,99
16,2,151.6626121,99
13,2,148.246915,99
12,1,144.0962027,99
18,2,151.7269145,99
14,2,150.3932258,99
10,2,132.9402787,99
11,1,138.35844,99
15,2,151.4164645,99
7,3,116.8486862182617,99
17,3,156.6006164550781,100
13,2,145.4862569,100
5,3,101.6987152099609,100
11,1,132.841951,100
5,1,101.8926487,100
17,2,152.3211582,100
19,1,161.9267375,100
5,2,101.4993291,100
13,1,145.3348356,100
13,3,145.4102783203125,100
11,2,135.6949094,100
12,1,138.6247584,100
18,3,156.9803466796875,100
18,2,152.5766379,100
14,1,151.5851179,100
6,1,107.7047811,100
9,1,123.1576099,100
15,2,149.7952732,100
15,3,152.8548736572266,100
16,1,159.8565358,100
9,3,123.4375305175781,100
18,1,161.5341876,100
19,3,157.3799285888672,100
10,2,129.5277701,100
19,2,152.969762,100
7,3,112.9850006103516,100
7,2,112.8622508,100
16,2,151.9295399,100
6,3,107.546028137207,100
15,1,155.9767683,100
16,3,155.8316192626953,100
11,3,134.2558288574219,100
10,3,128.7254180908203,100
9,2,123.7236509,100
14,3,149.8555145263672,100
8,1,118.2134713,100
12,2,141.4003635,100
10,1,127.9388964,100
17,1,161.0332791,100
8,2,118.2171994,100
7,1,113.1047104,100
8,3,118.2153167724609,100
12,3,140.0019683837891,100
14,2,148.1366839,100
6,2,107.3829893,100
13,1,151.6804077,101
8,2,123.1984119,101
14,2,153.5020641,101
13,2,150.9548796,101
5,1,106.3143013,101
7,2,117.6434964,101
15,3,158.6911468505859,101
12,1,144.8397881,101
7,3,117.7575073242188,101
16,3,160.3097839355469,101
18,3,161.7089691162109,101
14,3,155.7837066650391,101
6,3,112.1012344360352,101
18,1,166.4744348,101
11,3,140.0062713623047,101
10,1,133.5270074,101
14,1,157.9408239,101
17,2,156.2707383,101
19,2,157.4111475,101
13,3,151.3280944824219,101
8,1,123.1998919,101
9,2,128.8488341,101
9,1,128.3773754,101
5,2,105.7545964,101
15,1,162.1794987,101
16,1,164.5682347,101
7,1,117.8639566,101
11,2,141.2336495,101
17,3,161.1238555908203,101
5,3,106.0450439453125,101
19,3,162.6498107910156,101
10,3,134.1739959716797,101
19,1,167.6349883,101
9,3,128.6055450439453,101
17,1,165.7308421,101
10,2,134.8625827,101
12,2,146.9266771,101
15,2,155.0071378,101
11,1,138.8511263,101
12,3,145.8524017333984,101
6,1,112.2700216,101
18,2,156.6936919,101
16,2,155.8190884,101
6,2,111.9198626,101
8,3,123.1991729736328,101
5,2,112.2434176,102
19,1,170.4807211,102
7,1,125.4044255,102
13,1,158.4841299,102
7,3,124.7250442504883,102
16,3,164.8270874023438,102
9,3,135.3292846679688,102
11,2,146.6828494,102
13,3,157.1371459960938,102
15,3,163.7933807373047,102
9,2,134.8466016,102
7,2,123.9976893,102
17,3,164.9821319580078,102
18,2,158.5932844,102
16,2,158.6593369,102
15,2,158.5526295,102
14,2,157.7833048,102
14,1,164.5799131,102
12,2,152.0502252,102
12,1,151.8098779,102
6,2,118.3585331,102
5,3,113.0386581420898,102
19,2,158.7075832,102
11,3,146.3183288574219,102
16,1,170.4378902,102
17,1,170.6754693,102
12,3,151.9263610839844,102
15,1,168.6417161,102
8,1,130.7104024,102
5,1,113.7809876,102
8,2,129.4168522,102
10,2,140.6036083,102
18,3,164.9874267578125,102
10,1,140.8019824,102
14,3,161.2955932617188,102
13,2,155.7034877,102
17,2,158.5984413,102
8,3,130.0857086181641,102
10,3,140.7060546875,102
18,1,170.5877626,102
9,1,135.7805421,102
6,1,119.789647,102
11,1,145.9763004,102
19,3,165.0200347900391,102
6,3,119.0984802246094,102
13,3,153.5540771484375,103
12,3,148.1080474853516,103
15,1,165.2110004,103
7,3,121.385124206543,103
7,1,121.4656108,103
15,2,157.5596013,103
14,2,155.8392225,103
9,3,131.4552764892578,103
6,3,116.2245330810547,103
12,1,147.0791311,103
5,3,110.7306289672852,103
12,2,149.1441631,103
16,3,163.5053100585938,103
6,2,116.1635477,103
11,2,143.5329321,103
16,1,168.4688443,103
13,2,153.1840172,103
14,1,160.426479,103
19,3,167.6930084228516,103
18,3,166.2860565185547,103
9,2,131.6225732,103
15,3,161.3525390625,103
5,2,110.6775577,103
10,2,137.3470918,103
17,2,159.46105,103
10,3,136.7443695068359,103
10,1,136.1638786,103
16,2,158.6683107,103
13,1,153.9263986,103
8,3,126.3985290527344,103
8,1,126.4338718,103
17,1,170.752627,103
9,1,131.2961791,103
11,1,141.2392471,103
19,1,174.1088262,103
8,2,126.3610452,103
17,3,165.0144805908203,103
14,3,158.1186676025391,103
6,1,116.2818317,103
7,2,121.2994314,103
11,3,142.3727569580078,103
19,2,161.2955449,103
18,2,160.2373264,103
5,1,110.7806575,103
18,1,172.4924199,103
10,1,134.151594,104
9,1,128.8455453,104
15,3,160.2729339599609,104
10,3,134.6753387451172,104
9,3,128.9952239990234,104
11,3,140.6268615722656,104
12,1,145.8054718,104
9,2,129.1542705,104
19,1,170.0933031,104
13,2,151.6262361,104
6,3,112.1911697387695,104
18,3,163.8157958984375,104
10,2,135.2302357,104
18,1,169.8456582,104
12,3,146.6179656982422,104
13,1,152.906071,104
8,3,123.481086730957,104
17,1,169.1171662,104
16,3,162.2632293701172,104
11,1,139.6273694,104
8,2,123.4579036,104
14,3,157.0198669433594,104
12,2,147.4824908,104
14,1,159.5439628,104
5,2,105.9852849,104
14,2,154.2991973,104
11,2,141.6842489,104
19,2,157.7105365,104
6,1,112.2321029,104
19,3,164.0497741699219,104
13,3,152.2885131835938,104
5,3,106.0353088378906,104
16,2,156.8384722,104
7,1,118.0032372,104
17,3,163.3539123535156,104
7,3,117.943473815918,104
18,2,157.4353465,104
8,1,123.5029488,104
7,2,117.8804878,104
16,1,167.3579277,104
15,1,164.3198011,104
17,2,157.232555,104
6,2,112.1477647,104
5,1,106.0818804,104
15,2,155.9413661,104
5,2,100.0778132,105
8,3,117.359733581543,105
11,2,133.3624614,105
12,3,138.2413635253906,105
6,1,107.5644837,105
14,2,146.2238492,105
10,2,127.2803163,105
8,1,118.1453315,105
14,1,150.4991629,105
15,3,152.1062164306641,105
17,1,161.5489452,105
13,2,143.1880292,105
19,3,158.1344604492188,105
19,2,152.0233873,105
12,1,137.5608463,105
14,3,148.4437255859375,105
7,2,111.404921,105
7,3,112.281494140625,105
7,1,113.0875752,105
18,3,157.7468109130859,105
19,1,163.8200829,105
9,1,122.8911283,105
9,2,121.6855319,105
15,1,155.4238518,105
9,3,122.3138961791992,105
11,1,132.1320812,105
13,3,143.6650695800781,105
18,1,163.1693622,105
6,3,106.8350677490234,105
5,1,101.4356998,105
16,2,150.2200924,105
16,1,158.9793897,105
17,2,151.3340487,105
11,3,132.7223815917969,105
15,2,148.5303005,105
8,2,116.5045671,105
13,1,144.1059951,105
10,1,127.4728194,105
5,3,100.7843017578125,105
12,2,138.9784042,105
10,3,127.3805618286133,105
17,3,156.62646484375,105
16,3,154.7602691650391,105
18,2,151.9180675,105
6,2,106.0426515,105
15,1,155.3967041,106
14,2,146.805473,106
10,1,127.0431887,106
5,1,103.0841096,106
18,3,156.0289306640625,106
19,1,162.1623665,106
7,2,112.549699,106
17,1,160.4495511,106
16,2,149.5723939,106
6,3,107.9138565063477,106
7,3,112.8579864501953,106
5,2,102.177962,106
12,1,137.612919,106
6,1,108.2759522,106
10,3,127.6826934814453,106
11,1,131.9298108,106
8,1,117.8222465,106
17,2,150.1174954,106
18,1,161.5847629,106
7,1,113.1525788,106
12,3,138.8327941894531,106
13,1,144.3322267,106
10,2,128.3464838,106
5,3,102.6422500610352,106
15,3,152.0084838867188,106
8,3,117.6676788330078,106
15,2,148.5349297,106
9,3,122.5446853637695,106
14,1,150.7208149,106
16,3,154.0797576904297,106
14,3,148.7897338867188,106
11,2,134.4961657,106
12,2,140.0930329,106
17,3,155.3369598388672,106
8,2,117.5063542,106
19,2,150.5550817,106
6,2,107.5340518,106
18,2,150.3687579,106
11,3,133.1906433105469,106
13,2,144.1353937,106
13,3,144.2352905273438,106
9,2,122.6835176,106
16,1,158.4855777,106
19,3,156.4066772460938,106
9,1,122.4112938,106
18,2,157.3183111,107
9,2,128.201129,107
17,3,162.8986358642578,107
19,2,157.3914516,107
16,2,156.5363438,107
13,1,150.8020815,107
18,3,163.8658599853516,107
15,2,155.4178964,107
10,3,133.7019195556641,107
9,1,128.4325424,107
7,1,118.3750057,107
10,2,134.1584244,107
18,1,170.0560873,107
5,2,106.382476,107
8,3,123.1161193847656,107
8,2,122.7086257,107
6,2,112.0686601,107
14,2,153.5522304,107
15,3,159.0021209716797,107
13,3,150.7492065429688,107
6,1,112.8657047,107
12,2,146.4245797,107
7,2,117.4211805,107
17,1,168.3563954,107
16,3,161.3531799316406,107
14,3,155.5247344970703,107
11,3,139.3846893310547,107
11,2,140.5781474,107
15,1,162.365211,107
5,1,106.8847128,107
14,1,157.3808579,107
9,3,128.3177490234375,107
6,3,112.4683532714844,107
11,1,138.2374606,107
13,2,150.6932994,107
8,1,123.5198951,107
17,2,157.1052265,107
12,3,145.1746673583984,107
7,3,117.8995819091797,107
16,1,165.8754959,107
12,1,143.9842002,107
19,1,171.1773685,107
10,1,133.2577514,107
19,3,164.4669952392578,107
5,3,106.6345520019531,107
19,2,157.355778,108
15,3,159.5683288574219,108
13,2,151.3522254,108
10,2,135.4892658,108
6,2,113.0951581,108
18,3,163.212890625,108
12,3,146.6726531982422,108
8,2,124.0713696,108
11,1,140.1199001,108
12,2,147.3858017,108
17,3,162.4932098388672,108
13,3,152.0827484130859,108
6,1,114.0521016,108
14,2,153.8407864,108
10,3,135.2178344726563,108
11,3,140.9264221191406,108
11,2,141.7644265,108
15,2,155.2914541,108
19,1,170.4400185,108
5,2,107.0912912,108
7,2,118.66396,108
5,3,107.6003646850586,108
17,1,168.416375,108
5,1,108.0864418,108
19,3,163.9422454833984,108
7,1,119.612066,108
8,1,124.8695564,108
16,2,156.0278483,108
7,3,119.1483306884766,108
18,2,156.7763751,108
13,1,152.7874943,108
18,1,169.5208545,108
9,2,129.5920673,108
16,1,166.6247397,108
17,2,156.4179646,108
14,3,156.5424652099609,108
10,1,134.9569251,108
14,1,159.152447,108
8,3,124.4788818359375,108
16,3,161.4039154052734,108
9,3,129.7713775634766,108
12,1,145.985487,108
15,1,163.708994,108
6,3,113.5843734741211,108
9,1,129.9435096,108
15,3,166.0749359130859,109
8,3,131.8713989257813,109
5,3,114.9243240356445,109
19,3,169.1115264892578,109
15,2,160.7989149,109
15,1,171.0997845,109
10,3,142.5069427490234,109
18,1,175.7737568,109
10,1,142.747259,109
6,2,120.0601012,109
11,1,147.9084123,109
7,3,126.5515365600586,109
13,1,160.4882635,109
16,3,167.6038665771484,109
7,1,127.3999561,109
11,3,148.1260833740234,109
6,1,121.8208043,109
13,2,157.4668552,109
16,1,173.7304417,109
12,1,153.7506795,109
19,2,161.7858409,109
6,3,120.9657516479492,109
8,1,132.6620476,109
14,2,159.6629072,109
11,2,148.3563648,109
17,1,175.1485072,109
18,3,168.7424926757813,109
5,1,115.8261931,109
14,3,163.2841644287109,109
14,1,166.7376827,109
10,2,142.2518005,109
9,3,137.1254577636719,109
17,3,168.3740692138672,109
12,2,153.7602325,109
8,2,131.0343217,109
7,2,125.6563908,109
12,3,153.7553253173828,109
9,1,137.7345516,109
19,1,176.1684286,109
17,2,161.2915745,109
5,2,113.977177,109
16,2,161.1949599,109
18,2,161.4061428,109
13,3,159.0211639404297,109
9,2,136.4780047,109
13,3,155.9126739501953,110
16,2,157.0480699,110
17,1,169.7480927,110
16,3,163.3320159912109,110
18,2,156.9336103,110
9,3,132.69921875,110
8,3,126.9968948364258,110
17,3,163.56396484375,110
18,3,163.6161804199219,110
7,3,121.2724914550781,110
15,1,167.4842841,110
14,2,156.2471326,110
10,2,138.7436041,110
5,3,109.0914306640625,110
15,2,157.0518649,110
13,1,157.498357,110
12,3,150.5263671875,110
11,2,145.069412,110
11,3,144.5830230712891,110
19,1,170.5527304,110
16,1,169.2414281,110
14,1,163.6636307,110
7,2,121.0586653,110
12,1,150.477529,110
5,1,109.5669852,110
17,2,156.9778603,110
14,3,160.0543670654297,110
10,1,138.3431351,110
6,2,115.057904,110
6,1,115.6463245,110
6,3,115.3594055175781,110
11,1,144.1197255,110
5,2,108.5908346,110
8,2,126.8428006,110
7,1,121.4761512,110
8,1,127.1435416,110
9,2,132.659099,110
12,2,150.5776421,110
9,1,132.737298,110
18,1,169.8855519,110
15,3,162.4195861816406,110
10,3,138.5382232666016,110
19,3,164.2584075927734,110
19,2,157.5584476,110
13,2,154.2442647,110
5,3,107.2182083129883,111
17,1,168.7057386,111
6,3,112.9543304443359,111
15,3,159.2917175292969,111
15,1,162.465088,111
9,1,127.5158701,111
13,2,151.7212723,111
10,2,135.7878539,111
9,3,128.7007141113281,111
19,2,158.0006705,111
12,3,145.60009765625,111
6,1,112.1337603,111
14,3,155.8990325927734,111
12,2,147.6970383,111
19,3,165.5153198242188,111
15,2,155.8632394,111
11,3,139.7777709960938,111
14,1,157.3893624,111
13,3,151.1722717285156,111
7,1,117.4611345,111
8,1,122.5515589,111
13,1,150.6595101,111
14,2,154.2960457,111
16,1,166.0642939,111
16,3,161.5913848876953,111
18,2,157.516797,111
8,2,124.5233249,111
9,2,129.9540144,111
10,1,132.4700698,111
10,3,134.0812072753906,111
16,2,156.735329,111
6,2,113.819517,111
11,2,142.0418456,111
18,1,170.7115687,111
7,2,119.2353699,111
8,3,123.5103225708008,111
7,3,118.324333190918,111
5,2,108.0043593,111
5,1,106.4737407,111
17,2,157.1899609,111
11,1,137.6452936,111
12,1,143.6325514,111
18,3,164.4151458740234,111
19,1,172.3562271,111
17,3,163.1990966796875,111
19,2,159.6715207,112
9,3,131.6304168701172,112
8,2,126.5796832,112
10,2,137.8730484,112
12,3,148.3030700683594,112
12,2,149.7740552,112
17,3,164.6395416259766,112
15,1,164.7175618,112
17,2,159.1671857,112
7,2,121.2885125,112
12,1,146.8184825,112
15,2,157.9284766,112
17,1,170.1181633,112
18,1,171.8580168,112
13,1,153.5934805,112
7,1,121.4981894,112
14,2,156.3631348,112
14,1,160.0151499,112
8,1,126.4281978,112
6,1,116.3351883,112
8,3,126.5040130615234,112
6,3,116.1045074462891,112
7,3,121.3932800292969,112
19,3,166.7734375,112
10,1,136.044934,112
16,1,167.8994071,112
11,2,144.1337793,112
16,2,158.7819541,112
14,3,158.1768646240234,112
9,1,131.2387483,112
11,1,141.0496064,112
6,2,115.8741415,112
18,2,159.3733683,112
13,2,153.7915218,112
5,2,110.047662,112
5,3,110.4331741333008,112
18,3,165.6712799072266,112
19,1,173.594382,112
13,3,153.6931304931641,112
5,1,110.8190944,112
10,3,136.9607696533203,112
15,3,161.3014221191406,112
16,3,163.3179321289063,112
11,3,142.5960540771484,112
9,2,132.0210724,112
7,3,120.2623596191406,113
7,2,120.6712372,113
9,1,130.6964094,113
19,3,164.8455963134766,113
10,1,135.8870584,113
17,3,163.8003387451172,113
13,1,154.0595935,113
17,1,169.7992681,113
16,3,162.7778778076172,113
13,3,153.5845489501953,113
6,2,114.9280175,113
14,1,160.4816221,113
5,1,107.6353164,113
16,1,167.9970325,113
5,2,108.6693058,113
14,3,158.0127868652344,113
11,2,143.7969061,113
18,2,157.3052683,113
11,3,142.4517211914063,113
6,1,113.9896069,113
18,1,170.8041527,113
5,3,108.1428375244141,113
6,3,114.4482192993164,113
13,2,153.0730035,113
8,2,126.1809185,113
12,1,147.1768886,113
19,2,157.6105311,113
19,1,171.420012,113
15,3,160.9810485839844,113
15,1,165.059243,113
14,2,155.3491996,113
8,3,125.7794723510742,113
18,3,164.3787231445313,113
9,3,131.1990661621094,113
7,1,119.8744898,113
11,1,141.1971268,113
16,2,157.0858287,113
10,3,136.7158660888672,113
12,3,148.1934356689453,113
9,2,131.735622,113
17,2,157.2186731,113
12,2,149.2851669,113
10,2,137.6031839,113
8,1,125.4017186,113
15,2,156.5679734,113
5,1,109.6883913,114
6,1,114.8256839,114
9,3,129.4229125976563,114
15,2,155.7401018,114
19,3,164.2924652099609,114
14,1,157.4076521,114
8,1,124.4008821,114
8,2,124.6376952,114
12,3,145.8302917480469,114
17,2,157.357194,114
18,1,168.9416713,114
9,1,129.0384816,114
19,2,158.0828626,114
10,3,134.6065826416016,114
13,1,151.0425405,114
15,1,162.048602,114
13,2,151.325588,114
14,3,155.6616973876953,114
11,1,138.6319992,114
10,1,133.7165047,114
17,3,162.1676177978516,114
10,2,135.4557125,114
6,3,114.8550109863281,114
8,3,124.5223846435547,114
9,2,129.787629,114
12,1,144.3294056,114
17,1,167.2939474,114
18,2,157.7099915,114
15,3,158.8056182861328,114
11,2,141.6282708,114
12,2,147.2553673,114
14,2,154.0124456,114
16,3,160.8393859863281,114
7,1,119.6985015,114
13,3,151.1879425048828,114
7,3,119.7281723022461,114
19,1,170.6014952,114
16,1,165.1562891,114
11,3,140.1653289794922,114
5,2,109.7538473,114
7,2,119.7565454,114
6,2,114.8829968,114
16,2,156.778209,114
18,3,163.1817932128906,114
5,3,109.7219696044922,114
5,1,100.5364064,115
17,2,150.3965876,115
11,2,136.3693969,115
13,2,145.8535423,115
10,1,126.8622459,115
11,1,131.9645597,115
12,2,141.947128,115
14,1,150.6838062,115
13,3,145.1494445800781,115
15,1,155.0010379,115
18,2,150.5147501,115
6,1,106.3791254,115
14,3,149.4955902099609,115
18,3,154.8758544921875,115
6,3,107.0839462280273,115
13,1,144.4680069,115
17,1,158.6279871,115
18,1,159.1018485,115
9,2,124.2465188,115
12,1,137.7628971,115
12,3,139.8209381103516,115
16,1,157.4954178,115
15,3,152.3561706542969,115
8,2,118.7430447,115
7,1,111.8107359,115
7,3,112.5713424682617,115
5,2,101.8328742,115
14,2,148.2681451,115
19,3,155.1924438476563,115
16,3,153.9093627929688,115
8,1,116.9512429,115
6,2,107.8097966,115
19,2,150.7698269,115
9,1,121.9267041,115
5,3,101.1752014160156,115
11,3,134.1316223144531,115
7,2,113.3547608,115
15,2,149.6243773,115
8,3,117.8336944580078,115
10,3,128.4672088623047,115
19,1,159.4786963,115
9,3,123.0687713623047,115
16,2,150.2061979,115
17,3,154.5777282714844,115
10,2,130.123448,115
15,3,163.7979583740234,116
9,3,132.8161163330078,116
9,1,132.5381696,116
14,1,162.9081992,116
15,2,159.7202249,116
16,2,160.4539202,116
18,3,167.4919586181641,116
19,3,167.8667144775391,116
6,3,115.3428115844727,116
6,1,115.3053326,116
19,2,160.9302536,116
10,3,138.5501861572266,116
13,1,156.3323911,116
15,1,167.6879025,116
5,2,108.8256826,116
8,1,127.0977202,116
5,3,108.7676544189453,116
16,3,165.7663726806641,116
7,1,121.3973007,116
7,3,121.4127197265625,116
8,2,127.2445338,116
13,3,155.9978637695313,116
11,2,145.7783572,116
12,2,151.5635821,116
10,1,137.8508394,116
5,1,108.7122976,116
19,1,174.5524279,116
18,2,160.7583642,116
18,1,173.9408649,116
16,1,170.8241447,116
12,3,150.4205780029297,116
12,1,149.3319738,116
13,2,155.6467294,116
9,2,133.1072376,116
11,3,144.4875640869141,116
6,2,115.3821084,116
11,1,143.2577728,116
7,2,121.4288686,116
17,1,172.8133237,116
17,3,166.891845703125,116
14,3,160.6168975830078,116
17,2,160.681876,116
8,3,127.1694412231445,116
14,2,158.2164839,116
10,2,139.2836891,116
10,2,135.2083608,118
16,3,159.2198944091797,118
10,1,134.223622,118
12,3,146.0214385986328,118
11,2,141.3947942,118
17,2,154.424567,118
19,3,160.5442352294922,118
5,2,105.9514362,118
19,2,154.8717479,118
12,2,146.8514683,118
7,3,118.3530654907227,118
14,2,152.790129,118
8,1,123.9534457,118
15,2,153.9280363,118
16,2,154.3463451,118
7,2,118.1460418,118
19,1,166.070133,118
6,2,112.319646,118
14,3,155.3703155517578,118
18,2,154.5045903,118
9,2,129.3152048,118
9,1,129.1354748,118
17,3,159.7358551025391,118
12,1,145.2365871,118
10,3,134.6989440917969,118
13,3,151.2345581054688,118
14,1,157.8463526,118
15,1,161.8011261,118
9,3,129.2220458984375,118
8,3,123.8398284912109,118
8,2,123.7172554,118
17,1,164.8838763,118
15,3,157.9355773925781,118
18,1,165.3535313,118
7,1,118.544564,118
5,3,106.2469253540039,118
11,1,139.4200133,118
16,1,163.9341856,118
13,2,150.5854348,118
5,1,106.520607,118
13,1,151.8530401,118
11,3,140.3761596679688,118
18,3,160.0079040527344,118
6,1,112.7760226,118
6,3,112.556770324707,118
12,3,143.4347839355469,119
15,2,150.0183572,119
19,1,161.8313648,119
18,3,156.4523773193359,119
12,1,144.413684,119
13,3,148.5090637207031,119
16,3,156.3480987548828,119
13,2,146.2377478,119
11,1,139.1471394,119
6,2,108.4830743,119
13,1,150.5494563,119
9,3,127.5558319091797,119
8,3,122.6267471313477,119
16,1,161.7205563,119
7,1,121.1084591,119
18,1,161.9950099,119
7,3,117.6868667602539,119
17,2,150.6958728,119
7,2,113.9346343,119
11,3,138.0211639404297,119
17,3,156.5877075195313,119
14,2,148.6484796,119
5,1,110.8768133,119
10,1,134.571749,119
5,2,102.6087717,119
15,3,155.1152801513672,119
5,3,106.9481582641602,119
15,1,159.8306752,119
6,1,116.204445,119
6,3,112.5312271118164,119
8,2,119.2466873,119
10,3,132.6560668945313,119
14,3,152.5724792480469,119
17,1,162.1518035,119
9,2,124.6926529,119
12,2,142.3344367,119
16,2,150.593882,119
8,1,125.7199785,119
11,2,136.757988,119
10,2,130.5317845,119
19,3,156.3551940917969,119
18,2,150.6850118,119
14,1,156.152619,119
19,2,150.7436712,119
9,1,130.1651672,119
5,1,103.9454451,120
9,2,129.3779863,120
7,1,115.8060027,120
12,1,143.2534355,120
11,3,139.4203643798828,120
11,1,137.1564433,120
17,3,162.0527648925781,120
14,3,155.5338287353516,120
14,2,154.1691908,120
19,2,157.4954917,120
10,3,133.5456085205078,120
10,1,131.768315,120
5,2,107.2334385,120
8,2,123.8743693,120
16,1,164.9175049,120
15,2,155.8487342,120
13,2,151.4902901,120
8,1,121.2556368,120
19,1,168.4052759,120
18,2,157.3528035,120
11,2,141.6499865,120
17,1,166.8995274,120
16,3,160.8410186767578,120
18,1,167.961387,120
14,1,156.9237037,120
15,3,158.7793884277344,120
6,1,110.0724895,120
13,1,150.2967575,120
7,2,118.5310882,120
19,3,162.9608917236328,120
17,2,157.2056063,120
7,3,117.1730499267578,120
6,3,111.5805969238281,120
18,3,162.6673736572266,120
9,3,127.9628601074219,120
10,2,135.3038053,120
9,1,126.5368824,120
6,2,113.0757293,120
5,3,105.5991134643555,120
12,2,147.3787474,120
12,3,145.3355255126953,120
13,3,150.8994750976563,120
16,2,156.791861,120
8,3,122.5690689086914,120
15,1,161.7506611,120
19,2,152.6884845,121
9,1,121.7115144,121
14,1,151.0857905,121
7,1,111.506262,121
17,3,156.4380950927734,121
11,1,131.8650108,121
18,2,152.14927,121
6,2,108.3693638,121
17,1,160.8940918,121
15,2,150.5499834,121
7,3,112.6669387817383,121
5,2,102.4316169,121
6,1,106.0440369,121
13,2,146.5122776,121
15,3,153.2096405029297,121
16,1,158.8584833,121
19,1,163.3751584,121
19,3,158.1266174316406,121
17,2,151.8133423,121
12,2,142.5262087,121
5,1,100.1736575,121
8,1,116.6889634,121
16,3,155.1879425048828,121
12,3,140.09765625,121
6,3,107.1815338134766,121
10,2,130.6213175,121
9,2,124.7363277,121
8,3,117.9391937255859,121
11,2,136.8956547,121
5,3,101.2775115966797,121
14,2,149.0370471,121
10,1,126.6989668,121
18,3,157.3002014160156,121
18,1,162.2664748,121
15,1,155.7696921,121
13,3,145.5499725341797,121
13,1,144.6241553,121
8,2,119.2424068,121
10,3,128.6210784912109,121
11,3,134.3310699462891,121
7,2,113.8778467,121
12,1,137.7613778,121
14,3,150.0811767578125,121
9,3,123.1932067871094,121
16,2,151.3764387,121
15,3,153.6479187011719,122
19,2,150.730505,122
5,3,101.6346206665039,122
14,2,148.7753111,122
7,1,112.5921781,122
6,2,108.2932357,122
10,2,130.7520567,122
8,3,118.588752746582,122
7,3,113.2311859130859,122
15,2,150.0700364,122
11,3,135.1011810302734,122
13,3,146.2557067871094,122
9,2,124.8658602,122
19,3,156.6336517333984,122
13,2,146.4148395,122
6,3,107.6432952880859,122
12,1,139.244985,122
16,3,155.3424377441406,122
16,1,159.8496402,122
17,1,161.4190267,122
5,2,102.2402884,122
13,1,146.104942,122
17,3,156.1795501708984,122
19,1,162.2593318,122
15,1,157.04073,122
9,3,123.9096221923828,122
11,2,136.990937,122
16,2,150.5953029,122
11,1,133.3086221,122
10,3,129.3792419433594,122
10,1,128.0754659,122
14,1,152.503431,122
14,3,150.6894836425781,122
12,2,142.5465468,122
6,1,107.0215358,122
5,1,101.0539834,122
8,2,119.3342425,122
18,3,156.4951934814453,122
18,1,162.0632274,122
12,3,140.8515167236328,122
18,2,150.6447426,122
9,1,122.9999891,122
8,1,117.8783499,122
7,2,113.9005067,122
17,2,150.6682773,122
10,2,136.3867278,123
15,2,156.0867838,123
5,1,109.3921692,123
17,3,162.9471740722656,123
6,2,114.1655877,123
5,2,108.2340327,123
6,3,114.729850769043,123
14,3,157.2932739257813,123
15,3,160.2403869628906,123
15,1,164.2222074,123
7,2,119.6729663,123
12,1,146.7552952,123
19,2,158.381539,123
18,1,169.4751587,123
8,2,125.0315698,123
12,2,148.2609618,123
16,3,161.9491882324219,123
17,1,168.4307928,123
11,1,140.9476208,123
18,2,157.6953731,123
12,3,147.4913635253906,123
9,1,130.8964723,123
17,2,157.2394007,123
10,3,136.1068267822266,123
8,3,125.4778518676758,123
7,3,120.2160491943359,123
16,2,156.7950499,123
14,2,154.6973297,123
19,3,164.5653686523438,123
8,1,125.9035415,123
9,2,130.515348,123
9,3,130.7103424072266,123
10,1,135.8394699,123
19,1,170.5219217,123
16,1,166.8951918,123
14,1,159.7801383,123
7,1,120.7336133,123
18,3,163.6999664306641,123
6,1,115.2671442,123
13,2,152.2255057,123
13,1,153.4911378,123
5,3,108.8274993896484,123
11,3,141.7784576416016,123
13,3,152.8721466064453,123
11,2,142.6477257,123
14,3,152.3983306884766,124
6,1,108.7655075,124
9,1,124.5471655,124
7,3,114.9728393554688,124
15,3,155.779541015625,124
11,2,138.4091422,124
19,1,168.4754746,124
14,2,150.4970233,124
15,2,152.0642477,124
6,3,109.505989074707,124
10,1,129.5436285,124
9,2,126.4018156,124
12,1,140.5993349,124
5,1,102.853861,124
8,1,119.4999621,124
9,3,125.4295272827148,124
7,1,114.2794547,124
18,1,166.5163009,124
8,3,120.2160186767578,124
19,3,162.8573150634766,124
13,2,147.9573,124
10,3,130.8026123046875,124
15,1,158.8197746,124
16,2,152.9924612,124
6,2,110.3070477,124
16,3,158.1049652099609,124
18,2,154.147088,124
17,3,159.8098449707031,124
17,2,153.5851404,124
17,1,164.5471165,124
12,2,143.9911517,124
5,2,104.4620857,124
13,1,147.4833536,124
12,3,142.1971435546875,124
11,1,134.7046208,124
8,2,120.9990197,124
19,2,154.9819413,124
18,3,161.2678070068359,124
5,3,103.6279067993164,124
10,2,132.2039206,124
7,2,115.7266222,124
16,1,162.1350676,124
14,1,154.0086471,124
13,3,147.7041015625,124
11,3,136.4538421630859,124
18,2,153.8531173,125
5,1,104.5242822,125
8,3,121.4523162841797,125
7,2,115.6947486,125
12,1,142.8690061,125
7,3,116.1042404174805,125
9,2,126.4770597,125
8,1,121.8462432,125
8,2,121.0374143,125
11,1,137.063991,125
19,3,161.2365875244141,125
10,2,132.2880832,125
18,1,166.763606,125
14,3,153.3168334960938,125
6,1,110.7604634,125
9,3,126.7223510742188,125
17,1,165.5080173,125
15,1,160.5578542,125
13,1,149.6215311,125
9,1,126.9552333,125
14,1,155.9721963,125
16,3,158.4051055908203,125
6,3,110.4686660766602,125
17,3,159.6548614501953,125
11,2,138.4833338,125
15,2,152.0542341,125
13,2,147.9872429,125
13,3,148.8285217285156,125
17,2,153.4521752,125
19,2,154.4276364,125
6,2,110.1612982,125
14,2,150.5049566,125
10,1,131.9536824,125
10,3,132.1165466308594,125
18,3,160.4966125488281,125
16,1,163.5599226,125
5,2,104.1486654,125
15,3,156.4278717041016,125
12,3,143.4396514892578,125
5,3,104.3413543701172,125
19,1,167.6553189,125
12,2,144.0454261,125
7,1,116.4930806,125
16,2,152.944499,125
11,3,137.7540283203125,125
14,1,158.3137893,126
6,2,114.4975785,126
5,2,108.5327002,126
15,2,156.4061389,126
10,3,134.8209381103516,126
9,1,127.6989505,126
14,2,154.9658216,126
5,1,104.7633157,126
8,3,123.8484573364258,126
11,3,140.6429443359375,126
12,1,144.5170385,126
5,3,106.6074295043945,126
9,3,129.2593536376953,126
6,1,111.0033867,126
16,2,157.1320324,126
15,3,159.8934173583984,126
19,2,158.2122677,126
18,3,164.2616271972656,126
17,2,157.469085,126
18,2,157.7296864,126
9,2,130.884301,126
16,3,161.9477996826172,126
12,3,146.5059051513672,126
10,1,132.9695871,126
13,2,152.5033866,126
16,1,166.6000014,126
14,3,156.6702575683594,126
17,3,163.2801208496094,126
11,2,142.9860306,126
6,3,112.7131500244141,126
15,1,163.2590176,126
19,1,172.0873774,126
10,2,136.7466013,126
8,1,122.36083,126
13,1,151.6101995,126
11,1,138.387793,126
19,3,165.2479858398438,126
7,1,116.8345454,126
18,1,170.5952219,126
17,1,168.9020081,126
7,2,120.0280776,126
12,2,148.5709854,126
13,3,152.0485229492188,126
8,2,125.3991367,126
7,3,118.3976287841797,126
11,3,134.3383636474609,127
18,1,161.7240303,127
12,2,141.2821417,127
8,1,118.4389116,127
19,2,150.4922355,127
5,2,102.2791364,127
15,1,156.3127346,127
13,1,145.496217,127
12,3,139.9842224121094,127
16,3,154.4150085449219,127
8,3,118.4780654907227,127
9,2,123.8669105,127
9,3,123.5203247070313,127
13,2,145.1305949,127
6,1,108.5190394,127
19,1,162.3715992,127
10,3,128.7667236328125,127
7,3,113.4561920166016,127
14,1,151.8146913,127
13,3,145.3184356689453,127
14,2,147.4937113,127
10,1,127.9677203,127
19,3,156.5732421875,127
9,1,123.1937612,127
14,3,149.7124481201172,127
10,2,129.6138231,127
5,3,102.717041015625,127
11,1,132.984641,127
16,2,149.4498265,127
12,1,138.7572579,127
7,2,113.3181146,127
17,3,155.3928070068359,127
16,1,159.1300178,127
15,3,152.6645355224609,127
6,2,107.9950978,127
17,2,149.7201791,127
8,2,118.5196664,127
11,2,135.7719758,127
15,2,148.8184701,127
7,1,113.5860081,127
6,3,108.2653121948242,127
18,2,149.9583718,127
17,1,160.7861733,127
18,3,155.9857330322266,127
5,1,103.1276816,127
16,1,166.4677946,128
12,3,147.5361633300781,128
17,3,164.6846313476563,128
19,1,170.0753397,128
14,2,155.9352541,128
18,1,169.2344383,128
6,2,115.286146,128
14,1,159.072639,128
8,2,126.3201702,128
18,3,165.6371154785156,128
11,3,141.8357696533203,128
5,2,109.2363496,128
9,1,129.872102,128
12,1,145.9174371,128
11,1,140.0495757,128
7,1,119.546023,128
8,3,125.5111541748047,128
17,2,158.2230942,128
17,1,168.2021182,128
9,3,130.7932586669922,128
7,3,120.1751403808594,128
7,2,120.8894667,128
8,1,124.8004952,128
14,3,157.7812652587891,128
6,1,113.988073,128
16,3,163.2935791015625,128
15,1,163.6007046,128
19,2,158.8539925,128
9,2,131.8508133,128
6,3,114.5961151123047,128
5,3,108.5900039672852,128
11,2,143.9973736,128
13,2,153.5030277,128
5,1,108.0218393,128
15,3,161.1312561035156,128
13,3,153.0525817871094,128
18,2,158.4409039,128
10,3,136.2016296386719,128
19,3,166.4995880126953,128
15,2,157.3195477,128
12,2,149.5848096,128
13,1,152.7160201,128
10,2,137.743287,128
10,1,134.8847961,128
16,2,157.9580592,128
14,3,152.4239196777344,129
11,2,138.9368352,129
5,3,106.5591888427734,129
16,3,157.0710601806641,129
16,2,152.5110645,129
7,3,117.4482345581055,129
10,1,131.9528861,129
15,2,151.7939639,129
5,2,106.3140315,129
12,3,143.1399688720703,129
8,1,122.708574,129
10,2,132.9292668,129
15,1,158.6082435,129
10,3,132.4312133789063,129
18,2,153.2018572,129
13,3,148.2213287353516,129
12,2,144.3222944,129
7,2,117.0853007,129
12,1,142.0047712,129
19,2,153.7961203,129
9,3,127.3577423095703,129
9,1,127.3846039,129
19,1,164.8368185,129
11,3,137.7608489990234,129
18,3,158.9397583007813,129
17,1,163.1227031,129
11,1,136.6317595,129
15,3,155.2875823974609,129
6,3,112.2212829589844,129
7,1,117.7965811,129
6,1,112.5269101,129
17,2,152.8741936,129
14,2,150.4308406,129
13,1,148.3462052,129
19,3,159.6105346679688,129
16,1,161.3675052,129
17,3,158.1826171875,129
8,3,122.4283294677734,129
8,2,122.136509,129
5,1,106.7941874,129
6,2,111.9026411,129
18,1,164.1949664,129
14,1,154.3289339,129
13,2,148.0910834,129
9,2,127.3297776,129
17,1,171.0098992,130
10,2,138.9649684,130
11,3,144.9015960693359,130
10,3,139.2779235839844,130
18,3,165.2943572998047,130
10,1,139.5686399,130
18,2,158.8145446,130
14,1,163.1818449,130
16,3,164.3507080078125,130
9,1,134.6021727,130
15,2,158.0995696,130
11,1,144.6647157,130
16,1,169.8536354,130
5,2,110.8087821,130
12,2,150.6723982,130
5,1,112.8742118,130
17,2,158.7206418,130
18,1,171.4737508,130
13,2,154.513002,130
19,2,159.0519528,130
8,3,128.6530303955078,130
7,2,122.3034071,130
19,3,165.5651397705078,130
12,3,150.5417785644531,130
13,3,155.8350830078125,130
11,2,145.1562179,130
6,2,116.7755311,130
13,1,157.0537245,130
8,1,129.5640721,130
9,3,133.8948211669922,130
15,3,162.893798828125,130
12,1,150.4202939,130
8,2,127.6657298,130
16,2,158.576425,130
17,3,165.0110473632813,130
6,3,117.8324813842773,130
7,3,123.363410949707,130
14,3,160.1441040039063,130
5,3,111.8794250488281,130
7,1,124.3402897,130
19,1,171.8024914,130
9,2,133.1335216,130
14,2,156.8566673,130
6,1,118.813697,130
15,1,167.4055334,130
7,3,121.9322967529297,131
8,3,127.7588272094727,131
17,2,157.1980927,131
6,2,115.1275475,131
19,1,169.4829294,131
16,2,157.2709358,131
14,3,160.2299346923828,131
17,1,169.3182815,131
7,1,122.5812697,131
13,3,156.2223510742188,131
7,2,121.228623,131
15,2,157.0871924,131
13,1,158.0889979,131
10,3,139.2587280273438,131
5,2,108.4791072,131
11,2,145.1380272,131
12,1,151.345724,131
9,2,132.8488656,131
18,3,163.3797149658203,131
10,1,139.6069473,131
5,3,109.2530288696289,131
18,1,169.1523263,131
19,3,163.9467163085938,131
14,2,156.2189626,131
9,3,133.4784698486328,131
17,3,163.4228363037109,131
16,3,163.3513946533203,131
15,3,162.4849700927734,131
5,1,109.9526785,131
14,1,163.9680521,131
12,2,150.5807343,131
13,2,154.2110524,131
8,2,127.0476445,131
18,2,157.3052704,131
6,1,116.4563254,131
6,3,115.8217849731445,131
12,3,150.9764404296875,131
19,2,158.0264863,131
11,3,145.1818237304688,131
15,1,167.5348131,131
11,1,145.2225751,131
9,1,134.0605668,131
8,1,128.4168472,131
16,1,169.0730799,131
10,2,138.8824086,131
8,2,119.3145287,132
12,2,142.6329308,132
13,1,145.9165826,132
9,1,123.0453048,132
16,2,151.7213408,132
9,2,124.7928342,132
10,2,130.6783967,132
18,3,157.8054504394531,132
17,2,152.1780715,132
15,1,156.9788643,132
16,3,155.8989410400391,132
11,2,136.9695771,132
10,1,128.0304053,132
7,2,113.985548,132
7,1,112.8330365,132
11,1,133.1900558,132
13,2,146.6673149,132
19,2,152.9615571,132
5,1,101.4599479,132
6,1,107.3535535,132
6,2,108.5302917,132
8,3,118.6558227539063,132
12,1,139.0744999,132
12,3,140.8271331787109,132
13,3,146.2867126464844,132
14,2,149.2543661,132
18,1,162.9855596,132
19,3,158.4332580566406,132
6,3,107.9305572509766,132
7,3,113.3983688354492,132
11,3,135.0496826171875,132
8,1,118.0212071,132
9,3,123.9034194946289,132
18,2,152.498616,132
17,1,161.8477589,132
16,1,159.9744243,132
5,3,102.0534133911133,132
15,2,150.8371722,132
17,3,157.0720367431641,132
14,1,152.3452927,132
15,3,153.94677734375,132
5,2,102.670795,132
14,3,150.8201599121094,132
10,3,129.3320617675781,132
19,1,163.7782395,132
13,1,150.9999408,133
9,1,128.1116832,133
13,2,150.7704348,133
15,2,154.6025263,133
15,1,161.8816552,133
18,2,156.2410293,133
18,3,161.9302520751953,133
13,3,150.8877410888672,133
6,1,112.1432368,133
17,2,155.7786978,133
5,3,106.4243087768555,133
6,3,112.4042358398438,133
19,1,168.6071921,133
12,3,145.4748077392578,133
10,1,133.1409508,133
12,1,144.1948335,133
18,1,167.4555774,133
16,3,160.0769500732422,133
8,2,123.5897537,133
16,2,155.3242227,133
17,3,161.1299133300781,133
14,1,157.3644103,133
19,3,162.8426513671875,133
11,3,139.7311401367188,133
14,2,153.2291206,133
5,1,106.1483655,133
8,3,123.2958374023438,133
15,3,158.3153381347656,133
12,2,146.814256,133
5,2,106.7136054,133
10,2,134.956462,133
8,1,123.0154064,133
11,1,138.3187308,133
17,1,166.3067873,133
14,3,155.3417510986328,133
9,3,128.5869140625,133
11,2,141.2099861,133
16,1,164.6583298,133
7,3,117.9658508300781,133
19,2,156.9277886,133
7,2,118.211563,133
6,2,112.6779224,133
7,1,117.7315225,133
9,2,129.0847341,133
10,3,134.0276947021484,133
17,2,158.1351221,134
6,3,115.6079483032227,134
19,2,158.6506984,134
14,3,160.0037841796875,134
12,2,151.0897364,134
15,3,162.5356292724609,134
8,3,127.6598434448242,134
10,1,138.7563925,134
10,3,139.0087280273438,134
16,1,168.9733459,134
5,2,107.9618254,134
5,3,108.8171463012695,134
11,1,144.1346842,134
13,1,156.8150315,134
18,3,164.1876220703125,134
10,2,139.2826707,134
9,2,133.180482,134
17,3,164.1396942138672,134
12,1,150.0930466,134
19,3,164.4790649414063,134
19,1,169.8065908,134
9,1,133.4519981,134
12,3,150.5709686279297,134
15,1,166.8651515,134
13,2,154.7886973,134
8,1,128.0126847,134
6,1,116.2088077,134
18,1,169.7471249,134
5,1,109.601486,134
7,1,122.3052418,134
11,3,144.8318481445313,134
18,2,158.2000336,134
8,2,127.2761885,134
16,3,163.7600250244141,134
7,3,121.8217163085938,134
14,2,156.8905433,134
11,2,145.5924108,134
13,3,155.8421478271484,134
14,1,162.8796881,134
9,3,133.3217315673828,134
17,1,169.7095394,134
16,2,158.1280164,134
15,2,157.8694056,134
6,2,114.9528741,134
7,2,121.2956554,134
7,1,117.7169982,135
19,3,162.0678558349609,135
13,2,150.3684937,135
16,3,159.7008666992188,135
19,1,167.4027694,135
14,1,156.9053616,135
8,1,122.9282153,135
9,1,127.96221,135
9,2,128.3764893,135
15,3,157.8795318603516,135
18,1,166.5618699,135
17,2,156.0436325,135
12,3,145.1346740722656,135
10,1,132.9404697,135
12,1,143.8897021,135
18,3,161.3747863769531,135
14,2,152.9681133,135
16,1,164.0727584,135
6,3,112.0012664794922,135
15,1,161.3317072,135
13,1,150.6286803,135
9,3,128.1741638183594,135
7,2,117.3928553,135
6,1,112.2087401,135
6,2,111.8018203,135
15,2,154.5691218,135
7,3,117.5515594482422,135
5,1,106.2932305,135
5,3,106.0282287597656,135
8,3,122.8755264282227,135
19,2,157.1759663,135
11,2,140.6364335,135
17,1,165.6409154,135
13,3,150.4954833984375,135
11,3,139.3816375732422,135
11,1,138.0680279,135
5,2,105.7733388,135
8,2,122.8249913,135
17,3,160.7482452392578,135
18,2,156.5047694,135
10,3,133.6426696777344,135
16,2,155.4965144,135
10,2,134.3127142,135
14,3,154.8940277099609,135
12,2,146.3201913,135
10,2,133.5775187,136
7,1,116.8420304,136
14,2,152.0518982,136
18,3,160.0257110595703,136
7,3,116.7435836791992,136
17,1,164.9151644,136
15,1,160.6996311,136
6,2,111.08013,136
13,1,149.7593025,136
17,2,154.3741628,136
7,2,116.6399405,136
19,1,165.5456736,136
10,1,131.7674664,136
8,3,121.960823059082,136
5,3,105.6012573242188,136
6,3,111.3546600341797,136
13,3,149.6587829589844,136
19,2,154.5889284,136
8,2,122.06423,136
18,1,165.4010658,136
14,1,156.1731655,136
10,3,132.6499633789063,136
16,2,154.1798894,136
16,3,158.9182891845703,136
16,1,163.4546232,136
15,2,153.4930447,136
9,3,127.2010269165039,136
12,3,144.1903991699219,136
13,2,149.5535156,136
12,2,145.5614403,136
5,1,106.0692218,136
14,3,154.1600036621094,136
19,3,160.1717071533203,136
11,2,139.9008001,136
17,3,159.7542266845703,136
6,1,111.6156676,136
15,3,157.1779174804688,136
8,1,121.8625523,136
9,1,126.7982636,136
11,3,138.3907623291016,136
12,1,142.882732,136
18,2,154.4303894,136
9,2,127.6244531,136
11,1,136.9531598,136
5,2,105.1092394,136
13,3,141.2699279785156,137
7,2,110.0576008,137
10,2,126.5287907,137
9,2,120.7191909,137
19,2,149.9278927,137
5,3,97.70913696289063,137
18,2,148.878487,137
11,1,127.8901646,137
11,3,130.14697265625,137
13,2,142.3392999,137
10,3,124.5601959228516,137
7,3,108.9320678710938,137
18,1,156.4724777,137
15,2,146.5057049,137
19,3,153.8062438964844,137
17,3,152.0445404052734,137
19,1,157.3241661,137
7,1,107.9126893,137
13,1,140.3518475,137
8,2,115.3182527,137
17,2,148.1716933,137
14,1,146.6015867,137
9,1,117.9476347,137
8,1,113.0173222,137
11,2,132.7481831,137
16,2,147.4878822,137
14,3,145.8174896240234,137
9,3,119.2499237060547,137
6,1,102.5060979,137
6,2,104.6569273,137
8,3,114.1049499511719,137
12,3,135.8277435302734,137
16,1,153.786399,137
10,1,122.835496,137
12,1,133.6546766,137
14,2,144.9050597,137
17,1,155.4522182,137
16,3,150.8555908203125,137
15,1,151.019236,137
6,3,103.5330810546875,137
18,3,152.8922729492188,137
5,1,96.67499527,137
15,3,148.9278106689453,137
5,2,98.83162461000001,137
12,2,138.3503318,137
18,2,158.6828686,138
16,1,166.4975142,138
12,1,145.1462463,138
19,2,159.8614798,138
7,2,118.5327715,138
5,2,107.6153949,138
14,1,158.5018207,138
8,2,123.7195344,138
13,2,151.0645819,138
13,3,151.5308532714844,138
15,1,163.2629414,138
6,2,113.2578725,138
12,3,146.0420684814453,138
7,1,119.2259985,138
7,3,118.8871383666992,138
12,2,146.9243922,138
10,2,134.9253116,138
16,3,161.6437835693359,138
10,3,134.5381011962891,138
17,1,168.787645,138
11,2,141.2129754,138
18,3,164.6093597412109,138
19,1,172.5431369,138
17,2,157.7870766,138
15,2,155.6531847,138
9,3,129.1583099365234,138
11,1,139.2745175,138
16,2,156.8759885,138
5,3,107.9629821777344,138
5,1,108.296756,138
6,3,113.6015853881836,138
8,3,124.0073699951172,138
17,3,163.2202911376953,138
9,2,129.0949163,138
6,1,113.930795,138
8,1,124.2843737,138
13,1,152.0074085,138
14,3,156.1328735351563,138
15,3,159.4168701171875,138
14,2,153.8239725,138
18,1,170.6358298,138
19,3,166.2937622070313,138
9,1,129.2205431,138
11,3,140.2494659423828,138
10,1,134.1497792,138
11,1,142.0459432,139
14,1,161.5014712,139
5,2,109.8952931,139
14,3,157.8595886230469,139
17,1,171.0546321,139
7,3,120.9012451171875,139
5,1,110.1577497,139
9,1,131.7153777,139
17,2,156.6246601,139
6,3,115.6400985717773,139
6,1,115.977379,139
11,3,142.1226043701172,139
19,1,172.7768524,139
15,2,155.539573,139
17,3,163.9934539794922,139
14,2,154.0739446,139
10,1,136.7690185,139
8,1,126.6523326,139
12,3,147.8782348632813,139
13,2,151.607323,139
15,1,166.1951999,139
16,3,162.8892059326172,139
19,2,157.0656505,139
10,2,136.0940867,139
18,3,164.6203460693359,139
15,3,160.9774322509766,139
8,3,125.9935913085938,139
5,3,110.0294647216797,139
13,3,153.3271179199219,139
12,2,147.7085205,139
6,2,115.2877573,139
7,2,120.3357628,139
7,1,121.4432749,139
18,1,172.1137333,139
19,3,165.1035614013672,139
9,2,130.4687649,139
18,2,156.7898275,139
13,1,154.9854657,139
12,1,148.0417645,139
11,2,142.2024106,139
10,3,136.4383850097656,139
8,2,125.3072372,139
16,1,169.2077419,139
9,3,131.1044769287109,139
16,2,156.2992378,139
13,1,155.23094,140
9,3,133.6926879882813,140
11,2,144.9606299,140
7,3,123.6614990234375,140
16,2,157.7640734,140
19,3,166.7983245849609,140
16,1,167.8411676,140
16,3,163.91748046875,140
12,3,149.5288696289063,140
9,2,133.1307248,140
8,1,129.5861197,140
6,1,119.794752,140
7,2,122.3097013,140
18,3,165.9431915283203,140
19,1,170.6336952,140
11,3,144.1382446289063,140
15,3,162.0329132080078,140
6,3,118.3638381958008,140
18,2,158.1408446,140
9,1,134.1806421,140
13,3,154.6893157958984,140
5,3,112.6284942626953,140
14,1,161.1790404,140
8,2,127.6906846,140
5,1,114.378679,140
8,3,128.7068023681641,140
13,2,154.0111021,140
15,2,157.3116767,140
10,1,138.7271954,140
18,1,170.0317934,140
11,1,143.4328949,140
19,2,158.7405685,140
6,2,116.7116643,140
10,2,138.8868199,140
15,1,165.3220801,140
12,1,148.8573707,140
14,2,156.1819942,140
17,3,165.1123352050781,140
14,3,159.0347290039063,140
12,2,150.3336014,140
17,2,157.9230843,140
10,3,138.8013763427734,140
5,2,110.619413,140
17,1,169.2740116,140
7,1,124.8301432,140
5,2,108.0866294,141
6,2,114.1090413,141
16,1,167.0156973,141
10,2,136.651303,141
12,2,148.6585232,141
13,1,153.3971519,141
12,3,147.5950775146484,141
7,1,119.850665,141
11,1,140.670353,141
5,3,108.1381530761719,141
5,1,108.1870201,141
19,3,164.6701354980469,141
7,2,119.7017533,141
14,2,155.2405447,141
15,2,156.7904447,141
9,3,130.5159759521484,141
16,3,162.4399261474609,141
9,2,130.7039144,141
6,1,114.2209419,141
7,3,119.7781143188477,141
18,3,164.1028594970703,141
19,1,170.0229893,141
10,1,135.4317931,141
17,3,163.4900512695313,141
11,3,141.7976226806641,141
17,2,158.1255767,141
8,2,125.1416731,141
16,2,157.6538564,141
13,3,153.0468597412109,141
18,2,158.504788,141
6,3,114.1664352416992,141
15,3,160.5954895019531,141
9,1,130.3372944,141
8,1,125.1832856,141
15,1,164.2284931,141
12,1,146.5841356,141
19,2,159.088573,141
17,1,168.6248647,141
14,3,157.5445251464844,141
10,3,136.0260162353516,141
13,2,152.6788962,141
14,1,159.741198,141
11,2,142.9842187,141
18,1,169.4662561,141
8,3,125.1630096435547,141
9,1,121.6703897,142
10,2,127.731152,142
16,3,154.0183563232422,142
10,3,126.9347381591797,142
15,2,148.948104,142
14,2,146.9117662,142
11,3,132.4087829589844,142
17,3,155.7468566894531,142
6,1,107.4802225,142
8,3,116.943603515625,142
6,2,106.6429469,142
18,3,157.0004730224609,142
18,1,161.8365786,142
11,2,133.9975161,142
8,1,117.1533278,142
13,2,143.9907884,142
6,3,107.0701522827148,142
19,3,157.9573364257813,142
14,1,149.382449,142
17,1,160.0907404,142
16,2,150.3536743,142
15,1,154.2035284,142
5,1,102.0419457,142
19,1,162.998621,142
10,1,126.1640873,142
9,3,121.8203430175781,142
12,2,139.7484799,142
7,1,112.4712863,142
5,2,101.2286386,142
9,2,121.9755764,142
12,3,138.0412902832031,142
15,3,151.6045227050781,142
18,2,152.108659,142
13,3,143.4856567382813,142
16,1,157.6158144,142
5,3,101.6441040039063,142
12,1,136.3826796,142
13,1,142.9938131,142
14,3,148.1621704101563,142
8,2,116.7260895,142
7,2,111.7109318,142
17,2,151.3371813,142
19,2,152.8772807,142
11,1,130.8687261,142
7,3,112.0984497070313,142
8,3,113.1230392456055,143
5,3,97.00575256347656,143
10,2,124.0259932,143
10,1,123.388085,143
7,1,108.0688272,143
13,1,141.0582888,143
17,1,158.1694452,143
14,1,147.4987191,143
9,3,118.2944030761719,143
5,1,96.271136,143
11,3,129.4592742919922,143
14,3,146.0286102294922,143
7,2,107.8967828,143
6,1,102.4067748,143
11,1,128.4753653,143
16,2,149.0541132,143
13,2,141.1269713,143
8,1,113.3656294,143
17,2,150.6117734,143
19,3,158.1777191162109,143
12,3,135.3727111816406,143
16,3,152.3877716064453,143
16,1,155.6076352,143
12,1,134.2741381,143
13,3,141.0919342041016,143
5,2,97.77333182,143
12,2,136.5188927,143
15,1,152.2628569,143
15,3,149.7146148681641,143
14,2,144.5011929,143
11,2,130.4883056,143
18,2,151.9074701,143
19,1,163.1168361,143
9,1,118.4271071,143
19,2,153.1036961,143
10,3,123.6996765136719,143
7,3,107.984748840332,143
15,2,147.0718948,143
18,1,160.496948,143
6,2,102.9578517,143
9,2,118.1554034,143
8,2,112.869075,143
17,3,154.4520111083984,143
18,3,156.2659912109375,143
6,3,102.6761322021484,143
6,3,118.6119842529297,144
18,2,161.169437,144
16,3,165.6296539306641,144
15,2,159.4886164,144
17,3,166.5969543457031,144
15,3,163.8344879150391,144
19,2,161.5268466,144
13,3,156.3121185302734,144
13,2,155.2329478,144
18,1,172.8318756,144
16,2,160.4161939,144
7,1,124.2255716,144
8,1,129.3818252,144
9,1,134.4105177,144
14,1,163.7107511,144
14,3,160.7984161376953,144
14,2,157.8564335,144
10,1,139.4329709,144
19,1,173.2557992,144
10,2,139.364061,144
9,3,134.0310821533203,144
6,2,118.4021841,144
19,3,167.4729461669922,144
8,3,128.8996124267578,144
7,2,123.4169671,144
17,1,172.202633,144
11,3,145.0951690673828,144
11,1,144.6404216,144
5,2,113.1003515,144
17,2,160.885054,144
16,1,170.7907947,144
10,3,139.3989410400391,144
6,1,118.818217,144
9,2,133.6424947,144
7,3,123.82373046875,144
8,2,128.4096864,144
12,1,150.5560874,144
15,1,168.133387,144
5,3,113.0708770751953,144
13,1,157.3807479,144
11,2,145.5606102,144
12,3,150.8699340820313,144
5,1,113.0420348,144
12,2,151.1895511,144
18,3,167.0820159912109,144
17,3,169.7129211425781,145
11,1,147.862907,145
16,2,163.1603591,145
5,1,115.775691,145
10,1,142.6917666,145
11,3,148.43212890625,145
6,2,120.4578636,145
12,3,154.1923217773438,145
8,1,132.597827,145
11,2,149.0775883,145
6,1,121.7641588,145
16,1,173.9875798,145
15,3,167.0138702392578,145
15,2,162.4592886,145
14,3,164.1421661376953,145
9,2,136.9237282,145
9,1,137.6736746,145
5,2,114.4642704,145
16,3,168.7635498046875,145
8,2,131.4120163,145
12,2,154.6867333,145
13,3,159.6149597167969,145
19,3,171.4565124511719,145
6,3,121.1405487060547,145
8,3,132.0057983398438,145
7,2,126.0146154,145
18,3,170.5039672851563,145
7,3,126.7007217407227,145
15,1,171.2893652,145
5,3,115.1317749023438,145
10,3,142.7501831054688,145
19,2,164.6614761,145
9,3,137.2876129150391,145
13,2,158.640596,145
10,2,142.8125051,145
13,1,160.5096331,145
12,1,153.72723,145
18,2,164.0155013,145
17,2,163.5887536,145
19,1,177.4430321,145
17,1,175.5106733,145
18,1,176.4883161,145
14,2,161.0958403,145
7,1,127.3355725,145
14,1,166.8319293,145
9,1,141.1321834,146
5,1,118.4792291,146
12,2,156.5652997,146
15,1,173.9611908,146
19,3,171.7908477783203,146
10,3,145.6075592041016,146
19,1,177.73529,146
11,2,151.1282533,146
19,2,165.6567156,146
13,3,162.1221923828125,146
9,2,139.1242583,146
7,3,129.3492736816406,146
15,2,163.5276159,146
11,1,151.4012421,146
6,3,123.6220932006836,146
16,1,176.1549144,146
12,1,157.2278081,146
14,2,162.439905,146
7,2,128.1242402,146
12,3,156.9052886962891,146
6,1,124.7377409,146
17,2,164.1865845,146
6,2,122.450487,146
11,3,151.2688140869141,146
7,1,130.5242832,146
18,1,177.3852533,146
5,2,116.2979031,146
16,2,163.9676209,146
9,3,140.1557312011719,146
13,1,163.8763427,146
14,3,166.2821197509766,146
13,2,160.275297,146
8,1,135.9477255,146
17,1,177.0911764,146
14,1,169.9276161,146
18,2,164.6075522,146
8,2,133.5917451,146
10,2,144.9687288,146
10,1,146.2086095,146
17,3,170.7532043457031,146
15,3,168.8623657226563,146
16,3,170.1799774169922,146
18,3,171.0960998535156,146
5,3,117.4183654785156,146
8,3,134.7939910888672,146
18,1,175.3669993,147
16,1,172.9256427,147
7,3,125.339225769043,147
6,3,119.8462677001953,147
6,1,120.3243327,147
9,2,135.5865572,147
8,2,130.1340716,147
10,1,141.1928934,147
17,2,163.2718311,147
9,1,136.1503175,147
14,3,162.7957458496094,147
8,1,131.0748028,147
16,3,167.8320007324219,147
16,2,162.5883741,147
7,2,124.8154763,147
13,1,159.1515315,147
5,3,113.9305114746094,147
19,1,175.9927882,147
18,2,163.9746312,147
9,3,135.8729095458984,147
19,3,170.4300842285156,147
14,1,165.5365758,147
12,3,152.8221282958984,147
14,2,159.9645524,147
10,2,141.4424201,147
12,1,152.3155935,147
15,1,170.0804469,147
6,2,119.3482999,147
19,2,165.0020117,147
15,3,165.8889465332031,147
5,2,113.4503721,147
13,2,157.3667542,147
12,2,153.3440456,147
7,1,125.8433358,147
5,1,114.3919829,147
10,3,141.3153381347656,147
15,2,161.5938009,147
17,1,174.527811,147
18,3,169.6746520996094,147
13,3,158.2729949951172,147
11,3,147.0433044433594,147
11,1,146.4047491,147
11,2,147.7046317,147
8,3,130.6124267578125,147
17,3,168.9598693847656,147
15,3,169.3430328369141,148
13,1,163.2568432,148
7,3,130.1503448486328,148
19,2,164.4107897,148
16,3,170.5743865966797,148
10,1,145.6461297,148
14,1,169.4014403,148
12,2,158.6886481,148
13,2,162.2177019,148
8,2,136.0080277,148
15,1,173.6392785,148
7,2,130.4580055,148
6,3,124.2691955566406,148
5,2,118.1871289,148
15,2,164.8266219,148
19,1,177.5760928,148
16,1,176.1118168,148
11,3,152.070556640625,148
10,2,147.3430175,148
14,2,164.1771245,148
6,2,124.6129214,148
7,1,129.8581113,148
6,1,123.9415876,148
18,3,171.2054748535156,148
18,1,177.6363169,148
12,1,156.5984881,148
19,3,171.1238098144531,148
17,3,171.1294708251953,148
5,3,117.8409194946289,148
8,3,135.6752319335938,148
10,3,146.4719390869141,148
13,3,162.7480010986328,148
16,2,164.7516507,148
11,2,153.3993579,148
14,3,166.8526763916016,148
5,1,117.5114297,148
17,2,164.6368107,148
9,1,140.5733645,148
18,2,164.5139147,148
9,3,141.04931640625,148
17,1,177.3229577,148
8,1,135.3586184,148
9,2,141.547304,148
11,1,150.8043889,148
12,3,157.6230773925781,148
6,3,121.3156356811523,149
11,3,148.8327484130859,149
10,3,143.0493469238281,149
9,1,137.5701804,149
10,2,143.4656455,149
18,1,178.6560266,149
8,2,131.9565101,149
15,1,171.895272,149
10,1,142.6215329,149
7,3,126.8727722167969,149
7,1,127.2003162,149
17,1,177.140223,149
18,2,166.0879139,149
11,2,149.8127157,149
9,3,137.5442810058594,149
12,3,154.6597747802734,149
12,1,153.7721862,149
17,3,171.3818511962891,149
5,2,114.9938203,149
5,3,115.3420333862305,149
16,3,170.0109405517578,149
15,2,163.9787928,149
13,3,160.1539459228516,149
19,2,166.8076303,149
14,3,164.7311096191406,149
13,1,160.6724889,149
8,3,132.2146453857422,149
17,2,165.5609245,149
9,2,137.5184532,149
5,1,115.6793904,149
19,1,180.0480284,149
8,1,132.4650335,149
19,3,173.5008544921875,149
12,2,155.5364893,149
13,2,159.639991,149
11,1,147.8351795,149
15,3,167.9343109130859,149
16,2,164.9613308,149
14,1,167.1707181,149
6,1,121.6469253,149
7,2,126.5350196,149
14,2,162.3062006,149
18,3,172.4250183105469,149
16,1,175.0357805,149
6,2,120.9741269,149
6,1,119.8705658,150
5,2,114.2338086,150
18,3,167.5947723388672,150
17,1,171.0143762,150
7,3,124.3910751342773,150
12,3,150.4488525390625,150
15,1,166.6519356,150
11,1,143.2338776,150
11,3,144.7326049804688,150
18,2,162.848734,150
10,3,139.1703338623047,150
14,3,160.4906768798828,150
14,2,158.777495,150
16,2,161.4607453,150
8,1,129.0533161,150
9,2,134.3828036,150
16,1,169.412793,150
10,2,140.1042126,150
6,3,119.6274948120117,150
5,1,115.0428896,150
19,3,168.5719146728516,150
11,2,146.3140185,150
7,1,124.5074058,150
8,2,129.1857064,150
17,2,162.1658354,150
13,2,156.0857037,150
13,1,155.7533341,150
6,2,119.3713322,150
12,1,148.9895468,150
14,1,162.1201909,150
19,1,173.1433,150
19,2,163.7362958,150
7,2,124.2682848,150
9,1,133.6121137,150
15,3,163.6215667724609,150
10,1,138.286481,150
12,2,151.9803937,150
9,3,133.9861450195313,150
17,3,166.6766357421875,150
13,3,155.9155120849609,150
15,2,160.4509521,150
18,1,172.0951499,150
5,3,114.6492385864258,150
8,3,129.1174774169922,150
16,3,165.5125427246094,150
12,2,158.3360881,151
13,1,163.7180324,151
14,2,164.8700041,151
17,2,166.8123782,151
7,2,128.7187319,151
11,2,152.5862085,151
8,1,134.5409797,151
5,2,116.8580043,151
18,3,172.7205505371094,151
13,3,163.0518951416016,151
19,2,167.0078794,151
7,1,129.1170823,151
15,1,174.6133576,151
7,3,128.9204254150391,151
6,1,123.4526526,151
14,1,170.160927,151
8,3,134.4319915771484,151
17,1,178.3007122,151
17,3,172.6095733642578,151
10,3,145.6283721923828,151
19,3,172.7646636962891,151
14,3,167.5385131835938,151
16,2,166.7169436,151
15,2,166.2410778,151
5,3,117.1500549316406,151
5,1,117.4349244,151
10,2,146.1427452,151
16,1,177.1840027,151
10,1,145.1258483,151
9,2,140.0501719,151
13,2,162.3760144,151
6,3,123.2216644287109,151
15,3,170.4731750488281,151
16,3,171.9977722167969,151
11,1,150.5817099,151
12,1,156.7176809,151
8,2,134.3201296,151
18,2,166.8658667,151
6,2,122.9850126,151
11,3,151.5742797851563,151
9,1,139.8430764,151
18,1,178.4255324,151
12,3,157.5210113525391,151
19,1,178.367822,151
9,3,139.9454193115234,151
14,2,162.9374101,152
18,1,179.2849351,152
15,1,173.1108164,152
16,1,176.3447229,152
13,3,160.7689819335938,152
17,1,178.3253733,152
12,1,154.2441548,152
17,3,172.4980316162109,152
12,3,154.9935455322266,152
14,1,168.1745989,152
13,2,160.0890172,152
6,2,120.2046932,152
8,1,131.9234809,152
6,3,120.5125503540039,152
5,3,114.5146255493164,152
9,3,137.1834564208984,152
11,1,148.0324498,152
19,2,167.029724,152
17,2,166.3678385,152
10,1,142.558152,152
14,3,165.6073303222656,152
19,1,179.669528,152
8,3,131.6563110351563,152
9,2,137.1152573,152
8,2,131.3770674,152
7,3,126.1632690429688,152
11,3,148.9133758544922,152
15,3,169.0171356201172,152
7,1,126.4834311,152
11,2,149.8367599,152
10,2,143.2779295,152
5,2,114.2416581,152
16,3,171.2118072509766,152
5,1,114.7750835,152
19,3,173.5005645751953,152
10,3,142.9085388183594,152
9,1,137.248202,152
15,2,164.7520163,152
7,2,125.8280748,152
18,3,173.1284027099609,152
6,1,120.8053514,152
12,2,155.7780035,152
18,2,166.6810627,152
16,2,165.8167098,152
13,1,161.4193982,152
14,1,167.6919219,153
17,2,165.9788519,153
15,1,172.5473317,153
18,1,178.8135848,153
9,2,136.7505616,153
16,3,170.6237945556641,153
8,2,131.2658499,153
7,1,127.8405239,153
10,1,143.1220154,153
6,1,122.2878186,153
18,3,172.8204345703125,153
7,2,126.0192478,153
13,1,161.1077769,153
8,3,132.193115234375,153
19,3,173.1894836425781,153
13,3,160.2329406738281,153
14,3,164.9962005615234,153
11,1,148.2803515,153
12,1,154.1870619,153
10,2,142.7210109,153
16,2,165.2327082,153
13,2,159.3116586,153
17,1,177.8498405,153
11,3,148.7108001708984,153
15,3,168.377197265625,153
9,1,138.1329419,153
11,2,149.1614811,153
15,2,164.0529613,153
5,3,115.77099609375,153
8,1,133.0831952,153
5,2,115.177146,153
12,3,154.5986022949219,153
14,2,162.1786952,153
12,2,155.0291532,153
6,3,121.5323867797852,153
6,2,120.7447536,153
9,3,137.4538879394531,153
18,2,166.5521911,153
5,1,116.3401766,153
7,3,126.9497680664063,153
10,3,142.9257202148438,153
19,2,167.2164989,153
16,1,175.7968831,153
19,1,178.8173114,153
17,3,172.0338897705078,153
9,2,137.493664,154
18,3,173.5321960449219,154
6,1,119.9700746,154
17,3,172.7676544189453,154
18,1,180.414391,154
11,1,148.5718412,154
19,2,166.7364423,154
11,3,149.2742462158203,154
9,3,137.4527282714844,154
13,3,161.0703277587891,154
16,3,171.3969421386719,154
19,3,174.067138671875,154
18,2,166.2465623,154
15,2,164.3210844,154
14,2,162.6313571,154
10,1,142.9214543,154
12,3,155.3393402099609,154
5,3,113.7920913696289,154
5,1,113.3949688,154
6,3,120.2003021240234,154
14,3,165.8606262207031,154
8,1,131.8389682,154
8,2,131.8009418,154
15,1,173.9771669,154
7,1,126.0704975,154
17,2,165.8616406,154
17,1,179.3696221,154
6,2,120.4369764,154
10,3,143.2338104248047,154
15,3,169.2282257080078,154
8,3,131.8203430175781,154
5,2,114.1972996,154
16,1,177.2897331,154
10,2,143.5593828,154
16,2,165.3099292,154
7,2,126.2099969,154
13,1,162.1575167,154
13,2,159.9383747,154
11,2,150.0030657,154
7,3,126.1390762329102,154
14,1,168.9766322,154
12,1,154.9034643,154
9,1,137.4135277,154
19,1,180.7936874,154
12,2,155.7934024,154
17,1,177.3794196,156
18,2,165.2710671,156
5,1,114.55092,156
15,2,163.4704714,156
17,2,164.9732893,156
16,2,164.463164,156
13,2,159.0107719,156
8,3,131.3389434814453,156
13,3,159.9441528320313,156
5,3,113.9719619750977,156
18,1,178.3617234,156
18,3,171.9598541259766,156
12,3,154.2978973388672,156
19,3,172.3014984130859,156
10,3,142.4317626953125,156
12,2,154.8128458,156
11,2,148.9752979,156
7,2,125.178654,156
7,3,125.8419952392578,156
9,3,136.8014373779297,156
11,1,147.7293147,156
12,1,153.805647,156
19,1,178.7503006,156
10,1,142.3690495,156
14,1,167.4583892,156
5,2,113.3702385,156
13,1,160.8368002,156
6,3,120.1132354736328,156
15,3,167.9746398925781,156
6,2,119.4838344,156
8,2,130.7299163,156
14,2,161.7495664,156
9,1,137.1711237,156
7,1,126.4722306,156
14,3,164.6759490966797,156
17,3,171.3582000732422,156
8,1,131.9178705,156
11,3,148.33984375,156
9,2,136.4145422,156
16,1,175.4342634,156
15,1,172.2811081,156
6,1,120.7165299,156
19,2,165.634844,156
10,2,142.4970301,156
16,3,170.0735626220703,156
17,3,170.1977996826172,157
16,3,169.4138488769531,157
10,3,142.1034240722656,157
12,2,154.6165911,157
8,2,130.3914147,157
9,1,136.5923434,157
7,3,125.2035522460938,157
18,2,163.7313106,157
5,1,113.4328714,157
19,1,177.0362636,157
17,2,163.7754507,157
8,1,131.1776486,157
6,3,119.4048080444336,157
15,3,167.6535339355469,157
7,1,125.5899995,157
6,1,119.7114894,157
8,3,130.7939910888672,157
18,3,170.4271697998047,157
18,1,176.8684979,157
16,2,163.7203252,157
12,3,154.1419830322266,157
11,2,148.764803,157
6,2,119.0845669,157
11,3,148.109375,157
15,2,163.0922708,157
7,2,124.7990216,157
19,2,163.6943167,157
9,2,136.1257843,157
17,1,176.3235424,157
15,1,171.993547,157
12,1,153.6886823,157
13,1,160.7772715,157
14,2,161.4858053,157
13,2,158.8001584,157
14,3,164.4889221191406,157
10,1,141.9598978,157
9,3,136.3646850585938,157
19,3,170.4625854492188,157
10,2,142.2539216,157
5,3,113.2123413085938,157
16,1,174.8211762,157
11,1,147.4840597,157
5,2,112.9817764,157
13,3,159.8122253417969,157
14,1,167.3501511,157
8,2,132.2771327,158
13,1,162.7125955,158
11,1,149.3868914,158
13,2,160.6514454,158
18,1,178.9920211,158
8,1,132.8848373,158
18,2,165.429413,158
17,1,178.2943436,158
13,3,161.7105102539063,158
10,1,143.8250444,158
9,2,138.1156957,158
5,3,114.3410186767578,158
10,3,144.0523071289063,158
14,1,169.2885154,158
6,3,120.8166656494141,158
15,1,173.9263763,158
15,3,169.3814392089844,158
7,3,126.8390808105469,158
8,3,132.5885925292969,158
12,3,156.0872344970703,158
17,2,165.3312791,158
19,2,165.7073968,158
6,1,121.0499836,158
16,2,165.1646196,158
19,3,172.7084808349609,158
16,1,176.7578555,158
11,3,150.0738067626953,158
5,2,114.1703285,158
6,2,120.5710082,158
11,2,150.7976605,158
17,3,171.9862823486328,158
9,3,138.2603454589844,158
18,3,172.3853607177734,158
12,2,156.587962,158
7,2,126.5183449,158
19,1,179.3954575,158
10,2,144.2909766,158
12,1,155.6133457,158
16,3,171.1245269775391,158
5,1,114.5031684,158
14,3,166.3118133544922,158
9,1,138.3983109,158
14,2,163.1617973,158
7,1,127.1436241,158
15,2,164.5621436,158
9,3,138.5856323242188,160
16,3,168.8519287109375,160
18,1,176.9927171,160
10,2,143.8589992,160
12,1,155.1306042,160
14,1,167.9700014,160
8,1,133.6674437,160
7,3,127.70849609375,160
14,2,160.93888,160
15,1,172.2588755,160
7,1,128.0378803,160
10,3,143.99365234375,160
5,2,115.4477372,160
14,3,164.545654296875,160
16,2,162.5627518,160
18,2,162.7933974,160
8,2,132.7545503,160
13,1,161.8021637,160
13,2,158.7906195,160
6,3,121.8265838623047,160
19,3,170.5386962890625,160
17,3,169.6446075439453,160
9,1,138.9822013,160
11,2,149.8639694,160
13,3,160.3302154541016,160
9,2,138.1635381,160
17,1,176.2913234,160
17,2,162.6931171,160
19,1,177.4100342,160
12,2,155.1676016,160
5,1,115.2925418,160
8,3,133.2238922119141,160
19,2,163.1720342,160
11,3,149.5815582275391,160
12,3,155.1486053466797,160
15,3,167.2972717285156,160
7,2,127.3603268,160
11,1,149.3159282,160
6,2,121.6896946,160
5,3,115.3680038452148,160
10,1,144.1205417,160
18,3,170.1318817138672,160
16,1,174.8516613,160
6,1,121.9558226,160
15,2,162.0820551,160
13,2,157.8095597,163
9,1,137.3075157,163
16,2,161.2911776,163
6,2,119.9760627,163
11,2,148.4931451,163
5,1,115.8788843,163
13,1,159.9272997,163
15,2,160.9436857,163
14,3,163.1490783691406,163
18,1,174.3487459,163
18,3,168.1654357910156,163
14,1,166.1336149,163
12,1,153.2174181,163
15,3,165.7986450195313,163
16,3,167.1744995117188,163
19,2,161.9700035,163
6,1,121.7183016,163
10,2,142.2923121,163
11,1,147.4057401,163
12,2,154.0002591,163
12,3,153.5993194580078,163
19,3,168.5619201660156,163
13,3,158.8954010009766,163
6,3,120.8654022216797,163
5,3,114.9450607299805,163
10,1,142.277131,163
9,2,136.4360841,163
16,1,172.7589763,163
8,1,132.3078449,163
8,3,131.6388397216797,163
5,2,113.9704399,163
15,1,170.4104431,163
11,3,147.9365539550781,163
19,1,174.8432821,163
10,3,142.2845611572266,163
17,1,173.8170083,163
7,2,125.5409534,163
7,3,126.3671264648438,163
18,2,161.6451651,163
8,2,130.937245,163
17,2,161.4631006,163
14,2,159.999929,163
17,3,167.8084564208984,163
9,3,136.8809661865234,163
7,1,127.1538132,163
8,3,134.1451416015625,164
9,3,139.4470672607422,164
16,1,176.8717407,164
17,3,172.9190673828125,164
5,2,116.5386978,164
17,1,178.6944527,164
15,2,165.256769,164
11,2,151.2439854,164
9,2,139.0000365,164
18,3,173.8034515380859,164
5,1,117.8419589,164
10,1,144.9078417,164
19,2,168.395379,164
14,1,169.2912241,164
18,1,179.8683861,164
10,2,144.9235991,164
14,3,166.5214233398438,164
9,1,139.8683266,164
19,1,180.9420665,164
11,1,150.1040059,164
6,1,123.8682949,164
19,3,174.8138122558594,164
6,3,123.2032852172852,164
13,2,160.996375,164
6,2,122.5211531,164
13,3,161.9514312744141,164
16,2,166.2247479,164
12,3,156.4652252197266,164
17,2,166.8587259,164
18,2,167.4860628,164
7,1,129.4763677,164
8,1,134.7697224,164
7,3,128.7910461425781,164
13,1,162.8638203,164
11,3,150.6634063720703,164
10,3,144.9155578613281,164
15,3,169.6590270996094,164
12,1,156.011105,164
7,2,128.0717836,164
14,2,163.6211457,164
15,1,173.9063776,164
12,2,156.9334757,164
16,3,171.7196502685547,164
8,2,133.4714648,164
5,3,117.1900024414063,164
17,1,175.8662644,165
13,2,157.2803155,165
18,1,176.8722345,165
9,3,135.9688720703125,165
14,1,166.525755,165
7,1,125.7750577,165
18,2,162.6977228,165
12,3,153.1875,165
16,1,174.0951594,165
13,1,160.0482714,165
6,2,118.786596,165
19,1,177.5986328,165
17,2,162.4705447,165
10,3,141.5272827148438,165
17,3,169.2777709960938,165
19,2,163.084847,165
5,3,113.2496109008789,165
11,2,147.5915533,165
9,2,135.3305561,165
14,3,163.2654724121094,165
7,3,125.079475402832,165
11,1,147.1015411,165
12,2,153.2626697,165
10,1,141.7694254,165
14,2,159.8240019,165
13,3,158.7057342529297,165
15,2,161.3357511,165
8,3,130.5481262207031,165
7,2,124.3508111,165
18,3,169.8919982910156,165
6,3,119.3788909912109,165
5,2,112.8106199,165
5,1,113.663687,165
8,2,129.7751194,165
6,1,119.9394977,165
11,3,147.3416595458984,165
9,1,136.5703697,165
12,1,153.1160182,165
15,1,171.154967,165
19,3,170.5165557861328,165
15,3,166.3758087158203,165
10,2,141.2693733,165
8,1,131.2809728,165
16,3,168.2107086181641,165
16,2,162.1249258,165
9,1,136.9331673,167
5,3,114.7073974609375,167
16,2,160.7118789,167
6,2,120.065793,167
9,2,135.9209842,167
14,1,166.4310577,167
13,2,156.6430174,167
5,2,114.2327632,167
15,1,170.8411375,167
5,1,115.1601283,167
15,3,165.6057739257813,167
11,3,147.4244384765625,167
18,3,168.3599548339844,167
7,3,126.0173568725586,167
17,2,160.9908395,167
18,1,175.1217311,167
13,3,158.4107971191406,167
13,1,160.0895373,167
11,2,147.5842498,167
8,3,131.2434997558594,167
15,2,160.120758,167
17,1,174.7666511,167
7,2,125.4384564,167
8,1,131.8269394,167
12,3,153.0913848876953,167
19,3,168.7304992675781,167
16,3,167.2339477539063,167
14,2,158.8837875,167
14,3,162.7528228759766,167
16,1,173.4583794,167
7,1,126.5684527,167
18,2,161.298274,167
6,3,120.5693511962891,167
19,2,161.9629196,167
17,3,168.0428009033203,167
19,1,175.2385968,167
9,3,136.4411468505859,167
6,1,121.0485196,167
10,3,141.7966766357422,167
8,2,130.6317714,167
10,1,142.0114687,167
11,1,147.2725315,167
10,2,141.568997,167
12,2,152.9401696,167
12,1,153.2351513,167
16,1,174.0018577,170
9,2,136.4631357,170
15,2,163.1437624,170
14,1,165.895901,170
17,3,171.0227508544922,170
19,1,179.9029763,170
13,3,158.9355621337891,170
19,2,167.893088,170
16,3,169.3153533935547,170
9,1,136.0653832,170
19,3,174.22119140625,170
14,3,163.6532135009766,170
13,2,158.542908,170
7,3,125.7736587524414,170
11,3,147.4975280761719,170
5,3,114.5558395385742,170
15,3,167.0429534912109,170
6,1,120.3388519,170
18,2,166.4542759,170
18,3,172.5037841796875,170
13,1,159.3192697,170
7,2,125.7530026,170
7,1,125.793506,170
8,1,130.9930063,170
8,3,131.007080078125,170
14,2,161.3065725,170
12,1,152.3619527,170
6,2,120.3755398,170
10,2,142.3419733,170
5,1,114.5070713,170
8,2,131.0217937,170
6,3,120.3567886352539,170
5,2,114.6067591,170
17,1,176.3003421,170
15,1,170.7235107,170
10,3,141.7285003662109,170
12,2,154.3924566,170
16,2,164.4008719,170
17,2,165.3968872,170
9,3,136.2606964111328,170
10,1,141.1270422,170
18,1,178.1002827,170
11,2,148.6613423,170
12,3,153.3552703857422,170
11,1,146.3789016,170
7,3,127.0967559814453,172
15,1,171.7199669,172
10,1,142.219009,172
16,1,174.7874587,172
10,3,142.7011108398438,172
5,3,116.4498825073242,172
7,1,127.1986934,172
11,1,147.4642704,172
12,1,153.4565225,172
13,2,159.2804023,172
9,3,137.2991638183594,172
6,1,121.9736711,172
9,2,137.3949829,172
7,2,126.990935,172
6,2,121.8720374,172
8,3,132.1576538085938,172
14,3,164.4960632324219,172
5,2,116.4535692,172
9,1,137.2066664,172
17,3,171.0244903564453,172
14,1,166.9725506,172
18,1,177.5642777,172
13,3,159.8568420410156,172
16,2,164.6766686,172
12,3,154.3014373779297,172
11,3,148.4546356201172,172
19,2,165.9851962,172
18,2,165.5479386,172
11,2,149.475688,172
8,1,132.236712,172
10,2,143.1990415,172
16,3,169.7929840087891,172
12,2,155.172573,172
19,1,178.140738,172
15,2,163.6861779,172
17,1,176.6269683,172
5,1,116.4463019,172
15,3,167.7220001220703,172
17,2,165.1943591,172
6,3,121.923942565918,172
18,3,171.6813659667969,172
13,1,160.4179818,172
8,2,132.07636,172
19,3,172.2710418701172,172
14,2,161.9754647,172
11,1,148.5191793,173
12,2,154.5454801,173
6,2,120.2894182,173
13,2,158.4836786,173
19,2,164.5800132,173
5,2,114.2575609,173
15,3,167.2223968505859,173
5,1,116.4568619,173
16,3,169.0445556640625,173
11,2,148.9515313,173
6,1,122.458035,173
18,2,163.916975,173
12,3,154.4498138427734,173
10,1,143.3773961,173
16,2,163.1023768,173
15,1,171.8498035,173
13,1,161.1184163,173
12,1,154.3584947,173
15,2,162.377948,173
9,3,137.6148071289063,173
14,1,167.4159287,173
6,3,121.4001159667969,173
16,1,174.5481374,173
14,3,164.2752380371094,173
8,1,133.3114535,173
8,2,131.2901452,173
10,2,142.6996862,173
7,1,128.0432252,173
17,1,175.9730498,173
7,2,125.8740697,173
19,3,171.0317687988281,173
5,3,115.4012145996094,173
7,3,126.9713516235352,173
13,3,159.8328399658203,173
18,3,170.5017852783203,173
8,3,132.3348083496094,173
19,1,177.2552872,173
10,3,143.0419006347656,173
9,1,138.3837927,173
9,2,136.8158812,173
18,1,176.6846518,173
14,2,160.9504422,173
11,3,148.7286071777344,173
17,2,163.5114822,173
17,3,169.9624176025391,173
9,3,134.3464813232422,174
8,1,129.690761,174
5,3,113.8965682983398,174
18,2,162.0060438,174
5,1,114.4810347,174
17,2,161.3895773,174
12,3,150.8406066894531,174
15,1,167.4360685,174
15,2,159.8850267,174
17,1,171.6309411,174
12,1,149.9731559,174
19,3,168.3634796142578,174
19,1,173.5723699,174
10,1,139.2186587,174
7,1,124.8501189,174
16,3,165.5796051025391,174
7,2,123.8969171,174
11,1,144.2184243,174
10,3,139.5900421142578,174
18,1,172.6141703,174
11,2,146.1705366,174
13,1,156.6925782,174
8,2,128.9701395,174
14,1,162.9876953,174
13,2,155.7713325,174
16,2,160.7767291,174
9,1,134.4411367,174
11,3,145.1631164550781,174
14,2,158.3426448,174
13,3,156.2467956542969,174
7,3,124.3833236694336,174
8,3,129.3367462158203,174
6,3,119.2983322143555,174
9,2,134.2476608,174
14,3,160.7402954101563,174
6,2,118.7596432,174
10,2,139.9840609,174
18,3,167.4488372802734,174
17,3,166.6119995117188,174
5,2,113.2892045,174
12,2,151.7675516,174
19,2,162.8622718,174
6,1,119.8134144,174
15,3,163.8005828857422,174
16,1,170.1157565,174
8,2,128.2603372,175
7,2,123.0189926,175
9,3,133.4875640869141,175
13,1,156.2916281,175
14,1,162.7457346,175
19,2,161.561973,175
13,2,155.5370453,175
18,2,161.2748993,175
18,3,167.1403656005859,175
14,2,158.1494041,175
16,1,170.3606845,175
6,1,117.8184524,175
7,3,123.0951461791992,175
15,3,163.4886932373047,175
11,3,144.6754608154297,175
19,1,173.8289447,175
5,2,111.9846482,175
19,3,167.6145324707031,175
17,3,166.5425567626953,175
5,3,112.0429534912109,175
18,1,173.1230796,175
14,3,160.4052124023438,175
11,2,145.8165691,175
17,1,172.1440076,175
16,2,160.6449568,175
12,2,151.4855785,175
6,2,117.6839553,175
13,3,155.9087982177734,175
9,2,133.6795788,175
10,2,139.5341544,175
6,3,117.7501373291016,175
7,1,123.1739855,175
12,1,149.4138659,175
8,1,128.2882776,175
15,1,167.3843551,175
16,3,165.4095764160156,175
8,3,128.2740631103516,175
10,3,138.9236907958984,175
5,1,112.1027661,175
10,1,138.2880837,175
12,3,150.4665222167969,175
17,2,161.0556794,175
9,1,133.2872226,175
11,1,143.4886389,175
15,2,159.7573428,175
15,3,169.0444641113281,177
9,1,138.6094647,177
12,3,155.5740051269531,177
16,1,176.1966259,177
5,3,116.6300277709961,177
5,1,117.3371963,177
6,1,123.0025706,177
17,3,172.1707153320313,177
6,2,121.5787796,177
13,1,162.1265965,177
8,1,133.5264831,177
18,1,178.3330412,177
10,2,143.7432472,177
12,2,156.0319147,177
6,3,122.2908782958984,177
7,2,126.9295452,177
14,2,163.080591,177
13,2,160.2753193,177
11,2,150.1835744,177
15,1,173.3197948,177
8,3,132.8775482177734,177
19,2,167.6626251,177
8,2,132.233913,177
11,3,149.6161346435547,177
13,3,161.2014007568359,177
14,1,168.6660656,177
17,1,177.7580738,177
12,1,155.1199845,177
9,2,137.7552166,177
19,1,178.4529126,177
18,3,172.7581176757813,177
11,1,149.0537772,177
18,2,167.0767552,177
16,2,165.9666969,177
7,1,128.3623835,177
14,3,165.8527221679688,177
10,1,143.7235907,177
10,3,143.7333831787109,177
7,3,127.6430892944336,177
19,3,173.1563110351563,177
15,2,164.8788061,177
16,3,171.0279541015625,177
9,3,138.1824951171875,177
17,2,166.6037721,177
5,2,115.9172298,177
19,1,181.709503,178
6,1,124.695102,178
9,2,140.0377837,178
12,1,157.3543019,178
18,2,168.3685451,178
5,3,118.4229431152344,178
15,2,166.3869768,178
15,3,171.2351989746094,178
6,3,124.3112487792969,178
17,1,180.8732522,178
15,1,175.8616527,178
10,2,145.9166686,178
5,2,118.1272729,178
14,2,164.6952761,178
7,1,130.3133797,178
16,1,179.0081975,178
11,1,151.2964053,178
5,1,118.705295,178
11,3,151.7493743896484,178
17,2,167.9625878,178
13,1,164.3848054,178
9,1,140.828396,178
10,1,145.9714126,178
7,3,129.8192749023438,178
6,2,123.9098437,178
16,3,173.3218688964844,178
17,3,174.5288848876953,178
18,1,181.601968,178
8,1,135.6524431,178
10,3,145.9446563720703,178
9,3,140.4412078857422,178
12,3,157.6331939697266,178
19,3,175.4265289306641,178
7,2,129.3048657,178
8,3,135.1310577392578,178
16,2,167.3916182,178
19,2,168.8818206,178
11,2,152.2246283,178
18,3,175.1066589355469,178
14,3,167.9374084472656,178
13,3,163.2328643798828,178
12,2,157.9263613,178
13,2,162.0218727,178
14,1,171.0195342,178
8,2,134.5887583,178
9,3,134.7554626464844,179
9,1,135.1182887,179
6,3,119.7748031616211,179
5,2,113.6973924,179
7,1,125.4761913,179
5,1,115.0047561,179
8,2,129.1718119,179
17,3,166.2942962646484,179
13,2,155.3708823,179
14,3,160.8295288085938,179
9,2,134.36758,179
17,1,172.3972588,179
7,2,124.1725271,179
19,1,174.4105043,179
8,1,130.3422111,179
12,1,150.6877105,179
16,1,170.8643935,179
6,1,120.4012344,179
5,3,114.3737335205078,179
17,2,159.8581074,179
19,2,160.4473901,179
15,1,168.1684174,179
18,2,160.0775777,179
10,3,139.9586639404297,179
10,1,139.9153882,179
18,3,166.9112854003906,179
11,2,146.0749017,179
12,3,151.0963897705078,179
11,3,145.4806976318359,179
13,3,156.4268341064453,179
12,2,151.5346658,179
16,2,159.6125648,179
15,3,163.7572021484375,179
14,2,157.7505461,179
18,1,173.4116624,179
13,1,157.4130509,179
6,2,119.103818,179
8,3,129.7768859863281,179
16,3,165.3956756591797,179
15,2,159.0622212,179
14,1,163.7113141,179
11,1,144.9265375,179
10,2,140.0050027,179
19,3,167.5798950195313,179
7,3,124.8467636108398,179
6,3,121.5010147094727,180
12,2,157.26541,180
16,1,178.0079555,180
19,3,173.3911285400391,180
12,1,156.5439196,180
12,3,156.8955078125,180
11,2,151.3506734,180
9,1,139.1597223,180
15,2,165.7443331,180
15,1,175.1150313,180
8,3,133.1596221923828,180
6,2,121.133362,180
9,3,138.8494567871094,180
7,3,127.4423446655273,180
13,3,162.6314544677734,180
9,2,138.5243941,180
17,2,166.417659,180
17,3,173.1430816650391,180
19,1,180.1204381,180
15,3,170.5123596191406,180
8,1,133.6224973,180
14,1,170.3927133,180
10,3,144.69287109375,180
7,2,126.9649636,180
11,3,150.7848968505859,180
14,3,167.3474884033203,180
16,2,166.3668233,180
14,2,164.1700812,180
5,1,115.3921258,180
5,2,114.9179735,180
5,3,115.1608047485352,180
18,3,173.3472900390625,180
17,1,179.5430364,180
11,1,150.2471901,180
7,1,127.8922738,180
19,2,166.3719183,180
18,2,166.3906605,180
13,1,163.7268665,180
18,1,180.0205036,180
10,1,144.6321779,180
10,2,144.756924,180
8,2,132.6748198,180
6,1,121.8493229,180
13,2,161.4838226,180
16,3,172.3129272460938,180
13,1,159.2498712,181
9,1,135.2626758,181
13,2,158.450269,181
12,3,153.2904357910156,181
19,3,170.6407775878906,181
13,3,158.8591918945313,181
19,2,164.2342708,181
5,3,111.9630355834961,181
7,2,124.6395981,181
16,3,168.4951324462891,181
14,1,165.8123204,181
10,3,141.4097442626953,181
5,2,112.2253729,181
14,3,163.4481658935547,181
5,1,111.7118975,181
12,1,152.2178582,181
6,1,118.1993515,181
15,2,162.4586167,181
11,1,146.0819057,181
11,3,147.3509826660156,181
6,3,118.4396667480469,181
17,2,163.5600806,181
16,2,163.2163953,181
18,3,170.2122955322266,181
15,3,166.5812683105469,181
8,1,129.8346358,181
18,2,163.7969631,181
10,2,142.2428064,181
19,1,176.7586072,181
10,1,140.6108552,181
7,3,124.4123229980469,181
12,2,154.4129862,181
16,1,173.5421787,181
17,1,175.3661715,181
14,2,160.9814863,181
11,2,148.6781672,181
9,3,135.6915130615234,181
8,3,130.091552734375,181
15,1,170.5243429,181
7,1,124.1945881,181
9,2,136.1380167,181
6,2,118.6906628,181
17,3,169.5965728759766,181
18,1,176.3327852,181
8,2,130.3600998,181
18,1,170.6436252,182
11,3,146.1794586181641,182
9,1,135.4295844,182
19,3,165.4822692871094,182
7,2,125.255291,182
16,1,169.3194629,182
10,3,140.7840118408203,182
5,3,113.8640823364258,182
15,3,163.0587310791016,182
16,3,164.3294525146484,182
9,3,135.6086578369141,182
9,2,135.7955466,182
12,3,151.5631408691406,182
15,1,167.1193877,182
14,3,160.5569305419922,182
8,3,130.5400238037109,182
11,1,145.1632845,182
10,1,140.2289522,182
13,1,157.2099239,182
17,1,170.2947066,182
18,3,165.0631408691406,182
6,3,119.8765869140625,182
5,1,114.1337261,182
14,2,157.8806699,182
10,2,141.362393,182
13,3,156.5584259033203,182
19,1,170.981116,182
17,2,159.2530898,182
19,2,159.8083324,182
7,1,125.4722171,182
7,3,125.3666763305664,182
6,1,120.0368772,182
5,2,113.5786904,182
15,2,158.8698256,182
18,2,159.3488423,182
16,2,159.2052056,182
12,1,150.7542844,182
12,2,152.4032704,182
8,1,130.5580514,182
13,2,155.8828586,182
17,3,164.8436279296875,182
11,2,147.2367405,182
14,1,163.1338492,182
6,2,119.7062638,182
8,2,130.521184,182
16,3,166.3987731933594,183
16,1,170.3034884,183
14,1,162.429826,183
15,3,164.2345581054688,183
18,2,163.8644249,183
6,2,117.2164382,183
11,3,144.7623138427734,183
8,3,127.8679504394531,183
9,1,132.5077397,183
6,3,116.616584777832,183
7,1,121.8271009,183
12,3,150.6646575927734,183
17,1,172.3034553,183
10,1,137.667995,183
13,3,156.2459411621094,183
17,3,167.7812347412109,183
14,3,160.9212036132813,183
12,2,152.3993155,183
7,2,122.9367381,183
7,3,122.3740158081055,183
5,1,109.7503745,183
19,3,169.5477447509766,183
19,2,164.7096587,183
18,1,173.5618747,183
8,2,128.4767297,183
18,3,168.6825561523438,183
11,1,142.9642393,183
13,1,155.8983314,183
13,2,156.5988687,183
12,1,148.9587314,183
15,2,161.215481,183
10,2,140.1594038,183
16,2,162.3900605,183
9,2,134.1260426,183
5,3,110.3837585449219,183
14,2,159.3864417,183
19,1,174.4579533,183
8,1,127.2731247,183
17,2,163.1824301,183
9,3,133.3090209960938,183
11,2,146.5902188,183
10,3,138.9025726318359,183
5,2,111.0268625,183
15,1,167.1813837,183
6,1,116.0307598,183
10,3,137.3631439208984,184
19,1,175.9050841,184
10,1,137.0938403,184
16,1,170.6686137,184
12,3,149.1719055175781,184
19,3,170.0348968505859,184
11,2,144.2623702,184
10,2,137.6394882,184
15,1,166.8197701,184
14,1,161.6041374,184
13,1,154.8966727,184
8,2,125.9436376,184
12,1,148.0053062,184
11,3,143.2072296142578,184
5,1,109.7175458,184
7,1,121.7629641,184
15,3,163.7950592041016,184
9,3,131.8375549316406,184
6,2,115.1861095,184
5,2,109.4469926,184
8,1,127.0737865,184
9,1,132.1355065,184
6,1,116.0283843,184
16,2,162.3350065,184
17,3,168.4821014404297,184
18,3,169.6137542724609,184
15,2,160.6858482,184
17,2,163.3172271,184
7,2,120.5899429,184
18,1,175.3238041,184
17,1,173.5245178,184
14,3,159.9720764160156,184
14,2,158.2867927,184
12,2,150.3751928,184
9,2,131.5358939,184
5,3,109.5845489501953,184
6,3,115.6136627197266,184
8,3,126.5136642456055,184
16,3,166.5519409179688,184
7,3,121.1849822998047,184
11,1,142.1842225,184
18,2,163.6697256,184
13,3,154.9412231445313,184
19,2,163.6588578,184
13,2,154.9872693,184
7,3,127.9324569702148,186
8,2,132.4197405,186
11,2,150.5658624,186
6,1,123.4989782,186
14,1,168.6433394,186
13,1,162.174493,186
18,1,178.7029398,186
10,2,144.1043953,186
14,3,165.9453582763672,186
10,3,144.1117095947266,186
5,1,117.7447515,186
17,1,177.9283492,186
18,3,172.4329376220703,186
19,3,172.6314086914063,186
15,2,164.8932529,186
11,3,149.9480895996094,186
15,3,169.0748291015625,186
10,1,144.1190363,186
14,2,163.2599483,186
12,1,155.2771693,186
17,2,166.1021597,186
16,1,176.2231445,186
12,3,155.832763671875,186
19,1,178.9282535,186
16,3,170.9673309326172,186
6,2,121.4301031,186
17,3,171.9878082275391,186
12,2,156.3923521,186
7,2,126.9669779,186
9,1,139.0929895,186
5,3,116.6441421508789,186
7,1,128.8980698,186
13,2,160.5686416,186
16,2,165.7600128,186
8,3,133.2375335693359,186
5,2,115.54611,186
6,3,122.4628677368164,186
18,2,166.2257463,186
11,1,149.3334255,186
9,2,138.0518649,186
19,2,166.3997434,186
15,1,173.2845461,186
8,1,134.0567299,186
9,3,138.5707855224609,186
13,3,161.3716888427734,186
13,1,161.3611922,187
12,2,155.857298,187
8,3,131.7270050048828,187
9,3,137.2089691162109,187
12,3,154.9673004150391,187
15,2,164.2033709,187
7,2,126.4901628,187
9,2,137.577281,187
18,3,171.9757995605469,187
19,3,172.2450866699219,187
10,2,143.6266707,187
14,3,165.4293518066406,187
13,2,159.9924445,187
18,1,178.2118047,187
16,3,170.5892333984375,187
6,1,120.5424167,187
5,1,114.6813419,187
8,1,131.5197444,187
10,1,142.226595,187
17,1,177.5739346,187
15,1,172.9480998,187
6,3,120.7457504272461,187
19,1,178.456821,187
14,1,168.1179565,187
7,1,126.1197519,187
11,3,148.9147186279297,187
11,1,147.8027122,187
9,1,136.8558103,187
17,2,165.3376824,187
18,2,165.4800692,187
16,1,175.9464852,187
11,2,150.0632076,187
8,2,131.9433011,187
7,3,126.3003768920898,187
6,2,120.9583564,187
5,2,115.0871055,187
16,2,165.0151821,187
12,1,154.1144562,187
17,3,171.5614471435547,187
14,2,162.6311439,187
19,2,165.7192168,187
15,3,168.6573181152344,187
5,3,114.879997253418,187
13,3,160.6939086914063,187
10,3,142.9127197265625,187
14,1,168.3687479,188
15,2,164.2690491,188
9,3,137.6759643554688,188
12,2,155.9127415,188
7,2,126.984801,188
13,1,161.729495,188
17,2,165.1701186,188
9,2,137.6087051,188
17,1,177.3491822,188
18,2,165.1987199,188
16,2,164.9723106,188
5,2,116.8037848,188
19,1,177.8076137,188
18,3,171.6520843505859,188
5,3,116.9458389282227,188
15,3,168.7649993896484,188
13,3,160.9391174316406,188
7,3,127.2886352539063,188
19,3,171.6384735107422,188
9,1,137.7400599,188
6,1,122.4220734,188
6,2,121.9506057,188
11,2,150.0549653,188
8,2,132.1296176,188
13,2,160.1069472,188
7,1,127.5779606,188
5,1,117.0815424,188
10,1,142.915122,188
10,2,143.5953172,188
18,1,177.8292659,188
12,1,154.5784701,188
14,2,162.7580656,188
8,3,132.3964691162109,188
17,3,171.3987884521484,188
12,3,155.2218017578125,188
11,3,149.1752319335938,188
10,3,143.2459869384766,188
11,1,148.3611182,188
6,3,122.1907501220703,188
16,3,170.5867462158203,188
15,1,173.0499259,188
19,2,165.338978,188
16,1,175.8864651,188
8,1,132.6480058,188
14,3,165.6150512695313,188
9,1,137.7760448,189
19,3,168.5190124511719,189
6,3,120.9587936401367,189
9,3,137.8130493164063,189
16,1,172.5722287,189
14,1,166.1614465,189
11,1,147.8972755,189
19,2,162.1704426,189
5,2,114.318469,189
18,3,168.3801879882813,189
11,3,148.89453125,189
13,3,159.6426696777344,189
17,1,173.7267078,189
10,2,143.7610709,189
8,3,132.4073333740234,189
10,3,143.2696380615234,189
19,1,174.5340244,189
17,2,162.3250521,189
17,3,168.1824798583984,189
18,1,174.2045776,189
16,3,167.6361236572266,189
18,2,162.2243478,189
8,2,132.2167465,189
13,1,160.153911,189
15,1,170.2387795,189
5,3,114.5139465332031,189
14,2,161.2584515,189
13,2,159.1018092,189
12,1,153.6066436,189
15,2,162.2900299,189
6,2,120.7273049,189
7,1,127.0964416,189
16,2,162.4134503,189
6,1,121.1761778,189
7,3,126.8567657470703,189
14,3,163.7766265869141,189
8,1,132.5849181,189
12,2,155.3941482,189
7,2,126.600512,189
10,1,142.8037959,189
5,1,114.6976006,189
12,3,154.4748687744141,189
9,2,137.8524447,189
15,3,166.3727416992188,189
11,2,149.9490147,189
6,3,120.9800491333008,190
16,3,171.6277465820313,190
14,2,163.2248518,190
9,3,137.8614349365234,190
15,2,164.7916975,190
12,1,155.1030156,190
14,3,166.3319396972656,190
10,2,144.2515022,190
12,3,155.7723541259766,190
13,1,162.4348933,190
18,3,172.9750061035156,190
18,1,179.6609516,190
16,1,177.3897437,190
9,1,137.5431579,190
13,2,160.5979059,190
19,1,179.6539179,190
11,1,148.7011723,190
16,2,165.5825135,190
7,2,127.0209185,190
5,3,114.8818511962891,190
7,1,126.445053,190
17,2,165.8497582,190
8,1,132.059125,190
12,2,156.4775221,190
15,1,174.2533113,190
17,3,172.6479949951172,190
6,1,120.5983814,190
6,2,121.3841987,190
7,3,126.7248687744141,190
11,3,149.6733093261719,190
14,1,169.2937522,190
10,3,143.6230010986328,190
17,1,179.1265316,190
18,2,165.9441777,190
10,1,143.0236945,190
5,1,114.4324515,190
9,2,138.1949649,190
19,2,166.1177231,190
5,2,115.3576944,190
15,3,169.6330413818359,190
13,3,161.5413055419922,190
19,3,173.0320281982422,190
8,2,132.5358599,190
11,2,150.6923226,190
8,3,132.2916717529297,190
15,3,166.5757446289063,191
19,1,177.1902354,191
14,3,163.5286865234375,191
7,1,126.4102376,191
5,3,113.4303283691406,191
9,3,136.9358673095703,191
12,2,154.3315718,191
16,1,174.2246274,191
13,2,158.1230015,191
11,3,148.1066131591797,191
19,2,164.0248705,191
15,2,161.7325359,191
16,3,168.4868316650391,191
17,1,176.1417623,191
6,3,119.9669952392578,191
9,2,136.7258585,191
8,1,131.9155685,191
19,3,170.7424621582031,191
6,2,119.4193494,191
18,2,163.1957908,191
16,2,162.3900849,191
7,2,125.4068063,191
10,1,142.2199324,191
17,3,169.6550445556641,191
14,2,160.4305433,191
6,1,120.4854295,191
10,2,142.6426146,191
15,1,171.1619531,191
5,2,112.8121275,191
8,2,131.0753422,191
12,1,153.2626623,191
18,3,170.3048553466797,191
12,3,153.7823028564453,191
13,3,159.1211395263672,191
14,1,166.495835,191
11,1,147.4003856,191
10,3,142.4269866943359,191
5,1,114.0236101,191
11,2,148.8467356,191
7,3,125.9197845458984,191
13,1,160.0746996,191
18,1,177.0620923,191
8,3,131.5050201416016,191
17,2,162.7600684,191
9,1,137.1364293,191
12,3,150.5930023193359,192
15,2,161.7045539,192
15,1,169.3586832,192
9,2,133.6550765,192
17,1,176.341793,192
19,1,179.5569641,192
8,1,126.7965775,192
18,2,164.8536998,192
7,1,121.5552655,192
18,3,171.4432525634766,192
19,3,172.6348419189453,192
5,3,111.7273178100586,192
15,3,165.5805969238281,192
5,1,110.5185555,192
11,3,144.416015625,192
10,3,138.41455078125,192
12,2,152.0242824,192
6,2,118.2165557,192
9,1,132.0052287,192
19,2,165.5303138,192
9,3,132.8123931884766,192
6,1,116.1656473,192
17,3,170.1795043945313,192
13,1,156.6455786,192
13,2,156.4687093,192
18,1,178.3559411,192
10,1,137.2871567,192
16,3,168.2925720214844,192
6,3,117.157470703125,192
17,2,164.1447169,192
13,3,156.558349609375,192
14,3,161.7173614501953,192
11,1,142.8339154,192
16,1,173.3879104,192
7,3,122.3578948974609,192
7,2,123.2245099,192
16,2,163.166087,192
11,2,146.0579402,192
10,2,139.585156,192
14,2,159.5555728,192
12,1,149.2015518,192
5,2,112.9977368,192
8,3,127.5179443359375,192
14,1,163.8219245,192
8,2,128.2839689,192
8,3,129.9752655029297,193
16,2,162.6547386,193
5,1,111.6092078,193
14,1,166.1866535,193
16,1,173.8562926,193
18,1,176.1857716,193
11,2,148.1341515,193
17,2,162.8912526,193
19,1,176.4716952,193
15,1,170.9102821,193
5,3,111.3614730834961,193
7,1,124.4340887,193
6,2,117.7908223,193
12,1,152.5868111,193
13,1,159.6102592,193
10,1,141.0404761,193
19,3,169.54638671875,193
19,2,162.9340902,193
17,3,169.3913726806641,193
13,2,157.8883721,193
9,2,135.5804082,193
8,1,130.2036494,193
7,2,123.904662,193
6,1,118.2739628,193
12,3,153.2085571289063,193
8,2,129.737294,193
16,3,168.3885955810547,193
10,2,141.7053097,193
6,3,118.0384063720703,193
11,1,146.480005,193
10,3,141.3658447265625,193
12,2,153.8559186,193
14,3,163.3649597167969,193
17,1,175.4668584,193
9,3,135.6383361816406,193
15,2,161.9163976,193
9,1,135.6941623,193
18,3,169.5789794921875,193
18,2,162.8961405,193
7,3,124.1764221191406,193
13,3,158.7668914794922,193
11,3,147.2885284423828,193
15,3,166.4989318847656,193
14,2,160.4256406,193
5,2,111.1039965,193
5,2,112.7939983,195
9,1,137.8646841,195
11,2,147.1875269,195
7,3,126.0560302734375,195
8,3,131.2747192382813,195
12,1,153.4805523,195
15,2,160.8104951,195
17,2,162.1209176,195
17,1,174.0029203,195
16,2,161.6116084,195
14,2,159.337127,195
14,1,166.2004153,195
10,1,142.7476024,195
9,2,135.0451508,195
7,2,124.2116018,195
6,2,118.7140711,195
6,1,122.4020551,195
14,3,162.8274383544922,195
15,1,170.4112312,195
16,1,172.7779721,195
11,3,147.4857177734375,195
19,1,175.4931896,195
18,2,162.6307883,195
10,3,141.8477783203125,195
16,3,167.3064575195313,195
8,1,132.9267858,195
13,2,156.8100299,195
11,1,147.7745573,195
8,2,129.5637309,195
18,3,168.897705078125,195
17,3,168.2515258789063,195
15,3,165.6840515136719,195
12,2,152.8165753,195
12,3,153.1546630859375,195
13,3,158.4780731201172,195
6,3,120.6011505126953,195
7,1,127.8126217,195
5,1,116.5846227,195
19,3,169.5788421630859,195
13,1,160.0812352,195
5,3,114.7069396972656,195
19,2,163.3814225,195
10,2,140.9196124,195
9,3,136.4765777587891,195
18,1,174.7509723,195
8,3,128.7787017822266,196
10,2,139.5560203,196
19,2,158.6061539,196
17,2,158.26397,196
17,1,171.563895,196
18,1,172.0171106,196
5,2,109.3517058,196
8,2,127.8484068,196
11,1,145.8561537,196
11,3,145.8204956054688,196
12,2,151.2344485,196
15,1,168.4281491,196
15,3,163.3121948242188,196
5,1,110.66384,196
14,3,160.8013916015625,196
7,2,122.0871715,196
8,1,129.676403,196
12,1,151.7618097,196
10,1,140.5043368,196
11,2,145.7833159,196
13,3,156.7038879394531,196
6,2,116.0166613,196
9,3,134.3966369628906,196
9,1,135.1825247,196
13,2,154.9178288,196
6,3,116.8004531860352,196
9,2,133.5808819,196
17,3,164.9800415039063,196
12,3,151.5036163330078,196
16,3,164.5243530273438,196
15,2,158.0348776,196
10,3,140.0395202636719,196
19,1,172.6788108,196
5,3,110.0214309692383,196
16,2,158.2989056,196
18,2,158.2622124,196
19,3,165.6874237060547,196
6,1,117.5543385,196
16,1,170.595106,196
18,3,165.1928100585938,196
7,3,122.9831161499023,196
7,1,123.8472725,196
13,1,158.4222768,196
14,2,157.0283566,196
14,1,164.4426133,196
17,1,170.5934353,198
17,3,165.5592193603516,198
6,2,118.7145256,198
18,2,160.5564707,198
5,1,113.1343099,198
9,3,134.8197326660156,198
13,3,156.7003326416016,198
9,2,135.0355732,198
8,2,129.5786769,198
5,3,112.9510803222656,198
12,1,150.3765485,198
18,1,170.8181983,198
15,3,163.6331481933594,198
16,2,160.3640344,198
16,1,169.6519608,198
7,3,124.3422546386719,198
15,2,159.9325121,198
14,2,158.7295707,198
15,1,167.2828536,198
6,3,118.8570861816406,198
19,3,165.8628234863281,198
11,2,147.046157,198
16,3,165.0353088378906,198
10,1,139.5422974,198
10,2,140.8576842,198
5,2,112.7637497,198
14,1,163.1029119,198
8,1,129.6179075,198
13,2,156.3967503,198
17,2,160.4812432,198
11,3,145.82421875,198
8,3,129.5984954833984,198
7,2,124.2283319,198
18,3,165.7018890380859,198
11,1,144.6251412,198
19,1,170.9454952,198
9,1,134.6082809,198
12,3,151.4584197998047,198
14,3,160.9328765869141,198
10,3,140.193359375,198
6,1,118.9965458,198
12,2,152.5598558,198
19,2,160.7658711,198
7,1,124.4537213,198
13,1,156.9990305,198
13,3,158.9266052246094,199
18,3,168.3370971679688,199
6,1,121.7302219,199
16,3,167.4519348144531,199
10,3,142.4658508300781,199
6,3,121.0639419555664,199
5,1,115.875424,199
5,3,115.1296615600586,199
8,2,131.3575068,199
18,1,173.6610807,199
5,2,114.378909,199
16,2,162.5051626,199
10,2,142.7158649,199
12,1,152.9632381,199
16,1,172.2358217,199
17,3,168.0877990722656,199
9,2,136.8553054,199
19,2,163.2221638,199
11,3,148.0744018554688,199
17,1,173.3147863,199
13,1,159.5494003,199
7,3,126.5719223022461,199
19,1,173.8920655,199
9,1,137.3047267,199
8,1,132.3293816,199
17,2,162.7011502,199
12,3,153.6905364990234,199
14,2,160.647239,199
13,2,158.2879386,199
6,2,120.3939076,199
11,2,148.915873,199
14,3,163.1771240234375,199
7,2,125.9616919,199
19,3,168.6558837890625,199
7,1,127.1767406,199
15,3,165.9501647949219,199
11,1,147.2593439,199
9,3,137.0828552246094,199
10,1,142.223514,199
12,2,154.4385357,199
15,2,161.9497512,199
18,2,162.8594413,199
8,3,131.8472290039063,199
15,1,169.8190041,199
14,1,165.6346507,199
8,1,127.481465,200
12,1,148.3887352,200
9,1,132.5118681,200
13,3,153.7294006347656,200
11,1,142.6096667,200
5,3,109.8077621459961,200
6,1,116.7904071,200
10,2,136.9136202,200
5,2,108.6805463,200
6,2,114.6688061,200
14,1,161.1074391,200
13,2,152.4283664,200
5,1,110.9017192,200
7,3,121.2502822875977,200
15,2,155.8557076,200
6,3,115.7369995117188,200
11,3,142.8529510498047,200
15,3,160.5455627441406,200
13,1,155.0203172,200
10,1,137.4904252,200
8,3,126.546630859375,200
12,2,148.6095115,200
16,1,167.3259712,200
19,3,162.04443359375,200
19,2,156.3557644,200
18,3,161.9970245361328,200
17,1,167.8664458,200
19,1,167.9125469,200
9,2,131.0752801,200
15,1,165.2265501,200
14,2,154.7332384,200
17,2,156.2272595,200
12,3,148.4981994628906,200
8,2,125.5951833,200
16,2,156.1769903,200
7,1,122.2806199,200
10,3,137.2091979980469,200
18,2,156.2452482,200
7,2,120.2158069,200
17,3,162.0187683105469,200
9,3,131.8093872070313,200
18,1,167.9134132,200
14,3,157.9203338623047,200
11,2,143.1040347,200
16,3,161.7597045898438,200
13,3,150.1586303710938,201
15,1,161.8191401,201
16,3,157.9119110107422,201
17,1,164.4638859,201
11,2,139.3824382,201
12,1,145.467402,201
11,1,139.8801442,201
8,2,122.2564892,201
6,1,115.0438121,201
7,3,118.6733093261719,201
6,3,113.2788772583008,201
14,3,154.2009887695313,201
17,2,151.7531279,201
8,3,123.8223724365234,201
19,3,158.276611328125,201
5,3,107.44775390625,201
18,3,158.1909637451172,201
14,1,157.8317918,201
10,3,134.1588897705078,201
12,2,144.7216038,201
8,1,125.3450127,201
18,1,164.58095,201
12,3,145.0993804931641,201
5,2,105.500635,201
5,1,109.3416276,201
19,2,151.7256522,201
13,1,151.9148073,201
9,3,128.921142578125,201
18,2,151.6689071,201
17,3,158.176513671875,201
19,1,164.7017737,201
13,2,148.3573844,201
9,1,130.1757363,201
9,2,127.6308922,201
15,3,156.742431640625,201
7,1,120.3413661,201
14,2,150.4798813,201
16,1,163.8773062,201
10,2,133.3404478,201
10,1,134.9551528,201
6,2,111.4645281,201
7,2,116.95833,201
16,2,151.8107922,201
11,3,139.6346130371094,201
15,2,151.5439672,201
15,3,161.7784271240234,203
9,3,132.9539184570313,203
8,2,127.5215471,203
10,2,139.0486374,203
16,1,168.3503969,203
17,1,169.7351235,203
14,1,161.525661,203
7,3,122.2548294067383,203
14,3,159.0870513916016,203
15,1,165.8009818,203
10,3,138.3935699462891,203
14,2,156.6065567,203
19,1,171.2198033,203
7,2,121.9361996,203
13,3,154.8976440429688,203
16,2,158.0735263,203
11,1,142.8746905,203
12,2,150.7137869,203
18,2,158.1785615,203
12,3,149.6836853027344,203
6,3,116.6088790893555,203
13,1,155.3515148,203
9,2,133.1379709,203
10,1,137.7520465,203
18,1,170.5064901,203
19,2,158.6299409,203
6,1,117.0939088,203
11,3,144.0516662597656,203
17,2,158.1142417,203
6,2,116.1096259,203
8,1,127.7495981,203
12,1,148.6726883,203
5,2,109.7628561,203
16,3,163.249267578125,203
7,1,122.5649194,203
5,3,110.5002670288086,203
9,1,132.7739997,203
11,2,145.2518003,203
19,3,164.9590454101563,203
17,3,163.9635162353516,203
8,3,127.6369857788086,203
15,2,157.6918019,203
18,3,164.3797607421875,203
13,2,154.43555,203
5,1,111.2159012,203
6,2,117.2983376,206
10,2,139.7135763,206
16,1,169.1104725,206
8,1,128.9185999,206
11,3,145.2590026855469,206
14,1,163.2232793,206
14,2,156.4532094,206
8,2,128.5021096,206
13,3,155.9100952148438,206
13,2,154.5076603,206
17,1,169.7514405,206
9,1,134.2908125,206
15,2,157.2147004,206
11,1,144.801471,206
10,3,139.6135559082031,206
5,3,110.8030242919922,206
18,2,156.9247182,206
11,2,145.7327628,206
18,1,169.8066375,206
14,3,159.8924255371094,206
17,3,163.5021820068359,206
9,2,133.9715243,206
19,2,156.9297756,206
17,2,157.0661332,206
16,2,157.2111082,206
18,3,163.4539947509766,206
13,1,157.2670737,206
19,1,169.9457201,206
7,2,123.0309105,206
9,3,134.1340789794922,206
5,1,110.5887586,206
15,3,162.2389678955078,206
12,1,150.6564717,206
8,3,128.7142333984375,206
6,3,117.2425765991211,206
7,1,123.256768,206
12,3,150.8237457275391,206
10,1,139.5170493,206
6,1,117.1888643,206
5,2,111.0254175,206
19,3,163.5212860107422,206
16,3,163.2505493164063,206
12,2,150.9967588,206
7,3,123.1459655761719,206
15,1,167.1110241,206
10,1,132.8818047,207
12,2,147.1164326,207
12,3,145.4890289306641,207
9,3,128.5919952392578,207
18,1,167.501075,207
13,3,150.8512420654297,207
10,3,134.0630035400391,207
6,3,112.206169128418,207
8,1,122.8115904,207
19,3,161.5456390380859,207
19,1,167.9057889,207
14,3,155.2555389404297,207
12,1,143.9154678,207
18,2,154.9704864,207
5,2,106.1294092,207
6,2,112.383995,207
16,1,164.7553601,207
5,1,106.0875167,207
14,1,157.1534412,207
5,3,106.1081008911133,207
13,2,150.9679893,207
11,3,139.7699737548828,207
8,3,123.2544021606445,207
14,2,153.2933825,207
11,1,138.0433123,207
17,1,166.5559921,207
17,3,160.884033203125,207
7,3,117.8578033447266,207
15,2,154.541001,207
15,3,158.2199401855469,207
16,2,155.0230768,207
18,3,161.3231658935547,207
10,2,135.2841817,207
6,1,112.0343188,207
7,1,117.5727468,207
9,2,129.3353584,207
13,1,150.7383584,207
7,2,118.1527105,207
9,1,127.8730032,207
15,1,161.7810234,207
8,2,123.7123718,207
16,3,159.9653930664063,207
17,2,155.0412523,207
11,2,141.5554875,207
19,2,155.0184784,207
9,2,130.4351206,208
13,3,153.5294799804688,208
6,3,116.0064239501953,208
10,1,137.9190327,208
18,2,156.4279088,208
15,3,160.5769958496094,208
6,2,114.0878005,208
14,1,161.1777452,208
6,1,117.8366331,208
19,2,156.6646316,208
5,2,108.1568117,208
18,1,169.0969557,208
7,3,121.4332046508789,208
7,2,119.6063458,208
16,3,162.0936126708984,208
17,3,162.711669921875,208
17,2,156.3495194,208
11,2,142.4826432,208
9,1,133.0964016,208
16,2,156.1840963,208
15,2,155.6066374,208
15,1,165.3659359,208
9,3,131.7953186035156,208
12,2,148.021477,208
5,3,110.1829071044922,208
18,3,162.8583221435547,208
14,2,154.2716047,208
17,1,168.8661196,208
19,1,169.1849292,208
11,3,142.6916046142578,208
12,1,148.549436,208
13,1,155.105231,208
8,1,128.2241341,208
19,3,163.0095672607422,208
14,3,157.7910614013672,208
10,2,136.2756001,208
10,3,137.1151123046875,208
8,3,126.6317367553711,208
7,1,123.1775281,208
13,2,151.8902682,208
11,1,142.8919464,208
5,1,112.1140691,208
16,1,167.7990151,208
8,2,124.9653448,208
12,3,148.2908477783203,208
17,2,158.3225952,209
8,3,127.1945495605469,209
19,2,158.0947064,209
11,1,141.6223743,209
16,1,167.7852346,209
9,2,133.704457,209
16,2,158.4287603,209
12,2,151.2624309,209
6,2,117.1856839,209
9,1,131.3571864,209
13,2,155.0599892,209
19,3,163.9223327636719,209
6,3,116.2898559570313,209
12,3,149.3346710205078,209
8,2,128.1910854,209
19,1,169.4257928,209
17,1,169.1500922,209
14,1,160.6451329,209
17,3,163.8858337402344,209
15,2,158.3607178,209
7,3,121.8539733886719,209
14,2,157.3256122,209
16,3,163.2325439453125,209
11,3,143.6266326904297,209
7,2,122.7728479,209
15,1,165.0904119,209
13,3,154.6796875,209
18,1,169.4333995,209
11,2,145.7609274,209
10,2,139.5610022,209
10,3,137.9345550537109,209
18,3,163.9784851074219,209
18,2,158.2060802,209
8,1,126.2521045,209
5,1,109.5165387,209
5,3,110.3141021728516,209
15,3,161.8156280517578,209
14,3,159.0312652587891,209
13,1,154.3209522,209
9,3,132.4946441650391,209
12,1,147.5212655,209
6,1,115.4442022,209
5,2,111.1596387,209
10,1,136.4115801,209
7,1,120.9859636,209
9,3,136.5887298583984,211
15,1,169.8957757,211
10,3,142.0033874511719,211
10,2,142.8458513,211
19,1,175.3813478,211
14,2,160.8730796,211
13,2,158.4818439,211
8,1,131.1271632,211
8,3,131.35693359375,211
11,1,146.3746385,211
5,1,114.5288668,211
10,1,141.1906431,211
18,3,169.1127014160156,211
12,2,154.6038058,211
9,1,136.1667157,211
17,3,168.8533630371094,211
14,3,163.1395111083984,211
6,1,120.4240124,211
13,1,159.0419525,211
6,3,120.6104583740234,211
16,2,162.7684002,211
8,2,131.5808327,211
18,2,162.9880588,211
17,2,162.9192747,211
19,2,163.1942478,211
6,2,120.7848413,211
11,3,147.6824340820313,211
17,1,174.3069009,211
16,3,167.9159393310547,211
14,1,165.3862997,211
7,3,126.094596862793,211
7,2,126.2621776,211
11,2,149.058465,211
15,2,162.2082222,211
16,1,172.7136985,211
9,2,137.0118185,211
18,1,175.010222,211
12,1,152.2493544,211
5,2,114.873741,211
5,3,114.7073593139648,211
12,3,153.3961791992188,211
7,1,125.9185353,211
19,3,169.3109741210938,211
13,3,158.7664642333984,211
15,3,166.0921783447266,211
5,2,110.1010006,212
19,1,170.9730928,212
11,1,143.9595483,212
10,3,138.4127197265625,212
15,2,156.8487968,212
12,1,149.7184141,212
7,1,123.4733454,212
8,2,126.8181832,212
6,2,116.0247871,212
14,1,162.429397,212
10,2,137.9651094,212
17,1,170.3109497,212
6,1,117.8755596,212
16,3,163.290771484375,212
14,2,155.5925537,212
14,3,159.0499267578125,212
10,1,138.848777,212
5,3,110.9965133666992,212
17,2,157.4862775,212
19,2,157.6443513,212
9,3,133.0490875244141,212
13,3,154.8332366943359,212
12,2,149.5213301,212
12,3,149.6210784912109,212
9,1,133.8574975,212
19,3,164.3712005615234,212
5,1,111.8695399,212
6,3,116.9620513916016,212
13,2,153.2987998,212
11,2,144.0771755,212
18,1,170.7633874,212
9,2,132.218794,212
15,1,166.6227781,212
15,3,161.7902069091797,212
7,2,121.5052643,212
18,3,164.1903533935547,212
8,1,128.7692149,212
11,3,144.0176086425781,212
8,3,127.8067932128906,212
16,1,169.0736019,212
7,3,122.5022430419922,212
13,1,156.3319947,212
18,2,157.4851258,212
17,3,163.9656677246094,212
16,2,157.3813615,212
15,1,160.4572167,213
17,1,164.1493842,213
17,3,157.559326171875,213
18,1,164.5801165,213
11,3,137.9719848632813,213
6,3,110.7897338867188,213
5,2,103.6383656,213
11,2,138.1370398,213
10,2,132.0478803,213
18,3,157.8226776123047,213
9,1,127.7414175,213
7,1,117.398149,213
8,1,122.6782664,213
8,3,121.7612609863281,213
10,3,132.3868713378906,213
13,3,148.6881408691406,213
14,3,152.8263397216797,213
15,2,150.3897325,213
16,2,150.7753516,213
17,2,150.8479857,213
8,2,120.8186112,213
13,2,147.1725947,213
16,3,156.8968658447266,213
6,1,111.7739888,213
5,1,105.6920524,213
19,3,158.1420288085938,213
12,1,143.5574013,213
19,1,164.7710512,213
7,3,116.4182891845703,213
10,1,132.7173219,213
12,2,143.5105662,213
9,2,126.2753444,213
6,2,109.7745523,213
11,1,137.8108931,213
13,1,150.1707026,213
16,1,162.9036442,213
14,2,149.3116285,213
12,3,143.5342559814453,213
7,2,115.4095251,213
5,3,104.68212890625,213
19,2,151.4012124,213
18,2,150.9455226,213
14,1,156.2681105,213
15,3,155.4734191894531,213
9,3,127.0180969238281,213
16,1,164.8838703,214
11,2,137.7397006,214
17,3,159.1551971435547,214
16,3,158.2568664550781,214
11,3,138.2465972900391,214
9,1,128.5358825,214
6,1,112.6351017,214
8,2,120.317227,214
10,2,131.5591046,214
5,2,103.5767358,214
17,2,151.9585635,214
13,3,149.2684936523438,214
18,1,167.1126272,214
14,3,153.6260528564453,214
7,1,118.1902304,214
11,1,138.7480252,214
12,3,143.9422302246094,214
5,3,105.141357421875,214
12,1,144.6163825,214
15,2,150.9075503,214
8,1,123.4501295,214
6,2,109.5063984,214
14,2,149.5254599,214
10,1,133.5675289,214
12,2,143.2619012,214
13,2,147.1282553,214
7,2,114.9933568,214
19,1,167.7324142,214
9,2,125.7511937,214
18,3,159.6798706054688,214
15,1,162.1586606,214
8,3,121.8942108154297,214
7,3,116.6041259765625,214
10,3,132.5690765380859,214
14,1,157.7052723,214
15,3,156.5446624755859,214
16,2,151.6144248,214
18,2,152.2544794,214
19,2,152.8138165,214
5,1,106.6760822,214
6,3,111.0841751098633,214
13,1,151.3939692,214
17,1,166.3513558,214
19,3,160.2596740722656,214
9,3,127.1518249511719,214
16,1,171.0659563,217
6,3,117.9745330810547,217
15,2,160.2410872,217
10,1,139.1021267,217
7,3,123.5104217529297,217
12,2,151.9878147,217
12,1,150.2178889,217
19,3,169.8300628662109,217
6,1,118.0413604,217
17,1,172.9831455,217
13,3,156.5520935058594,217
15,3,164.3199768066406,217
18,2,162.5655381,217
9,1,134.039678,217
11,1,144.3115271,217
17,3,167.7096252441406,217
13,2,156.0161512,217
5,3,112.0223083496094,217
14,1,163.4618366,217
13,1,157.0537832,217
7,1,123.6287388,217
14,2,158.6161161,217
16,3,166.3766632080078,217
18,3,168.7260437011719,217
10,2,140.0679087,217
12,3,151.0745391845703,217
6,2,117.9065246,217
11,2,146.3410564,217
9,3,134.1177368164063,217
5,1,112.0469067,217
5,2,111.9972745,217
11,3,145.2975616455078,217
9,2,134.1984128,217
17,2,161.8896301,217
7,2,123.3896137,217
8,2,128.7274543,217
19,2,163.5518249,217
8,1,128.9212103,217
14,3,161.1290740966797,217
19,1,175.5977678,217
16,2,161.2237674,217
18,1,174.3137381,217
8,3,128.8255462646484,217
10,3,139.5735473632813,217
15,1,168.0717923,217
6,1,107.4584787,219
7,2,112.2504542,219
6,2,106.7309161,219
15,2,147.7716842,219
11,3,134.3709411621094,219
19,1,162.183277,219
10,1,128.5693397,219
8,1,118.3561883,219
9,2,123.0230415,219
14,2,146.5112539,219
14,3,149.7129058837891,219
16,2,148.3165877,219
17,2,148.4641514,219
9,3,123.2582931518555,219
15,3,152.5717468261719,219
16,3,154.1961669921875,219
14,1,152.8689744,219
9,1,123.4882289,219
18,3,155.2531890869141,219
7,3,112.6572036743164,219
8,3,117.9775695800781,219
5,1,101.461999,219
17,1,161.5037447,219
5,3,101.1137390136719,219
12,2,140.4206232,219
17,3,154.9862518310547,219
12,3,140.0647125244141,219
11,1,133.8000179,219
19,3,155.4679260253906,219
19,2,148.802571,219
12,1,139.716411,219
15,1,157.3261868,219
13,1,146.5335565,219
7,1,113.0535297,219
13,3,145.3832855224609,219
18,1,161.9927518,219
5,2,100.7555814,219
10,2,128.8115896,219
8,2,117.5898396,219
10,3,128.6890869140625,219
11,2,134.9548429,219
16,1,160.0466679,219
6,3,107.0996398925781,219
13,2,144.2110785,219
18,2,148.5343861,219
18,2,157.3907691,220
12,2,149.6993928,220
19,3,163.3176727294922,220
7,3,121.7620468139648,220
12,1,148.1701864,220
11,2,144.1702734,220
9,3,132.2703857421875,220
18,3,163.2086944580078,220
13,1,154.785983,220
15,1,165.1102695,220
16,3,162.4549407958984,220
15,3,161.0714721679688,220
8,1,127.4545528,220
5,1,110.986889,220
7,2,121.2198371,220
8,3,127.0323715209961,220
6,1,116.8451107,220
5,3,110.3460159301758,220
10,1,137.369588,220
13,2,153.5460589,220
13,3,154.1603851318359,220
14,2,155.887639,220
15,2,157.1328268,220
16,2,157.4816772,220
11,3,143.3061981201172,220
17,3,163.0405578613281,220
16,1,167.5769079,220
19,2,157.3633216,220
10,2,137.9601602,220
6,2,115.6720127,220
6,3,116.2637481689453,220
18,1,169.2593517,220
19,1,169.5366432,220
10,3,137.6655120849609,220
9,1,132.4393471,220
14,1,160.8988606,220
11,1,142.4337269,220
17,1,168.8133395,220
7,1,122.2969179,220
17,2,157.4616368,220
14,3,158.3668212890625,220
8,2,126.6066205,220
5,2,109.6918462,220
12,3,148.9403991699219,220
9,2,132.1011492,220
7,2,120.0168969,221
18,3,163.1205596923828,221
16,3,162.1115417480469,221
7,1,121.7211821,221
6,2,114.576022,221
15,1,164.9171762,221
13,1,154.5292025,221
12,2,148.3122223,221
19,2,158.3629238,221
8,3,126.1021270751953,221
11,3,142.4048767089844,221
8,2,125.3040886,221
11,2,142.757142,221
10,1,136.9229832,221
15,3,160.5456237792969,221
12,1,147.8551242,221
13,3,153.3811187744141,221
18,2,157.7510741,221
13,2,152.226303,221
9,1,131.9362403,221
16,2,156.9464785,221
12,3,148.0830230712891,221
18,1,168.4654663,221
17,2,157.3789003,221
10,3,136.7402648925781,221
14,1,160.6867941,221
14,2,154.687757,221
9,2,130.7394424,221
9,3,131.3393096923828,221
5,2,108.6955265,221
14,3,157.6957855224609,221
6,1,116.2632077,221
7,3,120.8707962036133,221
19,1,168.6683327,221
6,3,115.4213180541992,221
5,3,109.5515823364258,221
19,3,163.5267181396484,221
15,2,156.1505104,221
17,3,162.7850036621094,221
17,1,168.1652871,221
10,2,136.5565842,221
16,1,167.2505565,221
8,1,126.8965896,221
11,1,142.0545002,221
5,1,110.4040334,221
7,3,116.7849884033203,222
7,1,117.724141,222
6,2,110.2897354,222
11,3,138.34912109375,222
13,1,150.5831876,222
8,3,122.0616607666016,222
9,3,127.302604675293,222
5,3,105.3494644165039,222
10,2,132.4699155,222
5,2,104.3223067,222
18,3,158.9920806884766,222
10,3,132.6982421875,222
14,2,150.3467436,222
18,1,165.7297779,222
15,1,161.1986954,222
8,2,121.1769433,222
15,2,151.6361785,222
14,3,153.6105651855469,222
12,2,144.1696641,222
12,3,144.0152282714844,222
8,1,122.9199201,222
17,1,165.1024487,222
17,2,152.2747541,222
19,1,166.2398927,222
16,2,152.1701277,222
10,1,132.9205169,222
9,1,127.945112,222
7,2,115.8164396,222
6,3,111.2779388427734,222
5,1,106.3455381,222
11,2,138.6576054,222
19,3,159.3003234863281,222
14,1,156.8273713,222
11,1,138.0480485,222
16,1,163.8023208,222
13,3,149.3063049316406,222
6,1,112.2360471,222
9,2,126.6411351,222
13,2,148.0056079,222
17,3,158.6858673095703,222
15,3,156.4405059814453,222
19,2,152.4452033,222
18,2,152.2913897,222
16,3,157.9979705810547,222
12,1,143.8641137,222
18,1,173.503835,223
12,1,151.090403,223
10,3,141.0399169921875,223
18,2,161.734293,223
10,2,142.2178673,223
15,1,168.6075247,223
14,3,162.048583984375,223
13,3,157.7326202392578,223
9,2,136.4634132,223
14,1,164.202321,223
13,2,157.5641403,223
6,2,120.3000006,223
11,3,146.7253570556641,223
5,3,113.3585739135742,223
17,3,167.2271270751953,223
6,1,118.4775228,223
8,1,129.570916,223
5,1,112.3661296,223
6,3,119.3751678466797,223
5,2,114.3818568,223
7,3,124.9621505737305,223
11,1,145.1598947,223
19,2,161.894427,223
7,2,125.7716841,223
8,3,130.3108673095703,223
19,3,167.9604339599609,223
13,1,157.8976627,223
11,2,148.3358742,223
19,1,174.1302096,223
10,1,139.8968853,223
18,3,167.5921020507813,223
15,3,164.8820953369141,223
9,1,134.7672473,223
9,3,135.6026763916016,223
16,3,166.4633178710938,223
7,1,124.1761808,223
14,2,159.8600224,223
12,2,153.7836676,223
16,2,161.6296159,223
17,1,172.7396223,223
16,1,171.2729786,223
17,2,161.7231708,223
15,2,161.116451,223
8,2,131.0729484,223
12,3,152.4203186035156,223
11,2,141.9653512,225
11,3,141.3461761474609,225
6,2,113.4436004,225
7,2,119.2700649,225
15,1,162.9104672,225
5,3,107.3229217529297,225
9,1,130.4985914,225
16,3,159.363037109375,225
13,2,150.6932327,225
10,1,135.5824908,225
8,2,124.778189,225
5,1,107.6304525,225
16,2,153.8465295,225
6,3,113.7173233032227,225
12,3,146.8449401855469,225
13,3,151.8765563964844,225
18,3,159.9197235107422,225
17,1,165.9024892,225
18,2,153.849969,225
15,3,158.2007141113281,225
7,1,119.8314142,225
7,3,119.5542526245117,225
15,2,153.5879746,225
5,2,107.0066843,225
19,2,154.3113861,225
16,1,165.0093285,225
11,1,140.7417549,225
19,1,166.6530203,225
8,1,125.2926492,225
8,3,125.0381927490234,225
14,3,155.8089752197266,225
12,2,147.1955733,225
6,1,113.9836793,225
9,3,130.3783721923828,225
10,3,135.780029296875,225
14,2,152.6649209,225
18,1,166.2283287,225
14,1,158.9910796,225
17,2,153.8161126,225
19,3,160.3205108642578,225
12,1,146.5012817,225
17,3,159.7738189697266,225
9,2,130.2556583,225
13,1,153.0526255,225
10,2,135.9820905,225
10,2,133.3393626,227
16,3,158.9443206787109,227
13,1,151.3378018,227
18,1,166.4551926,227
8,1,123.5940685,227
11,3,139.1705627441406,227
14,1,157.5874908,227
13,2,148.9894266,227
11,2,139.5623762,227
11,1,138.7800147,227
8,2,121.9822829,227
9,1,128.6412581,227
10,1,133.636668,227
18,3,160.0155181884766,227
7,3,117.4863815307617,227
12,1,144.6081314,227
6,1,112.8509834,227
12,2,145.11247,227
5,2,105.0319812,227
7,1,118.3715813,227
19,3,160.3673858642578,227
19,1,166.9467864,227
6,2,111.0320223,227
5,3,105.9848937988281,227
14,2,151.3766923,227
16,2,153.3398519,227
9,2,127.4785804,227
9,3,128.06201171875,227
5,1,106.9226397,227
15,1,161.9591776,227
15,2,152.7204725,227
18,2,153.5964462,227
17,3,159.6787567138672,227
13,3,150.1642150878906,227
17,1,165.842443,227
15,3,157.3395538330078,227
7,2,116.5908377,227
12,3,144.8600769042969,227
6,3,111.9478454589844,227
8,3,122.7919387817383,227
14,3,154.4827575683594,227
10,3,133.4884033203125,227
19,2,153.8255179,227
17,2,153.5254246,227
16,1,164.5530922,227
19,2,155.4092462,228
7,2,118.5189812,228
18,2,154.8391777,228
8,2,123.9753379,228
14,2,152.7402912,228
8,1,124.2041833,228
15,2,153.9234468,228
8,3,124.092041015625,228
6,2,112.8168831,228
14,3,155.8143615722656,228
11,1,139.7692047,228
12,1,145.7005708,228
9,2,129.4692784,228
9,1,129.3820024,228
19,1,167.8294796,228
16,1,165.705322,228
10,2,135.2707126,228
5,1,107.1233556,228
15,3,158.6062164306641,228
9,3,129.4247894287109,228
16,3,160.1633911132813,228
17,2,154.6231225,228
11,3,140.5647888183594,228
5,3,106.8589706420898,228
10,3,134.8797454833984,228
7,3,118.686164855957,228
6,3,113.0071868896484,228
15,1,163.1300633,228
6,1,113.1897278,228
11,2,141.3911677,228
19,3,161.7051086425781,228
5,2,106.5831193,228
18,3,161.2690277099609,228
13,3,151.5301818847656,228
13,1,152.5012782,228
16,2,154.4350061,228
12,2,146.8046297,228
14,1,158.7800172,228
7,1,118.8466975,228
17,1,167.0183764,228
17,3,160.9181213378906,228
18,1,167.5128311,228
10,1,134.5035088,228
13,2,150.5225376,228
12,3,146.2422027587891,228
18,3,163.1971893310547,229
12,3,147.3047637939453,229
11,1,140.8657965,229
14,3,157.0213470458984,229
6,3,114.607307434082,229
16,1,166.9552544,229
5,3,108.7027053833008,229
5,1,109.2298294,229
18,1,169.6469199,229
17,3,162.6319274902344,229
10,2,136.199672,229
19,3,163.7466125488281,229
12,2,147.955009,229
17,2,156.4099109,229
13,2,151.8405151,229
18,2,156.5249008,229
19,1,170.4818097,229
7,2,119.5730548,229
9,3,130.5782470703125,229
17,1,168.6414825,229
9,1,130.7826491,229
19,2,156.7904941,229
14,2,154.2469349,229
10,3,135.9699859619141,229
13,3,152.6402893066406,229
6,2,114.0802829,229
6,1,115.1136286,229
12,1,146.6779309,229
14,1,159.6977345,229
15,3,159.9556121826172,229
11,2,142.4076257,229
13,1,153.4115102,229
9,2,130.3659888,229
8,1,125.7667991,229
5,2,108.1535271,229
7,1,120.587761,229
7,3,120.0903091430664,229
8,3,125.3457946777344,229
15,2,155.6065405,229
16,2,156.2083557,229
8,2,124.908339,229
11,3,141.6224060058594,229
10,1,135.7487372,229
15,1,164.153704,229
16,3,161.6757202148438,229
11,3,137.5605621337891,230
8,3,121.5561981201172,230
5,1,105.4771085,230
13,2,147.2291815,230
19,1,164.6245293,230
12,1,142.7000847,230
16,1,161.9395774,230
15,3,155.1119079589844,230
17,2,151.2221943,230
14,2,149.4534181,230
11,2,138.1248358,230
12,2,143.5152961,230
17,3,157.2981109619141,230
13,1,149.2674824,230
5,3,104.9622955322266,230
10,2,132.0577148,230
7,2,115.7378377,230
16,2,151.1278111,230
18,1,163.987331,230
12,3,143.1027984619141,230
9,2,126.3497969,230
6,3,110.8741226196289,230
16,3,156.5885162353516,230
13,3,148.2601928710938,230
7,3,116.3397674560547,230
15,1,159.487251,230
9,1,127.0829137,230
8,2,120.9943808,230
7,1,116.9253044,230
17,1,163.262294,230
14,3,152.4230499267578,230
10,3,132.0188598632813,230
19,3,158.0799407958984,230
11,1,137.0098985,230
5,2,104.4315876,230
8,1,122.1035056,230
14,1,155.3267744,230
10,1,131.9809612,230
19,2,151.4482191,230
9,3,126.7210159301758,230
18,3,157.6618957519531,230
15,2,150.6410351,230
6,1,111.4234414,230
18,2,151.23381,230
6,2,110.3088295,230
11,2,148.8122713,231
19,2,159.4565374,231
10,2,142.6638695,231
16,3,165.6387786865234,231
16,2,159.9079914,231
12,1,151.1271688,231
15,3,164.3435516357422,231
6,2,120.651504,231
10,1,140.2073572,231
17,1,172.7187043,231
14,1,164.1332158,231
7,3,125.7598114013672,231
14,3,162.0096130371094,231
5,2,114.6720645,231
11,1,145.3040215,231
18,1,173.7483628,231
15,2,160.0328368,231
18,3,166.7619934082031,231
5,3,114.3805160522461,231
8,3,130.9804992675781,231
7,1,125.3562783,231
6,1,119.9412905,231
8,1,130.4588855,231
13,3,157.9116058349609,231
10,3,141.4151763916016,231
7,2,126.1818114,231
19,1,174.7857379,231
18,2,159.6091423,231
17,2,159.7606235,231
16,1,171.2008663,231
14,2,159.8195958,231
13,2,157.9650784,231
17,3,166.3521270751953,231
6,3,120.288932800293,231
11,3,147.0296630859375,231
12,3,152.6707153320313,231
9,2,136.9346,231
15,1,168.5472314,231
9,1,135.368974,231
5,1,114.1008803,231
19,3,167.1628570556641,231
9,3,136.1391754150391,231
13,1,157.8597898,231
8,2,131.5233774,231
12,2,154.2642449,231
18,2,160.0636346,233
13,3,158.4684448242188,233
10,2,141.9439369,233
15,1,169.0460387,233
19,2,160.0307943,233
9,3,137.3262634277344,233
12,3,153.4714202880859,233
17,3,165.4207611083984,233
5,2,113.5565631,233
14,3,162.3747711181641,233
14,1,165.3753022,233
19,3,165.3487396240234,233
15,3,164.6012725830078,233
8,1,133.8024541,233
17,1,170.6657999,233
12,1,153.4059994,233
16,3,165.3816833496094,233
10,3,142.5641174316406,233
7,2,125.1982567,233
13,2,157.2591646,233
13,1,159.6777155,233
14,2,159.3882641,233
11,1,147.9680218,233
8,3,132.2236022949219,233
9,1,138.5159951,233
16,2,160.2220414,233
6,2,119.6029794,233
6,3,121.7052917480469,233
17,2,160.1490917,233
9,2,136.1083865,233
15,2,160.1457485,233
11,3,148.0323791503906,233
7,1,128.9173586,233
12,2,153.5375892,233
18,1,170.6076759,233
16,1,170.4779485,233
6,1,123.7427167,233
11,2,148.0974612,233
5,3,115.9012832641602,233
5,1,118.1686512,233
18,3,165.3562164306641,233
7,3,127.0791854858398,233
19,1,170.5544468,233
10,1,143.1776179,233
8,2,130.6112243,233
10,2,139.8305441,234
6,1,117.4455803,234
11,2,146.0856815,234
18,3,167.3537902832031,234
17,3,166.5638580322266,234
14,2,158.3066956,234
18,1,172.5254085,234
16,1,169.8910396,234
17,1,171.5448991,234
8,3,128.3997344970703,234
13,1,156.2394175,234
16,3,165.4433135986328,234
11,1,143.5845419,234
7,1,123.0077946,234
13,3,155.9872589111328,234
7,2,123.2102514,234
16,2,160.8660042,234
5,1,111.4760891,234
10,3,139.1028137207031,234
19,2,163.0683806,234
11,3,144.8142242431641,234
15,1,167.0674547,234
18,2,162.1348911,234
15,3,163.5600738525391,234
14,1,162.5714027,234
7,3,123.1078948974609,234
13,2,155.7260154,234
9,1,133.3680404,234
9,3,133.6680755615234,234
5,2,111.8669806,234
6,2,117.7503033,234
19,1,173.378573,234
10,1,138.4039648,234
8,2,128.5273852,234
5,3,111.6698150634766,234
12,1,149.4547814,234
19,3,168.2510070800781,234
14,3,160.4857025146484,234
17,2,161.4997329,234
6,3,117.5965042114258,234
8,1,128.2755659,234
15,2,159.909938,234
9,2,133.9790293,234
12,3,150.5692596435547,234
12,2,151.715222,234
19,2,162.4319335,236
17,3,167.5786743164063,236
14,1,165.5369622,236
16,2,161.461911,236
13,2,157.1530843,236
5,3,115.5197525024414,236
18,1,173.5950055,236
9,1,138.0648159,236
19,1,174.0809739,236
17,1,173.0682911,236
11,1,147.6513164,236
8,2,130.3832211,236
5,2,113.5383235,236
8,3,131.8598785400391,236
7,2,125.036546,236
13,1,159.6111085,236
8,1,133.2842463,236
10,1,142.7876246,236
6,2,119.514817,236
16,3,166.8404998779297,236
12,1,153.1898019,236
17,2,161.7221901,236
13,3,158.4218597412109,236
9,2,135.829345,236
15,3,165.3400268554688,236
15,1,169.5768754,236
14,2,159.512324,236
7,1,128.3256427,236
6,1,123.0681743,236
19,3,168.4761962890625,236
16,1,171.9121924,236
10,2,141.638082,236
11,2,147.8103275,236
14,3,162.6180114746094,236
12,3,153.2502136230469,236
12,2,153.3143671,236
10,3,142.2272338867188,236
7,3,126.7125015258789,236
9,3,136.9700469970703,236
15,2,160.8421563,236
18,3,167.9770050048828,236
5,1,117.3989822,236
18,2,161.9529964,236
6,3,121.3307037353516,236
11,3,147.7285766601563,236
7,3,123.0602340698242,238
8,2,127.402421,238
16,2,158.193802,238
5,1,112.5721053,238
19,3,165.3561553955078,238
12,2,150.1919749,238
11,1,144.3691118,238
14,3,159.5832824707031,238
8,1,129.2743943,238
12,3,150.1319427490234,238
9,3,133.6013031005859,238
9,2,132.8524859,238
18,1,170.3967711,238
14,1,162.7279427,238
16,1,169.1852146,238
10,1,139.3314055,238
15,2,157.5599748,238
10,2,138.6698033,238
16,3,163.8407135009766,238
10,3,139.0052947998047,238
6,3,117.5337677001953,238
17,1,170.111001,238
7,1,124.0403297,238
14,2,156.2708181,238
6,1,118.5102178,238
11,3,144.5619201660156,238
5,2,110.5518187,238
9,1,134.3318352,238
17,2,158.549341,238
5,3,111.5754089355469,238
13,3,155.3424377441406,238
13,2,153.9647872,238
8,3,128.3504791259766,238
18,2,158.9649644,238
12,1,150.0745253,238
19,2,159.8087813,238
11,2,144.7621324,238
15,1,166.887832,238
15,3,162.3509216308594,238
13,1,156.6547001,238
17,3,164.4886779785156,238
6,2,116.5313806,238
19,1,170.630564,238
7,2,122.0544429,238
18,3,164.8328247070313,238
17,1,171.6955926,239
16,1,170.7493759,239
11,3,146.0317993164063,239
15,2,159.7802469,239
19,1,171.9915839,239
10,1,139.9386261,239
6,3,118.457878112793,239
15,1,168.3180248,239
12,1,151.0441043,239
14,1,164.0173285,239
14,3,161.3366546630859,239
19,3,166.2574005126953,239
18,2,160.2535007,239
15,3,164.1200561523438,239
8,1,129.6197752,239
6,2,118.3565857,239
6,1,118.5560475,239
14,2,158.5644315,239
7,3,124.0978088378906,239
9,2,134.8771197,239
19,2,160.3929809,239
13,2,156.2481396,239
9,3,134.8444519042969,239
10,3,140.3335571289063,239
5,3,112.383186340332,239
9,1,134.8128488,239
17,2,160.2432718,239
12,2,152.4300948,239
7,1,124.2403722,239
8,3,129.4954071044922,239
8,2,129.3668652,239
13,3,157.0320892333984,239
18,3,166.1597900390625,239
11,1,145.1639632,239
5,1,112.4541046,239
10,2,140.7418038,239
18,1,171.9150142,239
7,2,123.9505819,239
17,3,166.0531005859375,239
5,2,112.3101095,239
13,1,157.789945,239
11,2,146.9296973,239
16,2,160.1850395,239
16,3,165.5516510009766,239
12,3,151.7252349853516,239
10,2,139.1725665,242
15,3,162.3293609619141,242
17,1,170.2013225,242
10,1,137.3282772,242
14,2,157.2582599,242
6,3,117.2523803710938,242
7,3,122.5482635498047,242
12,2,150.9575857,242
6,1,117.0263255,242
18,3,165.1046600341797,242
12,1,148.3212346,242
5,3,111.6219329833984,242
5,2,111.881847,242
6,2,117.4893367,242
17,3,164.8302612304688,242
11,1,142.4651167,242
12,3,149.6166687011719,242
16,3,164.0169372558594,242
14,3,159.3887786865234,242
8,1,127.4175323,242
15,2,158.5821631,242
7,1,122.3388757,242
19,3,165.2657928466797,242
19,2,159.4324326,242
11,3,143.9009399414063,242
15,1,165.9427673,242
13,2,154.8590327,242
18,2,159.2571114,242
7,2,122.767122,242
8,2,127.9732673,242
13,3,154.9871063232422,242
9,2,133.3607594,242
19,1,170.8099598,242
14,1,161.4513968,242
10,3,138.2336883544922,242
13,1,155.1110709,242
16,1,168.7222188,242
5,1,111.3740697,242
8,3,127.6899337768555,242
18,1,170.6710643,242
17,2,159.2210668,242
16,2,159.1150094,242
9,1,132.3755412,242
9,3,132.8590545654297,242
11,2,145.3890814,242
14,3,156.5752716064453,243
10,3,135.4908294677734,243
5,1,108.9503542,243
13,3,152.1825714111328,243
17,2,155.8452234,243
11,3,141.1479034423828,243
9,3,130.0974273681641,243
9,1,130.6940495,243
5,3,108.1828079223633,243
18,2,156.1429525,243
11,2,141.4982861,243
8,2,124.046113,243
5,2,107.3861929,243
17,3,162.2178192138672,243
16,2,155.5085143,243
7,1,120.4213007,243
8,3,124.8609619140625,243
13,2,150.9585373,243
11,1,140.8093753,243
14,2,153.4045446,243
7,3,119.5929183959961,243
12,3,146.8375854492188,243
6,3,114.0971603393555,243
15,2,154.8164539,243
14,1,159.6504833,243
9,2,129.4800833,243
18,3,162.8126831054688,243
10,1,135.6781463,243
15,3,159.5225067138672,243
15,1,164.0947128,243
19,3,163.4478759765625,243
6,2,113.2734077,243
12,2,147.0514929,243
16,3,161.2590484619141,243
6,1,114.8916767,243
16,1,166.8551248,243
10,2,135.2970034,243
12,1,146.6307337,243
8,1,125.6480653,243
19,1,170.0973627,243
18,1,169.3196745,243
17,1,168.4256731,243
13,1,153.3680152,243
19,2,156.6473765,243
7,2,118.7348373,243
7,1,126.4548504,244
12,3,153.5172119140625,244
19,3,170.8325805664063,244
10,2,142.3159297,244
10,3,142.0784606933594,244
8,2,130.9642233,244
15,2,161.9184568,244
13,3,158.9188842773438,244
5,2,114.1270119,244
10,1,141.8621105,244
18,1,175.7594006,244
12,1,152.9162289,244
7,2,125.5986362,244
11,3,147.7707977294922,244
7,3,126.0418167114258,244
6,1,120.8856072,244
15,1,170.4675395,244
5,3,114.5318222045898,244
17,1,174.7165719,244
12,2,154.1598447,244
6,2,120.0783559,244
9,3,136.6430206298828,244
14,2,160.5572963,244
16,1,173.1640971,244
15,3,166.3711090087891,244
6,3,120.4963226318359,244
11,1,147.0455357,244
8,1,131.7276702,244
18,3,169.9992828369141,244
9,1,136.8232877,244
16,3,168.1742095947266,244
14,3,163.3617248535156,244
18,2,163.4964148,244
9,2,136.4495257,244
14,1,166.0107943,244
8,3,131.3597869873047,244
19,1,176.7983366,244
17,2,163.0512891,244
16,2,162.6172845,244
13,2,158.1046462,244
13,1,159.6940284,244
5,1,114.9088518,244
19,2,164.1720806,244
11,2,148.563977,244
17,3,169.2385711669922,244
11,1,147.1565656,245
9,3,135.9865112304688,245
19,1,176.5440075,245
14,1,166.9640628,245
8,1,130.6041478,245
6,1,118.5763112,245
15,3,167.2433166503906,245
16,3,168.9948425292969,245
19,2,163.2461168,245
9,1,136.1650875,245
10,3,141.8155670166016,245
19,3,170.0486297607422,245
11,3,147.8546600341797,245
18,3,170.0169677734375,245
15,1,171.6092967,245
6,3,118.3319854736328,245
7,1,124.7815578,245
13,1,160.4103317,245
5,2,111.6033914,245
5,1,111.8712847,245
15,2,162.6383561,245
17,2,163.2646502,245
5,3,111.7407760620117,245
6,2,118.0746261,245
12,2,154.4377978,245
18,2,163.2404705,245
16,2,163.2216848,245
14,3,164.1323852539063,245
18,1,176.4473863,245
12,1,153.3475938,245
12,3,153.8786315917969,245
7,3,124.4425659179688,245
8,2,129.9034546,245
10,2,142.031509,245
17,1,175.9809481,245
8,3,130.2631072998047,245
10,1,141.6106871,245
14,2,161.1530383,245
7,2,124.0849638,245
16,1,174.4599523,245
13,3,159.5113067626953,245
11,2,148.5913406,245
17,3,169.8028869628906,245
9,2,135.7983064,245
13,2,158.5666163,245
18,2,160.5182867,246
11,1,145.3049483,246
17,3,166.5637359619141,246
9,1,135.2380524,246
13,1,157.7898195,246
19,1,173.0291272,246
11,3,146.5742034912109,246
17,2,160.5113074,246
18,1,172.5124823,246
5,1,113.5161359,246
14,1,163.983438,246
5,3,113.4042434692383,246
6,1,119.4681568,246
10,2,141.6946705,246
13,2,157.1899264,246
8,3,130.26904296875,246
12,3,152.2279815673828,246
15,1,168.2707095,246
11,2,147.896091,246
15,2,160.2821376,246
14,2,159.3981162,246
12,2,153.3969743,246
16,3,165.8594055175781,246
19,2,160.5786088,246
16,2,160.4831982,246
14,3,161.7422943115234,246
8,1,130.2178117,246
10,1,140.1955766,246
19,3,167.245849609375,246
6,3,119.3966751098633,246
7,1,125.0017241,246
12,1,151.0995104,246
18,3,166.9020233154297,246
9,2,135.8342229,246
7,3,124.9572525024414,246
16,1,170.7612384,246
17,1,171.9474737,246
10,3,140.9244995117188,246
15,3,164.4014282226563,246
9,3,135.5256042480469,246
13,3,157.4954376220703,246
6,2,119.3200269,246
8,2,130.3243405,246
7,2,124.9092626,246
5,2,113.2858745,246
7,1,126.2833322,248
13,3,160.0542144775391,248
9,2,136.8307407,248
5,2,112.000256,248
16,1,174.9549106,248
15,1,172.4253233,248
14,3,164.4687957763672,248
16,2,162.4630762,248
19,3,169.7818603515625,248
10,3,142.8736572265625,248
19,1,176.1359715,248
12,2,154.6815458,248
11,1,148.3956519,248
12,3,154.6152496337891,248
11,3,148.7648162841797,248
10,1,142.8807167,248
5,1,113.7609143,248
11,2,149.1535981,248
8,3,131.519775390625,248
9,1,137.4868228,248
9,3,137.1668853759766,248
16,3,168.9048004150391,248
7,3,125.7252731323242,248
17,2,162.5909303,248
18,3,169.6330413818359,248
15,3,167.3508453369141,248
13,2,158.4740464,248
14,2,160.7400834,248
6,1,120.2377431,248
14,1,167.983638,248
17,1,176.0420331,248
19,2,163.0185645,248
18,2,162.6764024,248
6,3,119.5840072631836,248
6,2,118.8996445,248
7,2,125.140685,248
8,1,131.9976565,248
17,3,169.5248565673828,248
10,2,142.8662476,248
12,1,154.5524313,248
8,2,131.0187619,248
15,2,161.9530938,248
18,1,176.1744781,248
5,3,112.9005966186523,248
13,1,161.547968,248
6,3,119.5005645751953,249
13,3,158.5071105957031,249
8,2,130.0886313,249
15,3,166.2500305175781,249
5,3,113.4578018188477,249
13,1,159.097977,249
9,1,136.0330356,249
9,3,135.8603668212891,249
10,1,141.1115332,249
17,1,174.3010476,249
17,3,169.1333770751953,249
19,1,175.6875094,249
6,1,119.9325423,249
8,1,130.8917266,249
6,2,119.0320071,249
14,3,163.1296081542969,249
11,2,147.9898436,249
18,3,169.7728424072266,249
19,2,165.0367001,249
14,1,165.456877,249
16,2,163.0555378,249
5,2,112.997621,249
15,2,162.0862509,249
7,2,124.6364976,249
17,2,163.6576942,249
18,2,164.2190186,249
7,1,125.5646469,249
15,1,169.9566231,249
16,3,168.1071624755859,249
10,3,141.3497009277344,249
19,3,170.4541168212891,249
11,1,146.3466036,249
12,1,152.2683758,249
11,3,147.0991058349609,249
9,2,135.6642296,249
13,2,157.8039527,249
10,2,141.6268186,249
8,3,130.5116271972656,249
16,1,172.7480771,249
5,1,113.8841626,249
14,2,160.4431382,249
12,3,152.9248809814453,249
7,3,125.1225891113281,249
18,1,175.0805973,249
12,2,153.7149502,249
19,3,170.5504760742188,250
9,1,136.6115325,250
17,1,176.6679742,250
11,2,148.8780134,250
13,3,159.9663391113281,250
10,2,142.3244708,250
14,2,161.4567897,250
15,3,167.7310333251953,250
19,1,177.2555474,250
11,1,147.6466357,250
10,1,142.0654991,250
8,3,130.6640319824219,250
7,2,124.4657284,250
9,3,136.3683776855469,250
18,2,163.5923608,250
8,1,131.0657021,250
15,2,162.9384369,250
6,2,118.5230519,250
11,3,148.2455596923828,250
14,3,164.6171112060547,250
12,2,154.7273509,250
16,2,163.577593,250
18,3,170.5286102294922,250
5,1,112.7200026,250
19,2,163.5915255,250
16,3,169.5114288330078,250
10,3,142.1912536621094,250
14,1,167.6130557,250
18,1,177.1651357,250
8,2,130.2401975,250
5,2,112.1493879,250
6,1,119.2270055,250
9,2,136.1111953,250
13,1,161.0100343,250
12,1,153.8910534,250
17,3,170.3165130615234,250
15,1,172.2833521,250
16,1,175.1436285,250
7,1,125.3069162,250
17,2,163.6382622,250
5,3,112.4413528442383,250
6,3,118.8836669921875,250
12,3,154.2981109619141,250
13,2,158.8637211,250
7,3,124.8975524902344,250
15,3,167.2756958007813,251
7,1,129.2324734,251
6,1,123.8883853,251
13,3,159.9386444091797,251
17,1,175.1425223,251
18,3,169.8273468017578,251
5,2,114.1259032,251
9,3,137.8632049560547,251
12,3,154.5652770996094,251
15,2,162.6626624,251
13,1,161.2369165,251
18,1,175.3785854,251
9,1,139.1659444,251
6,2,120.0357409,251
12,2,154.4574544,251
11,3,148.8798217773438,251
14,2,161.1056383,251
10,3,143.2464904785156,251
17,3,169.6462097167969,251
5,1,118.1374272,251
5,3,116.1670303344727,251
10,1,144.0066714,251
13,2,158.5151604,251
16,2,163.4337944,251
18,2,163.8112315,251
19,2,163.9784051,251
19,1,175.3992717,251
9,2,136.4658541,251
8,1,134.2828889,251
17,2,163.7006923,251
14,1,167.3282912,251
11,1,148.9933718,251
6,3,121.9969024658203,251
16,3,168.9527893066406,251
15,1,171.5401775,251
10,2,142.4141002,251
11,2,148.7564129,251
7,3,127.4429168701172,251
8,2,130.9303362,251
7,2,125.5469592,251
14,3,164.3414154052734,251
16,1,174.0118791,251
8,3,132.6644134521484,251
12,1,154.6642458,251
19,3,169.88671875,251
10,2,139.8035678,252
16,2,159.2707964,252
7,3,124.8800811767578,252
18,2,160.1245227,252
14,3,160.7465057373047,252
15,1,168.307542,252
19,1,173.6707171,252
7,1,126.3841328,252
12,2,151.3324969,252
5,3,113.6430282592773,252
6,2,117.7767832,252
7,2,123.3104068,252
15,2,158.6329761,252
13,3,156.5648956298828,252
13,1,158.0220329,252
9,1,136.186364,252
10,3,140.3859100341797,252
14,2,157.3703476,252
11,3,145.8912353515625,252
17,1,172.3144224,252
6,3,119.4829254150391,252
8,3,130.0312805175781,252
13,2,155.0907101,252
15,3,163.4855346679688,252
16,1,170.8637975,252
11,2,145.9065749,252
18,1,173.0936364,252
5,1,115.4372506,252
10,1,140.9538995,252
19,3,167.3967590332031,252
18,3,166.6336822509766,252
11,1,145.8761969,252
5,2,111.7584063,252
8,1,131.3700079,252
12,3,151.4122009277344,252
9,2,134.0503477,252
8,2,128.6418029,252
17,2,159.646587,252
14,1,164.0916399,252
17,3,165.9994659423828,252
19,2,161.0684208,252
9,3,135.1348419189453,252
12,1,151.4907241,252
6,1,121.1103805,252
16,3,165.0817260742188,252
9,3,140.7609558105469,253
12,1,158.1393161,253
13,2,159.0994144,253
19,3,170.4882354736328,253
11,2,149.8507282,253
5,3,119.641731262207,253
14,3,165.8129119873047,253
7,3,130.6768341064453,253
16,3,169.6122436523438,253
8,2,132.4695743,253
9,2,137.9137278,253
12,2,155.3130791,253
11,3,151.3280029296875,253
18,1,176.6397483,253
8,1,138.8669874,253
14,1,170.1346854,253
15,2,162.6050895,253
17,3,170.0414123535156,253
12,3,156.7515106201172,253
16,1,175.9328145,253
6,1,129.0145376,253
19,2,164.0855626,253
17,2,163.3417207,253
11,1,152.7519626,253
9,1,143.4775884,253
5,2,115.555607,253
7,2,127.1128295,253
15,3,168.3397827148438,253
6,2,121.5663423,253
7,1,134.0858872,253
10,2,143.7072648,253
15,1,173.9402667,253
18,3,170.1919708251953,253
10,1,148.0390227,253
6,3,125.3761749267578,253
13,3,161.7978057861328,253
8,3,135.7425842285156,253
19,1,176.69357,253
10,3,145.9183197021484,253
14,2,161.3745782,253
16,2,163.132085,253
13,1,164.4061755,253
5,1,123.541774,253
18,2,163.5649065,253
17,1,176.5559771,253
11,3,142.6178436279297,255
17,3,162.9546508789063,255
5,2,109.115529,255
6,2,115.0413488,255
16,2,157.3548726,255
15,1,164.8033435,255
19,2,157.6240262,255
12,1,147.5991532,255
14,2,155.3759353,255
16,3,162.3559112548828,255
11,2,143.4875065,255
16,1,167.328255,255
7,2,120.5471598,255
13,1,154.3025973,255
7,3,120.9083251953125,255
6,3,115.3822174072266,255
18,3,163.0319213867188,255
5,3,109.4423370361328,255
18,1,168.6710327,255
5,1,109.7631458,255
10,2,137.2492839,255
8,2,125.9057535,255
15,2,156.7540986,255
12,2,149.0570437,255
13,2,152.9558641,255
8,3,126.2128295898438,255
7,1,121.2626819,255
9,1,131.5898354,255
17,1,168.4655023,255
17,2,157.4912378,255
8,1,126.5145158,255
10,3,136.9251098632813,255
19,1,168.6631994,255
10,1,136.6088313,255
18,2,157.5040183,255
14,3,157.9738006591797,255
15,3,160.8128814697266,255
12,3,148.3179626464844,255
6,1,115.715937,255
14,1,160.5048609,255
11,1,141.7715547,255
9,3,131.4896087646484,255
13,3,153.6394195556641,255
19,3,163.0669555664063,255
9,2,131.3872803,255
11,3,137.2482452392578,256
18,1,164.6298428,256
6,2,110.8652311,256
18,2,152.1856693,256
13,2,148.2974979,256
12,1,141.5230343,256
8,1,119.9190183,256
7,3,115.4808197021484,256
11,2,139.0759066,256
10,1,130.1963478,256
10,2,132.9208941,256
16,1,162.2520005,256
14,3,152.7686920166016,256
5,3,103.9070510864258,256
13,3,148.3666839599609,256
6,1,108.9797568,256
17,2,152.2151614,256
6,3,109.9099731445313,256
16,2,152.105591,256
12,3,142.9866790771484,256
8,3,120.8083953857422,256
9,1,125.0757521,256
10,3,131.5218048095703,256
13,1,148.4320104,256
8,2,121.7305807,256
15,3,155.681884765625,256
14,2,150.5479512,256
16,3,157.3207397460938,256
17,3,158.1989288330078,256
14,1,154.8594911,256
19,1,165.1882568,256
19,3,158.9276733398438,256
5,1,102.9700628,256
5,2,104.8732903,256
17,1,163.8802235,256
12,2,144.5342365,256
19,2,152.3393201,256
9,3,126.0881423950195,256
15,1,159.4119618,256
18,3,158.5657501220703,256
9,2,127.1497084,256
15,2,151.6986689,256
11,1,135.5167756,256
7,2,116.3933863,256
7,1,114.5928906,256
18,3,163.3605194091797,257
6,3,114.6680297851563,257
18,2,156.9446772,257
11,3,142.0369567871094,257
16,1,167.7907372,257
11,1,142.0280678,257
9,3,130.8887481689453,257
19,3,163.7434387207031,257
6,2,113.5619138,257
16,2,156.2022717,257
8,1,126.6404188,257
9,2,129.9566044,257
8,2,124.4682752,257
15,3,160.4435729980469,257
7,3,120.2413864135742,257
10,1,136.835354,257
17,2,156.6007404,257
18,1,169.487996,257
13,2,151.5391558,257
8,3,125.5839080810547,257
9,1,131.771232,257
17,3,162.9839324951172,257
15,1,165.2142807,257
12,1,147.8908938,257
14,3,157.52197265625,257
16,3,162.1341247558594,257
13,3,153.1284942626953,257
11,2,142.0463187,257
7,2,119.0948275,257
6,1,115.7140519,257
7,1,121.3268177,257
5,3,108.6734085083008,257
15,2,155.4376074,257
5,2,107.5950441,257
10,3,136.3402862548828,257
14,1,160.8778221,257
10,2,135.8175904,257
5,1,109.6933353,257
19,2,157.5406243,257
19,1,169.6824263,257
12,2,147.6185757,257
14,2,153.9943056,257
17,1,169.0755351,257
12,3,147.7583312988281,257
13,1,154.6368388,257
9,3,131.8374328613281,258
12,1,148.8610893,258
18,2,156.0403454,258
14,2,154.0837074,258
19,2,156.2685457,258
8,2,124.9418508,258
7,1,123.0868485,258
16,2,155.8539577,258
14,3,157.7667083740234,258
13,2,151.7601749,258
6,1,117.6607082,258
17,2,155.9754832,258
7,2,119.5685127,258
15,1,165.5832441,258
18,3,162.248291015625,258
5,1,111.829462,258
13,1,155.4439628,258
16,3,161.6674194335938,258
11,1,143.1424263,258
16,1,167.8397439,258
13,3,153.6020660400391,258
5,2,108.0386114,258
10,2,136.2473837,258
18,1,168.6134022,258
11,3,142.7959136962891,258
8,3,126.6064834594727,258
17,3,162.0938720703125,258
17,1,168.5899261,258
6,3,115.8362426757813,258
9,2,130.4158807,258
6,2,114.0244486,258
15,2,155.3502776,258
7,3,121.3276824951172,258
19,1,168.5665586,258
12,3,148.3967742919922,258
10,1,138.0874512,258
5,3,109.9276962280273,258
19,3,162.5350494384766,258
15,3,160.3463745117188,258
10,3,137.1996917724609,258
8,1,128.2202882,258
11,2,142.4328938,258
9,1,133.1793724,258
12,2,147.9370151,258
14,1,161.490192,258
9,1,138.0531755,260
9,2,137.2514729,260
12,3,155.6311798095703,260
19,2,164.579204,260
14,1,169.1149757,260
7,1,126.6131446,260
11,2,149.9570871,260
12,2,155.7785174,260
13,1,162.5942113,260
9,3,137.660400390625,260
15,2,163.9304287,260
15,1,173.609655,260
14,3,165.8702697753906,260
16,2,164.5348094,260
19,1,177.8555971,260
17,1,177.4064155,260
13,2,159.8894484,260
17,3,171.0417938232422,260
11,1,149.2110861,260
6,1,120.4493918,260
10,1,143.5726619,260
17,2,164.5871839,260
10,2,143.4345491,260
14,2,162.46449,260
18,1,177.713296,260
7,2,125.674025,260
12,1,155.4880132,260
15,3,168.8831787109375,260
8,3,131.9418792724609,260
5,3,113.6283798217773,260
13,3,161.2737884521484,260
10,3,143.5048675537109,260
16,1,176.2024489,260
7,3,126.1565551757813,260
16,3,170.4322204589844,260
6,2,119.7592666,260
8,2,131.4156463,260
8,1,132.4437,260
11,3,149.5794067382813,260
5,2,113.4047359,260
6,3,120.1125411987305,260
18,3,171.1991577148438,260
5,1,113.8428211,260
19,3,171.2551727294922,260
18,2,164.5720775,260
19,3,169.2140502929688,261
10,1,145.1467497,261
5,2,113.3901844,261
9,3,138.0200347900391,261
6,3,121.8766937255859,261
10,2,141.399281,261
14,2,159.6696667,261
19,2,163.3675153,261
16,2,161.9710118,261
13,3,159.6896209716797,261
16,1,174.367346,261
15,3,166.9138641357422,261
12,3,154.4922027587891,261
11,3,148.9556884765625,261
7,2,124.7687193,261
9,2,135.5548315,261
17,3,169.2680053710938,261
17,1,174.9099196,261
12,1,155.7149344,261
11,1,150.0965616,261
7,3,127.4269714355469,261
19,1,174.610854,261
18,1,174.7862539,261
7,1,130.4396551,261
12,2,153.2224582,261
8,3,132.7882385253906,261
13,2,157.1728367,261
16,3,168.9439544677734,261
14,1,168.1755232,261
6,1,125.1070548,261
5,3,115.980339050293,261
17,2,162.3995758,261
5,1,119.3674586,261
8,1,135.4781281,261
15,2,161.1623372,261
18,3,169.2374572753906,261
9,1,140.3402324,261
8,2,130.0983442,261
18,2,162.7638519,261
14,3,163.9225921630859,261
11,2,147.6322889,261
13,1,162.2064101,261
6,2,119.2924114,261
10,3,143.3622436523438,261
15,1,172.2052551,261
17,1,169.0844052,263
7,2,121.5752572,263
18,2,156.8101168,263
12,2,149.9192359,263
16,2,156.8575711,263
14,1,162.1326961,263
12,1,149.3826892,263
13,1,156.0242996,263
17,2,156.844582,263
6,3,117.0292892456055,263
6,1,117.9522633,263
15,2,156.6974376,263
15,1,166.2834011,263
8,3,127.7971954345703,263
19,2,156.827269,263
5,2,110.0517344,263
14,2,155.8700184,263
17,3,163.4831237792969,263
11,1,143.6072495,263
16,3,163.1107635498047,263
15,3,161.8182830810547,263
16,1,168.4048805,263
10,1,138.4956316,263
14,3,159.1964263916016,263
9,1,133.5575253,263
7,1,123.4081161,263
5,3,111.1053848266602,263
19,1,169.2846203,263
5,1,112.0927624,263
18,1,169.2246452,263
18,3,163.6125946044922,263
13,3,154.9288024902344,263
10,2,138.2443381,263
13,2,153.695397,263
11,3,144.0057830810547,263
19,3,163.5985107421875,263
8,2,126.9498522,263
9,2,132.4202691,263
9,3,133.0110473632813,263
12,3,149.6378479003906,263
11,2,144.4337246,263
6,2,116.0314778,263
10,3,138.3744506835938,263
7,3,122.5273895263672,263
8,1,128.5708563,263
6,1,107.8100199,264
15,2,153.0091555,264
16,2,153.7464363,264
16,3,158.1275634765625,264
17,2,154.0976177,264
15,1,158.9962062,264
14,2,151.5680771,264
17,3,159.2128295898438,264
8,2,122.06288,264
19,3,160.4745025634766,264
6,3,109.4059906005859,264
19,1,165.4637937,264
13,2,149.110395,264
11,1,134.8970958,264
7,3,115.039306640625,264
18,1,164.6879288,264
8,1,119.0276323,264
9,3,125.8042144775391,264
10,2,133.3867018,264
18,2,154.3803002,264
6,2,111.1906229,264
9,1,124.3084311,264
12,2,145.1874348,264
7,2,116.7059179,264
9,2,127.5362914,264
7,1,113.5666818,264
12,3,142.8977355957031,264
5,2,105.2395913,264
13,3,148.4557800292969,264
14,3,153.0814819335938,264
19,2,154.8678586,264
11,2,139.614046,264
8,3,120.4425506591797,264
11,3,137.0704345703125,264
15,3,156.2276458740234,264
5,1,101.6474484,264
18,3,159.8570098876953,264
17,1,163.6815799,264
5,3,103.353889465332,264
10,1,129.5309312,264
16,1,161.9223531,264
10,3,131.3105621337891,264
13,1,147.8968052,264
12,1,140.9438855,264
14,1,154.3770982,264
13,3,152.4652709960938,265
10,3,135.7614593505859,265
16,3,162.5914001464844,265
5,3,109.7414245605469,265
17,2,158.4774831,265
19,2,160.9745178,265
11,1,140.637532,265
9,2,130.2619453,265
6,2,115.0992429,265
7,2,120.1127434,265
5,2,109.7593065,265
16,1,166.9554126,265
12,3,147.0032653808594,265
10,1,135.6059744,265
13,2,151.7502123,265
17,3,164.16845703125,265
18,2,159.53597,265
9,1,130.7390071,265
15,2,156.2497986,265
13,1,153.0989644,265
11,3,141.3249206542969,265
14,2,154.4523884,265
12,1,146.3878658,265
11,2,142.0846175,265
18,3,165.5033874511719,265
8,3,125.4684753417969,265
6,3,115.2735900878906,265
8,1,125.8321351,265
8,2,125.0756408,265
19,1,171.9194997,265
15,3,160.3855438232422,265
17,1,168.9693488,265
15,1,163.9621246,265
7,3,120.4525299072266,265
5,1,109.7246367,265
10,2,135.9319141,265
12,2,147.6895941,265
6,1,115.4364319,265
7,1,120.7687453,265
14,1,159.4113002,265
14,3,157.094970703125,265
16,2,157.4868997,265
18,1,170.4699631,265
9,3,130.5104370117188,265
19,3,166.9814910888672,265
14,2,150.3363417,266
14,1,157.1782939,266
9,3,126.5510559082031,266
17,2,153.4671088,266
17,3,159.7414093017578,266
16,3,158.8416595458984,266
11,2,137.9292684,266
16,1,164.2475424,266
12,2,143.6491182,266
6,3,109.8276824951172,266
19,1,165.8369131,266
5,2,102.838813,266
12,1,143.9917058,266
19,2,154.7735012,266
8,2,119.9790377,266
13,3,149.3645935058594,266
18,2,153.9912242,266
8,1,122.102461,266
18,3,160.0995788574219,266
9,1,127.4279962,266
7,1,116.5591695,266
11,3,137.9693603515625,266
6,2,108.8847047,266
13,1,150.84251,266
10,2,131.5604684,266
15,1,161.6051058,266
8,3,121.0968933105469,266
10,1,132.6610425,266
13,2,147.7236405,266
5,1,104.3352034,266
5,3,103.6259002685547,266
12,3,143.8293304443359,266
19,3,160.4776458740234,266
6,1,110.6756954,266
7,3,115.5871887207031,266
17,1,165.4885707,266
11,1,138.0054794,266
9,2,125.5766854,266
16,2,152.8891614,266
15,3,157.0211334228516,266
15,2,151.9468964,266
10,3,132.1395416259766,266
14,3,153.9344787597656,266
18,1,165.7604204,266
7,2,114.5064295,266
9,2,135.0083631,267
12,3,152.5931549072266,267
19,1,174.2029122,267
6,2,118.5979471,267
9,3,135.7068023681641,267
11,3,146.8469085693359,267
5,1,114.5152418,267
6,1,120.4534425,267
15,1,169.7857707,267
19,2,162.9020978,267
14,2,159.5003687,267
8,1,131.2332967,267
8,3,130.3984375,267
14,1,165.368499,267
7,1,125.9893386,267
17,1,173.8033524,267
13,2,156.929604,267
5,2,112.6761955,267
17,2,162.2599463,267
19,3,169.0661773681641,267
16,3,166.9849395751953,267
18,1,174.1573599,267
16,2,161.8753243,267
17,3,168.2306671142578,267
13,3,158.0344848632813,267
14,3,162.4344329833984,267
7,3,125.0504989624023,267
12,1,152.3277165,267
15,3,165.2785186767578,267
5,3,113.5957183837891,267
10,3,141.1278076171875,267
15,2,161.0529566,267
8,2,129.4909696,267
18,2,162.5169421,267
18,3,168.337158203125,267
12,2,152.900493,267
9,1,136.3017557,267
10,1,141.316042,267
10,2,140.9231975,267
11,2,147.2318763,267
7,2,124.1116601,267
6,3,119.5454330444336,267
13,1,159.0841318,267
16,1,172.4595289,267
11,1,146.4786766,267
17,1,173.1952902,268
9,3,137.8365173339844,268
9,2,137.0313375,268
10,2,142.8353522,268
19,3,169.3285827636719,268
5,3,116.9202041625977,268
15,2,162.1994891,268
7,2,126.2896304,268
17,2,163.2295848,268
13,3,158.9531860351563,268
18,2,163.4772537,268
6,3,122.5894241333008,268
15,1,169.4072997,268
12,2,154.5346726,268
8,3,132.8547515869141,268
14,3,163.1666412353516,268
11,3,148.3752136230469,268
12,1,153.1554405,268
13,1,159.4634266,268
11,2,149.0137462,268
6,2,120.8167771,268
19,2,163.9491159,268
5,1,118.799976,268
11,1,147.780553,268
18,3,168.8617858886719,268
15,3,165.9453582763672,268
8,1,134.0243457,268
14,1,165.3394012,268
16,1,171.8426684,268
16,2,162.907579,268
13,2,158.4024253,268
5,2,114.9081852,268
18,1,173.8808863,268
7,3,127.8369903564453,268
19,1,174.3469937,268
6,1,124.2447759,268
9,1,138.5911308,268
12,3,153.8198547363281,268
17,3,168.3933410644531,268
8,2,131.6032072,268
16,3,167.5398406982422,268
10,1,143.1076251,268
14,2,160.8063249,268
10,3,142.9758605957031,268
7,1,129.2819834,268
7,3,122.8290939331055,269
12,2,150.1663612,269
15,2,157.8380443,269
5,1,112.3746851,269
18,1,169.0690555,269
8,2,127.1496988,269
16,1,167.8856047,269
14,3,159.1367645263672,269
12,3,149.6584777832031,269
17,2,158.7882127,269
8,1,128.8206742,269
18,2,159.0089359,269
11,3,144.0855712890625,269
5,2,110.3881059,269
6,2,116.316406,269
8,3,128.0328063964844,269
5,3,111.4578018188477,269
9,2,132.6017587,269
11,2,144.6269195,269
7,2,121.8123938,269
6,1,118.2546894,269
18,3,164.2747802734375,269
15,3,161.9636840820313,269
16,2,158.5083094,269
17,3,164.0592651367188,269
19,3,164.517333984375,269
11,1,143.5511615,269
10,2,138.4281281,269
19,1,169.2300588,269
12,1,149.1720509,269
14,2,156.455703,269
10,3,138.5065460205078,269
13,3,154.8761138916016,269
7,1,123.699244,269
16,3,163.431396484375,269
14,1,161.6115776,269
9,3,133.1906127929688,269
19,2,159.4475773,269
15,1,165.6380923,269
10,1,138.584066,269
17,1,168.8361444,269
13,2,154.0477773,269
13,1,155.6557176,269
9,1,133.7414681,269
6,3,117.3600997924805,269
14,1,159.6145709,270
7,1,120.425947,270
14,2,153.4407145,270
7,2,118.4122976,270
12,1,146.6931417,270
12,3,146.7859649658203,270
8,2,123.740921,270
10,3,135.3940887451172,270
19,1,167.7294147,270
17,2,156.4124926,270
16,2,155.8862128,270
17,1,167.4677575,270
8,1,125.6576523,270
9,2,129.1984935,270
8,3,124.7370071411133,270
19,3,163.0348968505859,270
11,1,140.8656672,270
5,2,107.0316983,270
18,3,162.756591796875,270
16,1,166.4005599,270
10,2,135.0486196,270
5,1,108.9621503,270
16,3,161.7433929443359,270
19,2,157.5850839,270
13,1,153.4069649,270
10,1,135.7151159,270
11,2,141.2942264,270
14,3,156.9462890625,270
11,3,141.0645904541016,270
7,3,119.459342956543,270
15,2,154.9956292,270
6,3,113.9557113647461,270
9,1,130.7134788,270
5,3,108.0337905883789,270
13,2,150.8955204,270
15,3,160.0123748779297,270
13,3,152.3248443603516,270
6,1,114.8986221,270
17,3,162.5001525878906,270
6,2,112.9354735,270
15,1,163.9064308,270
9,3,129.9852600097656,270
12,2,146.9081567,270
18,1,167.6821119,270
18,2,156.8804638,270
